id,tp,fp,fn,reference_labels,predicted_labels
rq3_001,3,1,1,CONSTRAINT:Evidence Grounding | CONSTRAINT:Scope Boundary | EVALUATION:Execution Check | TASK:Artifact Change,CONSTRAINT:Evidence Grounding | CONSTRAINT:Scope Boundary | TASK:Artifact Change | TASK:Executable Validation
rq3_002,12,9,0,COMMUNICATION:Expert Role | CONSTRAINT:Scope Boundary | CONTEXT:Repository Context | EXAMPLE:Output Template | OUTPUT:Control Signal | OUTPUT:Existing Thread Response | PROCESS:Decision Branch | PROCESS:Required Sequence | RESOURCE:GitHub Interface | SAFETY:Information Confidentiality | SAFETY:Prompt Injection Defense | TASK:Artifact Review,COMMUNICATION:Expert Role | CONSTRAINT:Evidence Grounding | CONSTRAINT:Quality Standard | CONSTRAINT:Scope Boundary | CONTEXT:Domain Context | CONTEXT:Repository Context | EVALUATION:Risk Assessment | EVALUATION:Rule Conformance | EXAMPLE:Output Template | OUTPUT:Control Signal | OUTPUT:Existing Thread Response | PROCESS:Decision Branch | PROCESS:Required Sequence | RESOURCE:Development Toolchain | RESOURCE:GitHub Interface | RESOURCE:Local Workspace | RESOURCE:Web Retrieval | SAFETY:Information Confidentiality | SAFETY:Prompt Injection Defense | SAFETY:Vulnerability Handling | TASK:Artifact Review
rq3_003,15,5,1,COMMUNICATION:Expert Role | CONSTRAINT:Quality Standard | CONSTRAINT:Scope Boundary | CONTEXT:Historical Context | CONTEXT:Repository Context | EVALUATION:Evidence Credibility | EXAMPLE:Output Template | OUTPUT:Control Signal | OUTPUT:Existing Thread Response | PROCESS:Decision Branch | PROCESS:Required Sequence | RESOURCE:Agent Resource | RESOURCE:GitHub Interface | RESOURCE:Web Retrieval | SAFETY:Execution Isolation | TASK:Evidence Investigation,COMMUNICATION:Audience Voice | COMMUNICATION:Expert Role | CONSTRAINT:Quality Standard | CONSTRAINT:Resource Budget | CONSTRAINT:Scope Boundary | CONTEXT:Repository Context | EVALUATION:Evidence Credibility | EXAMPLE:Output Template | EXAMPLE:Technical Snippet | OUTPUT:Control Signal | OUTPUT:Existing Thread Response | PROCESS:Decision Branch | PROCESS:Required Sequence | RESOURCE:Agent Resource | RESOURCE:GitHub Interface | RESOURCE:Local Workspace | RESOURCE:Web Retrieval | SAFETY:Execution Isolation | TASK:Evidence Investigation | TASK:Work Item Management
rq3_004,9,3,2,CONSTRAINT:Quality Standard | CONSTRAINT:Scope Boundary | CONTEXT:Repository Context | OUTPUT:Control Signal | OUTPUT:New Thread | OUTPUT:Repository Change | PROCESS:Decision Branch | PROCESS:Required Sequence | RESOURCE:GitHub Interface | TASK:Artifact Change | TASK:Evidence Investigation,COMMUNICATION:Expert Role | CONSTRAINT:Quality Standard | CONSTRAINT:Scope Boundary | CONTEXT:Domain Context | CONTEXT:Repository Context | OUTPUT:Control Signal | OUTPUT:Repository Change | PROCESS:Decision Branch | PROCESS:Required Sequence | RESOURCE:GitHub Interface | RESOURCE:Local Workspace | TASK:Artifact Change
rq3_005,10,4,2,CONSTRAINT:Quality Standard | CONSTRAINT:Scope Boundary | CONTEXT:Repository Context | EVALUATION:Execution Check | EXAMPLE:Output Template | OUTPUT:Existing Thread Response | OUTPUT:Repository Change | PROCESS:Decision Branch | PROCESS:Required Sequence | RESOURCE:Development Toolchain | TASK:Artifact Change | TASK:Evidence Investigation,CONSTRAINT:Evidence Grounding | CONSTRAINT:Quality Standard | CONSTRAINT:Scope Boundary | CONTEXT:Repository Context | OUTPUT:Existing Thread Response | OUTPUT:Repository Change | PROCESS:Decision Branch | PROCESS:Required Sequence | RESOURCE:Development Toolchain | RESOURCE:GitHub Interface | RESOURCE:Local Workspace | TASK:Artifact Change | TASK:Evidence Investigation | TASK:Executable Validation
rq3_006,12,8,0,CONSTRAINT:Scope Boundary | CONTEXT:Repository Context | EVALUATION:Execution Check | EVALUATION:Risk Assessment | EXAMPLE:Output Template | OUTPUT:Existing Thread Response | PROCESS:Cross-Run Memory | PROCESS:Decision Branch | PROCESS:Required Sequence | RESOURCE:Agent Resource | RESOURCE:GitHub Interface | TASK:Artifact Review,CONSTRAINT:Quality Standard | CONSTRAINT:Resource Budget | CONSTRAINT:Scope Boundary | CONTEXT:Repository Context | EVALUATION:Execution Check | EVALUATION:Risk Assessment | EVALUATION:Rule Conformance | EXAMPLE:Output Template | OUTPUT:Control Signal | OUTPUT:Existing Thread Response | PROCESS:Cross-Run Memory | PROCESS:Decision Branch | PROCESS:Required Sequence | PROCESS:Within-Run Iteration | RESOURCE:Agent Resource | RESOURCE:GitHub Interface | RESOURCE:Web Retrieval | SAFETY:Vulnerability Handling | TASK:Artifact Review | TASK:Work Item Management
rq3_007,4,1,2,CONTEXT:Execution Environment | EVALUATION:Execution Check | OUTPUT:New Thread | RESOURCE:Agent Resource | SAFETY:Execution Isolation | TASK:Executable Validation,CONSTRAINT:Scope Boundary | CONTEXT:Execution Environment | EVALUATION:Execution Check | SAFETY:Execution Isolation | TASK:Executable Validation
rq3_008,18,0,2,COMMUNICATION:Automation Disclosure | COMMUNICATION:Expert Role | CONSTRAINT:Evidence Grounding | CONSTRAINT:Quality Standard | CONSTRAINT:Resource Budget | CONSTRAINT:Scope Boundary | CONTEXT:Execution Environment | CONTEXT:Repository Context | EVALUATION:Risk Assessment | EVALUATION:Rule Conformance | OUTPUT:Control Signal | OUTPUT:Existing Thread Response | PROCESS:Decision Branch | PROCESS:Required Sequence | PROCESS:Within-Run Iteration | RESOURCE:GitHub Interface | SAFETY:Execution Isolation | SAFETY:Information Confidentiality | SAFETY:Prompt Injection Defense | TASK:Artifact Review,COMMUNICATION:Automation Disclosure | COMMUNICATION:Expert Role | CONSTRAINT:Evidence Grounding | CONSTRAINT:Quality Standard | CONSTRAINT:Resource Budget | CONSTRAINT:Scope Boundary | CONTEXT:Repository Context | EVALUATION:Risk Assessment | OUTPUT:Control Signal | OUTPUT:Existing Thread Response | PROCESS:Decision Branch | PROCESS:Required Sequence | PROCESS:Within-Run Iteration | RESOURCE:GitHub Interface | SAFETY:Execution Isolation | SAFETY:Information Confidentiality | SAFETY:Prompt Injection Defense | TASK:Artifact Review
rq3_009,6,6,2,COMMUNICATION:Expert Role | CONSTRAINT:Quality Standard | CONSTRAINT:Resource Budget | CONSTRAINT:Scope Boundary | CONTEXT:Repository Context | OUTPUT:New Thread | PROCESS:Required Sequence | TASK:Evidence Investigation,COMMUNICATION:Expert Role | CONSTRAINT:Quality Standard | CONSTRAINT:Scope Boundary | CONTEXT:Domain Context | EVALUATION:Risk Assessment | EXAMPLE:Output Template | OUTPUT:New Thread | PROCESS:Cross-Run Memory | PROCESS:Decision Branch | PROCESS:Required Sequence | RESOURCE:Local Workspace | TASK:Evidence Investigation
rq3_010,9,3,1,CONTEXT:Domain Context | EVALUATION:Execution Check | EVALUATION:Rule Conformance | EXAMPLE:Technical Snippet | OUTPUT:Existing Thread Response | OUTPUT:New Thread | PROCESS:Decision Branch | PROCESS:Required Sequence | RESOURCE:Development Toolchain | TASK:Executable Validation,CONTEXT:Domain Context | CONTEXT:Execution Environment | EVALUATION:Execution Check | EXAMPLE:Technical Snippet | OUTPUT:Control Signal | OUTPUT:Existing Thread Response | OUTPUT:New Thread | PROCESS:Decision Branch | PROCESS:Required Sequence | RESOURCE:Development Toolchain | RESOURCE:Local Workspace | TASK:Executable Validation
rq3_011,13,9,2,COMMUNICATION:Expert Role | CONSTRAINT:Quality Standard | CONSTRAINT:Scope Boundary | CONTEXT:Historical Context | CONTEXT:Repository Context | EXAMPLE:Output Template | EXAMPLE:Technical Snippet | OUTPUT:Control Signal | OUTPUT:Existing Thread Response | PROCESS:Decision Branch | PROCESS:Required Sequence | RESOURCE:Agent Resource | RESOURCE:GitHub Interface | SAFETY:Prompt Injection Defense | TASK:Evidence Investigation,COMMUNICATION:Audience Voice | COMMUNICATION:Automation Disclosure | COMMUNICATION:Expert Role | CONSTRAINT:Evidence Grounding | CONSTRAINT:Quality Standard | CONSTRAINT:Resource Budget | CONSTRAINT:Scope Boundary | CONTEXT:Domain Context | CONTEXT:Repository Context | EXAMPLE:Output Template | EXAMPLE:Technical Snippet | EXAMPLE:Worked Case | OUTPUT:Control Signal | OUTPUT:Existing Thread Response | PROCESS:Decision Branch | PROCESS:Required Sequence | RESOURCE:GitHub Interface | RESOURCE:Local Workspace | RESOURCE:Web Retrieval | SAFETY:Prompt Injection Defense | TASK:Evidence Investigation | TASK:Work Item Management
rq3_012,2,1,1,EVALUATION:Risk Assessment | RESOURCE:Development Toolchain | TASK:Artifact Review,RESOURCE:Development Toolchain | SAFETY:Vulnerability Handling | TASK:Artifact Review
rq3_014,6,3,3,CONSTRAINT:Evidence Grounding | CONSTRAINT:Quality Standard | CONSTRAINT:Scope Boundary | OUTPUT:Control Signal | OUTPUT:Existing Thread Response | OUTPUT:New Thread | PROCESS:Required Sequence | RESOURCE:Agent Resource | TASK:Evidence Investigation,CONSTRAINT:Evidence Grounding | CONSTRAINT:Scope Boundary | CONTEXT:Repository Context | OUTPUT:Existing Thread Response | OUTPUT:New Thread | PROCESS:Required Sequence | RESOURCE:Local Workspace | TASK:Evidence Investigation | TASK:Work Item Management
rq3_015,18,1,4,COMMUNICATION:Expert Role | CONSTRAINT:Quality Standard | CONSTRAINT:Scope Boundary | CONTEXT:Domain Context | CONTEXT:Execution Environment | CONTEXT:Repository Context | EVALUATION:Execution Check | EVALUATION:Risk Assessment | EVALUATION:Rule Conformance | EXAMPLE:Output Template | OUTPUT:Control Signal | OUTPUT:Existing Thread Response | PROCESS:Decision Branch | PROCESS:Required Sequence | RESOURCE:Agent Resource | RESOURCE:GitHub Interface | RESOURCE:Local Workspace | RESOURCE:Web Retrieval | SAFETY:Execution Isolation | SAFETY:Prompt Injection Defense | TASK:Artifact Review | TASK:Evidence Investigation,COMMUNICATION:Expert Role | CONSTRAINT:Scope Boundary | CONTEXT:Domain Context | CONTEXT:Execution Environment | CONTEXT:Repository Context | EVALUATION:Execution Check | EVALUATION:Rule Conformance | EXAMPLE:Output Template | OUTPUT:Control Signal | OUTPUT:Existing Thread Response | PROCESS:Decision Branch | PROCESS:Required Sequence | PROCESS:Within-Run Iteration | RESOURCE:GitHub Interface | RESOURCE:Local Workspace | SAFETY:Execution Isolation | SAFETY:Prompt Injection Defense | TASK:Artifact Review | TASK:Evidence Investigation
rq3_016,10,7,1,COMMUNICATION:Expert Role | CONSTRAINT:Quality Standard | CONSTRAINT:Resource Budget | CONSTRAINT:Scope Boundary | CONTEXT:Repository Context | OUTPUT:New Thread | PROCESS:Decision Branch | PROCESS:Required Sequence | RESOURCE:Development Toolchain | RESOURCE:GitHub Interface | TASK:Artifact Change,COMMUNICATION:Expert Role | CONSTRAINT:Quality Standard | CONSTRAINT:Resource Budget | CONSTRAINT:Scope Boundary | CONTEXT:Repository Context | EVALUATION:Execution Check | EXAMPLE:Output Template | OUTPUT:Control Signal | OUTPUT:Repository Change | PROCESS:Decision Branch | PROCESS:Required Sequence | PROCESS:Within-Run Iteration | RESOURCE:Development Toolchain | RESOURCE:GitHub Interface | RESOURCE:Local Workspace | TASK:Artifact Change | TASK:Executable Validation
rq3_017,14,9,1,COMMUNICATION:Expert Role | CONSTRAINT:Evidence Grounding | CONSTRAINT:Quality Standard | CONSTRAINT:Resource Budget | CONSTRAINT:Scope Boundary | CONTEXT:Repository Context | EVALUATION:Rule Conformance | EXAMPLE:Output Template | EXAMPLE:Technical Snippet | OUTPUT:Control Signal | OUTPUT:New Thread | OUTPUT:Standalone Artifact | PROCESS:Decision Branch | PROCESS:Required Sequence | TASK:Evidence Investigation,COMMUNICATION:Audience Voice | COMMUNICATION:Expert Role | CONSTRAINT:Evidence Grounding | CONSTRAINT:Quality Standard | CONSTRAINT:Resource Budget | CONSTRAINT:Scope Boundary | CONTEXT:Domain Context | CONTEXT:Execution Environment | CONTEXT:Historical Context | CONTEXT:Repository Context | EVALUATION:Risk Assessment | EVALUATION:Rule Conformance | EXAMPLE:Output Template | EXAMPLE:Technical Snippet | OUTPUT:Control Signal | OUTPUT:New Thread | PROCESS:Decision Branch | PROCESS:Required Sequence | PROCESS:Within-Run Iteration | RESOURCE:GitHub Interface | RESOURCE:Local Workspace | TASK:Artifact Review | TASK:Evidence Investigation
rq3_018,13,9,1,COMMUNICATION:Expert Role | CONSTRAINT:Scope Boundary | CONTEXT:Execution Environment | EVALUATION:Execution Check | EXAMPLE:Output Template | OUTPUT:Control Signal | OUTPUT:Repository Change | PROCESS:Decision Branch | PROCESS:Required Sequence | PROCESS:Within-Run Iteration | RESOURCE:Development Toolchain | RESOURCE:GitHub Interface | RESOURCE:Local Workspace | TASK:Artifact Change,COMMUNICATION:Automation Disclosure | COMMUNICATION:Expert Role | CONSTRAINT:Quality Standard | CONSTRAINT:Resource Budget | CONSTRAINT:Scope Boundary | CONTEXT:Domain Context | CONTEXT:Execution Environment | CONTEXT:Repository Context | EVALUATION:Risk Assessment | EVALUATION:Rule Conformance | EXAMPLE:Output Template | EXAMPLE:Worked Case | OUTPUT:Control Signal | OUTPUT:Repository Change | PROCESS:Decision Branch | PROCESS:Required Sequence | PROCESS:Within-Run Iteration | RESOURCE:Development Toolchain | RESOURCE:GitHub Interface | RESOURCE:Local Workspace | TASK:Artifact Change | TASK:Executable Validation
rq3_019,10,12,2,CONSTRAINT:Evidence Grounding | CONSTRAINT:Resource Budget | CONSTRAINT:Scope Boundary | EXAMPLE:Technical Snippet | OUTPUT:New Thread | PROCESS:Decision Branch | PROCESS:Required Sequence | RESOURCE:Agent Resource | RESOURCE:Local Workspace | SAFETY:Information Confidentiality | TASK:Artifact Change | TASK:Executable Validation,CONSTRAINT:Evidence Grounding | CONSTRAINT:Resource Budget | CONSTRAINT:Scope Boundary | CONTEXT:Domain Context | CONTEXT:Historical Context | CONTEXT:Repository Context | EVALUATION:Execution Check | EVALUATION:Rule Conformance | OUTPUT:Control Signal | OUTPUT:Repository Change | PROCESS:Decision Branch | PROCESS:Required Sequence | PROCESS:Within-Run Iteration | PROCESS:Work Delegation | RESOURCE:Agent Resource | RESOURCE:Development Toolchain | RESOURCE:GitHub Interface | RESOURCE:Local Workspace | SAFETY:Information Confidentiality | TASK:Artifact Change | TASK:Evidence Investigation | TASK:Executable Validation
rq3_020,6,0,1,COMMUNICATION:Expert Role | CONSTRAINT:Quality Standard | CONTEXT:Repository Context | OUTPUT:New Thread | PROCESS:Required Sequence | RESOURCE:Web Retrieval | TASK:Evidence Investigation,COMMUNICATION:Expert Role | CONSTRAINT:Quality Standard | CONTEXT:Repository Context | OUTPUT:New Thread | RESOURCE:Web Retrieval | TASK:Evidence Investigation
rq3_021,12,8,0,COMMUNICATION:Expert Role | CONSTRAINT:Quality Standard | CONTEXT:Domain Context | CONTEXT:Repository Context | EXAMPLE:Output Template | EXAMPLE:Technical Snippet | OUTPUT:New Thread | PROCESS:Decision Branch | PROCESS:Required Sequence | PROCESS:Within-Run Iteration | RESOURCE:Local Workspace | TASK:Evidence Investigation,COMMUNICATION:Automation Disclosure | COMMUNICATION:Expert Role | CONSTRAINT:Evidence Grounding | CONSTRAINT:Quality Standard | CONTEXT:Domain Context | CONTEXT:Execution Environment | CONTEXT:Historical Context | CONTEXT:Repository Context | EXAMPLE:Output Template | EXAMPLE:Technical Snippet | OUTPUT:Control Signal | OUTPUT:New Thread | OUTPUT:Standalone Artifact | PROCESS:Cross-Run Memory | PROCESS:Decision Branch | PROCESS:Required Sequence | PROCESS:Within-Run Iteration | RESOURCE:GitHub Interface | RESOURCE:Local Workspace | TASK:Evidence Investigation
rq3_022,16,4,1,COMMUNICATION:Audience Voice | CONSTRAINT:Evidence Grounding | CONSTRAINT:Quality Standard | CONSTRAINT:Scope Boundary | CONTEXT:Execution Environment | CONTEXT:Historical Context | CONTEXT:Repository Context | EXAMPLE:Output Template | EXAMPLE:Worked Case | OUTPUT:Control Signal | OUTPUT:Repository Change | PROCESS:Cross-Run Memory | PROCESS:Decision Branch | PROCESS:Required Sequence | RESOURCE:GitHub Interface | RESOURCE:Local Workspace | TASK:Artifact Change,COMMUNICATION:Audience Voice | COMMUNICATION:Automation Disclosure | CONSTRAINT:Evidence Grounding | CONSTRAINT:Quality Standard | CONSTRAINT:Scope Boundary | CONTEXT:Domain Context | CONTEXT:Execution Environment | CONTEXT:Repository Context | EXAMPLE:Output Template | EXAMPLE:Worked Case | OUTPUT:Control Signal | OUTPUT:Repository Change | PROCESS:Cross-Run Memory | PROCESS:Decision Branch | PROCESS:Required Sequence | RESOURCE:GitHub Interface | RESOURCE:Local Workspace | SAFETY:Execution Isolation | TASK:Artifact Change | TASK:Evidence Investigation
rq3_023,3,15,2,CONSTRAINT:Resource Budget | CONSTRAINT:Scope Boundary | CONTEXT:Domain Context | EXAMPLE:Technical Snippet | RESOURCE:Agent Resource,CONSTRAINT:Quality Standard | CONSTRAINT:Resource Budget | CONSTRAINT:Scope Boundary | CONTEXT:Domain Context | CONTEXT:Execution Environment | CONTEXT:Historical Context | CONTEXT:Repository Context | OUTPUT:Repository Change | OUTPUT:Standalone Artifact | PROCESS:Cross-Run Memory | PROCESS:Decision Branch | PROCESS:Required Sequence | PROCESS:Within-Run Iteration | RESOURCE:GitHub Interface | RESOURCE:Local Workspace | RESOURCE:Web Retrieval | TASK:Artifact Change | TASK:Evidence Investigation
rq3_024,1,3,0,TASK:Artifact Review,CONTEXT:Repository Context | OUTPUT:Control Signal | PROCESS:Decision Branch | TASK:Artifact Review
rq3_025,10,0,4,COMMUNICATION:Automation Disclosure | CONSTRAINT:Quality Standard | CONSTRAINT:Scope Boundary | CONTEXT:Repository Context | EVALUATION:Execution Check | EXAMPLE:Technical Snippet | OUTPUT:Control Signal | OUTPUT:Existing Thread Response | OUTPUT:New Thread | PROCESS:Decision Branch | PROCESS:Required Sequence | RESOURCE:Development Toolchain | RESOURCE:GitHub Interface | TASK:Executable Validation,COMMUNICATION:Automation Disclosure | CONTEXT:Repository Context | OUTPUT:Control Signal | OUTPUT:Existing Thread Response | OUTPUT:New Thread | PROCESS:Decision Branch | PROCESS:Required Sequence | RESOURCE:Development Toolchain | RESOURCE:GitHub Interface | TASK:Executable Validation
rq3_026,11,8,1,COMMUNICATION:Expert Role | CONSTRAINT:Evidence Grounding | CONSTRAINT:Scope Boundary | CONTEXT:Repository Context | EXAMPLE:Output Template | OUTPUT:Control Signal | OUTPUT:Existing Thread Response | OUTPUT:Repository Change | PROCESS:Decision Branch | PROCESS:Required Sequence | RESOURCE:GitHub Interface | TASK:Evidence Investigation,COMMUNICATION:Expert Role | CONSTRAINT:Evidence Grounding | CONSTRAINT:Quality Standard | CONSTRAINT:Scope Boundary | CONTEXT:Repository Context | EVALUATION:Evidence Credibility | EVALUATION:Risk Assessment | EXAMPLE:Output Template | OUTPUT:Existing Thread Response | OUTPUT:Repository Change | PROCESS:Decision Branch | PROCESS:Required Sequence | PROCESS:Work Delegation | RESOURCE:Agent Resource | RESOURCE:GitHub Interface | RESOURCE:Local Workspace | TASK:Artifact Change | TASK:Evidence Investigation | TASK:Work Item Management
rq3_027,13,1,5,COMMUNICATION:Audience Voice | COMMUNICATION:Expert Role | CONSTRAINT:Quality Standard | CONSTRAINT:Resource Budget | CONSTRAINT:Scope Boundary | CONTEXT:Repository Context | EVALUATION:Risk Assessment | EVALUATION:Rule Conformance | EXAMPLE:Output Template | OUTPUT:Existing Thread Response | PROCESS:Decision Branch | PROCESS:Required Sequence | PROCESS:Within-Run Iteration | RESOURCE:GitHub Interface | RESOURCE:Local Workspace | RESOURCE:Web Retrieval | TASK:Artifact Review | TASK:Evidence Investigation,COMMUNICATION:Expert Role | CONSTRAINT:Quality Standard | CONSTRAINT:Resource Budget | CONSTRAINT:Scope Boundary | CONTEXT:Repository Context | EVALUATION:Evidence Credibility | EVALUATION:Risk Assessment | EXAMPLE:Output Template | OUTPUT:Existing Thread Response | PROCESS:Decision Branch | PROCESS:Required Sequence | RESOURCE:GitHub Interface | RESOURCE:Web Retrieval | TASK:Artifact Review
rq3_028,2,0,0,CONTEXT:Repository Context | TASK:Artifact Change,CONTEXT:Repository Context | TASK:Artifact Change
rq3_029,2,2,0,CONTEXT:Execution Environment | SAFETY:Execution Isolation,CONTEXT:Execution Environment | EVALUATION:Execution Check | SAFETY:Execution Isolation | TASK:Executable Validation
rq3_030,15,3,4,COMMUNICATION:Audience Voice | COMMUNICATION:Automation Disclosure | CONSTRAINT:Quality Standard | CONSTRAINT:Resource Budget | CONSTRAINT:Scope Boundary | CONTEXT:Repository Context | EVALUATION:Evidence Credibility | EXAMPLE:Output Template | OUTPUT:Control Signal | OUTPUT:Existing Thread Response | OUTPUT:New Thread | PROCESS:Cross-Run Memory | PROCESS:Decision Branch | PROCESS:Required Sequence | RESOURCE:Agent Resource | RESOURCE:GitHub Interface | RESOURCE:Local Workspace | TASK:Evidence Investigation | TASK:Work Item Management,COMMUNICATION:Audience Voice | COMMUNICATION:Automation Disclosure | COMMUNICATION:Expert Role | CONSTRAINT:Evidence Grounding | CONSTRAINT:Quality Standard | CONSTRAINT:Resource Budget | CONTEXT:Execution Environment | CONTEXT:Repository Context | EXAMPLE:Output Template | OUTPUT:Control Signal | OUTPUT:Existing Thread Response | OUTPUT:New Thread | PROCESS:Cross-Run Memory | PROCESS:Decision Branch | PROCESS:Required Sequence | RESOURCE:GitHub Interface | RESOURCE:Local Workspace | TASK:Work Item Management
rq3_031,12,7,2,COMMUNICATION:Expert Role | CONSTRAINT:Evidence Grounding | CONSTRAINT:Quality Standard | CONSTRAINT:Scope Boundary | CONTEXT:Repository Context | EVALUATION:Execution Check | EXAMPLE:Output Template | OUTPUT:New Thread | PROCESS:Decision Branch | PROCESS:Required Sequence | PROCESS:Within-Run Iteration | RESOURCE:Web Retrieval | SAFETY:Information Confidentiality | TASK:Evidence Investigation,COMMUNICATION:Expert Role | CONSTRAINT:Evidence Grounding | CONSTRAINT:Quality Standard | CONSTRAINT:Resource Budget | CONSTRAINT:Scope Boundary | CONTEXT:Domain Context | CONTEXT:Execution Environment | CONTEXT:Historical Context | CONTEXT:Repository Context | EVALUATION:Evidence Credibility | EXAMPLE:Output Template | OUTPUT:New Thread | PROCESS:Cross-Run Memory | PROCESS:Decision Branch | PROCESS:Required Sequence | RESOURCE:Local Workspace | RESOURCE:Web Retrieval | SAFETY:Information Confidentiality | TASK:Evidence Investigation
rq3_032,5,9,2,CONSTRAINT:Quality Standard | CONSTRAINT:Resource Budget | CONTEXT:Domain Context | EXAMPLE:Technical Snippet | OUTPUT:Standalone Artifact | PROCESS:Decision Branch | TASK:Evidence Investigation,CONSTRAINT:Quality Standard | CONSTRAINT:Resource Budget | CONSTRAINT:Scope Boundary | CONTEXT:Domain Context | CONTEXT:Execution Environment | OUTPUT:Repository Change | PROCESS:Cross-Run Memory | PROCESS:Decision Branch | PROCESS:Required Sequence | PROCESS:Within-Run Iteration | RESOURCE:Local Workspace | RESOURCE:Web Retrieval | TASK:Artifact Change | TASK:Evidence Investigation
rq3_033,10,5,0,COMMUNICATION:Audience Voice | CONSTRAINT:Quality Standard | CONSTRAINT:Scope Boundary | CONTEXT:Repository Context | OUTPUT:Existing Thread Response | OUTPUT:New Thread | PROCESS:Decision Branch | PROCESS:Required Sequence | RESOURCE:GitHub Interface | TASK:Artifact Review,COMMUNICATION:Audience Voice | COMMUNICATION:Expert Role | CONSTRAINT:Quality Standard | CONSTRAINT:Scope Boundary | CONTEXT:Repository Context | EVALUATION:Rule Conformance | OUTPUT:Control Signal | OUTPUT:Existing Thread Response | OUTPUT:New Thread | PROCESS:Decision Branch | PROCESS:Required Sequence | RESOURCE:GitHub Interface | RESOURCE:Local Workspace | SAFETY:Execution Isolation | TASK:Artifact Review
rq3_034,20,3,3,COMMUNICATION:Automation Disclosure | COMMUNICATION:Expert Role | CONSTRAINT:Evidence Grounding | CONSTRAINT:Quality Standard | CONSTRAINT:Resource Budget | CONSTRAINT:Scope Boundary | CONTEXT:Execution Environment | CONTEXT:Historical Context | CONTEXT:Repository Context | EVALUATION:Risk Assessment | EVALUATION:Rule Conformance | EXAMPLE:Output Template | OUTPUT:Control Signal | OUTPUT:New Thread | PROCESS:Decision Branch | PROCESS:Required Sequence | PROCESS:Within-Run Iteration | PROCESS:Work Delegation | RESOURCE:Agent Resource | RESOURCE:GitHub Interface | RESOURCE:Local Workspace | TASK:Evidence Investigation | TASK:Work Item Management,COMMUNICATION:Expert Role | CONSTRAINT:Evidence Grounding | CONSTRAINT:Quality Standard | CONSTRAINT:Resource Budget | CONSTRAINT:Scope Boundary | CONTEXT:Domain Context | CONTEXT:Execution Environment | CONTEXT:Historical Context | EVALUATION:Evidence Credibility | EVALUATION:Risk Assessment | EVALUATION:Rule Conformance | EXAMPLE:Output Template | EXAMPLE:Technical Snippet | OUTPUT:New Thread | PROCESS:Decision Branch | PROCESS:Required Sequence | PROCESS:Within-Run Iteration | PROCESS:Work Delegation | RESOURCE:Agent Resource | RESOURCE:GitHub Interface | RESOURCE:Local Workspace | TASK:Evidence Investigation | TASK:Work Item Management
rq3_035,7,14,0,CONSTRAINT:Resource Budget | CONTEXT:Domain Context | OUTPUT:Repository Change | OUTPUT:Standalone Artifact | PROCESS:Decision Branch | PROCESS:Required Sequence | TASK:Evidence Investigation,CONSTRAINT:Quality Standard | CONSTRAINT:Resource Budget | CONSTRAINT:Scope Boundary | CONTEXT:Domain Context | CONTEXT:Execution Environment | CONTEXT:Historical Context | CONTEXT:Repository Context | EVALUATION:Rule Conformance | OUTPUT:Repository Change | OUTPUT:Standalone Artifact | PROCESS:Cross-Run Memory | PROCESS:Decision Branch | PROCESS:Required Sequence | PROCESS:Within-Run Iteration | RESOURCE:Development Toolchain | RESOURCE:GitHub Interface | RESOURCE:Local Workspace | TASK:Artifact Change | TASK:Artifact Review | TASK:Evidence Investigation | TASK:Executable Validation
rq3_036,9,11,0,COMMUNICATION:Expert Role | CONSTRAINT:Evidence Grounding | CONSTRAINT:Quality Standard | CONTEXT:Repository Context | OUTPUT:New Thread | PROCESS:Decision Branch | PROCESS:Required Sequence | RESOURCE:Agent Resource | TASK:Evidence Investigation,COMMUNICATION:Expert Role | CONSTRAINT:Evidence Grounding | CONSTRAINT:Quality Standard | CONSTRAINT:Resource Budget | CONTEXT:Execution Environment | CONTEXT:Repository Context | EVALUATION:Evidence Credibility | EVALUATION:Rule Conformance | EXAMPLE:Output Template | OUTPUT:New Thread | PROCESS:Cross-Run Memory | PROCESS:Decision Branch | PROCESS:Required Sequence | PROCESS:Work Delegation | RESOURCE:Agent Resource | RESOURCE:Development Toolchain | RESOURCE:GitHub Interface | RESOURCE:Local Workspace | TASK:Evidence Investigation | TASK:Work Item Management
rq3_037,11,1,3,COMMUNICATION:Automation Disclosure | COMMUNICATION:Expert Role | CONSTRAINT:Resource Budget | CONSTRAINT:Scope Boundary | CONTEXT:Repository Context | EVALUATION:Rule Conformance | EXAMPLE:Output Template | OUTPUT:Control Signal | OUTPUT:Existing Thread Response | PROCESS:Decision Branch | PROCESS:Required Sequence | RESOURCE:GitHub Interface | TASK:Artifact Review | TASK:Work Item Management,COMMUNICATION:Automation Disclosure | COMMUNICATION:Expert Role | CONSTRAINT:Quality Standard | CONSTRAINT:Scope Boundary | CONTEXT:Repository Context | EXAMPLE:Output Template | OUTPUT:Control Signal | OUTPUT:Existing Thread Response | PROCESS:Decision Branch | RESOURCE:GitHub Interface | TASK:Artifact Review | TASK:Work Item Management
rq3_038,14,7,1,COMMUNICATION:Expert Role | CONSTRAINT:Evidence Grounding | CONSTRAINT:Quality Standard | CONSTRAINT:Resource Budget | CONSTRAINT:Scope Boundary | CONTEXT:Repository Context | EVALUATION:Rule Conformance | EXAMPLE:Output Template | OUTPUT:Existing Thread Response | PROCESS:Decision Branch | PROCESS:Required Sequence | RESOURCE:GitHub Interface | RESOURCE:Local Workspace | RESOURCE:Web Retrieval | TASK:Artifact Review,COMMUNICATION:Audience Voice | COMMUNICATION:Expert Role | CONSTRAINT:Evidence Grounding | CONSTRAINT:Quality Standard | CONSTRAINT:Resource Budget | CONSTRAINT:Scope Boundary | CONTEXT:Domain Context | CONTEXT:Execution Environment | EVALUATION:Risk Assessment | EVALUATION:Rule Conformance | EXAMPLE:Output Template | OUTPUT:Existing Thread Response | PROCESS:Decision Branch | PROCESS:Required Sequence | PROCESS:Within-Run Iteration | RESOURCE:GitHub Interface | RESOURCE:Local Workspace | RESOURCE:Web Retrieval | SAFETY:Vulnerability Handling | TASK:Artifact Review | TASK:Evidence Investigation
rq3_039,7,8,1,CONSTRAINT:Resource Budget | CONTEXT:Domain Context | EXAMPLE:Technical Snippet | OUTPUT:Standalone Artifact | PROCESS:Decision Branch | PROCESS:Required Sequence | RESOURCE:Local Workspace | TASK:Artifact Change,CONSTRAINT:Resource Budget | CONSTRAINT:Scope Boundary | CONTEXT:Domain Context | CONTEXT:Execution Environment | CONTEXT:Repository Context | EXAMPLE:Technical Snippet | OUTPUT:Repository Change | PROCESS:Cross-Run Memory | PROCESS:Decision Branch | PROCESS:Required Sequence | PROCESS:Within-Run Iteration | RESOURCE:Local Workspace | RESOURCE:Web Retrieval | TASK:Artifact Change | TASK:Evidence Investigation
rq3_040,15,9,0,COMMUNICATION:Audience Voice | COMMUNICATION:Expert Role | CONSTRAINT:Quality Standard | CONSTRAINT:Scope Boundary | CONTEXT:Repository Context | EXAMPLE:Output Template | EXAMPLE:Technical Snippet | OUTPUT:New Thread | OUTPUT:Standalone Artifact | PROCESS:Required Sequence | RESOURCE:Agent Resource | RESOURCE:GitHub Interface | RESOURCE:Local Workspace | TASK:Artifact Review | TASK:Evidence Investigation,COMMUNICATION:Audience Voice | COMMUNICATION:Automation Disclosure | COMMUNICATION:Expert Role | CONSTRAINT:Quality Standard | CONSTRAINT:Scope Boundary | CONTEXT:Domain Context | CONTEXT:Execution Environment | CONTEXT:Repository Context | EVALUATION:Rule Conformance | EXAMPLE:Output Template | EXAMPLE:Technical Snippet | OUTPUT:New Thread | OUTPUT:Standalone Artifact | PROCESS:Cross-Run Memory | PROCESS:Decision Branch | PROCESS:Required Sequence | PROCESS:Work Delegation | RESOURCE:Agent Resource | RESOURCE:GitHub Interface | RESOURCE:Local Workspace | TASK:Artifact Change | TASK:Artifact Review | TASK:Evidence Investigation | TASK:Work Item Management
rq3_041,15,1,2,CONSTRAINT:Evidence Grounding | CONSTRAINT:Scope Boundary | CONTEXT:Domain Context | EVALUATION:Risk Assessment | EVALUATION:Rule Conformance | EXAMPLE:Output Template | OUTPUT:Control Signal | OUTPUT:New Thread | PROCESS:Decision Branch | PROCESS:Required Sequence | PROCESS:Within-Run Iteration | PROCESS:Work Delegation | RESOURCE:Agent Resource | RESOURCE:GitHub Interface | RESOURCE:Local Workspace | TASK:Artifact Review | TASK:Evidence Investigation,CONSTRAINT:Evidence Grounding | CONSTRAINT:Scope Boundary | CONTEXT:Domain Context | CONTEXT:Repository Context | EVALUATION:Rule Conformance | EXAMPLE:Output Template | OUTPUT:Control Signal | OUTPUT:New Thread | PROCESS:Decision Branch | PROCESS:Required Sequence | PROCESS:Within-Run Iteration | PROCESS:Work Delegation | RESOURCE:GitHub Interface | RESOURCE:Local Workspace | TASK:Artifact Review | TASK:Evidence Investigation
rq3_042,8,12,1,COMMUNICATION:Expert Role | CONSTRAINT:Resource Budget | CONTEXT:Repository Context | EXAMPLE:Output Template | EXAMPLE:Technical Snippet | OUTPUT:New Thread | PROCESS:Decision Branch | PROCESS:Required Sequence | TASK:Executable Validation,COMMUNICATION:Expert Role | CONSTRAINT:Quality Standard | CONSTRAINT:Resource Budget | CONTEXT:Domain Context | CONTEXT:Execution Environment | CONTEXT:Repository Context | EVALUATION:Execution Check | EVALUATION:Risk Assessment | EXAMPLE:Output Template | OUTPUT:Control Signal | OUTPUT:New Thread | PROCESS:Cross-Run Memory | PROCESS:Decision Branch | PROCESS:Required Sequence | PROCESS:Within-Run Iteration | RESOURCE:Development Toolchain | RESOURCE:GitHub Interface | RESOURCE:Local Workspace | RESOURCE:Web Retrieval | TASK:Executable Validation
rq3_043,12,12,1,CONSTRAINT:Scope Boundary | CONTEXT:Domain Context | CONTEXT:Execution Environment | EXAMPLE:Technical Snippet | OUTPUT:New Thread | OUTPUT:Repository Change | PROCESS:Decision Branch | PROCESS:Required Sequence | RESOURCE:Agent Resource | RESOURCE:Development Toolchain | RESOURCE:GitHub Interface | TASK:Artifact Change | TASK:Executable Validation,CONSTRAINT:Evidence Grounding | CONSTRAINT:Quality Standard | CONSTRAINT:Scope Boundary | CONTEXT:Domain Context | CONTEXT:Execution Environment | CONTEXT:Repository Context | EVALUATION:Execution Check | EXAMPLE:Technical Snippet | EXAMPLE:Worked Case | OUTPUT:Control Signal | OUTPUT:Existing Thread Response | OUTPUT:Repository Change | PROCESS:Decision Branch | PROCESS:Required Sequence | PROCESS:Within-Run Iteration | RESOURCE:Agent Resource | RESOURCE:Development Toolchain | RESOURCE:GitHub Interface | RESOURCE:Local Workspace | RESOURCE:Web Retrieval | SAFETY:Execution Isolation | TASK:Artifact Change | TASK:Evidence Investigation | TASK:Executable Validation
rq3_044,18,1,1,COMMUNICATION:Automation Disclosure | COMMUNICATION:Expert Role | CONSTRAINT:Quality Standard | CONSTRAINT:Resource Budget | CONSTRAINT:Scope Boundary | CONTEXT:Repository Context | EVALUATION:Execution Check | EXAMPLE:Output Template | OUTPUT:Repository Change | PROCESS:Decision Branch | PROCESS:Required Sequence | PROCESS:Within-Run Iteration | RESOURCE:Development Toolchain | RESOURCE:GitHub Interface | RESOURCE:Local Workspace | RESOURCE:Web Retrieval | SAFETY:Execution Isolation | TASK:Artifact Change | TASK:Executable Validation,COMMUNICATION:Automation Disclosure | COMMUNICATION:Expert Role | CONSTRAINT:Quality Standard | CONSTRAINT:Resource Budget | CONSTRAINT:Scope Boundary | CONTEXT:Execution Environment | CONTEXT:Repository Context | EVALUATION:Execution Check | EXAMPLE:Output Template | OUTPUT:Repository Change | PROCESS:Decision Branch | PROCESS:Required Sequence | PROCESS:Within-Run Iteration | RESOURCE:Development Toolchain | RESOURCE:GitHub Interface | RESOURCE:Local Workspace | SAFETY:Execution Isolation | TASK:Artifact Change | TASK:Executable Validation
rq3_045,8,3,4,COMMUNICATION:Audience Voice | COMMUNICATION:Expert Role | CONSTRAINT:Evidence Grounding | CONSTRAINT:Quality Standard | CONTEXT:Repository Context | EXAMPLE:Output Template | EXAMPLE:Technical Snippet | OUTPUT:New Thread | PROCESS:Decision Branch | PROCESS:Required Sequence | TASK:Artifact Review | TASK:Evidence Investigation,COMMUNICATION:Expert Role | CONSTRAINT:Scope Boundary | CONTEXT:Repository Context | EXAMPLE:Output Template | EXAMPLE:Technical Snippet | OUTPUT:New Thread | PROCESS:Decision Branch | RESOURCE:Development Toolchain | SAFETY:Prompt Injection Defense | TASK:Artifact Review | TASK:Evidence Investigation
rq3_046,6,5,0,COMMUNICATION:Expert Role | CONSTRAINT:Quality Standard | CONSTRAINT:Scope Boundary | OUTPUT:New Thread | PROCESS:Required Sequence | TASK:Artifact Review,COMMUNICATION:Expert Role | CONSTRAINT:Quality Standard | CONSTRAINT:Resource Budget | CONSTRAINT:Scope Boundary | CONTEXT:Repository Context | OUTPUT:New Thread | PROCESS:Cross-Run Memory | PROCESS:Required Sequence | TASK:Artifact Review | TASK:Evidence Investigation | TASK:Work Item Management
rq3_047,5,3,2,CONSTRAINT:Quality Standard | CONSTRAINT:Scope Boundary | CONTEXT:Repository Context | OUTPUT:Repository Change | PROCESS:Decision Branch | PROCESS:Required Sequence | TASK:Artifact Change,CONSTRAINT:Evidence Grounding | CONSTRAINT:Scope Boundary | OUTPUT:Control Signal | OUTPUT:Repository Change | PROCESS:Decision Branch | PROCESS:Required Sequence | RESOURCE:Local Workspace | TASK:Artifact Change
rq3_048,16,2,2,COMMUNICATION:Audience Voice | COMMUNICATION:Automation Disclosure | CONSTRAINT:Quality Standard | CONSTRAINT:Resource Budget | CONSTRAINT:Scope Boundary | CONTEXT:Domain Context | CONTEXT:Repository Context | EVALUATION:Rule Conformance | EXAMPLE:Output Template | EXAMPLE:Technical Snippet | OUTPUT:Control Signal | OUTPUT:Existing Thread Response | OUTPUT:Standalone Artifact | PROCESS:Decision Branch | PROCESS:Required Sequence | PROCESS:Within-Run Iteration | RESOURCE:GitHub Interface | TASK:Work Item Management,COMMUNICATION:Audience Voice | COMMUNICATION:Automation Disclosure | COMMUNICATION:Expert Role | CONSTRAINT:Quality Standard | CONSTRAINT:Resource Budget | CONSTRAINT:Scope Boundary | CONTEXT:Repository Context | EVALUATION:Rule Conformance | EXAMPLE:Output Template | EXAMPLE:Technical Snippet | OUTPUT:Control Signal | OUTPUT:Existing Thread Response | PROCESS:Decision Branch | PROCESS:Required Sequence | PROCESS:Within-Run Iteration | RESOURCE:GitHub Interface | TASK:Evidence Investigation | TASK:Work Item Management
rq3_049,11,5,2,COMMUNICATION:Expert Role | CONSTRAINT:Evidence Grounding | CONSTRAINT:Quality Standard | CONSTRAINT:Resource Budget | CONSTRAINT:Scope Boundary | CONTEXT:Repository Context | EXAMPLE:Output Template | OUTPUT:Existing Thread Response | PROCESS:Decision Branch | PROCESS:Required Sequence | RESOURCE:GitHub Interface | SAFETY:Execution Isolation | TASK:Evidence Investigation,COMMUNICATION:Automation Disclosure | COMMUNICATION:Expert Role | CONSTRAINT:Evidence Grounding | CONSTRAINT:Quality Standard | CONSTRAINT:Scope Boundary | CONTEXT:Domain Context | CONTEXT:Execution Environment | CONTEXT:Repository Context | EXAMPLE:Output Template | OUTPUT:Control Signal | OUTPUT:Existing Thread Response | PROCESS:Decision Branch | PROCESS:Required Sequence | RESOURCE:Local Workspace | SAFETY:Execution Isolation | TASK:Evidence Investigation
rq3_050,2,1,1,CONTEXT:Domain Context | CONTEXT:Historical Context | TASK:Artifact Change,CONTEXT:Domain Context | CONTEXT:Repository Context | TASK:Artifact Change
rq3_052,4,4,2,CONSTRAINT:Quality Standard | CONTEXT:Repository Context | EVALUATION:Rule Conformance | OUTPUT:New Thread | TASK:Artifact Review | TASK:Evidence Investigation,CONSTRAINT:Quality Standard | CONTEXT:Repository Context | OUTPUT:Control Signal | OUTPUT:New Thread | PROCESS:Decision Branch | PROCESS:Required Sequence | RESOURCE:GitHub Interface | TASK:Evidence Investigation
rq3_053,8,7,0,COMMUNICATION:Automation Disclosure | CONSTRAINT:Quality Standard | CONSTRAINT:Scope Boundary | OUTPUT:Control Signal | OUTPUT:Repository Change | PROCESS:Decision Branch | PROCESS:Required Sequence | TASK:Artifact Change,COMMUNICATION:Automation Disclosure | COMMUNICATION:Expert Role | CONSTRAINT:Evidence Grounding | CONSTRAINT:Quality Standard | CONSTRAINT:Scope Boundary | CONTEXT:Domain Context | CONTEXT:Execution Environment | CONTEXT:Repository Context | EXAMPLE:Output Template | OUTPUT:Control Signal | OUTPUT:Repository Change | PROCESS:Decision Branch | PROCESS:Required Sequence | RESOURCE:Local Workspace | TASK:Artifact Change
rq3_054,8,1,0,CONSTRAINT:Evidence Grounding | CONSTRAINT:Quality Standard | CONTEXT:Repository Context | OUTPUT:New Thread | PROCESS:Decision Branch | PROCESS:Required Sequence | RESOURCE:GitHub Interface | TASK:Evidence Investigation,CONSTRAINT:Evidence Grounding | CONSTRAINT:Quality Standard | CONTEXT:Repository Context | OUTPUT:Control Signal | OUTPUT:New Thread | PROCESS:Decision Branch | PROCESS:Required Sequence | RESOURCE:GitHub Interface | TASK:Evidence Investigation
rq3_055,20,6,5,COMMUNICATION:Automation Disclosure | COMMUNICATION:Expert Role | CONSTRAINT:Quality Standard | CONSTRAINT:Resource Budget | CONSTRAINT:Scope Boundary | CONTEXT:Execution Environment | CONTEXT:Historical Context | CONTEXT:Repository Context | EVALUATION:Evidence Credibility | EVALUATION:Risk Assessment | EXAMPLE:Output Template | OUTPUT:Existing Thread Response | OUTPUT:New Thread | PROCESS:Cross-Run Memory | PROCESS:Decision Branch | PROCESS:Required Sequence | PROCESS:Within-Run Iteration | RESOURCE:Agent Resource | RESOURCE:GitHub Interface | RESOURCE:Local Workspace | RESOURCE:Web Retrieval | SAFETY:Execution Isolation | SAFETY:Information Confidentiality | SAFETY:Vulnerability Handling | TASK:Evidence Investigation,COMMUNICATION:Expert Role | CONSTRAINT:Evidence Grounding | CONSTRAINT:Quality Standard | CONSTRAINT:Resource Budget | CONSTRAINT:Scope Boundary | CONTEXT:Domain Context | CONTEXT:Execution Environment | CONTEXT:Historical Context | CONTEXT:Repository Context | EVALUATION:Risk Assessment | EXAMPLE:Output Template | EXAMPLE:Technical Snippet | OUTPUT:Existing Thread Response | OUTPUT:New Thread | PROCESS:Cross-Run Memory | PROCESS:Decision Branch | PROCESS:Required Sequence | RESOURCE:GitHub Interface | RESOURCE:Local Workspace | RESOURCE:Web Retrieval | SAFETY:Execution Isolation | SAFETY:Prompt Injection Defense | SAFETY:Vulnerability Handling | TASK:Artifact Review | TASK:Evidence Investigation | TASK:Work Item Management
rq3_056,19,1,2,CONSTRAINT:Evidence Grounding | CONSTRAINT:Quality Standard | CONSTRAINT:Scope Boundary | CONTEXT:Domain Context | CONTEXT:Execution Environment | CONTEXT:Repository Context | EVALUATION:Execution Check | EVALUATION:Risk Assessment | EVALUATION:Rule Conformance | OUTPUT:Control Signal | OUTPUT:New Thread | OUTPUT:Repository Change | PROCESS:Decision Branch | PROCESS:Required Sequence | PROCESS:Within-Run Iteration | RESOURCE:Development Toolchain | RESOURCE:GitHub Interface | RESOURCE:Local Workspace | TASK:Artifact Change | TASK:Executable Validation | TASK:Work Item Management,CONSTRAINT:Evidence Grounding | CONSTRAINT:Quality Standard | CONSTRAINT:Scope Boundary | CONTEXT:Domain Context | CONTEXT:Execution Environment | CONTEXT:Historical Context | CONTEXT:Repository Context | EVALUATION:Execution Check | EVALUATION:Risk Assessment | OUTPUT:Control Signal | OUTPUT:New Thread | OUTPUT:Repository Change | PROCESS:Decision Branch | PROCESS:Required Sequence | PROCESS:Within-Run Iteration | RESOURCE:Development Toolchain | RESOURCE:Local Workspace | TASK:Artifact Change | TASK:Executable Validation | TASK:Work Item Management
rq3_057,12,3,2,COMMUNICATION:Audience Voice | COMMUNICATION:Expert Role | CONSTRAINT:Quality Standard | CONSTRAINT:Scope Boundary | CONTEXT:Repository Context | EXAMPLE:Output Template | EXAMPLE:Worked Case | OUTPUT:Control Signal | OUTPUT:Existing Thread Response | PROCESS:Decision Branch | PROCESS:Required Sequence | PROCESS:Work Delegation | RESOURCE:Agent Resource | RESOURCE:GitHub Interface,COMMUNICATION:Audience Voice | COMMUNICATION:Expert Role | CONSTRAINT:Resource Budget | CONSTRAINT:Scope Boundary | CONTEXT:Repository Context | EXAMPLE:Output Template | EXAMPLE:Worked Case | OUTPUT:Control Signal | OUTPUT:Existing Thread Response | PROCESS:Decision Branch | PROCESS:Required Sequence | PROCESS:Within-Run Iteration | PROCESS:Work Delegation | RESOURCE:GitHub Interface | TASK:Work Item Management
rq3_058,6,0,4,CONSTRAINT:Quality Standard | CONSTRAINT:Resource Budget | CONSTRAINT:Scope Boundary | CONTEXT:Repository Context | OUTPUT:Standalone Artifact | PROCESS:Decision Branch | PROCESS:Required Sequence | RESOURCE:Local Workspace | SAFETY:Execution Isolation | TASK:Evidence Investigation,CONSTRAINT:Quality Standard | CONSTRAINT:Resource Budget | CONSTRAINT:Scope Boundary | OUTPUT:Standalone Artifact | PROCESS:Decision Branch | TASK:Evidence Investigation
rq3_059,7,6,0,CONSTRAINT:Scope Boundary | CONTEXT:Repository Context | EXAMPLE:Output Template | EXAMPLE:Technical Snippet | OUTPUT:New Thread | PROCESS:Required Sequence | TASK:Evidence Investigation,CONSTRAINT:Scope Boundary | CONTEXT:Repository Context | EVALUATION:Risk Assessment | EXAMPLE:Output Template | EXAMPLE:Technical Snippet | OUTPUT:Control Signal | OUTPUT:New Thread | PROCESS:Decision Branch | PROCESS:Required Sequence | RESOURCE:GitHub Interface | RESOURCE:Local Workspace | TASK:Evidence Investigation | TASK:Work Item Management
rq3_061,13,0,6,COMMUNICATION:Automation Disclosure | COMMUNICATION:Expert Role | CONSTRAINT:Resource Budget | CONTEXT:Domain Context | CONTEXT:Execution Environment | CONTEXT:Repository Context | EVALUATION:Execution Check | EVALUATION:Risk Assessment | EXAMPLE:Output Template | EXAMPLE:Worked Case | OUTPUT:Control Signal | OUTPUT:Existing Thread Response | OUTPUT:New Thread | PROCESS:Decision Branch | PROCESS:Required Sequence | PROCESS:Within-Run Iteration | RESOURCE:GitHub Interface | TASK:Evidence Investigation | TASK:Work Item Management,COMMUNICATION:Automation Disclosure | COMMUNICATION:Expert Role | CONTEXT:Domain Context | CONTEXT:Repository Context | EVALUATION:Risk Assessment | EXAMPLE:Output Template | OUTPUT:Control Signal | OUTPUT:New Thread | PROCESS:Decision Branch | PROCESS:Required Sequence | RESOURCE:GitHub Interface | TASK:Evidence Investigation | TASK:Work Item Management
rq3_062,8,1,6,COMMUNICATION:Expert Role | CONSTRAINT:Quality Standard | CONSTRAINT:Resource Budget | CONSTRAINT:Scope Boundary | CONTEXT:Execution Environment | EVALUATION:Rule Conformance | OUTPUT:Standalone Artifact | PROCESS:Decision Branch | PROCESS:Required Sequence | PROCESS:Within-Run Iteration | RESOURCE:GitHub Interface | RESOURCE:Local Workspace | TASK:Artifact Review | TASK:Evidence Investigation,COMMUNICATION:Expert Role | CONSTRAINT:Resource Budget | EXAMPLE:Technical Snippet | OUTPUT:Standalone Artifact | PROCESS:Required Sequence | PROCESS:Within-Run Iteration | RESOURCE:GitHub Interface | RESOURCE:Local Workspace | TASK:Evidence Investigation
rq3_063,7,0,2,CONSTRAINT:Quality Standard | CONSTRAINT:Scope Boundary | CONTEXT:Repository Context | OUTPUT:Existing Thread Response | PROCESS:Decision Branch | PROCESS:Required Sequence | RESOURCE:GitHub Interface | RESOURCE:Local Workspace | TASK:Evidence Investigation,CONSTRAINT:Quality Standard | CONSTRAINT:Scope Boundary | CONTEXT:Repository Context | OUTPUT:Existing Thread Response | PROCESS:Required Sequence | RESOURCE:GitHub Interface | TASK:Evidence Investigation
rq3_064,11,1,2,CONSTRAINT:Quality Standard | CONSTRAINT:Resource Budget | CONSTRAINT:Scope Boundary | CONTEXT:Repository Context | OUTPUT:Control Signal | OUTPUT:Repository Change | PROCESS:Decision Branch | PROCESS:Required Sequence | PROCESS:Within-Run Iteration | RESOURCE:GitHub Interface | RESOURCE:Local Workspace | SAFETY:Execution Isolation | TASK:Artifact Change,CONSTRAINT:Quality Standard | CONSTRAINT:Resource Budget | CONSTRAINT:Scope Boundary | EXAMPLE:Technical Snippet | OUTPUT:Control Signal | OUTPUT:Repository Change | PROCESS:Decision Branch | PROCESS:Required Sequence | PROCESS:Within-Run Iteration | RESOURCE:GitHub Interface | RESOURCE:Local Workspace | TASK:Artifact Change
rq3_065,15,0,6,CONSTRAINT:Resource Budget | CONSTRAINT:Scope Boundary | CONTEXT:Domain Context | CONTEXT:Repository Context | EVALUATION:Execution Check | EVALUATION:Risk Assessment | EVALUATION:Rule Conformance | EXAMPLE:Output Template | EXAMPLE:Technical Snippet | EXAMPLE:Worked Case | OUTPUT:New Thread | OUTPUT:Standalone Artifact | PROCESS:Decision Branch | PROCESS:Required Sequence | PROCESS:Within-Run Iteration | RESOURCE:GitHub Interface | RESOURCE:Local Workspace | SAFETY:Execution Isolation | SAFETY:Information Confidentiality | SAFETY:Vulnerability Handling | TASK:Evidence Investigation,CONTEXT:Domain Context | CONTEXT:Repository Context | EVALUATION:Risk Assessment | EVALUATION:Rule Conformance | EXAMPLE:Output Template | EXAMPLE:Technical Snippet | OUTPUT:New Thread | OUTPUT:Standalone Artifact | PROCESS:Decision Branch | PROCESS:Required Sequence | PROCESS:Within-Run Iteration | RESOURCE:GitHub Interface | RESOURCE:Local Workspace | SAFETY:Vulnerability Handling | TASK:Evidence Investigation
rq3_066,22,2,2,COMMUNICATION:Automation Disclosure | COMMUNICATION:Expert Role | CONSTRAINT:Evidence Grounding | CONSTRAINT:Quality Standard | CONSTRAINT:Scope Boundary | CONTEXT:Domain Context | CONTEXT:Repository Context | EXAMPLE:Output Template | EXAMPLE:Technical Snippet | EXAMPLE:Worked Case | OUTPUT:Control Signal | OUTPUT:Existing Thread Response | OUTPUT:New Thread | OUTPUT:Repository Change | PROCESS:Cross-Run Memory | PROCESS:Decision Branch | PROCESS:Required Sequence | PROCESS:Within-Run Iteration | RESOURCE:GitHub Interface | RESOURCE:Local Workspace | SAFETY:Vulnerability Handling | TASK:Artifact Change | TASK:Evidence Investigation | TASK:Work Item Management,COMMUNICATION:Automation Disclosure | COMMUNICATION:Expert Role | CONSTRAINT:Evidence Grounding | CONSTRAINT:Quality Standard | CONSTRAINT:Scope Boundary | CONTEXT:Domain Context | CONTEXT:Repository Context | EVALUATION:Rule Conformance | EXAMPLE:Output Template | EXAMPLE:Technical Snippet | OUTPUT:Control Signal | OUTPUT:Existing Thread Response | OUTPUT:New Thread | OUTPUT:Repository Change | PROCESS:Cross-Run Memory | PROCESS:Decision Branch | PROCESS:Required Sequence | PROCESS:Within-Run Iteration | RESOURCE:GitHub Interface | RESOURCE:Local Workspace | RESOURCE:Web Retrieval | TASK:Artifact Change | TASK:Evidence Investigation | TASK:Work Item Management
rq3_068,5,0,4,CONSTRAINT:Quality Standard | CONSTRAINT:Scope Boundary | CONTEXT:Execution Environment | CONTEXT:Historical Context | CONTEXT:Repository Context | EXAMPLE:Output Template | OUTPUT:Existing Thread Response | RESOURCE:GitHub Interface | TASK:Artifact Review,CONSTRAINT:Quality Standard | CONTEXT:Repository Context | OUTPUT:Existing Thread Response | RESOURCE:GitHub Interface | TASK:Artifact Review
rq3_069,15,0,5,COMMUNICATION:Audience Voice | COMMUNICATION:Expert Role | CONSTRAINT:Evidence Grounding | CONSTRAINT:Quality Standard | CONSTRAINT:Scope Boundary | CONTEXT:Domain Context | CONTEXT:Execution Environment | CONTEXT:Repository Context | EVALUATION:Rule Conformance | EXAMPLE:Output Template | EXAMPLE:Technical Snippet | OUTPUT:Control Signal | OUTPUT:Standalone Artifact | PROCESS:Decision Branch | PROCESS:Required Sequence | PROCESS:Within-Run Iteration | RESOURCE:GitHub Interface | RESOURCE:Local Workspace | TASK:Artifact Change | TASK:Evidence Investigation,COMMUNICATION:Audience Voice | CONSTRAINT:Evidence Grounding | CONSTRAINT:Quality Standard | CONSTRAINT:Scope Boundary | CONTEXT:Domain Context | CONTEXT:Repository Context | EXAMPLE:Output Template | EXAMPLE:Technical Snippet | OUTPUT:Standalone Artifact | PROCESS:Decision Branch | PROCESS:Required Sequence | RESOURCE:GitHub Interface | RESOURCE:Local Workspace | TASK:Artifact Change | TASK:Evidence Investigation
rq3_070,24,5,3,COMMUNICATION:Automation Disclosure | CONSTRAINT:Evidence Grounding | CONSTRAINT:Quality Standard | CONSTRAINT:Resource Budget | CONSTRAINT:Scope Boundary | CONTEXT:Domain Context | CONTEXT:Execution Environment | CONTEXT:Repository Context | EVALUATION:Evidence Credibility | EVALUATION:Rule Conformance | EXAMPLE:Output Template | EXAMPLE:Worked Case | OUTPUT:Control Signal | OUTPUT:Repository Change | PROCESS:Cross-Run Memory | PROCESS:Decision Branch | PROCESS:Required Sequence | PROCESS:Within-Run Iteration | RESOURCE:Development Toolchain | RESOURCE:GitHub Interface | RESOURCE:Local Workspace | SAFETY:Execution Isolation | SAFETY:Prompt Injection Defense | TASK:Artifact Change | TASK:Evidence Investigation | TASK:Executable Validation | TASK:Work Item Management,COMMUNICATION:Audience Voice | COMMUNICATION:Automation Disclosure | COMMUNICATION:Expert Role | CONSTRAINT:Evidence Grounding | CONSTRAINT:Quality Standard | CONSTRAINT:Resource Budget | CONSTRAINT:Scope Boundary | CONTEXT:Domain Context | CONTEXT:Execution Environment | CONTEXT:Historical Context | CONTEXT:Repository Context | EVALUATION:Evidence Credibility | EVALUATION:Execution Check | EVALUATION:Rule Conformance | EXAMPLE:Output Template | OUTPUT:Control Signal | OUTPUT:Existing Thread Response | OUTPUT:Repository Change | PROCESS:Cross-Run Memory | PROCESS:Decision Branch | PROCESS:Required Sequence | RESOURCE:Development Toolchain | RESOURCE:GitHub Interface | RESOURCE:Local Workspace | SAFETY:Prompt Injection Defense | TASK:Artifact Change | TASK:Evidence Investigation | TASK:Executable Validation | TASK:Work Item Management
rq3_071,11,6,0,CONSTRAINT:Quality Standard | CONSTRAINT:Scope Boundary | CONTEXT:Repository Context | EVALUATION:Rule Conformance | OUTPUT:Control Signal | OUTPUT:New Thread | PROCESS:Decision Branch | PROCESS:Required Sequence | PROCESS:Work Delegation | RESOURCE:Agent Resource | TASK:Evidence Investigation,CONSTRAINT:Evidence Grounding | CONSTRAINT:Quality Standard | CONSTRAINT:Scope Boundary | CONTEXT:Domain Context | CONTEXT:Repository Context | EVALUATION:Rule Conformance | EXAMPLE:Output Template | OUTPUT:Control Signal | OUTPUT:New Thread | PROCESS:Decision Branch | PROCESS:Required Sequence | PROCESS:Work Delegation | RESOURCE:Agent Resource | RESOURCE:GitHub Interface | RESOURCE:Local Workspace | TASK:Artifact Review | TASK:Evidence Investigation
rq3_072,8,5,0,CONSTRAINT:Evidence Grounding | CONSTRAINT:Scope Boundary | EXAMPLE:Output Template | OUTPUT:New Thread | PROCESS:Decision Branch | PROCESS:Required Sequence | RESOURCE:GitHub Interface | TASK:Evidence Investigation,CONSTRAINT:Evidence Grounding | CONSTRAINT:Scope Boundary | CONTEXT:Domain Context | EVALUATION:Rule Conformance | EXAMPLE:Output Template | OUTPUT:Control Signal | OUTPUT:New Thread | PROCESS:Decision Branch | PROCESS:Required Sequence | PROCESS:Within-Run Iteration | RESOURCE:GitHub Interface | RESOURCE:Local Workspace | TASK:Evidence Investigation
rq3_073,15,5,0,COMMUNICATION:Expert Role | CONSTRAINT:Scope Boundary | CONTEXT:Execution Environment | CONTEXT:Repository Context | EVALUATION:Execution Check | EXAMPLE:Technical Snippet | OUTPUT:New Thread | OUTPUT:Standalone Artifact | PROCESS:Decision Branch | PROCESS:Required Sequence | RESOURCE:Agent Resource | RESOURCE:GitHub Interface | RESOURCE:Local Workspace | SAFETY:Execution Isolation | TASK:Executable Validation,COMMUNICATION:Expert Role | CONSTRAINT:Resource Budget | CONSTRAINT:Scope Boundary | CONTEXT:Execution Environment | CONTEXT:Repository Context | EVALUATION:Execution Check | EXAMPLE:Output Template | EXAMPLE:Technical Snippet | OUTPUT:New Thread | OUTPUT:Standalone Artifact | PROCESS:Decision Branch | PROCESS:Required Sequence | PROCESS:Within-Run Iteration | RESOURCE:Agent Resource | RESOURCE:Development Toolchain | RESOURCE:GitHub Interface | RESOURCE:Local Workspace | SAFETY:Execution Isolation | SAFETY:Information Confidentiality | TASK:Executable Validation
rq3_074,11,1,2,COMMUNICATION:Expert Role | CONSTRAINT:Evidence Grounding | CONSTRAINT:Quality Standard | CONSTRAINT:Scope Boundary | CONTEXT:Repository Context | OUTPUT:Control Signal | OUTPUT:Repository Change | PROCESS:Decision Branch | PROCESS:Required Sequence | PROCESS:Within-Run Iteration | RESOURCE:Local Workspace | TASK:Artifact Change | TASK:Evidence Investigation,COMMUNICATION:Expert Role | CONSTRAINT:Evidence Grounding | CONSTRAINT:Quality Standard | CONSTRAINT:Scope Boundary | CONTEXT:Domain Context | CONTEXT:Repository Context | OUTPUT:Control Signal | OUTPUT:Repository Change | PROCESS:Decision Branch | PROCESS:Required Sequence | RESOURCE:Local Workspace | TASK:Artifact Change
rq3_075,7,4,3,CONSTRAINT:Quality Standard | CONTEXT:Repository Context | EXAMPLE:Output Template | OUTPUT:Control Signal | OUTPUT:New Thread | OUTPUT:Repository Change | PROCESS:Decision Branch | PROCESS:Required Sequence | RESOURCE:GitHub Interface | TASK:Artifact Change,CONSTRAINT:Scope Boundary | CONTEXT:Domain Context | EXAMPLE:Output Template | EXAMPLE:Technical Snippet | OUTPUT:Control Signal | OUTPUT:Repository Change | PROCESS:Decision Branch | PROCESS:Required Sequence | RESOURCE:GitHub Interface | RESOURCE:Local Workspace | TASK:Artifact Change
rq3_076,22,1,0,COMMUNICATION:Automation Disclosure | COMMUNICATION:Expert Role | CONSTRAINT:Quality Standard | CONSTRAINT:Resource Budget | CONSTRAINT:Scope Boundary | CONTEXT:Domain Context | CONTEXT:Repository Context | EVALUATION:Execution Check | EXAMPLE:Technical Snippet | EXAMPLE:Worked Case | OUTPUT:Control Signal | OUTPUT:Existing Thread Response | OUTPUT:Repository Change | PROCESS:Decision Branch | PROCESS:Required Sequence | PROCESS:Within-Run Iteration | RESOURCE:Development Toolchain | RESOURCE:GitHub Interface | RESOURCE:Local Workspace | TASK:Artifact Change | TASK:Evidence Investigation | TASK:Executable Validation,COMMUNICATION:Automation Disclosure | COMMUNICATION:Expert Role | CONSTRAINT:Quality Standard | CONSTRAINT:Resource Budget | CONSTRAINT:Scope Boundary | CONTEXT:Domain Context | CONTEXT:Execution Environment | CONTEXT:Repository Context | EVALUATION:Execution Check | EXAMPLE:Technical Snippet | EXAMPLE:Worked Case | OUTPUT:Control Signal | OUTPUT:Existing Thread Response | OUTPUT:Repository Change | PROCESS:Decision Branch | PROCESS:Required Sequence | PROCESS:Within-Run Iteration | RESOURCE:Development Toolchain | RESOURCE:GitHub Interface | RESOURCE:Local Workspace | TASK:Artifact Change | TASK:Evidence Investigation | TASK:Executable Validation
rq3_077,16,2,5,COMMUNICATION:Audience Voice | COMMUNICATION:Automation Disclosure | COMMUNICATION:Expert Role | CONSTRAINT:Evidence Grounding | CONSTRAINT:Quality Standard | CONSTRAINT:Resource Budget | CONSTRAINT:Scope Boundary | CONTEXT:Domain Context | CONTEXT:Repository Context | EVALUATION:Risk Assessment | EVALUATION:Rule Conformance | EXAMPLE:Output Template | OUTPUT:Control Signal | OUTPUT:Repository Change | PROCESS:Decision Branch | PROCESS:Required Sequence | PROCESS:Within-Run Iteration | RESOURCE:Local Workspace | RESOURCE:Web Retrieval | TASK:Artifact Change | TASK:Artifact Review,COMMUNICATION:Expert Role | CONSTRAINT:Evidence Grounding | CONSTRAINT:Quality Standard | CONSTRAINT:Resource Budget | CONSTRAINT:Scope Boundary | CONTEXT:Domain Context | CONTEXT:Repository Context | EVALUATION:Rule Conformance | EXAMPLE:Output Template | EXAMPLE:Technical Snippet | OUTPUT:Control Signal | OUTPUT:Repository Change | PROCESS:Decision Branch | PROCESS:Required Sequence | RESOURCE:Local Workspace | TASK:Artifact Change | TASK:Artifact Review | TASK:Evidence Investigation
rq3_078,11,3,0,COMMUNICATION:Audience Voice | CONSTRAINT:Quality Standard | CONSTRAINT:Scope Boundary | EXAMPLE:Output Template | EXAMPLE:Technical Snippet | OUTPUT:Repository Change | PROCESS:Decision Branch | PROCESS:Required Sequence | RESOURCE:GitHub Interface | RESOURCE:Local Workspace | TASK:Artifact Change,COMMUNICATION:Audience Voice | CONSTRAINT:Quality Standard | CONSTRAINT:Scope Boundary | CONTEXT:Execution Environment | CONTEXT:Historical Context | CONTEXT:Repository Context | EXAMPLE:Output Template | EXAMPLE:Technical Snippet | OUTPUT:Repository Change | PROCESS:Decision Branch | PROCESS:Required Sequence | RESOURCE:GitHub Interface | RESOURCE:Local Workspace | TASK:Artifact Change
rq3_079,13,2,0,COMMUNICATION:Expert Role | CONSTRAINT:Quality Standard | CONSTRAINT:Scope Boundary | CONTEXT:Repository Context | EVALUATION:Risk Assessment | EXAMPLE:Output Template | EXAMPLE:Technical Snippet | OUTPUT:Control Signal | OUTPUT:New Thread | PROCESS:Decision Branch | PROCESS:Required Sequence | RESOURCE:Local Workspace | TASK:Evidence Investigation,COMMUNICATION:Expert Role | CONSTRAINT:Quality Standard | CONSTRAINT:Scope Boundary | CONTEXT:Execution Environment | CONTEXT:Repository Context | EVALUATION:Risk Assessment | EXAMPLE:Output Template | EXAMPLE:Technical Snippet | OUTPUT:Control Signal | OUTPUT:New Thread | PROCESS:Decision Branch | PROCESS:Required Sequence | RESOURCE:GitHub Interface | RESOURCE:Local Workspace | TASK:Evidence Investigation
rq3_080,11,9,1,COMMUNICATION:Expert Role | CONSTRAINT:Quality Standard | CONSTRAINT:Scope Boundary | CONTEXT:Historical Context | EVALUATION:Risk Assessment | OUTPUT:Repository Change | PROCESS:Cross-Run Memory | PROCESS:Decision Branch | PROCESS:Required Sequence | RESOURCE:GitHub Interface | TASK:Artifact Change | TASK:Evidence Investigation,COMMUNICATION:Expert Role | CONSTRAINT:Evidence Grounding | CONSTRAINT:Quality Standard | CONSTRAINT:Scope Boundary | CONTEXT:Domain Context | CONTEXT:Historical Context | CONTEXT:Repository Context | EVALUATION:Rule Conformance | EXAMPLE:Output Template | OUTPUT:Control Signal | OUTPUT:Repository Change | PROCESS:Cross-Run Memory | PROCESS:Decision Branch | PROCESS:Required Sequence | RESOURCE:GitHub Interface | RESOURCE:Local Workspace | RESOURCE:Web Retrieval | TASK:Artifact Change | TASK:Artifact Review | TASK:Evidence Investigation
rq3_081,16,6,0,COMMUNICATION:Expert Role | CONSTRAINT:Quality Standard | CONSTRAINT:Scope Boundary | CONTEXT:Execution Environment | CONTEXT:Repository Context | EVALUATION:Execution Check | EXAMPLE:Output Template | EXAMPLE:Technical Snippet | OUTPUT:Control Signal | OUTPUT:Repository Change | PROCESS:Decision Branch | PROCESS:Required Sequence | RESOURCE:Development Toolchain | RESOURCE:Local Workspace | TASK:Artifact Change | TASK:Evidence Investigation,COMMUNICATION:Expert Role | CONSTRAINT:Evidence Grounding | CONSTRAINT:Quality Standard | CONSTRAINT:Scope Boundary | CONTEXT:Domain Context | CONTEXT:Execution Environment | CONTEXT:Historical Context | CONTEXT:Repository Context | EVALUATION:Execution Check | EXAMPLE:Output Template | EXAMPLE:Technical Snippet | OUTPUT:Control Signal | OUTPUT:Repository Change | PROCESS:Decision Branch | PROCESS:Required Sequence | PROCESS:Within-Run Iteration | RESOURCE:Development Toolchain | RESOURCE:GitHub Interface | RESOURCE:Local Workspace | TASK:Artifact Change | TASK:Evidence Investigation | TASK:Executable Validation
rq3_082,13,1,8,COMMUNICATION:Audience Voice | COMMUNICATION:Expert Role | CONSTRAINT:Quality Standard | CONSTRAINT:Resource Budget | CONSTRAINT:Scope Boundary | CONTEXT:Domain Context | CONTEXT:Execution Environment | CONTEXT:Historical Context | CONTEXT:Repository Context | EVALUATION:Rule Conformance | EXAMPLE:Output Template | EXAMPLE:Technical Snippet | EXAMPLE:Worked Case | OUTPUT:Existing Thread Response | OUTPUT:New Thread | PROCESS:Decision Branch | PROCESS:Required Sequence | PROCESS:Within-Run Iteration | RESOURCE:GitHub Interface | RESOURCE:Local Workspace | TASK:Artifact Review,COMMUNICATION:Expert Role | CONSTRAINT:Quality Standard | CONSTRAINT:Scope Boundary | CONTEXT:Execution Environment | CONTEXT:Repository Context | EVALUATION:Rule Conformance | EXAMPLE:Output Template | OUTPUT:Existing Thread Response | OUTPUT:New Thread | PROCESS:Decision Branch | PROCESS:Required Sequence | RESOURCE:Local Workspace | TASK:Artifact Review | TASK:Work Item Management
rq3_083,10,0,5,COMMUNICATION:Expert Role | CONSTRAINT:Evidence Grounding | CONSTRAINT:Quality Standard | CONSTRAINT:Scope Boundary | CONTEXT:Repository Context | EVALUATION:Evidence Credibility | EVALUATION:Rule Conformance | EXAMPLE:Output Template | OUTPUT:Existing Thread Response | PROCESS:Decision Branch | PROCESS:Required Sequence | RESOURCE:GitHub Interface | RESOURCE:Local Workspace | TASK:Artifact Review | TASK:Evidence Investigation,COMMUNICATION:Expert Role | CONSTRAINT:Evidence Grounding | CONSTRAINT:Quality Standard | CONSTRAINT:Scope Boundary | CONTEXT:Repository Context | EVALUATION:Rule Conformance | EXAMPLE:Output Template | OUTPUT:Existing Thread Response | PROCESS:Required Sequence | TASK:Artifact Review
rq3_084,12,8,0,COMMUNICATION:Expert Role | CONSTRAINT:Quality Standard | CONSTRAINT:Resource Budget | CONSTRAINT:Scope Boundary | CONTEXT:Historical Context | CONTEXT:Repository Context | OUTPUT:New Thread | PROCESS:Decision Branch | PROCESS:Required Sequence | PROCESS:Work Delegation | RESOURCE:Agent Resource | TASK:Evidence Investigation,COMMUNICATION:Expert Role | CONSTRAINT:Quality Standard | CONSTRAINT:Resource Budget | CONSTRAINT:Scope Boundary | CONTEXT:Domain Context | CONTEXT:Historical Context | CONTEXT:Repository Context | EXAMPLE:Output Template | EXAMPLE:Worked Case | OUTPUT:Control Signal | OUTPUT:New Thread | PROCESS:Decision Branch | PROCESS:Required Sequence | PROCESS:Within-Run Iteration | PROCESS:Work Delegation | RESOURCE:Agent Resource | RESOURCE:GitHub Interface | RESOURCE:Local Workspace | TASK:Evidence Investigation | TASK:Work Item Management
rq3_085,9,5,1,COMMUNICATION:Expert Role | CONTEXT:Repository Context | EVALUATION:Execution Check | EXAMPLE:Technical Snippet | OUTPUT:Existing Thread Response | OUTPUT:Repository Change | PROCESS:Decision Branch | PROCESS:Required Sequence | RESOURCE:Web Retrieval | TASK:Artifact Change,COMMUNICATION:Expert Role | CONTEXT:Repository Context | EVALUATION:Execution Check | EVALUATION:Rule Conformance | OUTPUT:Existing Thread Response | OUTPUT:Repository Change | PROCESS:Decision Branch | PROCESS:Required Sequence | RESOURCE:Development Toolchain | RESOURCE:Local Workspace | RESOURCE:Web Retrieval | TASK:Artifact Change | TASK:Evidence Investigation | TASK:Executable Validation
rq3_086,11,5,2,COMMUNICATION:Expert Role | CONSTRAINT:Quality Standard | CONSTRAINT:Resource Budget | CONSTRAINT:Scope Boundary | CONTEXT:Repository Context | EXAMPLE:Output Template | OUTPUT:Control Signal | OUTPUT:Repository Change | PROCESS:Decision Branch | PROCESS:Required Sequence | RESOURCE:Local Workspace | TASK:Artifact Change | TASK:Evidence Investigation,COMMUNICATION:Automation Disclosure | COMMUNICATION:Expert Role | CONSTRAINT:Quality Standard | CONSTRAINT:Resource Budget | CONSTRAINT:Scope Boundary | CONTEXT:Domain Context | CONTEXT:Repository Context | EXAMPLE:Output Template | OUTPUT:Control Signal | OUTPUT:Repository Change | PROCESS:Cross-Run Memory | PROCESS:Decision Branch | PROCESS:Required Sequence | PROCESS:Within-Run Iteration | RESOURCE:GitHub Interface | TASK:Artifact Change
rq3_087,17,3,0,CONSTRAINT:Evidence Grounding | CONSTRAINT:Quality Standard | CONSTRAINT:Scope Boundary | CONTEXT:Execution Environment | CONTEXT:Historical Context | CONTEXT:Repository Context | EXAMPLE:Output Template | EXAMPLE:Worked Case | OUTPUT:Control Signal | OUTPUT:Repository Change | PROCESS:Cross-Run Memory | PROCESS:Decision Branch | PROCESS:Required Sequence | RESOURCE:GitHub Interface | RESOURCE:Local Workspace | TASK:Artifact Change | TASK:Evidence Investigation,COMMUNICATION:Automation Disclosure | CONSTRAINT:Evidence Grounding | CONSTRAINT:Quality Standard | CONSTRAINT:Scope Boundary | CONTEXT:Domain Context | CONTEXT:Execution Environment | CONTEXT:Historical Context | CONTEXT:Repository Context | EXAMPLE:Output Template | EXAMPLE:Worked Case | OUTPUT:Control Signal | OUTPUT:Repository Change | PROCESS:Cross-Run Memory | PROCESS:Decision Branch | PROCESS:Required Sequence | RESOURCE:GitHub Interface | RESOURCE:Local Workspace | SAFETY:Execution Isolation | TASK:Artifact Change | TASK:Evidence Investigation
rq3_088,7,3,3,COMMUNICATION:Expert Role | CONSTRAINT:Quality Standard | CONSTRAINT:Scope Boundary | CONTEXT:Repository Context | EVALUATION:Risk Assessment | EXAMPLE:Output Template | OUTPUT:Existing Thread Response | PROCESS:Decision Branch | RESOURCE:GitHub Interface | TASK:Evidence Investigation,COMMUNICATION:Expert Role | CONSTRAINT:Quality Standard | CONTEXT:Repository Context | EVALUATION:Risk Assessment | EVALUATION:Rule Conformance | EXAMPLE:Output Template | OUTPUT:Existing Thread Response | PROCESS:Required Sequence | RESOURCE:GitHub Interface | TASK:Artifact Review
rq3_089,18,1,9,COMMUNICATION:Audience Voice | COMMUNICATION:Automation Disclosure | COMMUNICATION:Expert Role | CONSTRAINT:Quality Standard | CONSTRAINT:Resource Budget | CONSTRAINT:Scope Boundary | CONTEXT:Domain Context | CONTEXT:Execution Environment | CONTEXT:Repository Context | EVALUATION:Evidence Credibility | EVALUATION:Risk Assessment | EVALUATION:Rule Conformance | EXAMPLE:Output Template | EXAMPLE:Technical Snippet | EXAMPLE:Worked Case | OUTPUT:Control Signal | OUTPUT:Existing Thread Response | PROCESS:Decision Branch | PROCESS:Required Sequence | PROCESS:Within-Run Iteration | RESOURCE:GitHub Interface | RESOURCE:Local Workspace | SAFETY:Execution Isolation | SAFETY:Information Confidentiality | SAFETY:Prompt Injection Defense | TASK:Evidence Investigation | TASK:Work Item Management,COMMUNICATION:Audience Voice | COMMUNICATION:Expert Role | CONSTRAINT:Quality Standard | CONSTRAINT:Resource Budget | CONSTRAINT:Scope Boundary | CONTEXT:Domain Context | CONTEXT:Repository Context | EVALUATION:Rule Conformance | EXAMPLE:Output Template | EXAMPLE:Technical Snippet | OUTPUT:Control Signal | OUTPUT:Existing Thread Response | PROCESS:Decision Branch | PROCESS:Required Sequence | RESOURCE:GitHub Interface | RESOURCE:Local Workspace | RESOURCE:Web Retrieval | SAFETY:Prompt Injection Defense | TASK:Work Item Management
rq3_090,14,0,4,COMMUNICATION:Audience Voice | COMMUNICATION:Expert Role | CONSTRAINT:Quality Standard | CONSTRAINT:Resource Budget | CONSTRAINT:Scope Boundary | CONTEXT:Repository Context | EVALUATION:Risk Assessment | EVALUATION:Rule Conformance | EXAMPLE:Output Template | OUTPUT:Existing Thread Response | PROCESS:Decision Branch | PROCESS:Required Sequence | PROCESS:Within-Run Iteration | RESOURCE:GitHub Interface | RESOURCE:Local Workspace | RESOURCE:Web Retrieval | TASK:Artifact Review | TASK:Evidence Investigation,COMMUNICATION:Expert Role | CONSTRAINT:Quality Standard | CONSTRAINT:Resource Budget | CONSTRAINT:Scope Boundary | CONTEXT:Repository Context | EVALUATION:Risk Assessment | EXAMPLE:Output Template | OUTPUT:Existing Thread Response | PROCESS:Decision Branch | PROCESS:Required Sequence | RESOURCE:GitHub Interface | RESOURCE:Local Workspace | RESOURCE:Web Retrieval | TASK:Artifact Review
rq3_091,9,5,3,CONSTRAINT:Quality Standard | CONSTRAINT:Resource Budget | CONSTRAINT:Scope Boundary | OUTPUT:Control Signal | OUTPUT:Existing Thread Response | OUTPUT:New Thread | PROCESS:Decision Branch | PROCESS:Required Sequence | RESOURCE:Development Toolchain | RESOURCE:GitHub Interface | RESOURCE:Web Retrieval | TASK:Executable Validation,CONSTRAINT:Quality Standard | CONSTRAINT:Resource Budget | CONTEXT:Execution Environment | CONTEXT:Repository Context | EVALUATION:Execution Check | OUTPUT:Control Signal | OUTPUT:Existing Thread Response | OUTPUT:New Thread | RESOURCE:Development Toolchain | RESOURCE:GitHub Interface | RESOURCE:Local Workspace | RESOURCE:Web Retrieval | TASK:Artifact Change | TASK:Executable Validation
rq3_092,13,0,2,CONSTRAINT:Quality Standard | CONSTRAINT:Scope Boundary | CONTEXT:Execution Environment | CONTEXT:Repository Context | EVALUATION:Execution Check | EXAMPLE:Output Template | OUTPUT:Control Signal | OUTPUT:Existing Thread Response | PROCESS:Decision Branch | PROCESS:Required Sequence | RESOURCE:GitHub Interface | RESOURCE:Local Workspace | SAFETY:Execution Isolation | TASK:Executable Validation | TASK:Work Item Management,CONSTRAINT:Quality Standard | CONTEXT:Execution Environment | EVALUATION:Execution Check | EXAMPLE:Output Template | OUTPUT:Control Signal | OUTPUT:Existing Thread Response | PROCESS:Decision Branch | PROCESS:Required Sequence | RESOURCE:GitHub Interface | RESOURCE:Local Workspace | SAFETY:Execution Isolation | TASK:Executable Validation | TASK:Work Item Management
rq3_093,4,0,0,COMMUNICATION:Audience Voice | CONSTRAINT:Quality Standard | CONTEXT:Repository Context | TASK:Artifact Review,COMMUNICATION:Audience Voice | CONSTRAINT:Quality Standard | CONTEXT:Repository Context | TASK:Artifact Review
rq3_094,11,8,0,CONSTRAINT:Evidence Grounding | CONSTRAINT:Resource Budget | CONSTRAINT:Scope Boundary | CONTEXT:Domain Context | OUTPUT:Control Signal | OUTPUT:Repository Change | PROCESS:Decision Branch | PROCESS:Required Sequence | RESOURCE:Web Retrieval | TASK:Artifact Change | TASK:Evidence Investigation,COMMUNICATION:Automation Disclosure | CONSTRAINT:Evidence Grounding | CONSTRAINT:Resource Budget | CONSTRAINT:Scope Boundary | CONTEXT:Domain Context | CONTEXT:Repository Context | EVALUATION:Risk Assessment | EVALUATION:Rule Conformance | OUTPUT:Control Signal | OUTPUT:Repository Change | PROCESS:Decision Branch | PROCESS:Required Sequence | PROCESS:Within-Run Iteration | RESOURCE:GitHub Interface | RESOURCE:Local Workspace | RESOURCE:Web Retrieval | SAFETY:Vulnerability Handling | TASK:Artifact Change | TASK:Evidence Investigation
rq3_095,19,1,1,COMMUNICATION:Automation Disclosure | COMMUNICATION:Expert Role | CONSTRAINT:Quality Standard | CONSTRAINT:Resource Budget | CONSTRAINT:Scope Boundary | CONTEXT:Domain Context | CONTEXT:Execution Environment | CONTEXT:Repository Context | EVALUATION:Evidence Credibility | EVALUATION:Risk Assessment | EVALUATION:Rule Conformance | EXAMPLE:Output Template | OUTPUT:Existing Thread Response | PROCESS:Decision Branch | PROCESS:Required Sequence | RESOURCE:GitHub Interface | RESOURCE:Local Workspace | SAFETY:Execution Isolation | SAFETY:Prompt Injection Defense | TASK:Evidence Investigation,COMMUNICATION:Automation Disclosure | COMMUNICATION:Expert Role | CONSTRAINT:Evidence Grounding | CONSTRAINT:Quality Standard | CONSTRAINT:Resource Budget | CONSTRAINT:Scope Boundary | CONTEXT:Domain Context | CONTEXT:Execution Environment | CONTEXT:Repository Context | EVALUATION:Evidence Credibility | EVALUATION:Rule Conformance | EXAMPLE:Output Template | OUTPUT:Existing Thread Response | PROCESS:Decision Branch | PROCESS:Required Sequence | RESOURCE:GitHub Interface | RESOURCE:Local Workspace | SAFETY:Execution Isolation | SAFETY:Prompt Injection Defense | TASK:Evidence Investigation
rq3_096,18,9,0,COMMUNICATION:Expert Role | CONSTRAINT:Resource Budget | CONSTRAINT:Scope Boundary | CONTEXT:Repository Context | EVALUATION:Execution Check | EXAMPLE:Output Template | OUTPUT:Existing Thread Response | OUTPUT:Repository Change | PROCESS:Decision Branch | PROCESS:Required Sequence | PROCESS:Within-Run Iteration | RESOURCE:Development Toolchain | RESOURCE:GitHub Interface | RESOURCE:Local Workspace | SAFETY:Prompt Injection Defense | TASK:Artifact Change | TASK:Executable Validation | TASK:Work Item Management,COMMUNICATION:Expert Role | CONSTRAINT:Evidence Grounding | CONSTRAINT:Quality Standard | CONSTRAINT:Resource Budget | CONSTRAINT:Scope Boundary | CONTEXT:Domain Context | CONTEXT:Execution Environment | CONTEXT:Historical Context | CONTEXT:Repository Context | EVALUATION:Execution Check | EVALUATION:Rule Conformance | EXAMPLE:Output Template | EXAMPLE:Technical Snippet | EXAMPLE:Worked Case | OUTPUT:Control Signal | OUTPUT:Existing Thread Response | OUTPUT:Repository Change | PROCESS:Decision Branch | PROCESS:Required Sequence | PROCESS:Within-Run Iteration | RESOURCE:Development Toolchain | RESOURCE:GitHub Interface | RESOURCE:Local Workspace | SAFETY:Prompt Injection Defense | TASK:Artifact Change | TASK:Executable Validation | TASK:Work Item Management
rq3_097,14,5,1,COMMUNICATION:Expert Role | CONSTRAINT:Evidence Grounding | CONSTRAINT:Quality Standard | CONTEXT:Repository Context | EXAMPLE:Output Template | EXAMPLE:Worked Case | OUTPUT:New Thread | PROCESS:Decision Branch | PROCESS:Required Sequence | RESOURCE:Agent Resource | RESOURCE:Local Workspace | RESOURCE:Web Retrieval | SAFETY:Prompt Injection Defense | TASK:Evidence Investigation | TASK:Work Item Management,COMMUNICATION:Automation Disclosure | COMMUNICATION:Expert Role | CONSTRAINT:Quality Standard | CONSTRAINT:Resource Budget | CONTEXT:Repository Context | EVALUATION:Evidence Credibility | EXAMPLE:Output Template | EXAMPLE:Worked Case | OUTPUT:Existing Thread Response | OUTPUT:New Thread | PROCESS:Decision Branch | PROCESS:Required Sequence | RESOURCE:Agent Resource | RESOURCE:GitHub Interface | RESOURCE:Local Workspace | RESOURCE:Web Retrieval | SAFETY:Prompt Injection Defense | TASK:Evidence Investigation | TASK:Work Item Management
rq3_098,10,1,2,CONSTRAINT:Quality Standard | CONSTRAINT:Scope Boundary | EVALUATION:Risk Assessment | EXAMPLE:Output Template | OUTPUT:Control Signal | OUTPUT:New Thread | PROCESS:Cross-Run Memory | PROCESS:Decision Branch | PROCESS:Required Sequence | RESOURCE:GitHub Interface | RESOURCE:Local Workspace | TASK:Evidence Investigation,CONSTRAINT:Evidence Grounding | CONSTRAINT:Quality Standard | EXAMPLE:Output Template | OUTPUT:Control Signal | OUTPUT:New Thread | PROCESS:Cross-Run Memory | PROCESS:Decision Branch | PROCESS:Required Sequence | RESOURCE:GitHub Interface | RESOURCE:Local Workspace | TASK:Evidence Investigation
rq3_099,10,2,2,COMMUNICATION:Expert Role | CONSTRAINT:Evidence Grounding | CONSTRAINT:Quality Standard | CONSTRAINT:Scope Boundary | EVALUATION:Rule Conformance | EXAMPLE:Output Template | EXAMPLE:Technical Snippet | OUTPUT:Control Signal | OUTPUT:Existing Thread Response | PROCESS:Decision Branch | RESOURCE:GitHub Interface | TASK:Artifact Review,COMMUNICATION:Automation Disclosure | COMMUNICATION:Expert Role | CONSTRAINT:Evidence Grounding | CONSTRAINT:Scope Boundary | EVALUATION:Rule Conformance | EXAMPLE:Output Template | OUTPUT:Control Signal | OUTPUT:Existing Thread Response | PROCESS:Decision Branch | RESOURCE:GitHub Interface | TASK:Artifact Review | TASK:Work Item Management
rq3_100,18,0,2,COMMUNICATION:Automation Disclosure | COMMUNICATION:Expert Role | CONSTRAINT:Quality Standard | CONSTRAINT:Scope Boundary | CONTEXT:Execution Environment | CONTEXT:Repository Context | EXAMPLE:Output Template | EXAMPLE:Technical Snippet | OUTPUT:Control Signal | OUTPUT:Existing Thread Response | OUTPUT:New Thread | OUTPUT:Standalone Artifact | PROCESS:Cross-Run Memory | PROCESS:Decision Branch | PROCESS:Required Sequence | PROCESS:Within-Run Iteration | RESOURCE:Agent Resource | RESOURCE:Local Workspace | RESOURCE:Web Retrieval | TASK:Evidence Investigation,COMMUNICATION:Expert Role | CONSTRAINT:Quality Standard | CONTEXT:Execution Environment | CONTEXT:Repository Context | EXAMPLE:Output Template | EXAMPLE:Technical Snippet | OUTPUT:Control Signal | OUTPUT:Existing Thread Response | OUTPUT:New Thread | OUTPUT:Standalone Artifact | PROCESS:Cross-Run Memory | PROCESS:Decision Branch | PROCESS:Required Sequence | PROCESS:Within-Run Iteration | RESOURCE:Agent Resource | RESOURCE:Local Workspace | RESOURCE:Web Retrieval | TASK:Evidence Investigation
rq3_101,23,2,0,COMMUNICATION:Expert Role | CONSTRAINT:Evidence Grounding | CONSTRAINT:Quality Standard | CONSTRAINT:Resource Budget | CONSTRAINT:Scope Boundary | CONTEXT:Domain Context | CONTEXT:Execution Environment | CONTEXT:Repository Context | EVALUATION:Execution Check | EXAMPLE:Output Template | EXAMPLE:Technical Snippet | EXAMPLE:Worked Case | OUTPUT:Control Signal | OUTPUT:Repository Change | PROCESS:Cross-Run Memory | PROCESS:Decision Branch | PROCESS:Required Sequence | PROCESS:Within-Run Iteration | RESOURCE:Development Toolchain | RESOURCE:GitHub Interface | RESOURCE:Local Workspace | TASK:Artifact Change | TASK:Executable Validation,COMMUNICATION:Expert Role | CONSTRAINT:Evidence Grounding | CONSTRAINT:Quality Standard | CONSTRAINT:Resource Budget | CONSTRAINT:Scope Boundary | CONTEXT:Domain Context | CONTEXT:Execution Environment | CONTEXT:Historical Context | CONTEXT:Repository Context | EVALUATION:Execution Check | EXAMPLE:Output Template | EXAMPLE:Technical Snippet | EXAMPLE:Worked Case | OUTPUT:Control Signal | OUTPUT:Repository Change | PROCESS:Cross-Run Memory | PROCESS:Decision Branch | PROCESS:Required Sequence | PROCESS:Within-Run Iteration | RESOURCE:Development Toolchain | RESOURCE:GitHub Interface | RESOURCE:Local Workspace | TASK:Artifact Change | TASK:Evidence Investigation | TASK:Executable Validation
rq3_102,14,0,2,CONSTRAINT:Evidence Grounding | CONSTRAINT:Quality Standard | CONSTRAINT:Resource Budget | CONSTRAINT:Scope Boundary | CONTEXT:Domain Context | CONTEXT:Execution Environment | CONTEXT:Repository Context | EVALUATION:Execution Check | EXAMPLE:Output Template | OUTPUT:Control Signal | OUTPUT:New Thread | PROCESS:Decision Branch | PROCESS:Required Sequence | PROCESS:Within-Run Iteration | RESOURCE:GitHub Interface | TASK:Evidence Investigation,CONSTRAINT:Evidence Grounding | CONSTRAINT:Quality Standard | CONSTRAINT:Resource Budget | CONSTRAINT:Scope Boundary | CONTEXT:Domain Context | CONTEXT:Repository Context | EXAMPLE:Output Template | OUTPUT:Control Signal | OUTPUT:New Thread | PROCESS:Decision Branch | PROCESS:Required Sequence | PROCESS:Within-Run Iteration | RESOURCE:GitHub Interface | TASK:Evidence Investigation
rq3_103,13,0,1,CONSTRAINT:Quality Standard | CONSTRAINT:Scope Boundary | CONTEXT:Execution Environment | CONTEXT:Repository Context | EXAMPLE:Output Template | EXAMPLE:Technical Snippet | OUTPUT:Control Signal | OUTPUT:Repository Change | PROCESS:Decision Branch | PROCESS:Required Sequence | RESOURCE:Development Toolchain | RESOURCE:Local Workspace | TASK:Artifact Change | TASK:Executable Validation,CONSTRAINT:Quality Standard | CONSTRAINT:Scope Boundary | CONTEXT:Execution Environment | CONTEXT:Repository Context | EXAMPLE:Output Template | OUTPUT:Control Signal | OUTPUT:Repository Change | PROCESS:Decision Branch | PROCESS:Required Sequence | RESOURCE:Development Toolchain | RESOURCE:Local Workspace | TASK:Artifact Change | TASK:Executable Validation
rq3_104,8,2,2,COMMUNICATION:Expert Role | CONSTRAINT:Evidence Grounding | CONSTRAINT:Quality Standard | CONSTRAINT:Scope Boundary | CONTEXT:Domain Context | CONTEXT:Repository Context | OUTPUT:Control Signal | OUTPUT:Existing Thread Response | RESOURCE:Web Retrieval | TASK:Evidence Investigation,COMMUNICATION:Audience Voice | COMMUNICATION:Expert Role | CONSTRAINT:Evidence Grounding | CONSTRAINT:Quality Standard | CONSTRAINT:Scope Boundary | CONTEXT:Repository Context | OUTPUT:Existing Thread Response | RESOURCE:Web Retrieval | TASK:Evidence Investigation | TASK:Work Item Management
rq3_105,24,0,4,COMMUNICATION:Automation Disclosure | COMMUNICATION:Expert Role | CONSTRAINT:Evidence Grounding | CONSTRAINT:Quality Standard | CONSTRAINT:Resource Budget | CONSTRAINT:Scope Boundary | CONTEXT:Domain Context | CONTEXT:Execution Environment | CONTEXT:Repository Context | EVALUATION:Evidence Credibility | EVALUATION:Execution Check | EVALUATION:Risk Assessment | EVALUATION:Rule Conformance | EXAMPLE:Output Template | EXAMPLE:Technical Snippet | EXAMPLE:Worked Case | OUTPUT:Control Signal | OUTPUT:Existing Thread Response | OUTPUT:New Thread | OUTPUT:Standalone Artifact | PROCESS:Cross-Run Memory | PROCESS:Decision Branch | PROCESS:Required Sequence | PROCESS:Within-Run Iteration | RESOURCE:GitHub Interface | RESOURCE:Local Workspace | TASK:Evidence Investigation | TASK:Work Item Management,COMMUNICATION:Expert Role | CONSTRAINT:Quality Standard | CONSTRAINT:Resource Budget | CONTEXT:Domain Context | CONTEXT:Execution Environment | CONTEXT:Repository Context | EVALUATION:Evidence Credibility | EVALUATION:Risk Assessment | EVALUATION:Rule Conformance | EXAMPLE:Output Template | EXAMPLE:Technical Snippet | EXAMPLE:Worked Case | OUTPUT:Control Signal | OUTPUT:Existing Thread Response | OUTPUT:New Thread | OUTPUT:Standalone Artifact | PROCESS:Cross-Run Memory | PROCESS:Decision Branch | PROCESS:Required Sequence | PROCESS:Within-Run Iteration | RESOURCE:GitHub Interface | RESOURCE:Local Workspace | TASK:Evidence Investigation | TASK:Work Item Management
rq3_106,21,2,1,COMMUNICATION:Audience Voice | COMMUNICATION:Expert Role | CONSTRAINT:Quality Standard | CONSTRAINT:Resource Budget | CONSTRAINT:Scope Boundary | CONTEXT:Domain Context | CONTEXT:Repository Context | EVALUATION:Execution Check | EVALUATION:Rule Conformance | EXAMPLE:Output Template | EXAMPLE:Worked Case | OUTPUT:Control Signal | OUTPUT:Repository Change | PROCESS:Cross-Run Memory | PROCESS:Decision Branch | PROCESS:Required Sequence | PROCESS:Within-Run Iteration | RESOURCE:Agent Resource | RESOURCE:Development Toolchain | RESOURCE:Local Workspace | TASK:Artifact Change | TASK:Executable Validation,COMMUNICATION:Expert Role | CONSTRAINT:Quality Standard | CONSTRAINT:Resource Budget | CONSTRAINT:Scope Boundary | CONTEXT:Domain Context | CONTEXT:Execution Environment | CONTEXT:Repository Context | EVALUATION:Execution Check | EVALUATION:Rule Conformance | EXAMPLE:Output Template | EXAMPLE:Technical Snippet | EXAMPLE:Worked Case | OUTPUT:Control Signal | OUTPUT:Repository Change | PROCESS:Cross-Run Memory | PROCESS:Decision Branch | PROCESS:Required Sequence | PROCESS:Within-Run Iteration | RESOURCE:Agent Resource | RESOURCE:Development Toolchain | RESOURCE:Local Workspace | TASK:Artifact Change | TASK:Executable Validation
rq3_107,18,3,2,COMMUNICATION:Automation Disclosure | COMMUNICATION:Expert Role | CONSTRAINT:Quality Standard | CONSTRAINT:Resource Budget | CONSTRAINT:Scope Boundary | CONTEXT:Domain Context | CONTEXT:Execution Environment | CONTEXT:Repository Context | EVALUATION:Rule Conformance | EXAMPLE:Output Template | EXAMPLE:Technical Snippet | EXAMPLE:Worked Case | OUTPUT:Control Signal | OUTPUT:Existing Thread Response | PROCESS:Decision Branch | PROCESS:Required Sequence | PROCESS:Within-Run Iteration | RESOURCE:GitHub Interface | SAFETY:Prompt Injection Defense | TASK:Work Item Management,COMMUNICATION:Expert Role | CONSTRAINT:Quality Standard | CONSTRAINT:Resource Budget | CONSTRAINT:Scope Boundary | CONTEXT:Domain Context | CONTEXT:Execution Environment | CONTEXT:Historical Context | CONTEXT:Repository Context | EVALUATION:Rule Conformance | EXAMPLE:Output Template | EXAMPLE:Technical Snippet | OUTPUT:Control Signal | OUTPUT:Existing Thread Response | PROCESS:Decision Branch | PROCESS:Required Sequence | PROCESS:Within-Run Iteration | RESOURCE:GitHub Interface | SAFETY:Execution Isolation | SAFETY:Prompt Injection Defense | TASK:Artifact Change | TASK:Work Item Management
rq3_108,4,1,3,CONSTRAINT:Quality Standard | CONSTRAINT:Scope Boundary | OUTPUT:Repository Change | PROCESS:Decision Branch | RESOURCE:Local Workspace | TASK:Artifact Change | TASK:Artifact Review,CONSTRAINT:Resource Budget | CONSTRAINT:Scope Boundary | OUTPUT:Repository Change | PROCESS:Decision Branch | TASK:Artifact Change
rq3_109,2,2,0,PROCESS:Decision Branch | TASK:Artifact Review,CONTEXT:Repository Context | OUTPUT:Existing Thread Response | PROCESS:Decision Branch | TASK:Artifact Review
rq3_110,6,3,0,CONSTRAINT:Scope Boundary | OUTPUT:Existing Thread Response | OUTPUT:Standalone Artifact | PROCESS:Decision Branch | RESOURCE:Local Workspace | TASK:Artifact Review,CONSTRAINT:Quality Standard | CONSTRAINT:Scope Boundary | CONTEXT:Execution Environment | OUTPUT:Existing Thread Response | OUTPUT:Standalone Artifact | PROCESS:Decision Branch | PROCESS:Required Sequence | RESOURCE:Local Workspace | TASK:Artifact Review
rq3_111,11,5,2,COMMUNICATION:Expert Role | CONSTRAINT:Quality Standard | CONSTRAINT:Resource Budget | EVALUATION:Rule Conformance | EXAMPLE:Output Template | EXAMPLE:Technical Snippet | OUTPUT:Control Signal | OUTPUT:Existing Thread Response | PROCESS:Decision Branch | PROCESS:Required Sequence | PROCESS:Within-Run Iteration | RESOURCE:GitHub Interface | TASK:Work Item Management,COMMUNICATION:Automation Disclosure | CONSTRAINT:Evidence Grounding | CONSTRAINT:Quality Standard | CONSTRAINT:Resource Budget | CONSTRAINT:Scope Boundary | CONTEXT:Repository Context | EXAMPLE:Output Template | EXAMPLE:Technical Snippet | EXAMPLE:Worked Case | OUTPUT:Control Signal | OUTPUT:Existing Thread Response | PROCESS:Decision Branch | PROCESS:Required Sequence | PROCESS:Within-Run Iteration | RESOURCE:GitHub Interface | TASK:Work Item Management
rq3_112,9,5,0,COMMUNICATION:Expert Role | CONSTRAINT:Quality Standard | CONSTRAINT:Scope Boundary | OUTPUT:Control Signal | OUTPUT:Existing Thread Response | PROCESS:Decision Branch | PROCESS:Required Sequence | RESOURCE:GitHub Interface | TASK:Artifact Review,COMMUNICATION:Automation Disclosure | COMMUNICATION:Expert Role | CONSTRAINT:Quality Standard | CONSTRAINT:Scope Boundary | CONTEXT:Repository Context | EVALUATION:Rule Conformance | OUTPUT:Control Signal | OUTPUT:Existing Thread Response | PROCESS:Decision Branch | PROCESS:Required Sequence | PROCESS:Within-Run Iteration | RESOURCE:GitHub Interface | TASK:Artifact Review | TASK:Work Item Management
rq3_113,11,5,2,CONSTRAINT:Quality Standard | CONSTRAINT:Scope Boundary | CONTEXT:Domain Context | CONTEXT:Repository Context | EVALUATION:Execution Check | EXAMPLE:Output Template | OUTPUT:Control Signal | OUTPUT:Existing Thread Response | OUTPUT:New Thread | OUTPUT:Standalone Artifact | RESOURCE:GitHub Interface | SAFETY:Execution Isolation | TASK:Executable Validation,CONSTRAINT:Quality Standard | CONSTRAINT:Scope Boundary | CONTEXT:Execution Environment | CONTEXT:Repository Context | EVALUATION:Execution Check | EXAMPLE:Output Template | OUTPUT:Control Signal | OUTPUT:Existing Thread Response | OUTPUT:New Thread | OUTPUT:Standalone Artifact | PROCESS:Decision Branch | PROCESS:Required Sequence | RESOURCE:GitHub Interface | TASK:Artifact Change | TASK:Executable Validation | TASK:Work Item Management
rq3_114,22,2,3,COMMUNICATION:Automation Disclosure | COMMUNICATION:Expert Role | CONSTRAINT:Evidence Grounding | CONSTRAINT:Quality Standard | CONSTRAINT:Resource Budget | CONSTRAINT:Scope Boundary | CONTEXT:Domain Context | CONTEXT:Execution Environment | EVALUATION:Risk Assessment | EVALUATION:Rule Conformance | EXAMPLE:Output Template | OUTPUT:Control Signal | OUTPUT:New Thread | PROCESS:Decision Branch | PROCESS:Required Sequence | PROCESS:Within-Run Iteration | PROCESS:Work Delegation | RESOURCE:Agent Resource | RESOURCE:GitHub Interface | RESOURCE:Local Workspace | RESOURCE:Web Retrieval | SAFETY:Execution Isolation | SAFETY:Information Confidentiality | SAFETY:Vulnerability Handling | TASK:Evidence Investigation,COMMUNICATION:Expert Role | CONSTRAINT:Evidence Grounding | CONSTRAINT:Quality Standard | CONSTRAINT:Resource Budget | CONSTRAINT:Scope Boundary | CONTEXT:Domain Context | CONTEXT:Execution Environment | EVALUATION:Risk Assessment | EVALUATION:Rule Conformance | EXAMPLE:Output Template | OUTPUT:Control Signal | OUTPUT:New Thread | PROCESS:Decision Branch | PROCESS:Required Sequence | PROCESS:Within-Run Iteration | PROCESS:Work Delegation | RESOURCE:Agent Resource | RESOURCE:GitHub Interface | RESOURCE:Local Workspace | SAFETY:Execution Isolation | SAFETY:Vulnerability Handling | TASK:Artifact Review | TASK:Evidence Investigation | TASK:Work Item Management
rq3_115,3,0,0,OUTPUT:Standalone Artifact | RESOURCE:Local Workspace | TASK:Artifact Change,OUTPUT:Standalone Artifact | RESOURCE:Local Workspace | TASK:Artifact Change
rq3_116,16,1,4,COMMUNICATION:Automation Disclosure | COMMUNICATION:Expert Role | CONSTRAINT:Evidence Grounding | CONSTRAINT:Quality Standard | CONSTRAINT:Scope Boundary | CONTEXT:Domain Context | CONTEXT:Execution Environment | CONTEXT:Repository Context | EVALUATION:Evidence Credibility | EXAMPLE:Output Template | EXAMPLE:Technical Snippet | EXAMPLE:Worked Case | OUTPUT:New Thread | PROCESS:Cross-Run Memory | PROCESS:Decision Branch | PROCESS:Required Sequence | PROCESS:Within-Run Iteration | RESOURCE:GitHub Interface | RESOURCE:Local Workspace | TASK:Evidence Investigation,COMMUNICATION:Automation Disclosure | COMMUNICATION:Expert Role | CONSTRAINT:Evidence Grounding | CONSTRAINT:Quality Standard | CONTEXT:Execution Environment | CONTEXT:Historical Context | CONTEXT:Repository Context | EVALUATION:Evidence Credibility | EXAMPLE:Output Template | EXAMPLE:Technical Snippet | OUTPUT:New Thread | PROCESS:Cross-Run Memory | PROCESS:Decision Branch | PROCESS:Required Sequence | PROCESS:Within-Run Iteration | RESOURCE:Local Workspace | TASK:Evidence Investigation
rq3_117,13,4,0,COMMUNICATION:Expert Role | CONSTRAINT:Evidence Grounding | CONSTRAINT:Quality Standard | CONSTRAINT:Scope Boundary | CONTEXT:Domain Context | CONTEXT:Repository Context | EVALUATION:Risk Assessment | OUTPUT:Control Signal | OUTPUT:Existing Thread Response | PROCESS:Decision Branch | PROCESS:Required Sequence | RESOURCE:GitHub Interface | TASK:Evidence Investigation,COMMUNICATION:Audience Voice | COMMUNICATION:Expert Role | CONSTRAINT:Evidence Grounding | CONSTRAINT:Quality Standard | CONSTRAINT:Scope Boundary | CONTEXT:Domain Context | CONTEXT:Repository Context | EVALUATION:Risk Assessment | EVALUATION:Rule Conformance | EXAMPLE:Output Template | OUTPUT:Control Signal | OUTPUT:Existing Thread Response | PROCESS:Decision Branch | PROCESS:Required Sequence | RESOURCE:GitHub Interface | TASK:Evidence Investigation | TASK:Work Item Management
rq3_118,16,3,5,COMMUNICATION:Audience Voice | CONSTRAINT:Quality Standard | CONSTRAINT:Resource Budget | CONSTRAINT:Scope Boundary | CONTEXT:Domain Context | CONTEXT:Execution Environment | CONTEXT:Repository Context | EVALUATION:Evidence Credibility | EVALUATION:Risk Assessment | EVALUATION:Rule Conformance | EXAMPLE:Output Template | EXAMPLE:Worked Case | OUTPUT:Control Signal | OUTPUT:Existing Thread Response | PROCESS:Decision Branch | PROCESS:Required Sequence | PROCESS:Within-Run Iteration | RESOURCE:GitHub Interface | SAFETY:Prompt Injection Defense | TASK:Evidence Investigation | TASK:Work Item Management,COMMUNICATION:Audience Voice | COMMUNICATION:Automation Disclosure | COMMUNICATION:Expert Role | CONSTRAINT:Quality Standard | CONSTRAINT:Scope Boundary | CONTEXT:Domain Context | CONTEXT:Repository Context | EVALUATION:Rule Conformance | EXAMPLE:Output Template | EXAMPLE:Worked Case | OUTPUT:Control Signal | OUTPUT:Existing Thread Response | PROCESS:Decision Branch | PROCESS:Required Sequence | PROCESS:Within-Run Iteration | RESOURCE:GitHub Interface | SAFETY:Prompt Injection Defense | TASK:Artifact Review | TASK:Work Item Management
rq3_119,7,0,0,COMMUNICATION:Audience Voice | CONSTRAINT:Quality Standard | EXAMPLE:Output Template | OUTPUT:New Thread | PROCESS:Required Sequence | RESOURCE:GitHub Interface | TASK:Evidence Investigation,COMMUNICATION:Audience Voice | CONSTRAINT:Quality Standard | EXAMPLE:Output Template | OUTPUT:New Thread | PROCESS:Required Sequence | RESOURCE:GitHub Interface | TASK:Evidence Investigation
rq3_121,6,1,4,COMMUNICATION:Expert Role | CONSTRAINT:Scope Boundary | EXAMPLE:Output Template | OUTPUT:Control Signal | OUTPUT:Existing Thread Response | OUTPUT:Repository Change | PROCESS:Required Sequence | PROCESS:Work Delegation | TASK:Artifact Change | TASK:Work Item Management,COMMUNICATION:Expert Role | EXAMPLE:Output Template | OUTPUT:Existing Thread Response | PROCESS:Required Sequence | PROCESS:Work Delegation | RESOURCE:GitHub Interface | TASK:Work Item Management
rq3_122,18,2,2,COMMUNICATION:Audience Voice | COMMUNICATION:Expert Role | CONSTRAINT:Quality Standard | CONSTRAINT:Resource Budget | CONSTRAINT:Scope Boundary | CONTEXT:Repository Context | EVALUATION:Risk Assessment | EVALUATION:Rule Conformance | OUTPUT:Existing Thread Response | PROCESS:Decision Branch | PROCESS:Required Sequence | PROCESS:Within-Run Iteration | PROCESS:Work Delegation | RESOURCE:Agent Resource | RESOURCE:GitHub Interface | RESOURCE:Local Workspace | SAFETY:Information Confidentiality | SAFETY:Prompt Injection Defense | SAFETY:Vulnerability Handling | TASK:Artifact Review,COMMUNICATION:Audience Voice | COMMUNICATION:Expert Role | CONSTRAINT:Quality Standard | CONSTRAINT:Scope Boundary | CONTEXT:Domain Context | CONTEXT:Repository Context | EVALUATION:Evidence Credibility | EVALUATION:Risk Assessment | EVALUATION:Rule Conformance | OUTPUT:Existing Thread Response | PROCESS:Decision Branch | PROCESS:Required Sequence | PROCESS:Within-Run Iteration | PROCESS:Work Delegation | RESOURCE:Agent Resource | RESOURCE:GitHub Interface | RESOURCE:Local Workspace | SAFETY:Information Confidentiality | SAFETY:Prompt Injection Defense | TASK:Artifact Review
rq3_123,20,5,2,COMMUNICATION:Automation Disclosure | CONSTRAINT:Evidence Grounding | CONSTRAINT:Quality Standard | CONSTRAINT:Resource Budget | CONSTRAINT:Scope Boundary | CONTEXT:Execution Environment | CONTEXT:Repository Context | EVALUATION:Execution Check | EVALUATION:Risk Assessment | OUTPUT:Control Signal | OUTPUT:New Thread | OUTPUT:Repository Change | OUTPUT:Standalone Artifact | PROCESS:Decision Branch | PROCESS:Required Sequence | RESOURCE:Agent Resource | RESOURCE:Development Toolchain | RESOURCE:GitHub Interface | RESOURCE:Local Workspace | TASK:Artifact Change | TASK:Evidence Investigation | TASK:Executable Validation,COMMUNICATION:Automation Disclosure | CONSTRAINT:Evidence Grounding | CONSTRAINT:Resource Budget | CONSTRAINT:Scope Boundary | CONTEXT:Domain Context | CONTEXT:Execution Environment | CONTEXT:Repository Context | EVALUATION:Execution Check | OUTPUT:Control Signal | OUTPUT:New Thread | OUTPUT:Repository Change | OUTPUT:Standalone Artifact | PROCESS:Cross-Run Memory | PROCESS:Decision Branch | PROCESS:Required Sequence | PROCESS:Work Delegation | RESOURCE:Agent Resource | RESOURCE:Development Toolchain | RESOURCE:GitHub Interface | RESOURCE:Local Workspace | SAFETY:Vulnerability Handling | TASK:Artifact Change | TASK:Evidence Investigation | TASK:Executable Validation | TASK:Work Item Management
rq3_124,10,3,3,CONTEXT:Domain Context | EVALUATION:Execution Check | EVALUATION:Rule Conformance | EXAMPLE:Output Template | OUTPUT:Existing Thread Response | OUTPUT:New Thread | PROCESS:Decision Branch | PROCESS:Required Sequence | PROCESS:Work Delegation | RESOURCE:Agent Resource | RESOURCE:GitHub Interface | TASK:Executable Validation | TASK:Work Item Management,CONSTRAINT:Quality Standard | CONTEXT:Execution Environment | EXAMPLE:Output Template | EXAMPLE:Technical Snippet | OUTPUT:Existing Thread Response | OUTPUT:New Thread | PROCESS:Decision Branch | PROCESS:Required Sequence | PROCESS:Work Delegation | RESOURCE:Agent Resource | RESOURCE:GitHub Interface | TASK:Executable Validation | TASK:Work Item Management
rq3_125,13,7,1,COMMUNICATION:Expert Role | CONSTRAINT:Evidence Grounding | CONSTRAINT:Resource Budget | CONSTRAINT:Scope Boundary | CONTEXT:Repository Context | EVALUATION:Rule Conformance | EXAMPLE:Output Template | OUTPUT:New Thread | PROCESS:Cross-Run Memory | PROCESS:Decision Branch | PROCESS:Required Sequence | RESOURCE:Local Workspace | TASK:Artifact Change | TASK:Evidence Investigation,COMMUNICATION:Expert Role | CONSTRAINT:Evidence Grounding | CONSTRAINT:Quality Standard | CONSTRAINT:Resource Budget | CONSTRAINT:Scope Boundary | CONTEXT:Domain Context | CONTEXT:Execution Environment | CONTEXT:Repository Context | EVALUATION:Rule Conformance | EXAMPLE:Output Template | EXAMPLE:Technical Snippet | OUTPUT:Control Signal | OUTPUT:New Thread | PROCESS:Cross-Run Memory | PROCESS:Decision Branch | PROCESS:Required Sequence | RESOURCE:GitHub Interface | RESOURCE:Local Workspace | TASK:Artifact Change | TASK:Work Item Management
rq3_126,4,3,1,CONTEXT:Repository Context | OUTPUT:Existing Thread Response | PROCESS:Decision Branch | RESOURCE:GitHub Interface | TASK:Evidence Investigation,CONTEXT:Execution Environment | CONTEXT:Repository Context | OUTPUT:Existing Thread Response | PROCESS:Required Sequence | RESOURCE:GitHub Interface | RESOURCE:Local Workspace | TASK:Evidence Investigation
rq3_127,9,0,3,CONSTRAINT:Scope Boundary | CONTEXT:Execution Environment | CONTEXT:Repository Context | EVALUATION:Execution Check | EVALUATION:Rule Conformance | OUTPUT:Repository Change | PROCESS:Decision Branch | PROCESS:Required Sequence | RESOURCE:Development Toolchain | RESOURCE:Local Workspace | TASK:Artifact Change | TASK:Executable Validation,CONSTRAINT:Scope Boundary | CONTEXT:Execution Environment | EVALUATION:Execution Check | OUTPUT:Repository Change | PROCESS:Decision Branch | PROCESS:Required Sequence | RESOURCE:Development Toolchain | TASK:Artifact Change | TASK:Executable Validation
rq3_128,25,3,0,COMMUNICATION:Expert Role | CONSTRAINT:Evidence Grounding | CONSTRAINT:Quality Standard | CONSTRAINT:Resource Budget | CONSTRAINT:Scope Boundary | CONTEXT:Domain Context | CONTEXT:Execution Environment | CONTEXT:Repository Context | EVALUATION:Risk Assessment | EVALUATION:Rule Conformance | EXAMPLE:Output Template | EXAMPLE:Technical Snippet | EXAMPLE:Worked Case | OUTPUT:Control Signal | PROCESS:Decision Branch | PROCESS:Required Sequence | PROCESS:Within-Run Iteration | PROCESS:Work Delegation | RESOURCE:Agent Resource | RESOURCE:GitHub Interface | RESOURCE:Local Workspace | SAFETY:Information Confidentiality | SAFETY:Prompt Injection Defense | SAFETY:Vulnerability Handling | TASK:Artifact Review,COMMUNICATION:Expert Role | CONSTRAINT:Evidence Grounding | CONSTRAINT:Quality Standard | CONSTRAINT:Resource Budget | CONSTRAINT:Scope Boundary | CONTEXT:Domain Context | CONTEXT:Execution Environment | CONTEXT:Repository Context | EVALUATION:Evidence Credibility | EVALUATION:Risk Assessment | EVALUATION:Rule Conformance | EXAMPLE:Output Template | EXAMPLE:Technical Snippet | EXAMPLE:Worked Case | OUTPUT:Control Signal | PROCESS:Decision Branch | PROCESS:Required Sequence | PROCESS:Within-Run Iteration | PROCESS:Work Delegation | RESOURCE:Agent Resource | RESOURCE:GitHub Interface | RESOURCE:Local Workspace | SAFETY:Execution Isolation | SAFETY:Information Confidentiality | SAFETY:Prompt Injection Defense | SAFETY:Vulnerability Handling | TASK:Artifact Review | TASK:Evidence Investigation
rq3_129,18,0,4,COMMUNICATION:Audience Voice | CONSTRAINT:Evidence Grounding | CONSTRAINT:Quality Standard | CONSTRAINT:Resource Budget | CONSTRAINT:Scope Boundary | CONTEXT:Domain Context | CONTEXT:Execution Environment | CONTEXT:Repository Context | EVALUATION:Risk Assessment | EXAMPLE:Output Template | EXAMPLE:Technical Snippet | OUTPUT:Control Signal | OUTPUT:New Thread | PROCESS:Decision Branch | PROCESS:Required Sequence | PROCESS:Within-Run Iteration | PROCESS:Work Delegation | RESOURCE:Agent Resource | RESOURCE:GitHub Interface | RESOURCE:Local Workspace | TASK:Evidence Investigation | TASK:Work Item Management,COMMUNICATION:Audience Voice | CONSTRAINT:Evidence Grounding | CONSTRAINT:Quality Standard | CONSTRAINT:Resource Budget | CONTEXT:Execution Environment | CONTEXT:Repository Context | EVALUATION:Risk Assessment | EXAMPLE:Output Template | OUTPUT:Control Signal | OUTPUT:New Thread | PROCESS:Decision Branch | PROCESS:Required Sequence | PROCESS:Work Delegation | RESOURCE:Agent Resource | RESOURCE:GitHub Interface | RESOURCE:Local Workspace | TASK:Evidence Investigation | TASK:Work Item Management
rq3_130,10,1,5,COMMUNICATION:Automation Disclosure | COMMUNICATION:Expert Role | CONSTRAINT:Quality Standard | CONTEXT:Repository Context | EVALUATION:Rule Conformance | EXAMPLE:Output Template | OUTPUT:New Thread | OUTPUT:Standalone Artifact | PROCESS:Decision Branch | PROCESS:Required Sequence | PROCESS:Within-Run Iteration | RESOURCE:GitHub Interface | RESOURCE:Local Workspace | RESOURCE:Web Retrieval | TASK:Evidence Investigation,COMMUNICATION:Automation Disclosure | COMMUNICATION:Expert Role | CONSTRAINT:Quality Standard | CONTEXT:Repository Context | EXAMPLE:Output Template | EXAMPLE:Technical Snippet | OUTPUT:New Thread | PROCESS:Decision Branch | PROCESS:Required Sequence | RESOURCE:Local Workspace | TASK:Evidence Investigation
rq3_131,15,2,3,COMMUNICATION:Audience Voice | COMMUNICATION:Automation Disclosure | CONSTRAINT:Quality Standard | CONSTRAINT:Scope Boundary | CONTEXT:Domain Context | CONTEXT:Execution Environment | CONTEXT:Repository Context | EVALUATION:Rule Conformance | EXAMPLE:Output Template | EXAMPLE:Technical Snippet | EXAMPLE:Worked Case | OUTPUT:Repository Change | PROCESS:Decision Branch | PROCESS:Required Sequence | RESOURCE:GitHub Interface | RESOURCE:Local Workspace | TASK:Artifact Change | TASK:Evidence Investigation,COMMUNICATION:Audience Voice | CONSTRAINT:Evidence Grounding | CONSTRAINT:Quality Standard | CONSTRAINT:Scope Boundary | CONTEXT:Domain Context | CONTEXT:Execution Environment | CONTEXT:Historical Context | CONTEXT:Repository Context | EXAMPLE:Output Template | EXAMPLE:Technical Snippet | EXAMPLE:Worked Case | OUTPUT:Repository Change | PROCESS:Decision Branch | PROCESS:Required Sequence | RESOURCE:GitHub Interface | RESOURCE:Local Workspace | TASK:Artifact Change
rq3_132,18,4,1,COMMUNICATION:Automation Disclosure | COMMUNICATION:Expert Role | CONSTRAINT:Evidence Grounding | CONSTRAINT:Quality Standard | CONSTRAINT:Scope Boundary | CONTEXT:Domain Context | CONTEXT:Repository Context | EVALUATION:Risk Assessment | EVALUATION:Rule Conformance | EXAMPLE:Output Template | EXAMPLE:Technical Snippet | EXAMPLE:Worked Case | OUTPUT:New Thread | PROCESS:Decision Branch | PROCESS:Required Sequence | PROCESS:Within-Run Iteration | RESOURCE:GitHub Interface | RESOURCE:Local Workspace | TASK:Artifact Review,COMMUNICATION:Automation Disclosure | COMMUNICATION:Expert Role | CONSTRAINT:Evidence Grounding | CONSTRAINT:Quality Standard | CONSTRAINT:Scope Boundary | CONTEXT:Domain Context | CONTEXT:Repository Context | EVALUATION:Evidence Credibility | EVALUATION:Risk Assessment | EVALUATION:Rule Conformance | EXAMPLE:Output Template | EXAMPLE:Worked Case | OUTPUT:New Thread | PROCESS:Decision Branch | PROCESS:Required Sequence | PROCESS:Within-Run Iteration | RESOURCE:Agent Resource | RESOURCE:GitHub Interface | RESOURCE:Local Workspace | TASK:Artifact Review | TASK:Evidence Investigation | TASK:Work Item Management
rq3_133,11,1,3,COMMUNICATION:Audience Voice | COMMUNICATION:Expert Role | CONSTRAINT:Quality Standard | CONSTRAINT:Resource Budget | CONSTRAINT:Scope Boundary | EVALUATION:Rule Conformance | EXAMPLE:Output Template | EXAMPLE:Worked Case | OUTPUT:Control Signal | OUTPUT:Repository Change | PROCESS:Decision Branch | PROCESS:Required Sequence | RESOURCE:Local Workspace | TASK:Artifact Change,COMMUNICATION:Audience Voice | COMMUNICATION:Expert Role | CONSTRAINT:Resource Budget | EVALUATION:Rule Conformance | EXAMPLE:Output Template | EXAMPLE:Worked Case | OUTPUT:Control Signal | OUTPUT:Repository Change | PROCESS:Required Sequence | RESOURCE:Local Workspace | TASK:Artifact Change | TASK:Executable Validation
rq3_134,20,1,2,COMMUNICATION:Automation Disclosure | COMMUNICATION:Expert Role | CONSTRAINT:Evidence Grounding | CONSTRAINT:Quality Standard | CONSTRAINT:Resource Budget | CONSTRAINT:Scope Boundary | CONTEXT:Domain Context | CONTEXT:Execution Environment | CONTEXT:Repository Context | EVALUATION:Risk Assessment | EVALUATION:Rule Conformance | EXAMPLE:Output Template | EXAMPLE:Worked Case | OUTPUT:Control Signal | OUTPUT:Existing Thread Response | OUTPUT:Repository Change | PROCESS:Decision Branch | PROCESS:Required Sequence | RESOURCE:GitHub Interface | RESOURCE:Local Workspace | TASK:Artifact Change | TASK:Artifact Review,COMMUNICATION:Expert Role | CONSTRAINT:Evidence Grounding | CONSTRAINT:Quality Standard | CONSTRAINT:Resource Budget | CONSTRAINT:Scope Boundary | CONTEXT:Domain Context | CONTEXT:Execution Environment | CONTEXT:Repository Context | EVALUATION:Rule Conformance | EXAMPLE:Output Template | EXAMPLE:Worked Case | OUTPUT:Control Signal | OUTPUT:Existing Thread Response | OUTPUT:Repository Change | PROCESS:Decision Branch | PROCESS:Required Sequence | RESOURCE:Agent Resource | RESOURCE:GitHub Interface | RESOURCE:Local Workspace | TASK:Artifact Change | TASK:Artifact Review
rq3_135,14,0,4,COMMUNICATION:Audience Voice | COMMUNICATION:Expert Role | CONSTRAINT:Evidence Grounding | CONSTRAINT:Quality Standard | CONSTRAINT:Resource Budget | CONSTRAINT:Scope Boundary | CONTEXT:Repository Context | EVALUATION:Risk Assessment | EVALUATION:Rule Conformance | EXAMPLE:Output Template | OUTPUT:Existing Thread Response | PROCESS:Decision Branch | PROCESS:Required Sequence | PROCESS:Within-Run Iteration | RESOURCE:GitHub Interface | RESOURCE:Local Workspace | RESOURCE:Web Retrieval | TASK:Artifact Review,COMMUNICATION:Expert Role | CONSTRAINT:Quality Standard | CONSTRAINT:Resource Budget | CONSTRAINT:Scope Boundary | CONTEXT:Repository Context | EVALUATION:Rule Conformance | EXAMPLE:Output Template | OUTPUT:Existing Thread Response | PROCESS:Decision Branch | PROCESS:Required Sequence | PROCESS:Within-Run Iteration | RESOURCE:GitHub Interface | RESOURCE:Web Retrieval | TASK:Artifact Review
rq3_136,5,0,1,CONSTRAINT:Quality Standard | CONSTRAINT:Scope Boundary | CONTEXT:Repository Context | EXAMPLE:Output Template | OUTPUT:New Thread | PROCESS:Required Sequence,CONSTRAINT:Quality Standard | CONSTRAINT:Scope Boundary | EXAMPLE:Output Template | OUTPUT:New Thread | PROCESS:Required Sequence
rq3_137,16,2,7,COMMUNICATION:Automation Disclosure | CONSTRAINT:Quality Standard | CONSTRAINT:Resource Budget | CONSTRAINT:Scope Boundary | CONTEXT:Execution Environment | CONTEXT:Repository Context | EVALUATION:Execution Check | EVALUATION:Rule Conformance | EXAMPLE:Output Template | OUTPUT:Control Signal | OUTPUT:Existing Thread Response | OUTPUT:Repository Change | PROCESS:Decision Branch | PROCESS:Required Sequence | PROCESS:Within-Run Iteration | PROCESS:Work Delegation | RESOURCE:Development Toolchain | RESOURCE:GitHub Interface | RESOURCE:Local Workspace | SAFETY:Prompt Injection Defense | TASK:Artifact Change | TASK:Evidence Investigation | TASK:Work Item Management,COMMUNICATION:Expert Role | CONSTRAINT:Quality Standard | CONSTRAINT:Resource Budget | CONSTRAINT:Scope Boundary | CONTEXT:Domain Context | CONTEXT:Execution Environment | CONTEXT:Repository Context | EVALUATION:Execution Check | EXAMPLE:Output Template | OUTPUT:Control Signal | OUTPUT:Existing Thread Response | PROCESS:Decision Branch | PROCESS:Required Sequence | PROCESS:Within-Run Iteration | RESOURCE:Development Toolchain | RESOURCE:GitHub Interface | SAFETY:Prompt Injection Defense | TASK:Evidence Investigation
rq3_138,14,2,6,CONSTRAINT:Evidence Grounding | CONSTRAINT:Quality Standard | CONSTRAINT:Resource Budget | CONSTRAINT:Scope Boundary | CONTEXT:Domain Context | CONTEXT:Execution Environment | EVALUATION:Evidence Credibility | EVALUATION:Risk Assessment | EVALUATION:Rule Conformance | EXAMPLE:Output Template | EXAMPLE:Worked Case | OUTPUT:Control Signal | OUTPUT:New Thread | PROCESS:Decision Branch | PROCESS:Required Sequence | PROCESS:Within-Run Iteration | RESOURCE:GitHub Interface | RESOURCE:Local Workspace | TASK:Artifact Review | TASK:Evidence Investigation,COMMUNICATION:Expert Role | CONSTRAINT:Evidence Grounding | CONSTRAINT:Quality Standard | CONSTRAINT:Resource Budget | CONTEXT:Domain Context | CONTEXT:Execution Environment | CONTEXT:Historical Context | EVALUATION:Rule Conformance | EXAMPLE:Output Template | OUTPUT:Control Signal | OUTPUT:New Thread | PROCESS:Decision Branch | PROCESS:Required Sequence | RESOURCE:Local Workspace | TASK:Artifact Review | TASK:Evidence Investigation
rq3_139,11,11,2,CONSTRAINT:Quality Standard | EVALUATION:Execution Check | EVALUATION:Risk Assessment | EVALUATION:Rule Conformance | EXAMPLE:Output Template | OUTPUT:New Thread | OUTPUT:Repository Change | PROCESS:Decision Branch | PROCESS:Required Sequence | RESOURCE:Development Toolchain | RESOURCE:GitHub Interface | TASK:Artifact Review | TASK:Evidence Investigation,COMMUNICATION:Expert Role | CONSTRAINT:Quality Standard | CONSTRAINT:Scope Boundary | CONTEXT:Domain Context | CONTEXT:Execution Environment | CONTEXT:Historical Context | CONTEXT:Repository Context | EVALUATION:Execution Check | EVALUATION:Rule Conformance | EXAMPLE:Output Template | EXAMPLE:Technical Snippet | OUTPUT:Control Signal | OUTPUT:Repository Change | PROCESS:Decision Branch | PROCESS:Required Sequence | RESOURCE:Development Toolchain | RESOURCE:GitHub Interface | RESOURCE:Local Workspace | TASK:Artifact Change | TASK:Artifact Review | TASK:Evidence Investigation | TASK:Executable Validation
rq3_140,10,4,2,COMMUNICATION:Expert Role | CONSTRAINT:Evidence Grounding | CONSTRAINT:Quality Standard | CONSTRAINT:Resource Budget | CONSTRAINT:Scope Boundary | EXAMPLE:Worked Case | OUTPUT:Control Signal | OUTPUT:New Thread | PROCESS:Decision Branch | PROCESS:Required Sequence | RESOURCE:Local Workspace | TASK:Artifact Review,COMMUNICATION:Expert Role | CONSTRAINT:Resource Budget | CONSTRAINT:Scope Boundary | CONTEXT:Execution Environment | EVALUATION:Rule Conformance | EXAMPLE:Output Template | EXAMPLE:Worked Case | OUTPUT:Control Signal | OUTPUT:New Thread | PROCESS:Decision Branch | PROCESS:Required Sequence | RESOURCE:Local Workspace | TASK:Artifact Review | TASK:Evidence Investigation
rq3_141,22,3,2,COMMUNICATION:Automation Disclosure | COMMUNICATION:Expert Role | CONSTRAINT:Quality Standard | CONSTRAINT:Resource Budget | CONSTRAINT:Scope Boundary | CONTEXT:Domain Context | CONTEXT:Repository Context | EVALUATION:Execution Check | EVALUATION:Risk Assessment | EVALUATION:Rule Conformance | EXAMPLE:Output Template | EXAMPLE:Technical Snippet | EXAMPLE:Worked Case | OUTPUT:Control Signal | OUTPUT:Repository Change | PROCESS:Cross-Run Memory | PROCESS:Decision Branch | PROCESS:Required Sequence | RESOURCE:Development Toolchain | RESOURCE:GitHub Interface | RESOURCE:Local Workspace | RESOURCE:Web Retrieval | TASK:Artifact Change | TASK:Executable Validation,COMMUNICATION:Automation Disclosure | COMMUNICATION:Expert Role | CONSTRAINT:Quality Standard | CONSTRAINT:Resource Budget | CONSTRAINT:Scope Boundary | CONTEXT:Domain Context | CONTEXT:Execution Environment | CONTEXT:Historical Context | CONTEXT:Repository Context | EVALUATION:Execution Check | EXAMPLE:Output Template | EXAMPLE:Technical Snippet | EXAMPLE:Worked Case | OUTPUT:Control Signal | OUTPUT:Repository Change | PROCESS:Cross-Run Memory | PROCESS:Decision Branch | PROCESS:Required Sequence | RESOURCE:Development Toolchain | RESOURCE:GitHub Interface | RESOURCE:Local Workspace | RESOURCE:Web Retrieval | TASK:Artifact Change | TASK:Evidence Investigation | TASK:Executable Validation
rq3_142,7,1,4,CONSTRAINT:Quality Standard | CONTEXT:Execution Environment | EVALUATION:Execution Check | EXAMPLE:Output Template | OUTPUT:Control Signal | OUTPUT:Existing Thread Response | PROCESS:Decision Branch | PROCESS:Required Sequence | RESOURCE:Development Toolchain | SAFETY:Execution Isolation | TASK:Executable Validation,CONSTRAINT:Quality Standard | CONTEXT:Execution Environment | EXAMPLE:Output Template | EXAMPLE:Technical Snippet | OUTPUT:Control Signal | OUTPUT:Existing Thread Response | PROCESS:Decision Branch | TASK:Executable Validation
rq3_143,21,1,3,COMMUNICATION:Automation Disclosure | COMMUNICATION:Expert Role | CONSTRAINT:Quality Standard | CONSTRAINT:Resource Budget | CONSTRAINT:Scope Boundary | CONTEXT:Execution Environment | CONTEXT:Historical Context | CONTEXT:Repository Context | EVALUATION:Execution Check | EXAMPLE:Output Template | EXAMPLE:Technical Snippet | OUTPUT:Control Signal | OUTPUT:New Thread | OUTPUT:Standalone Artifact | PROCESS:Cross-Run Memory | PROCESS:Decision Branch | PROCESS:Required Sequence | PROCESS:Within-Run Iteration | RESOURCE:Development Toolchain | RESOURCE:GitHub Interface | RESOURCE:Local Workspace | TASK:Evidence Investigation | TASK:Executable Validation | TASK:Work Item Management,COMMUNICATION:Automation Disclosure | COMMUNICATION:Expert Role | CONSTRAINT:Quality Standard | CONSTRAINT:Resource Budget | CONTEXT:Execution Environment | CONTEXT:Historical Context | CONTEXT:Repository Context | EVALUATION:Rule Conformance | EXAMPLE:Output Template | EXAMPLE:Technical Snippet | OUTPUT:New Thread | OUTPUT:Standalone Artifact | PROCESS:Cross-Run Memory | PROCESS:Decision Branch | PROCESS:Required Sequence | PROCESS:Within-Run Iteration | RESOURCE:Development Toolchain | RESOURCE:GitHub Interface | RESOURCE:Local Workspace | TASK:Evidence Investigation | TASK:Executable Validation | TASK:Work Item Management
rq3_144,17,5,2,COMMUNICATION:Automation Disclosure | CONSTRAINT:Quality Standard | CONSTRAINT:Resource Budget | CONSTRAINT:Scope Boundary | CONTEXT:Execution Environment | CONTEXT:Repository Context | EVALUATION:Risk Assessment | EVALUATION:Rule Conformance | EXAMPLE:Output Template | EXAMPLE:Technical Snippet | EXAMPLE:Worked Case | OUTPUT:Control Signal | OUTPUT:New Thread | PROCESS:Cross-Run Memory | PROCESS:Decision Branch | PROCESS:Required Sequence | PROCESS:Within-Run Iteration | RESOURCE:Local Workspace | TASK:Artifact Review,COMMUNICATION:Automation Disclosure | COMMUNICATION:Expert Role | CONSTRAINT:Evidence Grounding | CONSTRAINT:Quality Standard | CONSTRAINT:Resource Budget | CONSTRAINT:Scope Boundary | CONTEXT:Domain Context | CONTEXT:Execution Environment | CONTEXT:Repository Context | EVALUATION:Rule Conformance | EXAMPLE:Output Template | EXAMPLE:Worked Case | OUTPUT:Control Signal | OUTPUT:New Thread | PROCESS:Cross-Run Memory | PROCESS:Decision Branch | PROCESS:Required Sequence | PROCESS:Within-Run Iteration | RESOURCE:Agent Resource | RESOURCE:GitHub Interface | RESOURCE:Local Workspace | TASK:Artifact Review
rq3_145,7,0,3,COMMUNICATION:Expert Role | CONTEXT:Execution Environment | CONTEXT:Repository Context | EVALUATION:Execution Check | OUTPUT:Control Signal | PROCESS:Decision Branch | PROCESS:Required Sequence | RESOURCE:Web Retrieval | SAFETY:Execution Isolation | TASK:Executable Validation,CONTEXT:Execution Environment | CONTEXT:Repository Context | EVALUATION:Execution Check | PROCESS:Decision Branch | RESOURCE:Web Retrieval | SAFETY:Execution Isolation | TASK:Executable Validation
rq3_146,15,4,6,COMMUNICATION:Expert Role | CONSTRAINT:Evidence Grounding | CONSTRAINT:Quality Standard | CONSTRAINT:Scope Boundary | CONTEXT:Domain Context | CONTEXT:Repository Context | EVALUATION:Execution Check | EVALUATION:Risk Assessment | EVALUATION:Rule Conformance | EXAMPLE:Output Template | OUTPUT:New Thread | PROCESS:Cross-Run Memory | PROCESS:Decision Branch | PROCESS:Required Sequence | PROCESS:Within-Run Iteration | RESOURCE:Agent Resource | RESOURCE:GitHub Interface | SAFETY:Execution Isolation | SAFETY:Information Confidentiality | TASK:Artifact Review | TASK:Evidence Investigation,COMMUNICATION:Expert Role | CONSTRAINT:Quality Standard | CONSTRAINT:Scope Boundary | CONTEXT:Domain Context | CONTEXT:Repository Context | EVALUATION:Rule Conformance | EXAMPLE:Output Template | EXAMPLE:Worked Case | OUTPUT:Control Signal | OUTPUT:New Thread | PROCESS:Cross-Run Memory | PROCESS:Decision Branch | PROCESS:Required Sequence | RESOURCE:GitHub Interface | SAFETY:Execution Isolation | SAFETY:Information Confidentiality | SAFETY:Prompt Injection Defense | TASK:Evidence Investigation | TASK:Work Item Management
rq3_147,10,0,5,COMMUNICATION:Expert Role | CONSTRAINT:Quality Standard | CONSTRAINT:Resource Budget | CONSTRAINT:Scope Boundary | CONTEXT:Repository Context | EVALUATION:Risk Assessment | OUTPUT:Control Signal | OUTPUT:Existing Thread Response | PROCESS:Decision Branch | PROCESS:Required Sequence | RESOURCE:Agent Resource | RESOURCE:GitHub Interface | RESOURCE:Local Workspace | SAFETY:Vulnerability Handling | TASK:Artifact Review,COMMUNICATION:Expert Role | CONSTRAINT:Quality Standard | CONSTRAINT:Scope Boundary | CONTEXT:Repository Context | OUTPUT:Control Signal | OUTPUT:Existing Thread Response | PROCESS:Required Sequence | RESOURCE:GitHub Interface | RESOURCE:Local Workspace | TASK:Artifact Review
rq3_148,10,4,3,CONSTRAINT:Quality Standard | CONSTRAINT:Resource Budget | CONTEXT:Domain Context | CONTEXT:Repository Context | EXAMPLE:Output Template | EXAMPLE:Technical Snippet | EXAMPLE:Worked Case | OUTPUT:New Thread | PROCESS:Decision Branch | PROCESS:Required Sequence | RESOURCE:GitHub Interface | RESOURCE:Local Workspace | TASK:Evidence Investigation,COMMUNICATION:Expert Role | CONSTRAINT:Quality Standard | CONSTRAINT:Scope Boundary | CONTEXT:Execution Environment | CONTEXT:Historical Context | CONTEXT:Repository Context | EXAMPLE:Output Template | EXAMPLE:Technical Snippet | OUTPUT:New Thread | PROCESS:Decision Branch | PROCESS:Required Sequence | RESOURCE:GitHub Interface | RESOURCE:Local Workspace | TASK:Evidence Investigation
rq3_149,13,3,3,COMMUNICATION:Audience Voice | CONSTRAINT:Quality Standard | CONSTRAINT:Scope Boundary | CONTEXT:Domain Context | CONTEXT:Execution Environment | CONTEXT:Repository Context | EVALUATION:Risk Assessment | EVALUATION:Rule Conformance | EXAMPLE:Output Template | EXAMPLE:Technical Snippet | EXAMPLE:Worked Case | OUTPUT:Standalone Artifact | PROCESS:Decision Branch | PROCESS:Required Sequence | RESOURCE:Local Workspace | TASK:Evidence Investigation,COMMUNICATION:Audience Voice | CONSTRAINT:Evidence Grounding | CONSTRAINT:Quality Standard | CONTEXT:Domain Context | CONTEXT:Execution Environment | CONTEXT:Historical Context | CONTEXT:Repository Context | EXAMPLE:Output Template | EXAMPLE:Technical Snippet | EXAMPLE:Worked Case | OUTPUT:Standalone Artifact | PROCESS:Decision Branch | PROCESS:Required Sequence | RESOURCE:Local Workspace | TASK:Artifact Change | TASK:Evidence Investigation
rq3_150,10,3,3,CONSTRAINT:Scope Boundary | CONTEXT:Domain Context | CONTEXT:Execution Environment | CONTEXT:Historical Context | CONTEXT:Repository Context | EVALUATION:Execution Check | EVALUATION:Rule Conformance | OUTPUT:Control Signal | OUTPUT:New Thread | PROCESS:Decision Branch | PROCESS:Required Sequence | RESOURCE:Development Toolchain | TASK:Executable Validation,CONSTRAINT:Quality Standard | CONSTRAINT:Scope Boundary | CONTEXT:Domain Context | CONTEXT:Execution Environment | CONTEXT:Repository Context | EVALUATION:Execution Check | OUTPUT:Control Signal | OUTPUT:New Thread | PROCESS:Decision Branch | RESOURCE:Development Toolchain | RESOURCE:Local Workspace | TASK:Executable Validation | TASK:Work Item Management
rq3_151,16,1,6,COMMUNICATION:Automation Disclosure | COMMUNICATION:Expert Role | CONSTRAINT:Evidence Grounding | CONSTRAINT:Quality Standard | CONSTRAINT:Resource Budget | CONSTRAINT:Scope Boundary | CONTEXT:Domain Context | CONTEXT:Execution Environment | CONTEXT:Repository Context | EVALUATION:Risk Assessment | EXAMPLE:Output Template | EXAMPLE:Technical Snippet | EXAMPLE:Worked Case | OUTPUT:Control Signal | OUTPUT:New Thread | OUTPUT:Standalone Artifact | PROCESS:Decision Branch | PROCESS:Required Sequence | PROCESS:Within-Run Iteration | RESOURCE:GitHub Interface | RESOURCE:Local Workspace | TASK:Evidence Investigation,COMMUNICATION:Audience Voice | COMMUNICATION:Expert Role | CONSTRAINT:Evidence Grounding | CONSTRAINT:Quality Standard | CONSTRAINT:Resource Budget | CONTEXT:Domain Context | CONTEXT:Execution Environment | CONTEXT:Repository Context | EXAMPLE:Output Template | EXAMPLE:Technical Snippet | OUTPUT:Control Signal | OUTPUT:New Thread | PROCESS:Decision Branch | PROCESS:Required Sequence | PROCESS:Within-Run Iteration | RESOURCE:GitHub Interface | RESOURCE:Local Workspace
rq3_152,7,1,4,COMMUNICATION:Expert Role | CONSTRAINT:Evidence Grounding | CONSTRAINT:Quality Standard | EVALUATION:Risk Assessment | OUTPUT:Control Signal | OUTPUT:Existing Thread Response | PROCESS:Decision Branch | PROCESS:Required Sequence | PROCESS:Work Delegation | RESOURCE:GitHub Interface | TASK:Evidence Investigation,COMMUNICATION:Expert Role | CONSTRAINT:Quality Standard | OUTPUT:Existing Thread Response | PROCESS:Decision Branch | PROCESS:Work Delegation | RESOURCE:GitHub Interface | TASK:Evidence Investigation | TASK:Work Item Management
rq3_153,35,1,2,COMMUNICATION:Audience Voice | COMMUNICATION:Automation Disclosure | CONSTRAINT:Evidence Grounding | CONSTRAINT:Quality Standard | CONSTRAINT:Resource Budget | CONSTRAINT:Scope Boundary | CONTEXT:Domain Context | CONTEXT:Execution Environment | CONTEXT:Historical Context | CONTEXT:Repository Context | EVALUATION:Evidence Credibility | EVALUATION:Execution Check | EVALUATION:Risk Assessment | EVALUATION:Rule Conformance | EXAMPLE:Output Template | EXAMPLE:Technical Snippet | EXAMPLE:Worked Case | OUTPUT:Control Signal | OUTPUT:Existing Thread Response | OUTPUT:Repository Change | OUTPUT:Standalone Artifact | PROCESS:Cross-Run Memory | PROCESS:Decision Branch | PROCESS:Required Sequence | PROCESS:Within-Run Iteration | RESOURCE:Agent Resource | RESOURCE:Development Toolchain | RESOURCE:GitHub Interface | RESOURCE:Local Workspace | RESOURCE:Web Retrieval | SAFETY:Execution Isolation | SAFETY:Prompt Injection Defense | TASK:Artifact Change | TASK:Artifact Review | TASK:Evidence Investigation | TASK:Executable Validation | TASK:Work Item Management,COMMUNICATION:Audience Voice | COMMUNICATION:Automation Disclosure | COMMUNICATION:Expert Role | CONSTRAINT:Evidence Grounding | CONSTRAINT:Quality Standard | CONSTRAINT:Resource Budget | CONSTRAINT:Scope Boundary | CONTEXT:Domain Context | CONTEXT:Execution Environment | CONTEXT:Historical Context | CONTEXT:Repository Context | EVALUATION:Evidence Credibility | EVALUATION:Execution Check | EVALUATION:Risk Assessment | EVALUATION:Rule Conformance | EXAMPLE:Output Template | EXAMPLE:Technical Snippet | OUTPUT:Control Signal | OUTPUT:Existing Thread Response | OUTPUT:Repository Change | PROCESS:Cross-Run Memory | PROCESS:Decision Branch | PROCESS:Required Sequence | PROCESS:Within-Run Iteration | RESOURCE:Agent Resource | RESOURCE:Development Toolchain | RESOURCE:GitHub Interface | RESOURCE:Local Workspace | RESOURCE:Web Retrieval | SAFETY:Execution Isolation | SAFETY:Prompt Injection Defense | TASK:Artifact Change | TASK:Artifact Review | TASK:Evidence Investigation | TASK:Executable Validation | TASK:Work Item Management
rq3_154,14,1,7,COMMUNICATION:Audience Voice | CONSTRAINT:Quality Standard | CONSTRAINT:Resource Budget | CONSTRAINT:Scope Boundary | CONTEXT:Execution Environment | CONTEXT:Repository Context | EVALUATION:Execution Check | EVALUATION:Rule Conformance | EXAMPLE:Technical Snippet | EXAMPLE:Worked Case | OUTPUT:Control Signal | OUTPUT:Existing Thread Response | PROCESS:Decision Branch | PROCESS:Required Sequence | RESOURCE:Development Toolchain | RESOURCE:GitHub Interface | RESOURCE:Local Workspace | RESOURCE:Web Retrieval | SAFETY:Prompt Injection Defense | TASK:Executable Validation | TASK:Work Item Management,COMMUNICATION:Audience Voice | CONSTRAINT:Quality Standard | EVALUATION:Execution Check | OUTPUT:Control Signal | OUTPUT:Existing Thread Response | OUTPUT:Standalone Artifact | PROCESS:Decision Branch | PROCESS:Required Sequence | RESOURCE:Development Toolchain | RESOURCE:GitHub Interface | RESOURCE:Local Workspace | RESOURCE:Web Retrieval | SAFETY:Prompt Injection Defense | TASK:Executable Validation | TASK:Work Item Management
rq3_155,12,3,7,COMMUNICATION:Automation Disclosure | CONSTRAINT:Evidence Grounding | CONSTRAINT:Quality Standard | CONSTRAINT:Scope Boundary | CONTEXT:Repository Context | EVALUATION:Evidence Credibility | EVALUATION:Risk Assessment | EVALUATION:Rule Conformance | EXAMPLE:Output Template | EXAMPLE:Technical Snippet | EXAMPLE:Worked Case | OUTPUT:Control Signal | OUTPUT:Repository Change | PROCESS:Decision Branch | PROCESS:Required Sequence | PROCESS:Within-Run Iteration | RESOURCE:GitHub Interface | RESOURCE:Local Workspace | TASK:Artifact Change,CONSTRAINT:Evidence Grounding | CONSTRAINT:Quality Standard | CONSTRAINT:Resource Budget | CONSTRAINT:Scope Boundary | CONTEXT:Domain Context | CONTEXT:Repository Context | EXAMPLE:Output Template | OUTPUT:Repository Change | PROCESS:Decision Branch | PROCESS:Required Sequence | PROCESS:Within-Run Iteration | RESOURCE:GitHub Interface | RESOURCE:Local Workspace | TASK:Artifact Change | TASK:Evidence Investigation
rq3_156,9,1,3,COMMUNICATION:Audience Voice | COMMUNICATION:Automation Disclosure | COMMUNICATION:Expert Role | CONSTRAINT:Quality Standard | CONSTRAINT:Scope Boundary | CONTEXT:Repository Context | EXAMPLE:Output Template | OUTPUT:Control Signal | OUTPUT:New Thread | PROCESS:Decision Branch | RESOURCE:GitHub Interface | TASK:Evidence Investigation,COMMUNICATION:Audience Voice | CONSTRAINT:Evidence Grounding | CONSTRAINT:Quality Standard | CONTEXT:Repository Context | EXAMPLE:Output Template | OUTPUT:Control Signal | OUTPUT:New Thread | PROCESS:Decision Branch | RESOURCE:GitHub Interface | TASK:Evidence Investigation
rq3_157,14,1,5,COMMUNICATION:Expert Role | CONSTRAINT:Quality Standard | CONSTRAINT:Resource Budget | CONSTRAINT:Scope Boundary | CONTEXT:Repository Context | EVALUATION:Risk Assessment | EVALUATION:Rule Conformance | EXAMPLE:Output Template | EXAMPLE:Worked Case | OUTPUT:Control Signal | OUTPUT:New Thread | PROCESS:Decision Branch | PROCESS:Required Sequence | PROCESS:Within-Run Iteration | RESOURCE:GitHub Interface | RESOURCE:Local Workspace | SAFETY:Execution Isolation | TASK:Artifact Review | TASK:Executable Validation,COMMUNICATION:Expert Role | CONSTRAINT:Evidence Grounding | CONSTRAINT:Quality Standard | CONSTRAINT:Resource Budget | CONSTRAINT:Scope Boundary | CONTEXT:Repository Context | EVALUATION:Rule Conformance | EXAMPLE:Output Template | OUTPUT:Control Signal | OUTPUT:New Thread | PROCESS:Decision Branch | PROCESS:Required Sequence | PROCESS:Within-Run Iteration | RESOURCE:Local Workspace | TASK:Artifact Review
rq3_158,11,0,5,CONSTRAINT:Evidence Grounding | CONSTRAINT:Quality Standard | CONSTRAINT:Scope Boundary | CONTEXT:Repository Context | EVALUATION:Execution Check | EVALUATION:Rule Conformance | OUTPUT:Control Signal | OUTPUT:Existing Thread Response | OUTPUT:Repository Change | PROCESS:Decision Branch | PROCESS:Required Sequence | RESOURCE:Local Workspace | SAFETY:Prompt Injection Defense | TASK:Artifact Change | TASK:Evidence Investigation | TASK:Executable Validation,CONSTRAINT:Quality Standard | CONSTRAINT:Scope Boundary | EVALUATION:Rule Conformance | OUTPUT:Control Signal | OUTPUT:Existing Thread Response | OUTPUT:Repository Change | PROCESS:Decision Branch | PROCESS:Required Sequence | RESOURCE:Local Workspace | TASK:Artifact Change | TASK:Executable Validation
rq3_159,5,2,4,CONSTRAINT:Scope Boundary | CONTEXT:Domain Context | CONTEXT:Execution Environment | EVALUATION:Execution Check | OUTPUT:Control Signal | PROCESS:Decision Branch | RESOURCE:Web Retrieval | SAFETY:Execution Isolation | TASK:Executable Validation,CONSTRAINT:Scope Boundary | CONTEXT:Execution Environment | EVALUATION:Execution Check | OUTPUT:Standalone Artifact | RESOURCE:Local Workspace | SAFETY:Execution Isolation | TASK:Executable Validation
rq3_160,26,1,4,COMMUNICATION:Automation Disclosure | COMMUNICATION:Expert Role | CONSTRAINT:Evidence Grounding | CONSTRAINT:Quality Standard | CONSTRAINT:Resource Budget | CONSTRAINT:Scope Boundary | CONTEXT:Domain Context | CONTEXT:Repository Context | EVALUATION:Evidence Credibility | EVALUATION:Execution Check | EVALUATION:Risk Assessment | EVALUATION:Rule Conformance | EXAMPLE:Output Template | EXAMPLE:Worked Case | OUTPUT:Control Signal | OUTPUT:Existing Thread Response | OUTPUT:New Thread | OUTPUT:Repository Change | PROCESS:Cross-Run Memory | PROCESS:Decision Branch | PROCESS:Required Sequence | PROCESS:Within-Run Iteration | RESOURCE:Agent Resource | RESOURCE:Development Toolchain | RESOURCE:GitHub Interface | RESOURCE:Local Workspace | TASK:Artifact Change | TASK:Evidence Investigation | TASK:Executable Validation | TASK:Work Item Management,COMMUNICATION:Audience Voice | COMMUNICATION:Automation Disclosure | COMMUNICATION:Expert Role | CONSTRAINT:Evidence Grounding | CONSTRAINT:Quality Standard | CONSTRAINT:Resource Budget | CONSTRAINT:Scope Boundary | CONTEXT:Domain Context | CONTEXT:Repository Context | EVALUATION:Execution Check | EVALUATION:Risk Assessment | EXAMPLE:Output Template | EXAMPLE:Worked Case | OUTPUT:Existing Thread Response | OUTPUT:New Thread | OUTPUT:Repository Change | PROCESS:Cross-Run Memory | PROCESS:Decision Branch | PROCESS:Required Sequence | PROCESS:Within-Run Iteration | RESOURCE:Development Toolchain | RESOURCE:GitHub Interface | RESOURCE:Local Workspace | TASK:Artifact Change | TASK:Evidence Investigation | TASK:Executable Validation | TASK:Work Item Management
rq3_161,14,1,4,COMMUNICATION:Automation Disclosure | CONSTRAINT:Quality Standard | CONSTRAINT:Resource Budget | CONSTRAINT:Scope Boundary | CONTEXT:Execution Environment | CONTEXT:Repository Context | EVALUATION:Rule Conformance | EXAMPLE:Output Template | OUTPUT:Control Signal | OUTPUT:Repository Change | PROCESS:Decision Branch | PROCESS:Required Sequence | PROCESS:Within-Run Iteration | RESOURCE:GitHub Interface | RESOURCE:Local Workspace | SAFETY:Execution Isolation | TASK:Artifact Change | TASK:Evidence Investigation,CONSTRAINT:Quality Standard | CONSTRAINT:Resource Budget | CONSTRAINT:Scope Boundary | CONTEXT:Execution Environment | CONTEXT:Repository Context | EVALUATION:Rule Conformance | EXAMPLE:Output Template | OUTPUT:Control Signal | OUTPUT:Repository Change | PROCESS:Cross-Run Memory | PROCESS:Decision Branch | PROCESS:Required Sequence | RESOURCE:GitHub Interface | RESOURCE:Local Workspace | TASK:Artifact Change
rq3_162,16,2,5,COMMUNICATION:Automation Disclosure | COMMUNICATION:Expert Role | CONSTRAINT:Quality Standard | CONSTRAINT:Resource Budget | CONSTRAINT:Scope Boundary | EVALUATION:Risk Assessment | EVALUATION:Rule Conformance | EXAMPLE:Output Template | EXAMPLE:Technical Snippet | OUTPUT:Control Signal | OUTPUT:Repository Change | PROCESS:Cross-Run Memory | PROCESS:Decision Branch | PROCESS:Required Sequence | PROCESS:Within-Run Iteration | RESOURCE:GitHub Interface | RESOURCE:Local Workspace | SAFETY:Execution Isolation | SAFETY:Vulnerability Handling | TASK:Artifact Change | TASK:Evidence Investigation,COMMUNICATION:Automation Disclosure | COMMUNICATION:Expert Role | CONSTRAINT:Quality Standard | CONSTRAINT:Resource Budget | CONSTRAINT:Scope Boundary | CONTEXT:Execution Environment | CONTEXT:Repository Context | EVALUATION:Risk Assessment | EXAMPLE:Output Template | OUTPUT:Control Signal | OUTPUT:Repository Change | PROCESS:Cross-Run Memory | PROCESS:Decision Branch | PROCESS:Required Sequence | RESOURCE:GitHub Interface | RESOURCE:Local Workspace | SAFETY:Vulnerability Handling | TASK:Artifact Change
rq3_163,12,2,2,COMMUNICATION:Audience Voice | COMMUNICATION:Expert Role | CONSTRAINT:Evidence Grounding | CONSTRAINT:Quality Standard | CONTEXT:Repository Context | EVALUATION:Rule Conformance | EXAMPLE:Worked Case | OUTPUT:Existing Thread Response | PROCESS:Decision Branch | PROCESS:Required Sequence | RESOURCE:GitHub Interface | RESOURCE:Local Workspace | TASK:Artifact Review | TASK:Evidence Investigation,COMMUNICATION:Audience Voice | COMMUNICATION:Expert Role | CONSTRAINT:Evidence Grounding | CONSTRAINT:Scope Boundary | CONTEXT:Domain Context | CONTEXT:Repository Context | EVALUATION:Rule Conformance | EXAMPLE:Worked Case | OUTPUT:Existing Thread Response | PROCESS:Decision Branch | PROCESS:Required Sequence | RESOURCE:GitHub Interface | RESOURCE:Local Workspace | TASK:Artifact Review
rq3_164,11,2,4,CONSTRAINT:Scope Boundary | CONTEXT:Domain Context | CONTEXT:Execution Environment | CONTEXT:Repository Context | EVALUATION:Execution Check | EXAMPLE:Output Template | OUTPUT:Control Signal | OUTPUT:New Thread | OUTPUT:Standalone Artifact | PROCESS:Decision Branch | PROCESS:Required Sequence | PROCESS:Within-Run Iteration | RESOURCE:Development Toolchain | RESOURCE:Local Workspace | TASK:Executable Validation,CONSTRAINT:Scope Boundary | CONTEXT:Domain Context | CONTEXT:Execution Environment | EVALUATION:Execution Check | EXAMPLE:Output Template | EXAMPLE:Technical Snippet | OUTPUT:New Thread | PROCESS:Decision Branch | PROCESS:Required Sequence | RESOURCE:Development Toolchain | RESOURCE:Local Workspace | TASK:Executable Validation | TASK:Work Item Management
rq3_165,11,0,8,COMMUNICATION:Audience Voice | COMMUNICATION:Automation Disclosure | COMMUNICATION:Expert Role | CONSTRAINT:Evidence Grounding | CONSTRAINT:Quality Standard | CONSTRAINT:Scope Boundary | CONTEXT:Execution Environment | CONTEXT:Repository Context | EVALUATION:Execution Check | EXAMPLE:Output Template | EXAMPLE:Technical Snippet | OUTPUT:New Thread | PROCESS:Decision Branch | PROCESS:Required Sequence | PROCESS:Within-Run Iteration | RESOURCE:GitHub Interface | RESOURCE:Local Workspace | SAFETY:Vulnerability Handling | TASK:Evidence Investigation,COMMUNICATION:Expert Role | CONSTRAINT:Quality Standard | CONSTRAINT:Scope Boundary | CONTEXT:Execution Environment | CONTEXT:Repository Context | EXAMPLE:Output Template | OUTPUT:New Thread | PROCESS:Decision Branch | RESOURCE:GitHub Interface | RESOURCE:Local Workspace | TASK:Evidence Investigation
rq3_166,10,1,5,COMMUNICATION:Audience Voice | COMMUNICATION:Automation Disclosure | CONSTRAINT:Evidence Grounding | CONSTRAINT:Scope Boundary | CONTEXT:Execution Environment | EVALUATION:Rule Conformance | EXAMPLE:Output Template | EXAMPLE:Technical Snippet | OUTPUT:Control Signal | OUTPUT:Existing Thread Response | PROCESS:Decision Branch | PROCESS:Required Sequence | PROCESS:Within-Run Iteration | RESOURCE:GitHub Interface | TASK:Evidence Investigation,COMMUNICATION:Audience Voice | COMMUNICATION:Automation Disclosure | CONSTRAINT:Scope Boundary | CONTEXT:Repository Context | EXAMPLE:Output Template | OUTPUT:Control Signal | OUTPUT:Existing Thread Response | PROCESS:Decision Branch | PROCESS:Required Sequence | RESOURCE:GitHub Interface | TASK:Evidence Investigation
rq3_167,21,0,2,COMMUNICATION:Automation Disclosure | COMMUNICATION:Expert Role | CONSTRAINT:Evidence Grounding | CONSTRAINT:Quality Standard | CONSTRAINT:Resource Budget | CONSTRAINT:Scope Boundary | CONTEXT:Execution Environment | CONTEXT:Historical Context | CONTEXT:Repository Context | EVALUATION:Execution Check | EVALUATION:Risk Assessment | EXAMPLE:Output Template | EXAMPLE:Technical Snippet | OUTPUT:Control Signal | OUTPUT:Existing Thread Response | PROCESS:Cross-Run Memory | PROCESS:Decision Branch | PROCESS:Required Sequence | PROCESS:Within-Run Iteration | RESOURCE:GitHub Interface | RESOURCE:Local Workspace | SAFETY:Execution Isolation | TASK:Evidence Investigation,COMMUNICATION:Expert Role | CONSTRAINT:Evidence Grounding | CONSTRAINT:Quality Standard | CONSTRAINT:Resource Budget | CONSTRAINT:Scope Boundary | CONTEXT:Execution Environment | CONTEXT:Historical Context | CONTEXT:Repository Context | EVALUATION:Risk Assessment | EXAMPLE:Output Template | EXAMPLE:Technical Snippet | OUTPUT:Control Signal | OUTPUT:Existing Thread Response | PROCESS:Cross-Run Memory | PROCESS:Decision Branch | PROCESS:Required Sequence | PROCESS:Within-Run Iteration | RESOURCE:GitHub Interface | RESOURCE:Local Workspace | SAFETY:Execution Isolation | TASK:Evidence Investigation
rq3_168,17,2,3,CONSTRAINT:Evidence Grounding | CONSTRAINT:Quality Standard | CONSTRAINT:Resource Budget | CONSTRAINT:Scope Boundary | CONTEXT:Domain Context | CONTEXT:Repository Context | EVALUATION:Rule Conformance | EXAMPLE:Output Template | EXAMPLE:Worked Case | OUTPUT:Existing Thread Response | OUTPUT:New Thread | OUTPUT:Repository Change | PROCESS:Decision Branch | PROCESS:Required Sequence | PROCESS:Within-Run Iteration | RESOURCE:GitHub Interface | RESOURCE:Local Workspace | TASK:Artifact Change | TASK:Artifact Review | TASK:Evidence Investigation,CONSTRAINT:Evidence Grounding | CONSTRAINT:Quality Standard | CONSTRAINT:Scope Boundary | CONTEXT:Domain Context | CONTEXT:Repository Context | EVALUATION:Rule Conformance | EXAMPLE:Output Template | EXAMPLE:Worked Case | OUTPUT:Control Signal | OUTPUT:Existing Thread Response | OUTPUT:New Thread | OUTPUT:Repository Change | PROCESS:Decision Branch | PROCESS:Required Sequence | RESOURCE:GitHub Interface | RESOURCE:Local Workspace | TASK:Artifact Change | TASK:Artifact Review | TASK:Work Item Management
rq3_169,12,3,5,CONSTRAINT:Quality Standard | CONSTRAINT:Scope Boundary | CONTEXT:Domain Context | CONTEXT:Repository Context | EVALUATION:Execution Check | EVALUATION:Rule Conformance | EXAMPLE:Output Template | OUTPUT:Existing Thread Response | OUTPUT:Repository Change | PROCESS:Decision Branch | PROCESS:Required Sequence | PROCESS:Within-Run Iteration | RESOURCE:Development Toolchain | RESOURCE:GitHub Interface | RESOURCE:Local Workspace | TASK:Artifact Change | TASK:Executable Validation,COMMUNICATION:Expert Role | CONSTRAINT:Scope Boundary | CONTEXT:Repository Context | EXAMPLE:Output Template | EXAMPLE:Technical Snippet | OUTPUT:Existing Thread Response | OUTPUT:Repository Change | PROCESS:Decision Branch | PROCESS:Required Sequence | RESOURCE:Development Toolchain | RESOURCE:GitHub Interface | RESOURCE:Local Workspace | SAFETY:Execution Isolation | TASK:Artifact Change | TASK:Executable Validation
rq3_170,22,3,0,COMMUNICATION:Audience Voice | COMMUNICATION:Automation Disclosure | COMMUNICATION:Expert Role | CONSTRAINT:Evidence Grounding | CONSTRAINT:Quality Standard | CONSTRAINT:Resource Budget | CONSTRAINT:Scope Boundary | CONTEXT:Execution Environment | CONTEXT:Repository Context | EXAMPLE:Output Template | EXAMPLE:Technical Snippet | EXAMPLE:Worked Case | OUTPUT:Control Signal | OUTPUT:Existing Thread Response | OUTPUT:New Thread | OUTPUT:Standalone Artifact | PROCESS:Decision Branch | PROCESS:Required Sequence | PROCESS:Within-Run Iteration | RESOURCE:GitHub Interface | RESOURCE:Local Workspace | TASK:Work Item Management,COMMUNICATION:Audience Voice | COMMUNICATION:Automation Disclosure | COMMUNICATION:Expert Role | CONSTRAINT:Evidence Grounding | CONSTRAINT:Quality Standard | CONSTRAINT:Resource Budget | CONSTRAINT:Scope Boundary | CONTEXT:Domain Context | CONTEXT:Execution Environment | CONTEXT:Repository Context | EXAMPLE:Output Template | EXAMPLE:Technical Snippet | EXAMPLE:Worked Case | OUTPUT:Control Signal | OUTPUT:Existing Thread Response | OUTPUT:New Thread | OUTPUT:Standalone Artifact | PROCESS:Decision Branch | PROCESS:Required Sequence | PROCESS:Within-Run Iteration | RESOURCE:GitHub Interface | RESOURCE:Local Workspace | SAFETY:Information Confidentiality | TASK:Artifact Change | TASK:Work Item Management
rq3_171,9,1,4,CONSTRAINT:Evidence Grounding | CONSTRAINT:Quality Standard | CONSTRAINT:Scope Boundary | CONTEXT:Domain Context | EVALUATION:Rule Conformance | OUTPUT:Control Signal | OUTPUT:Repository Change | PROCESS:Decision Branch | PROCESS:Required Sequence | PROCESS:Within-Run Iteration | RESOURCE:Local Workspace | RESOURCE:Web Retrieval | TASK:Artifact Change,CONSTRAINT:Quality Standard | CONSTRAINT:Scope Boundary | CONTEXT:Domain Context | OUTPUT:Control Signal | OUTPUT:Repository Change | PROCESS:Decision Branch | PROCESS:Required Sequence | RESOURCE:Web Retrieval | TASK:Artifact Change | TASK:Executable Validation
rq3_172,6,2,4,CONSTRAINT:Quality Standard | CONTEXT:Repository Context | EVALUATION:Risk Assessment | EXAMPLE:Output Template | OUTPUT:Existing Thread Response | PROCESS:Decision Branch | PROCESS:Required Sequence | RESOURCE:Agent Resource | RESOURCE:GitHub Interface | TASK:Artifact Review,CONSTRAINT:Quality Standard | CONTEXT:Execution Environment | CONTEXT:Repository Context | EXAMPLE:Technical Snippet | OUTPUT:Existing Thread Response | PROCESS:Decision Branch | PROCESS:Required Sequence | TASK:Artifact Review
rq3_173,11,1,3,COMMUNICATION:Automation Disclosure | CONSTRAINT:Quality Standard | CONSTRAINT:Resource Budget | CONSTRAINT:Scope Boundary | EVALUATION:Execution Check | EVALUATION:Rule Conformance | OUTPUT:Repository Change | PROCESS:Decision Branch | PROCESS:Required Sequence | PROCESS:Within-Run Iteration | RESOURCE:Development Toolchain | RESOURCE:Local Workspace | TASK:Artifact Change | TASK:Executable Validation,CONSTRAINT:Quality Standard | CONSTRAINT:Scope Boundary | EVALUATION:Execution Check | EVALUATION:Rule Conformance | OUTPUT:Repository Change | PROCESS:Decision Branch | PROCESS:Required Sequence | RESOURCE:Development Toolchain | RESOURCE:Local Workspace | TASK:Artifact Change | TASK:Artifact Review | TASK:Executable Validation
rq3_174,19,1,4,COMMUNICATION:Automation Disclosure | COMMUNICATION:Expert Role | CONSTRAINT:Resource Budget | CONSTRAINT:Scope Boundary | CONTEXT:Domain Context | CONTEXT:Execution Environment | CONTEXT:Repository Context | EVALUATION:Execution Check | EVALUATION:Rule Conformance | OUTPUT:Existing Thread Response | OUTPUT:Repository Change | PROCESS:Decision Branch | PROCESS:Required Sequence | PROCESS:Within-Run Iteration | PROCESS:Work Delegation | RESOURCE:Agent Resource | RESOURCE:Development Toolchain | RESOURCE:GitHub Interface | RESOURCE:Local Workspace | SAFETY:Execution Isolation | SAFETY:Information Confidentiality | TASK:Artifact Change | TASK:Executable Validation,COMMUNICATION:Automation Disclosure | COMMUNICATION:Expert Role | CONSTRAINT:Resource Budget | CONSTRAINT:Scope Boundary | CONTEXT:Domain Context | CONTEXT:Execution Environment | CONTEXT:Repository Context | EVALUATION:Execution Check | EXAMPLE:Technical Snippet | OUTPUT:Existing Thread Response | OUTPUT:Repository Change | PROCESS:Decision Branch | PROCESS:Required Sequence | PROCESS:Within-Run Iteration | RESOURCE:Agent Resource | RESOURCE:Development Toolchain | RESOURCE:GitHub Interface | SAFETY:Execution Isolation | TASK:Artifact Change | TASK:Executable Validation
rq3_175,12,9,1,COMMUNICATION:Expert Role | CONSTRAINT:Quality Standard | CONSTRAINT:Resource Budget | CONTEXT:Execution Environment | CONTEXT:Repository Context | EVALUATION:Rule Conformance | EXAMPLE:Output Template | EXAMPLE:Worked Case | OUTPUT:New Thread | PROCESS:Decision Branch | PROCESS:Required Sequence | RESOURCE:Development Toolchain | TASK:Evidence Investigation,COMMUNICATION:Expert Role | CONSTRAINT:Quality Standard | CONSTRAINT:Resource Budget | CONTEXT:Execution Environment | CONTEXT:Repository Context | EVALUATION:Risk Assessment | EVALUATION:Rule Conformance | EXAMPLE:Output Template | EXAMPLE:Technical Snippet | EXAMPLE:Worked Case | OUTPUT:Control Signal | OUTPUT:New Thread | OUTPUT:Standalone Artifact | PROCESS:Cross-Run Memory | PROCESS:Decision Branch | PROCESS:Required Sequence | RESOURCE:GitHub Interface | RESOURCE:Local Workspace | TASK:Evidence Investigation | TASK:Executable Validation | TASK:Work Item Management
rq3_176,21,0,5,COMMUNICATION:Automation Disclosure | COMMUNICATION:Expert Role | CONSTRAINT:Evidence Grounding | CONSTRAINT:Quality Standard | CONSTRAINT:Resource Budget | CONSTRAINT:Scope Boundary | CONTEXT:Execution Environment | CONTEXT:Historical Context | CONTEXT:Repository Context | EVALUATION:Evidence Credibility | EVALUATION:Execution Check | EVALUATION:Risk Assessment | EVALUATION:Rule Conformance | EXAMPLE:Output Template | EXAMPLE:Technical Snippet | OUTPUT:Existing Thread Response | PROCESS:Cross-Run Memory | PROCESS:Decision Branch | PROCESS:Required Sequence | PROCESS:Within-Run Iteration | RESOURCE:Agent Resource | RESOURCE:GitHub Interface | RESOURCE:Local Workspace | SAFETY:Execution Isolation | SAFETY:Prompt Injection Defense | TASK:Artifact Review,COMMUNICATION:Automation Disclosure | COMMUNICATION:Expert Role | CONSTRAINT:Evidence Grounding | CONSTRAINT:Quality Standard | CONSTRAINT:Resource Budget | CONSTRAINT:Scope Boundary | CONTEXT:Execution Environment | CONTEXT:Historical Context | CONTEXT:Repository Context | EVALUATION:Rule Conformance | EXAMPLE:Output Template | EXAMPLE:Technical Snippet | OUTPUT:Existing Thread Response | PROCESS:Decision Branch | PROCESS:Required Sequence | PROCESS:Within-Run Iteration | RESOURCE:GitHub Interface | RESOURCE:Local Workspace | SAFETY:Execution Isolation | SAFETY:Prompt Injection Defense | TASK:Artifact Review
rq3_177,5,1,2,EVALUATION:Rule Conformance | OUTPUT:Control Signal | OUTPUT:Existing Thread Response | PROCESS:Decision Branch | RESOURCE:GitHub Interface | TASK:Evidence Investigation | TASK:Work Item Management,COMMUNICATION:Expert Role | OUTPUT:Control Signal | OUTPUT:Existing Thread Response | PROCESS:Decision Branch | RESOURCE:GitHub Interface | TASK:Work Item Management
rq3_178,12,4,5,COMMUNICATION:Audience Voice | COMMUNICATION:Expert Role | CONSTRAINT:Quality Standard | CONSTRAINT:Scope Boundary | CONTEXT:Execution Environment | CONTEXT:Repository Context | EVALUATION:Risk Assessment | EVALUATION:Rule Conformance | EXAMPLE:Output Template | EXAMPLE:Technical Snippet | EXAMPLE:Worked Case | OUTPUT:Control Signal | OUTPUT:New Thread | PROCESS:Required Sequence | RESOURCE:Development Toolchain | RESOURCE:Local Workspace | TASK:Evidence Investigation,COMMUNICATION:Audience Voice | COMMUNICATION:Expert Role | CONSTRAINT:Quality Standard | CONSTRAINT:Scope Boundary | CONTEXT:Execution Environment | CONTEXT:Repository Context | EVALUATION:Rule Conformance | EXAMPLE:Output Template | OUTPUT:New Thread | OUTPUT:Standalone Artifact | PROCESS:Required Sequence | RESOURCE:Development Toolchain | RESOURCE:GitHub Interface | RESOURCE:Local Workspace | TASK:Artifact Review | TASK:Work Item Management
rq3_179,7,13,2,CONSTRAINT:Resource Budget | CONSTRAINT:Scope Boundary | CONTEXT:Domain Context | OUTPUT:New Thread | OUTPUT:Standalone Artifact | PROCESS:Decision Branch | PROCESS:Required Sequence | RESOURCE:Agent Resource | TASK:Evidence Investigation,CONSTRAINT:Evidence Grounding | CONSTRAINT:Quality Standard | CONSTRAINT:Resource Budget | CONSTRAINT:Scope Boundary | CONTEXT:Domain Context | CONTEXT:Execution Environment | CONTEXT:Repository Context | EVALUATION:Rule Conformance | OUTPUT:Repository Change | OUTPUT:Standalone Artifact | PROCESS:Cross-Run Memory | PROCESS:Decision Branch | PROCESS:Required Sequence | PROCESS:Within-Run Iteration | RESOURCE:Development Toolchain | RESOURCE:GitHub Interface | RESOURCE:Local Workspace | TASK:Artifact Change | TASK:Evidence Investigation | TASK:Executable Validation
rq3_180,6,5,1,EVALUATION:Execution Check | EXAMPLE:Output Template | OUTPUT:Existing Thread Response | PROCESS:Required Sequence | RESOURCE:Agent Resource | RESOURCE:GitHub Interface | TASK:Executable Validation,CONTEXT:Domain Context | CONTEXT:Repository Context | EVALUATION:Execution Check | EXAMPLE:Output Template | OUTPUT:Control Signal | OUTPUT:Existing Thread Response | PROCESS:Decision Branch | PROCESS:Required Sequence | RESOURCE:GitHub Interface | SAFETY:Execution Isolation | TASK:Executable Validation
rq3_181,8,1,3,COMMUNICATION:Expert Role | CONSTRAINT:Quality Standard | CONSTRAINT:Scope Boundary | CONTEXT:Repository Context | OUTPUT:Control Signal | OUTPUT:Existing Thread Response | PROCESS:Decision Branch | PROCESS:Required Sequence | RESOURCE:GitHub Interface | TASK:Evidence Investigation | TASK:Work Item Management,COMMUNICATION:Expert Role | CONSTRAINT:Quality Standard | CONSTRAINT:Scope Boundary | PROCESS:Decision Branch | PROCESS:Required Sequence | RESOURCE:GitHub Interface | TASK:Artifact Review | TASK:Evidence Investigation | TASK:Work Item Management
rq3_182,12,1,2,CONSTRAINT:Quality Standard | CONSTRAINT:Scope Boundary | CONTEXT:Domain Context | CONTEXT:Repository Context | EXAMPLE:Output Template | EXAMPLE:Technical Snippet | OUTPUT:Control Signal | OUTPUT:Repository Change | PROCESS:Cross-Run Memory | PROCESS:Decision Branch | PROCESS:Required Sequence | RESOURCE:GitHub Interface | RESOURCE:Local Workspace | TASK:Artifact Change,COMMUNICATION:Expert Role | CONSTRAINT:Quality Standard | CONTEXT:Domain Context | CONTEXT:Repository Context | EXAMPLE:Output Template | EXAMPLE:Technical Snippet | OUTPUT:Repository Change | PROCESS:Cross-Run Memory | PROCESS:Decision Branch | PROCESS:Required Sequence | RESOURCE:GitHub Interface | RESOURCE:Local Workspace | TASK:Artifact Change
rq3_183,10,4,1,CONSTRAINT:Quality Standard | CONSTRAINT:Scope Boundary | CONTEXT:Execution Environment | EVALUATION:Execution Check | OUTPUT:Control Signal | OUTPUT:Existing Thread Response | PROCESS:Decision Branch | PROCESS:Required Sequence | RESOURCE:GitHub Interface | RESOURCE:Local Workspace | TASK:Executable Validation,CONSTRAINT:Quality Standard | CONTEXT:Domain Context | CONTEXT:Execution Environment | CONTEXT:Historical Context | CONTEXT:Repository Context | EVALUATION:Execution Check | OUTPUT:Control Signal | OUTPUT:Existing Thread Response | PROCESS:Decision Branch | PROCESS:Required Sequence | RESOURCE:GitHub Interface | RESOURCE:Local Workspace | TASK:Executable Validation | TASK:Work Item Management
rq3_184,19,2,6,COMMUNICATION:Automation Disclosure | COMMUNICATION:Expert Role | CONSTRAINT:Evidence Grounding | CONSTRAINT:Quality Standard | CONSTRAINT:Scope Boundary | CONTEXT:Domain Context | CONTEXT:Historical Context | CONTEXT:Repository Context | EVALUATION:Evidence Credibility | EVALUATION:Risk Assessment | EXAMPLE:Output Template | EXAMPLE:Technical Snippet | EXAMPLE:Worked Case | OUTPUT:Control Signal | OUTPUT:Existing Thread Response | OUTPUT:New Thread | PROCESS:Decision Branch | PROCESS:Required Sequence | RESOURCE:GitHub Interface | RESOURCE:Local Workspace | SAFETY:Execution Isolation | SAFETY:Information Confidentiality | SAFETY:Vulnerability Handling | TASK:Evidence Investigation | TASK:Executable Validation,COMMUNICATION:Expert Role | CONSTRAINT:Evidence Grounding | CONSTRAINT:Quality Standard | CONSTRAINT:Scope Boundary | CONTEXT:Domain Context | CONTEXT:Execution Environment | CONTEXT:Historical Context | CONTEXT:Repository Context | EXAMPLE:Output Template | EXAMPLE:Technical Snippet | EXAMPLE:Worked Case | OUTPUT:Control Signal | OUTPUT:Existing Thread Response | OUTPUT:New Thread | PROCESS:Decision Branch | PROCESS:Required Sequence | RESOURCE:GitHub Interface | RESOURCE:Local Workspace | SAFETY:Execution Isolation | TASK:Evidence Investigation | TASK:Work Item Management
rq3_185,18,3,8,COMMUNICATION:Audience Voice | COMMUNICATION:Automation Disclosure | COMMUNICATION:Expert Role | CONSTRAINT:Quality Standard | CONSTRAINT:Scope Boundary | CONTEXT:Repository Context | EVALUATION:Evidence Credibility | EVALUATION:Execution Check | EVALUATION:Risk Assessment | EXAMPLE:Output Template | EXAMPLE:Technical Snippet | OUTPUT:Control Signal | OUTPUT:New Thread | OUTPUT:Standalone Artifact | PROCESS:Cross-Run Memory | PROCESS:Decision Branch | PROCESS:Required Sequence | PROCESS:Within-Run Iteration | RESOURCE:Agent Resource | RESOURCE:Development Toolchain | RESOURCE:GitHub Interface | RESOURCE:Local Workspace | SAFETY:Vulnerability Handling | TASK:Evidence Investigation | TASK:Executable Validation | TASK:Work Item Management,COMMUNICATION:Automation Disclosure | COMMUNICATION:Expert Role | CONSTRAINT:Evidence Grounding | CONSTRAINT:Quality Standard | CONSTRAINT:Scope Boundary | CONTEXT:Execution Environment | CONTEXT:Historical Context | CONTEXT:Repository Context | EVALUATION:Evidence Credibility | EVALUATION:Execution Check | EVALUATION:Risk Assessment | EXAMPLE:Output Template | OUTPUT:New Thread | PROCESS:Cross-Run Memory | PROCESS:Decision Branch | PROCESS:Required Sequence | RESOURCE:Development Toolchain | RESOURCE:GitHub Interface | RESOURCE:Local Workspace | TASK:Evidence Investigation | TASK:Executable Validation
rq3_186,7,8,2,CONSTRAINT:Resource Budget | CONSTRAINT:Scope Boundary | CONTEXT:Domain Context | CONTEXT:Repository Context | OUTPUT:Standalone Artifact | PROCESS:Decision Branch | RESOURCE:Agent Resource | TASK:Artifact Change | TASK:Evidence Investigation,CONSTRAINT:Quality Standard | CONSTRAINT:Resource Budget | CONSTRAINT:Scope Boundary | CONTEXT:Domain Context | CONTEXT:Repository Context | OUTPUT:Repository Change | PROCESS:Decision Branch | PROCESS:Required Sequence | PROCESS:Within-Run Iteration | RESOURCE:Development Toolchain | RESOURCE:Local Workspace | TASK:Artifact Change | TASK:Artifact Review | TASK:Evidence Investigation | TASK:Executable Validation
rq3_187,16,1,6,COMMUNICATION:Audience Voice | COMMUNICATION:Automation Disclosure | CONSTRAINT:Evidence Grounding | CONSTRAINT:Quality Standard | CONSTRAINT:Scope Boundary | CONTEXT:Domain Context | CONTEXT:Execution Environment | CONTEXT:Historical Context | EVALUATION:Evidence Credibility | EVALUATION:Risk Assessment | EVALUATION:Rule Conformance | EXAMPLE:Output Template | OUTPUT:Control Signal | OUTPUT:Existing Thread Response | OUTPUT:New Thread | PROCESS:Decision Branch | PROCESS:Required Sequence | PROCESS:Within-Run Iteration | RESOURCE:GitHub Interface | RESOURCE:Local Workspace | TASK:Evidence Investigation | TASK:Work Item Management,CONSTRAINT:Evidence Grounding | CONSTRAINT:Quality Standard | CONSTRAINT:Scope Boundary | CONTEXT:Domain Context | CONTEXT:Execution Environment | CONTEXT:Historical Context | CONTEXT:Repository Context | EVALUATION:Evidence Credibility | EXAMPLE:Output Template | OUTPUT:Existing Thread Response | OUTPUT:New Thread | PROCESS:Decision Branch | PROCESS:Required Sequence | RESOURCE:GitHub Interface | RESOURCE:Local Workspace | TASK:Evidence Investigation | TASK:Work Item Management
rq3_188,13,2,1,COMMUNICATION:Audience Voice | COMMUNICATION:Expert Role | CONSTRAINT:Evidence Grounding | CONSTRAINT:Quality Standard | CONSTRAINT:Scope Boundary | CONTEXT:Repository Context | EVALUATION:Rule Conformance | EXAMPLE:Worked Case | OUTPUT:Control Signal | OUTPUT:Existing Thread Response | PROCESS:Decision Branch | PROCESS:Required Sequence | RESOURCE:GitHub Interface | TASK:Artifact Review,COMMUNICATION:Audience Voice | COMMUNICATION:Expert Role | CONSTRAINT:Evidence Grounding | CONSTRAINT:Scope Boundary | CONTEXT:Domain Context | CONTEXT:Repository Context | EVALUATION:Rule Conformance | EXAMPLE:Worked Case | OUTPUT:Control Signal | OUTPUT:Existing Thread Response | PROCESS:Decision Branch | PROCESS:Required Sequence | RESOURCE:GitHub Interface | TASK:Artifact Review | TASK:Work Item Management
rq3_189,12,3,7,CONSTRAINT:Quality Standard | CONSTRAINT:Scope Boundary | CONTEXT:Repository Context | EVALUATION:Execution Check | EVALUATION:Rule Conformance | OUTPUT:Control Signal | OUTPUT:Existing Thread Response | OUTPUT:Repository Change | PROCESS:Decision Branch | PROCESS:Required Sequence | PROCESS:Within-Run Iteration | PROCESS:Work Delegation | RESOURCE:Agent Resource | RESOURCE:Development Toolchain | RESOURCE:GitHub Interface | RESOURCE:Local Workspace | TASK:Artifact Change | TASK:Executable Validation | TASK:Work Item Management,COMMUNICATION:Expert Role | CONSTRAINT:Quality Standard | CONSTRAINT:Scope Boundary | CONTEXT:Domain Context | CONTEXT:Execution Environment | EVALUATION:Execution Check | OUTPUT:Existing Thread Response | OUTPUT:Repository Change | PROCESS:Decision Branch | PROCESS:Required Sequence | PROCESS:Within-Run Iteration | PROCESS:Work Delegation | RESOURCE:Development Toolchain | TASK:Executable Validation | TASK:Work Item Management
rq3_190,14,2,5,CONSTRAINT:Quality Standard | CONSTRAINT:Scope Boundary | CONTEXT:Domain Context | CONTEXT:Repository Context | EVALUATION:Rule Conformance | EXAMPLE:Output Template | EXAMPLE:Worked Case | OUTPUT:Control Signal | OUTPUT:Repository Change | PROCESS:Cross-Run Memory | PROCESS:Decision Branch | PROCESS:Required Sequence | PROCESS:Within-Run Iteration | PROCESS:Work Delegation | RESOURCE:Local Workspace | RESOURCE:Web Retrieval | TASK:Artifact Change | TASK:Evidence Investigation | TASK:Work Item Management,COMMUNICATION:Expert Role | CONSTRAINT:Quality Standard | CONSTRAINT:Scope Boundary | CONTEXT:Domain Context | EXAMPLE:Output Template | EXAMPLE:Worked Case | OUTPUT:Repository Change | PROCESS:Decision Branch | PROCESS:Required Sequence | PROCESS:Within-Run Iteration | PROCESS:Work Delegation | RESOURCE:GitHub Interface | RESOURCE:Local Workspace | RESOURCE:Web Retrieval | TASK:Artifact Change | TASK:Evidence Investigation
rq3_191,4,9,4,CONSTRAINT:Evidence Grounding | CONSTRAINT:Resource Budget | CONTEXT:Domain Context | CONTEXT:Historical Context | OUTPUT:New Thread | PROCESS:Decision Branch | PROCESS:Required Sequence | RESOURCE:Agent Resource,CONSTRAINT:Quality Standard | CONSTRAINT:Resource Budget | CONSTRAINT:Scope Boundary | CONTEXT:Domain Context | CONTEXT:Execution Environment | CONTEXT:Repository Context | OUTPUT:Repository Change | PROCESS:Decision Branch | PROCESS:Required Sequence | PROCESS:Within-Run Iteration | RESOURCE:GitHub Interface | RESOURCE:Local Workspace | TASK:Artifact Change
rq3_192,19,5,3,COMMUNICATION:Audience Voice | COMMUNICATION:Automation Disclosure | CONSTRAINT:Quality Standard | CONSTRAINT:Resource Budget | CONSTRAINT:Scope Boundary | CONTEXT:Domain Context | CONTEXT:Execution Environment | EVALUATION:Risk Assessment | EXAMPLE:Output Template | EXAMPLE:Technical Snippet | OUTPUT:Control Signal | OUTPUT:New Thread | OUTPUT:Standalone Artifact | PROCESS:Decision Branch | PROCESS:Required Sequence | PROCESS:Within-Run Iteration | PROCESS:Work Delegation | RESOURCE:Agent Resource | RESOURCE:GitHub Interface | RESOURCE:Local Workspace | SAFETY:Execution Isolation | TASK:Evidence Investigation,COMMUNICATION:Audience Voice | COMMUNICATION:Expert Role | CONSTRAINT:Evidence Grounding | CONSTRAINT:Quality Standard | CONSTRAINT:Resource Budget | CONSTRAINT:Scope Boundary | CONTEXT:Domain Context | CONTEXT:Execution Environment | EVALUATION:Risk Assessment | EXAMPLE:Output Template | EXAMPLE:Technical Snippet | EXAMPLE:Worked Case | OUTPUT:New Thread | OUTPUT:Standalone Artifact | PROCESS:Cross-Run Memory | PROCESS:Decision Branch | PROCESS:Required Sequence | PROCESS:Within-Run Iteration | PROCESS:Work Delegation | RESOURCE:Agent Resource | RESOURCE:Development Toolchain | RESOURCE:GitHub Interface | RESOURCE:Local Workspace | TASK:Evidence Investigation
rq3_193,14,1,4,CONSTRAINT:Quality Standard | CONSTRAINT:Scope Boundary | CONTEXT:Domain Context | CONTEXT:Repository Context | EVALUATION:Execution Check | EVALUATION:Rule Conformance | OUTPUT:Repository Change | PROCESS:Decision Branch | PROCESS:Required Sequence | PROCESS:Within-Run Iteration | PROCESS:Work Delegation | RESOURCE:Agent Resource | RESOURCE:Development Toolchain | RESOURCE:GitHub Interface | RESOURCE:Local Workspace | TASK:Artifact Change | TASK:Evidence Investigation | TASK:Executable Validation,CONSTRAINT:Quality Standard | CONSTRAINT:Scope Boundary | CONTEXT:Domain Context | CONTEXT:Repository Context | EVALUATION:Execution Check | EXAMPLE:Technical Snippet | OUTPUT:Repository Change | PROCESS:Decision Branch | PROCESS:Required Sequence | PROCESS:Work Delegation | RESOURCE:Agent Resource | RESOURCE:Development Toolchain | RESOURCE:GitHub Interface | TASK:Artifact Change | TASK:Executable Validation
rq3_194,24,3,2,COMMUNICATION:Automation Disclosure | CONSTRAINT:Evidence Grounding | CONSTRAINT:Quality Standard | CONSTRAINT:Resource Budget | CONSTRAINT:Scope Boundary | CONTEXT:Execution Environment | CONTEXT:Repository Context | EVALUATION:Execution Check | EVALUATION:Rule Conformance | EXAMPLE:Technical Snippet | OUTPUT:Control Signal | OUTPUT:Existing Thread Response | OUTPUT:Repository Change | PROCESS:Cross-Run Memory | PROCESS:Decision Branch | PROCESS:Required Sequence | PROCESS:Within-Run Iteration | RESOURCE:Development Toolchain | RESOURCE:GitHub Interface | RESOURCE:Local Workspace | SAFETY:Execution Isolation | SAFETY:Vulnerability Handling | TASK:Artifact Change | TASK:Evidence Investigation | TASK:Executable Validation | TASK:Work Item Management,COMMUNICATION:Expert Role | CONSTRAINT:Evidence Grounding | CONSTRAINT:Quality Standard | CONSTRAINT:Resource Budget | CONSTRAINT:Scope Boundary | CONTEXT:Domain Context | CONTEXT:Execution Environment | CONTEXT:Historical Context | CONTEXT:Repository Context | EVALUATION:Execution Check | EVALUATION:Rule Conformance | EXAMPLE:Technical Snippet | OUTPUT:Control Signal | OUTPUT:Existing Thread Response | OUTPUT:Repository Change | PROCESS:Cross-Run Memory | PROCESS:Decision Branch | PROCESS:Required Sequence | PROCESS:Within-Run Iteration | RESOURCE:Development Toolchain | RESOURCE:GitHub Interface | RESOURCE:Local Workspace | SAFETY:Vulnerability Handling | TASK:Artifact Change | TASK:Evidence Investigation | TASK:Executable Validation | TASK:Work Item Management
rq3_195,6,0,1,CONSTRAINT:Quality Standard | CONTEXT:Repository Context | OUTPUT:Control Signal | OUTPUT:Existing Thread Response | PROCESS:Decision Branch | PROCESS:Required Sequence | RESOURCE:GitHub Interface,CONSTRAINT:Quality Standard | OUTPUT:Control Signal | OUTPUT:Existing Thread Response | PROCESS:Decision Branch | PROCESS:Required Sequence | RESOURCE:GitHub Interface
rq3_196,14,7,0,COMMUNICATION:Expert Role | CONSTRAINT:Evidence Grounding | CONSTRAINT:Quality Standard | CONTEXT:Domain Context | EVALUATION:Risk Assessment | EXAMPLE:Output Template | EXAMPLE:Technical Snippet | OUTPUT:New Thread | OUTPUT:Standalone Artifact | PROCESS:Cross-Run Memory | PROCESS:Decision Branch | PROCESS:Required Sequence | RESOURCE:Local Workspace | TASK:Evidence Investigation,COMMUNICATION:Expert Role | CONSTRAINT:Evidence Grounding | CONSTRAINT:Quality Standard | CONSTRAINT:Resource Budget | CONSTRAINT:Scope Boundary | CONTEXT:Domain Context | CONTEXT:Execution Environment | CONTEXT:Historical Context | EVALUATION:Risk Assessment | EXAMPLE:Output Template | EXAMPLE:Technical Snippet | OUTPUT:New Thread | OUTPUT:Standalone Artifact | PROCESS:Cross-Run Memory | PROCESS:Decision Branch | PROCESS:Required Sequence | RESOURCE:Development Toolchain | RESOURCE:GitHub Interface | RESOURCE:Local Workspace | TASK:Artifact Change | TASK:Evidence Investigation
rq3_197,9,2,1,COMMUNICATION:Expert Role | CONSTRAINT:Quality Standard | CONSTRAINT:Scope Boundary | CONTEXT:Repository Context | OUTPUT:Repository Change | PROCESS:Decision Branch | PROCESS:Required Sequence | RESOURCE:Local Workspace | TASK:Artifact Change | TASK:Evidence Investigation,COMMUNICATION:Expert Role | CONSTRAINT:Quality Standard | CONSTRAINT:Scope Boundary | CONTEXT:Domain Context | CONTEXT:Repository Context | EXAMPLE:Worked Case | OUTPUT:Repository Change | PROCESS:Decision Branch | PROCESS:Required Sequence | RESOURCE:Local Workspace | TASK:Artifact Change
rq3_198,16,3,4,COMMUNICATION:Automation Disclosure | COMMUNICATION:Expert Role | CONSTRAINT:Evidence Grounding | CONSTRAINT:Quality Standard | CONSTRAINT:Scope Boundary | CONTEXT:Repository Context | EVALUATION:Evidence Credibility | EVALUATION:Rule Conformance | EXAMPLE:Technical Snippet | EXAMPLE:Worked Case | OUTPUT:Control Signal | OUTPUT:Repository Change | PROCESS:Cross-Run Memory | PROCESS:Decision Branch | PROCESS:Required Sequence | PROCESS:Within-Run Iteration | RESOURCE:GitHub Interface | RESOURCE:Local Workspace | TASK:Artifact Change | TASK:Artifact Review,COMMUNICATION:Expert Role | CONSTRAINT:Evidence Grounding | CONSTRAINT:Quality Standard | CONSTRAINT:Scope Boundary | CONTEXT:Historical Context | CONTEXT:Repository Context | EXAMPLE:Output Template | EXAMPLE:Technical Snippet | EXAMPLE:Worked Case | OUTPUT:Control Signal | OUTPUT:Repository Change | OUTPUT:Standalone Artifact | PROCESS:Decision Branch | PROCESS:Required Sequence | PROCESS:Within-Run Iteration | RESOURCE:GitHub Interface | RESOURCE:Local Workspace | TASK:Artifact Change | TASK:Artifact Review
rq3_199,11,6,2,COMMUNICATION:Audience Voice | CONSTRAINT:Evidence Grounding | CONSTRAINT:Quality Standard | CONSTRAINT:Scope Boundary | OUTPUT:Control Signal | OUTPUT:Existing Thread Response | PROCESS:Decision Branch | RESOURCE:GitHub Interface | SAFETY:Information Confidentiality | SAFETY:Prompt Injection Defense | TASK:Artifact Change | TASK:Evidence Investigation | TASK:Work Item Management,COMMUNICATION:Audience Voice | COMMUNICATION:Automation Disclosure | CONSTRAINT:Evidence Grounding | CONSTRAINT:Quality Standard | CONSTRAINT:Scope Boundary | EVALUATION:Risk Assessment | EVALUATION:Rule Conformance | EXAMPLE:Output Template | OUTPUT:Control Signal | OUTPUT:Existing Thread Response | PROCESS:Decision Branch | PROCESS:Required Sequence | RESOURCE:GitHub Interface | SAFETY:Information Confidentiality | SAFETY:Prompt Injection Defense | TASK:Artifact Review | TASK:Work Item Management
rq3_200,9,10,2,CONSTRAINT:Scope Boundary | CONTEXT:Execution Environment | EVALUATION:Execution Check | EXAMPLE:Output Template | EXAMPLE:Technical Snippet | PROCESS:Decision Branch | PROCESS:Required Sequence | RESOURCE:Development Toolchain | RESOURCE:Web Retrieval | TASK:Artifact Change | TASK:Evidence Investigation,COMMUNICATION:Expert Role | CONSTRAINT:Evidence Grounding | CONSTRAINT:Quality Standard | CONSTRAINT:Scope Boundary | CONTEXT:Execution Environment | CONTEXT:Repository Context | EVALUATION:Execution Check | EXAMPLE:Output Template | EXAMPLE:Technical Snippet | OUTPUT:Control Signal | OUTPUT:Repository Change | PROCESS:Decision Branch | PROCESS:Required Sequence | RESOURCE:Agent Resource | RESOURCE:Development Toolchain | RESOURCE:GitHub Interface | RESOURCE:Local Workspace | TASK:Artifact Change | TASK:Executable Validation
rq3_201,12,1,3,COMMUNICATION:Audience Voice | COMMUNICATION:Expert Role | CONSTRAINT:Quality Standard | CONSTRAINT:Scope Boundary | CONTEXT:Execution Environment | CONTEXT:Repository Context | EVALUATION:Risk Assessment | EXAMPLE:Output Template | OUTPUT:Control Signal | OUTPUT:New Thread | PROCESS:Decision Branch | PROCESS:Required Sequence | PROCESS:Within-Run Iteration | RESOURCE:Local Workspace | TASK:Evidence Investigation,COMMUNICATION:Expert Role | CONSTRAINT:Quality Standard | CONSTRAINT:Scope Boundary | CONTEXT:Execution Environment | CONTEXT:Repository Context | EXAMPLE:Output Template | EXAMPLE:Technical Snippet | OUTPUT:Control Signal | OUTPUT:New Thread | PROCESS:Decision Branch | PROCESS:Required Sequence | RESOURCE:Local Workspace | TASK:Evidence Investigation
rq3_202,25,2,1,COMMUNICATION:Expert Role | CONSTRAINT:Evidence Grounding | CONSTRAINT:Quality Standard | CONSTRAINT:Resource Budget | CONSTRAINT:Scope Boundary | CONTEXT:Execution Environment | CONTEXT:Repository Context | EVALUATION:Risk Assessment | EVALUATION:Rule Conformance | EXAMPLE:Output Template | EXAMPLE:Technical Snippet | EXAMPLE:Worked Case | OUTPUT:Control Signal | OUTPUT:Existing Thread Response | OUTPUT:New Thread | PROCESS:Cross-Run Memory | PROCESS:Decision Branch | PROCESS:Required Sequence | PROCESS:Within-Run Iteration | RESOURCE:Agent Resource | RESOURCE:GitHub Interface | RESOURCE:Local Workspace | SAFETY:Execution Isolation | TASK:Artifact Review | TASK:Evidence Investigation | TASK:Work Item Management,COMMUNICATION:Expert Role | CONSTRAINT:Evidence Grounding | CONSTRAINT:Quality Standard | CONSTRAINT:Resource Budget | CONSTRAINT:Scope Boundary | CONTEXT:Domain Context | CONTEXT:Execution Environment | CONTEXT:Repository Context | EVALUATION:Evidence Credibility | EVALUATION:Risk Assessment | EVALUATION:Rule Conformance | EXAMPLE:Output Template | EXAMPLE:Technical Snippet | EXAMPLE:Worked Case | OUTPUT:Existing Thread Response | OUTPUT:New Thread | PROCESS:Cross-Run Memory | PROCESS:Decision Branch | PROCESS:Required Sequence | PROCESS:Within-Run Iteration | RESOURCE:Agent Resource | RESOURCE:GitHub Interface | RESOURCE:Local Workspace | SAFETY:Execution Isolation | TASK:Artifact Review | TASK:Evidence Investigation | TASK:Work Item Management
rq3_203,11,2,2,CONSTRAINT:Evidence Grounding | CONSTRAINT:Quality Standard | CONSTRAINT:Resource Budget | CONSTRAINT:Scope Boundary | CONTEXT:Repository Context | EVALUATION:Rule Conformance | EXAMPLE:Output Template | OUTPUT:Control Signal | OUTPUT:Existing Thread Response | PROCESS:Decision Branch | PROCESS:Required Sequence | RESOURCE:Local Workspace | TASK:Artifact Review,COMMUNICATION:Expert Role | CONSTRAINT:Evidence Grounding | CONSTRAINT:Quality Standard | CONSTRAINT:Scope Boundary | CONTEXT:Domain Context | CONTEXT:Repository Context | EVALUATION:Rule Conformance | EXAMPLE:Output Template | OUTPUT:Control Signal | OUTPUT:Existing Thread Response | PROCESS:Required Sequence | RESOURCE:Local Workspace | TASK:Artifact Review
rq3_204,8,2,2,CONSTRAINT:Quality Standard | CONTEXT:Repository Context | EVALUATION:Rule Conformance | EXAMPLE:Output Template | EXAMPLE:Worked Case | OUTPUT:Repository Change | PROCESS:Decision Branch | PROCESS:Required Sequence | RESOURCE:Local Workspace | TASK:Artifact Change,CONSTRAINT:Quality Standard | CONSTRAINT:Scope Boundary | CONTEXT:Domain Context | CONTEXT:Repository Context | EXAMPLE:Worked Case | OUTPUT:Repository Change | PROCESS:Decision Branch | PROCESS:Required Sequence | RESOURCE:Local Workspace | TASK:Artifact Change
rq3_205,14,2,4,COMMUNICATION:Expert Role | CONSTRAINT:Quality Standard | CONTEXT:Domain Context | CONTEXT:Repository Context | EVALUATION:Risk Assessment | EVALUATION:Rule Conformance | EXAMPLE:Output Template | EXAMPLE:Technical Snippet | EXAMPLE:Worked Case | OUTPUT:Control Signal | PROCESS:Cross-Run Memory | PROCESS:Decision Branch | PROCESS:Required Sequence | RESOURCE:GitHub Interface | RESOURCE:Local Workspace | SAFETY:Vulnerability Handling | TASK:Evidence Investigation | TASK:Work Item Management,COMMUNICATION:Expert Role | CONSTRAINT:Evidence Grounding | CONSTRAINT:Quality Standard | CONTEXT:Domain Context | CONTEXT:Repository Context | EVALUATION:Rule Conformance | EXAMPLE:Output Template | EXAMPLE:Technical Snippet | OUTPUT:Control Signal | PROCESS:Cross-Run Memory | PROCESS:Decision Branch | PROCESS:Required Sequence | RESOURCE:GitHub Interface | RESOURCE:Local Workspace | TASK:Artifact Review | TASK:Work Item Management
rq3_206,15,3,0,COMMUNICATION:Expert Role | CONSTRAINT:Quality Standard | CONSTRAINT:Scope Boundary | CONTEXT:Repository Context | EVALUATION:Execution Check | EXAMPLE:Output Template | OUTPUT:Control Signal | OUTPUT:Repository Change | PROCESS:Decision Branch | PROCESS:Required Sequence | RESOURCE:Development Toolchain | RESOURCE:GitHub Interface | RESOURCE:Local Workspace | TASK:Artifact Change | TASK:Executable Validation,COMMUNICATION:Expert Role | CONSTRAINT:Quality Standard | CONSTRAINT:Scope Boundary | CONTEXT:Execution Environment | CONTEXT:Repository Context | EVALUATION:Execution Check | EXAMPLE:Output Template | EXAMPLE:Technical Snippet | OUTPUT:Control Signal | OUTPUT:Repository Change | PROCESS:Decision Branch | PROCESS:Required Sequence | PROCESS:Within-Run Iteration | RESOURCE:Development Toolchain | RESOURCE:GitHub Interface | RESOURCE:Local Workspace | TASK:Artifact Change | TASK:Executable Validation
rq3_207,14,1,1,COMMUNICATION:Automation Disclosure | CONSTRAINT:Evidence Grounding | CONSTRAINT:Scope Boundary | CONTEXT:Repository Context | EVALUATION:Evidence Credibility | EXAMPLE:Output Template | OUTPUT:Existing Thread Response | OUTPUT:New Thread | PROCESS:Decision Branch | PROCESS:Required Sequence | PROCESS:Within-Run Iteration | RESOURCE:GitHub Interface | RESOURCE:Local Workspace | RESOURCE:Web Retrieval | TASK:Evidence Investigation,CONSTRAINT:Evidence Grounding | CONSTRAINT:Quality Standard | CONSTRAINT:Scope Boundary | CONTEXT:Repository Context | EVALUATION:Evidence Credibility | EXAMPLE:Output Template | OUTPUT:Existing Thread Response | OUTPUT:New Thread | PROCESS:Decision Branch | PROCESS:Required Sequence | PROCESS:Within-Run Iteration | RESOURCE:GitHub Interface | RESOURCE:Local Workspace | RESOURCE:Web Retrieval | TASK:Evidence Investigation
rq3_208,12,10,3,COMMUNICATION:Expert Role | CONSTRAINT:Quality Standard | CONTEXT:Repository Context | EVALUATION:Risk Assessment | EVALUATION:Rule Conformance | EXAMPLE:Output Template | EXAMPLE:Technical Snippet | OUTPUT:New Thread | OUTPUT:Standalone Artifact | PROCESS:Required Sequence | RESOURCE:Development Toolchain | SAFETY:Prompt Injection Defense | SAFETY:Vulnerability Handling | TASK:Evidence Investigation | TASK:Executable Validation,COMMUNICATION:Expert Role | CONSTRAINT:Evidence Grounding | CONSTRAINT:Quality Standard | CONSTRAINT:Resource Budget | CONTEXT:Domain Context | CONTEXT:Execution Environment | CONTEXT:Repository Context | EVALUATION:Risk Assessment | EVALUATION:Rule Conformance | EXAMPLE:Output Template | OUTPUT:New Thread | PROCESS:Cross-Run Memory | PROCESS:Required Sequence | RESOURCE:Development Toolchain | RESOURCE:GitHub Interface | RESOURCE:Local Workspace | SAFETY:Execution Isolation | SAFETY:Information Confidentiality | SAFETY:Vulnerability Handling | TASK:Evidence Investigation | TASK:Executable Validation | TASK:Work Item Management
rq3_209,19,2,4,COMMUNICATION:Automation Disclosure | COMMUNICATION:Expert Role | CONSTRAINT:Evidence Grounding | CONSTRAINT:Quality Standard | CONSTRAINT:Resource Budget | CONSTRAINT:Scope Boundary | CONTEXT:Domain Context | CONTEXT:Execution Environment | CONTEXT:Repository Context | EVALUATION:Evidence Credibility | EVALUATION:Rule Conformance | EXAMPLE:Output Template | EXAMPLE:Technical Snippet | OUTPUT:New Thread | PROCESS:Cross-Run Memory | PROCESS:Decision Branch | PROCESS:Required Sequence | PROCESS:Within-Run Iteration | RESOURCE:GitHub Interface | RESOURCE:Local Workspace | SAFETY:Information Confidentiality | SAFETY:Prompt Injection Defense | TASK:Evidence Investigation,COMMUNICATION:Automation Disclosure | COMMUNICATION:Expert Role | CONSTRAINT:Evidence Grounding | CONSTRAINT:Quality Standard | CONSTRAINT:Resource Budget | CONTEXT:Execution Environment | CONTEXT:Historical Context | CONTEXT:Repository Context | EVALUATION:Rule Conformance | EXAMPLE:Output Template | EXAMPLE:Technical Snippet | OUTPUT:New Thread | PROCESS:Cross-Run Memory | PROCESS:Decision Branch | PROCESS:Required Sequence | PROCESS:Within-Run Iteration | RESOURCE:GitHub Interface | RESOURCE:Local Workspace | SAFETY:Information Confidentiality | TASK:Artifact Change | TASK:Evidence Investigation
rq3_211,13,8,0,COMMUNICATION:Expert Role | CONSTRAINT:Evidence Grounding | CONSTRAINT:Quality Standard | CONSTRAINT:Resource Budget | CONTEXT:Domain Context | EXAMPLE:Output Template | EXAMPLE:Technical Snippet | OUTPUT:New Thread | PROCESS:Cross-Run Memory | PROCESS:Required Sequence | RESOURCE:GitHub Interface | RESOURCE:Local Workspace | TASK:Evidence Investigation,COMMUNICATION:Automation Disclosure | COMMUNICATION:Expert Role | CONSTRAINT:Evidence Grounding | CONSTRAINT:Quality Standard | CONSTRAINT:Resource Budget | CONTEXT:Domain Context | CONTEXT:Execution Environment | CONTEXT:Historical Context | CONTEXT:Repository Context | EVALUATION:Risk Assessment | EXAMPLE:Output Template | EXAMPLE:Technical Snippet | EXAMPLE:Worked Case | OUTPUT:New Thread | PROCESS:Cross-Run Memory | PROCESS:Required Sequence | RESOURCE:Development Toolchain | RESOURCE:GitHub Interface | RESOURCE:Local Workspace | TASK:Artifact Review | TASK:Evidence Investigation
rq3_212,14,4,1,CONSTRAINT:Evidence Grounding | CONSTRAINT:Quality Standard | CONSTRAINT:Scope Boundary | CONTEXT:Domain Context | CONTEXT:Repository Context | EVALUATION:Rule Conformance | EXAMPLE:Output Template | OUTPUT:Control Signal | OUTPUT:New Thread | PROCESS:Decision Branch | PROCESS:Required Sequence | PROCESS:Within-Run Iteration | RESOURCE:Local Workspace | RESOURCE:Web Retrieval | TASK:Evidence Investigation,CONSTRAINT:Evidence Grounding | CONSTRAINT:Quality Standard | CONSTRAINT:Scope Boundary | CONTEXT:Domain Context | CONTEXT:Repository Context | EVALUATION:Rule Conformance | EXAMPLE:Output Template | EXAMPLE:Technical Snippet | EXAMPLE:Worked Case | OUTPUT:Control Signal | OUTPUT:New Thread | PROCESS:Decision Branch | PROCESS:Required Sequence | PROCESS:Within-Run Iteration | RESOURCE:GitHub Interface | RESOURCE:Local Workspace | RESOURCE:Web Retrieval | TASK:Artifact Review
rq3_213,11,1,4,COMMUNICATION:Expert Role | CONSTRAINT:Quality Standard | CONSTRAINT:Scope Boundary | CONTEXT:Domain Context | CONTEXT:Execution Environment | EVALUATION:Rule Conformance | EXAMPLE:Output Template | EXAMPLE:Technical Snippet | OUTPUT:Control Signal | OUTPUT:New Thread | PROCESS:Decision Branch | PROCESS:Required Sequence | RESOURCE:GitHub Interface | RESOURCE:Local Workspace | TASK:Evidence Investigation,COMMUNICATION:Expert Role | CONSTRAINT:Quality Standard | CONSTRAINT:Scope Boundary | CONTEXT:Execution Environment | CONTEXT:Historical Context | EXAMPLE:Output Template | OUTPUT:New Thread | PROCESS:Decision Branch | PROCESS:Required Sequence | RESOURCE:GitHub Interface | RESOURCE:Local Workspace | TASK:Evidence Investigation
rq3_214,8,2,1,CONSTRAINT:Scope Boundary | CONTEXT:Execution Environment | CONTEXT:Repository Context | EVALUATION:Execution Check | EXAMPLE:Output Template | OUTPUT:Control Signal | RESOURCE:GitHub Interface | SAFETY:Execution Isolation | TASK:Executable Validation,CONSTRAINT:Scope Boundary | CONTEXT:Domain Context | CONTEXT:Repository Context | EVALUATION:Execution Check | EXAMPLE:Output Template | OUTPUT:Control Signal | PROCESS:Required Sequence | RESOURCE:GitHub Interface | SAFETY:Execution Isolation | TASK:Executable Validation
rq3_215,8,3,1,CONSTRAINT:Evidence Grounding | CONSTRAINT:Scope Boundary | CONTEXT:Repository Context | EVALUATION:Execution Check | OUTPUT:Repository Change | PROCESS:Decision Branch | PROCESS:Required Sequence | TASK:Artifact Change | TASK:Executable Validation,CONSTRAINT:Evidence Grounding | CONSTRAINT:Quality Standard | CONSTRAINT:Scope Boundary | CONTEXT:Execution Environment | EVALUATION:Execution Check | OUTPUT:Repository Change | PROCESS:Decision Branch | PROCESS:Required Sequence | RESOURCE:Development Toolchain | TASK:Artifact Change | TASK:Executable Validation
rq3_216,11,0,5,COMMUNICATION:Expert Role | CONSTRAINT:Scope Boundary | CONTEXT:Domain Context | CONTEXT:Execution Environment | EVALUATION:Rule Conformance | OUTPUT:New Thread | PROCESS:Decision Branch | PROCESS:Required Sequence | PROCESS:Within-Run Iteration | RESOURCE:Development Toolchain | RESOURCE:GitHub Interface | RESOURCE:Local Workspace | RESOURCE:Web Retrieval | SAFETY:Execution Isolation | TASK:Artifact Review | TASK:Executable Validation,COMMUNICATION:Expert Role | CONTEXT:Domain Context | CONTEXT:Execution Environment | EVALUATION:Rule Conformance | OUTPUT:New Thread | PROCESS:Within-Run Iteration | RESOURCE:GitHub Interface | RESOURCE:Local Workspace | RESOURCE:Web Retrieval | SAFETY:Execution Isolation | TASK:Artifact Review
rq3_217,6,2,7,CONSTRAINT:Quality Standard | CONTEXT:Domain Context | CONTEXT:Historical Context | CONTEXT:Repository Context | EVALUATION:Evidence Credibility | EVALUATION:Execution Check | EVALUATION:Rule Conformance | OUTPUT:Standalone Artifact | PROCESS:Cross-Run Memory | PROCESS:Required Sequence | RESOURCE:Agent Resource | TASK:Artifact Change | TASK:Artifact Review,CONTEXT:Execution Environment | CONTEXT:Repository Context | EVALUATION:Execution Check | OUTPUT:Standalone Artifact | PROCESS:Required Sequence | RESOURCE:Local Workspace | TASK:Artifact Change | TASK:Artifact Review
rq3_218,16,5,4,COMMUNICATION:Audience Voice | CONSTRAINT:Resource Budget | CONSTRAINT:Scope Boundary | CONTEXT:Repository Context | EVALUATION:Risk Assessment | EXAMPLE:Output Template | EXAMPLE:Technical Snippet | OUTPUT:Control Signal | OUTPUT:New Thread | OUTPUT:Standalone Artifact | PROCESS:Cross-Run Memory | PROCESS:Decision Branch | PROCESS:Required Sequence | PROCESS:Within-Run Iteration | PROCESS:Work Delegation | RESOURCE:Agent Resource | RESOURCE:GitHub Interface | SAFETY:Vulnerability Handling | TASK:Evidence Investigation | TASK:Work Item Management,COMMUNICATION:Audience Voice | CONSTRAINT:Resource Budget | CONTEXT:Domain Context | CONTEXT:Execution Environment | CONTEXT:Repository Context | EXAMPLE:Output Template | EXAMPLE:Technical Snippet | OUTPUT:New Thread | OUTPUT:Repository Change | OUTPUT:Standalone Artifact | PROCESS:Cross-Run Memory | PROCESS:Decision Branch | PROCESS:Required Sequence | PROCESS:Within-Run Iteration | PROCESS:Work Delegation | RESOURCE:GitHub Interface | RESOURCE:Local Workspace | SAFETY:Vulnerability Handling | TASK:Artifact Change | TASK:Evidence Investigation | TASK:Work Item Management
rq3_219,22,0,1,COMMUNICATION:Audience Voice | COMMUNICATION:Expert Role | CONSTRAINT:Quality Standard | CONSTRAINT:Resource Budget | CONSTRAINT:Scope Boundary | CONTEXT:Domain Context | CONTEXT:Execution Environment | CONTEXT:Repository Context | EVALUATION:Risk Assessment | EVALUATION:Rule Conformance | EXAMPLE:Output Template | EXAMPLE:Technical Snippet | EXAMPLE:Worked Case | OUTPUT:Control Signal | OUTPUT:Repository Change | PROCESS:Cross-Run Memory | PROCESS:Decision Branch | PROCESS:Required Sequence | PROCESS:Work Delegation | RESOURCE:Agent Resource | RESOURCE:GitHub Interface | RESOURCE:Local Workspace | TASK:Artifact Change,COMMUNICATION:Audience Voice | COMMUNICATION:Expert Role | CONSTRAINT:Quality Standard | CONSTRAINT:Resource Budget | CONSTRAINT:Scope Boundary | CONTEXT:Domain Context | CONTEXT:Execution Environment | CONTEXT:Repository Context | EVALUATION:Rule Conformance | EXAMPLE:Output Template | EXAMPLE:Technical Snippet | EXAMPLE:Worked Case | OUTPUT:Control Signal | OUTPUT:Repository Change | PROCESS:Cross-Run Memory | PROCESS:Decision Branch | PROCESS:Required Sequence | PROCESS:Work Delegation | RESOURCE:Agent Resource | RESOURCE:GitHub Interface | RESOURCE:Local Workspace | TASK:Artifact Change
rq3_220,7,0,3,CONSTRAINT:Scope Boundary | EVALUATION:Rule Conformance | OUTPUT:Control Signal | OUTPUT:New Thread | PROCESS:Cross-Run Memory | PROCESS:Decision Branch | PROCESS:Required Sequence | RESOURCE:GitHub Interface | RESOURCE:Local Workspace | TASK:Work Item Management,OUTPUT:Control Signal | OUTPUT:New Thread | PROCESS:Cross-Run Memory | PROCESS:Decision Branch | RESOURCE:GitHub Interface | RESOURCE:Local Workspace | TASK:Work Item Management
rq3_221,17,2,3,COMMUNICATION:Expert Role | CONSTRAINT:Resource Budget | CONSTRAINT:Scope Boundary | CONTEXT:Execution Environment | CONTEXT:Repository Context | EVALUATION:Rule Conformance | EXAMPLE:Output Template | EXAMPLE:Technical Snippet | OUTPUT:Control Signal | OUTPUT:Existing Thread Response | OUTPUT:New Thread | PROCESS:Decision Branch | PROCESS:Required Sequence | PROCESS:Within-Run Iteration | PROCESS:Work Delegation | RESOURCE:GitHub Interface | SAFETY:Information Confidentiality | SAFETY:Prompt Injection Defense | TASK:Evidence Investigation | TASK:Work Item Management,COMMUNICATION:Expert Role | CONSTRAINT:Quality Standard | CONSTRAINT:Resource Budget | CONSTRAINT:Scope Boundary | CONTEXT:Domain Context | CONTEXT:Repository Context | EXAMPLE:Output Template | OUTPUT:Control Signal | OUTPUT:Existing Thread Response | OUTPUT:New Thread | PROCESS:Decision Branch | PROCESS:Required Sequence | PROCESS:Within-Run Iteration | PROCESS:Work Delegation | RESOURCE:GitHub Interface | SAFETY:Information Confidentiality | SAFETY:Prompt Injection Defense | TASK:Evidence Investigation | TASK:Work Item Management
rq3_222,11,3,3,COMMUNICATION:Automation Disclosure | CONSTRAINT:Scope Boundary | CONTEXT:Domain Context | CONTEXT:Repository Context | EVALUATION:Evidence Credibility | EVALUATION:Rule Conformance | EXAMPLE:Worked Case | OUTPUT:Control Signal | OUTPUT:Existing Thread Response | PROCESS:Decision Branch | PROCESS:Required Sequence | PROCESS:Work Delegation | RESOURCE:GitHub Interface | TASK:Evidence Investigation,COMMUNICATION:Expert Role | CONSTRAINT:Scope Boundary | CONTEXT:Domain Context | CONTEXT:Repository Context | EVALUATION:Rule Conformance | EXAMPLE:Worked Case | OUTPUT:Control Signal | OUTPUT:Existing Thread Response | PROCESS:Decision Branch | PROCESS:Required Sequence | PROCESS:Work Delegation | RESOURCE:GitHub Interface | TASK:Artifact Review | TASK:Work Item Management
rq3_223,12,4,0,CONSTRAINT:Evidence Grounding | CONSTRAINT:Quality Standard | CONSTRAINT:Scope Boundary | CONTEXT:Execution Environment | CONTEXT:Repository Context | EVALUATION:Evidence Credibility | OUTPUT:Existing Thread Response | PROCESS:Decision Branch | PROCESS:Required Sequence | RESOURCE:Agent Resource | RESOURCE:Local Workspace | TASK:Artifact Review,CONSTRAINT:Evidence Grounding | CONSTRAINT:Quality Standard | CONSTRAINT:Scope Boundary | CONTEXT:Execution Environment | CONTEXT:Historical Context | CONTEXT:Repository Context | EVALUATION:Evidence Credibility | OUTPUT:Control Signal | OUTPUT:Existing Thread Response | PROCESS:Decision Branch | PROCESS:Required Sequence | PROCESS:Within-Run Iteration | RESOURCE:Agent Resource | RESOURCE:GitHub Interface | RESOURCE:Local Workspace | TASK:Artifact Review
rq3_224,13,5,4,CONSTRAINT:Resource Budget | CONSTRAINT:Scope Boundary | CONTEXT:Domain Context | CONTEXT:Execution Environment | EVALUATION:Execution Check | EVALUATION:Rule Conformance | OUTPUT:Repository Change | OUTPUT:Standalone Artifact | PROCESS:Cross-Run Memory | PROCESS:Decision Branch | PROCESS:Required Sequence | PROCESS:Within-Run Iteration | RESOURCE:Development Toolchain | RESOURCE:Local Workspace | RESOURCE:Web Retrieval | TASK:Artifact Change | TASK:Executable Validation,CONSTRAINT:Resource Budget | CONSTRAINT:Scope Boundary | CONTEXT:Domain Context | CONTEXT:Execution Environment | CONTEXT:Historical Context | CONTEXT:Repository Context | EXAMPLE:Technical Snippet | OUTPUT:Repository Change | OUTPUT:Standalone Artifact | PROCESS:Cross-Run Memory | PROCESS:Decision Branch | PROCESS:Required Sequence | PROCESS:Within-Run Iteration | RESOURCE:GitHub Interface | RESOURCE:Local Workspace | RESOURCE:Web Retrieval | TASK:Artifact Change | TASK:Evidence Investigation
rq3_225,11,3,3,COMMUNICATION:Audience Voice | CONSTRAINT:Quality Standard | CONSTRAINT:Scope Boundary | EVALUATION:Rule Conformance | EXAMPLE:Output Template | OUTPUT:Control Signal | OUTPUT:Repository Change | PROCESS:Decision Branch | PROCESS:Required Sequence | RESOURCE:GitHub Interface | RESOURCE:Local Workspace | RESOURCE:Web Retrieval | TASK:Artifact Change | TASK:Evidence Investigation,COMMUNICATION:Audience Voice | CONSTRAINT:Scope Boundary | CONTEXT:Domain Context | CONTEXT:Repository Context | EXAMPLE:Output Template | OUTPUT:Control Signal | OUTPUT:Repository Change | PROCESS:Decision Branch | PROCESS:Required Sequence | RESOURCE:GitHub Interface | RESOURCE:Local Workspace | RESOURCE:Web Retrieval | TASK:Artifact Change | TASK:Executable Validation
rq3_227,12,7,1,COMMUNICATION:Expert Role | CONSTRAINT:Quality Standard | CONSTRAINT:Resource Budget | CONSTRAINT:Scope Boundary | CONTEXT:Repository Context | EVALUATION:Rule Conformance | EXAMPLE:Output Template | EXAMPLE:Technical Snippet | OUTPUT:Existing Thread Response | PROCESS:Required Sequence | RESOURCE:Agent Resource | RESOURCE:GitHub Interface | TASK:Evidence Investigation,COMMUNICATION:Automation Disclosure | COMMUNICATION:Expert Role | CONSTRAINT:Quality Standard | CONSTRAINT:Resource Budget | CONSTRAINT:Scope Boundary | CONTEXT:Domain Context | CONTEXT:Execution Environment | CONTEXT:Repository Context | EVALUATION:Rule Conformance | EXAMPLE:Output Template | EXAMPLE:Technical Snippet | OUTPUT:Existing Thread Response | PROCESS:Decision Branch | PROCESS:Required Sequence | RESOURCE:Agent Resource | RESOURCE:GitHub Interface | SAFETY:Execution Isolation | SAFETY:Prompt Injection Defense | TASK:Artifact Change
rq3_228,10,1,3,COMMUNICATION:Audience Voice | CONSTRAINT:Quality Standard | CONSTRAINT:Scope Boundary | CONTEXT:Repository Context | EVALUATION:Rule Conformance | EXAMPLE:Output Template | OUTPUT:Control Signal | OUTPUT:Repository Change | PROCESS:Decision Branch | PROCESS:Required Sequence | PROCESS:Within-Run Iteration | RESOURCE:Local Workspace | TASK:Artifact Change,COMMUNICATION:Audience Voice | CONSTRAINT:Quality Standard | CONSTRAINT:Scope Boundary | CONTEXT:Repository Context | EXAMPLE:Output Template | EXAMPLE:Technical Snippet | OUTPUT:Control Signal | OUTPUT:Repository Change | PROCESS:Decision Branch | PROCESS:Required Sequence | TASK:Artifact Change
rq3_229,16,2,2,COMMUNICATION:Audience Voice | CONSTRAINT:Evidence Grounding | CONSTRAINT:Quality Standard | CONSTRAINT:Resource Budget | CONSTRAINT:Scope Boundary | CONTEXT:Domain Context | CONTEXT:Repository Context | EVALUATION:Rule Conformance | OUTPUT:Control Signal | OUTPUT:Existing Thread Response | PROCESS:Decision Branch | PROCESS:Required Sequence | PROCESS:Work Delegation | RESOURCE:Agent Resource | RESOURCE:Local Workspace | SAFETY:Information Confidentiality | TASK:Evidence Investigation | TASK:Work Item Management,COMMUNICATION:Audience Voice | COMMUNICATION:Expert Role | CONSTRAINT:Evidence Grounding | CONSTRAINT:Quality Standard | CONSTRAINT:Resource Budget | CONSTRAINT:Scope Boundary | CONTEXT:Domain Context | CONTEXT:Repository Context | EVALUATION:Rule Conformance | EXAMPLE:Output Template | OUTPUT:Control Signal | OUTPUT:Existing Thread Response | PROCESS:Decision Branch | PROCESS:Required Sequence | PROCESS:Work Delegation | RESOURCE:Local Workspace | SAFETY:Information Confidentiality | TASK:Work Item Management
rq3_230,3,0,1,CONSTRAINT:Scope Boundary | CONTEXT:Repository Context | PROCESS:Decision Branch | TASK:Artifact Review,CONTEXT:Repository Context | PROCESS:Decision Branch | TASK:Artifact Review
rq3_231,7,11,1,COMMUNICATION:Expert Role | CONSTRAINT:Scope Boundary | CONTEXT:Repository Context | EVALUATION:Rule Conformance | EXAMPLE:Output Template | OUTPUT:New Thread | RESOURCE:Agent Resource | TASK:Artifact Review,COMMUNICATION:Expert Role | CONSTRAINT:Quality Standard | CONSTRAINT:Resource Budget | CONSTRAINT:Scope Boundary | CONTEXT:Domain Context | CONTEXT:Execution Environment | CONTEXT:Repository Context | EVALUATION:Rule Conformance | EXAMPLE:Output Template | OUTPUT:Control Signal | OUTPUT:New Thread | PROCESS:Cross-Run Memory | PROCESS:Decision Branch | PROCESS:Required Sequence | PROCESS:Within-Run Iteration | RESOURCE:GitHub Interface | RESOURCE:Local Workspace | TASK:Artifact Review
rq3_232,7,3,4,COMMUNICATION:Audience Voice | CONSTRAINT:Evidence Grounding | CONSTRAINT:Quality Standard | CONTEXT:Domain Context | CONTEXT:Repository Context | OUTPUT:Repository Change | PROCESS:Decision Branch | PROCESS:Required Sequence | PROCESS:Within-Run Iteration | RESOURCE:GitHub Interface | TASK:Artifact Change,COMMUNICATION:Audience Voice | COMMUNICATION:Expert Role | CONSTRAINT:Quality Standard | CONTEXT:Domain Context | EXAMPLE:Output Template | OUTPUT:Repository Change | PROCESS:Required Sequence | RESOURCE:GitHub Interface | TASK:Artifact Change | TASK:Evidence Investigation
rq3_233,12,1,2,CONSTRAINT:Quality Standard | CONSTRAINT:Resource Budget | EVALUATION:Execution Check | OUTPUT:Control Signal | OUTPUT:Existing Thread Response | OUTPUT:New Thread | OUTPUT:Standalone Artifact | PROCESS:Decision Branch | PROCESS:Required Sequence | RESOURCE:Development Toolchain | RESOURCE:GitHub Interface | RESOURCE:Local Workspace | RESOURCE:Web Retrieval | TASK:Executable Validation,CONSTRAINT:Quality Standard | CONSTRAINT:Resource Budget | CONSTRAINT:Scope Boundary | EVALUATION:Execution Check | OUTPUT:Control Signal | OUTPUT:Existing Thread Response | OUTPUT:New Thread | PROCESS:Decision Branch | RESOURCE:Development Toolchain | RESOURCE:GitHub Interface | RESOURCE:Local Workspace | RESOURCE:Web Retrieval | TASK:Executable Validation
rq3_234,14,1,4,CONSTRAINT:Evidence Grounding | CONSTRAINT:Quality Standard | CONSTRAINT:Scope Boundary | CONTEXT:Execution Environment | CONTEXT:Repository Context | EVALUATION:Evidence Credibility | EVALUATION:Risk Assessment | EVALUATION:Rule Conformance | EXAMPLE:Output Template | EXAMPLE:Worked Case | OUTPUT:Control Signal | OUTPUT:Standalone Artifact | PROCESS:Decision Branch | PROCESS:Required Sequence | RESOURCE:GitHub Interface | RESOURCE:Local Workspace | TASK:Artifact Change | TASK:Evidence Investigation,CONSTRAINT:Evidence Grounding | CONSTRAINT:Quality Standard | CONSTRAINT:Scope Boundary | CONTEXT:Execution Environment | CONTEXT:Repository Context | EXAMPLE:Output Template | EXAMPLE:Technical Snippet | OUTPUT:Control Signal | OUTPUT:Standalone Artifact | PROCESS:Decision Branch | PROCESS:Required Sequence | RESOURCE:GitHub Interface | RESOURCE:Local Workspace | TASK:Artifact Change | TASK:Evidence Investigation
rq3_235,12,6,3,COMMUNICATION:Automation Disclosure | COMMUNICATION:Expert Role | CONSTRAINT:Quality Standard | CONSTRAINT:Scope Boundary | CONTEXT:Domain Context | CONTEXT:Execution Environment | CONTEXT:Repository Context | EVALUATION:Risk Assessment | EXAMPLE:Output Template | OUTPUT:New Thread | OUTPUT:Standalone Artifact | PROCESS:Decision Branch | PROCESS:Required Sequence | RESOURCE:Local Workspace | TASK:Evidence Investigation,COMMUNICATION:Expert Role | CONSTRAINT:Evidence Grounding | CONSTRAINT:Quality Standard | CONSTRAINT:Scope Boundary | CONTEXT:Domain Context | CONTEXT:Execution Environment | CONTEXT:Historical Context | EXAMPLE:Output Template | EXAMPLE:Technical Snippet | OUTPUT:New Thread | OUTPUT:Standalone Artifact | PROCESS:Decision Branch | PROCESS:Required Sequence | RESOURCE:GitHub Interface | RESOURCE:Local Workspace | TASK:Artifact Change | TASK:Evidence Investigation | TASK:Work Item Management
rq3_236,11,4,2,CONSTRAINT:Quality Standard | CONSTRAINT:Scope Boundary | CONTEXT:Domain Context | EVALUATION:Rule Conformance | EXAMPLE:Technical Snippet | OUTPUT:Repository Change | PROCESS:Decision Branch | PROCESS:Required Sequence | RESOURCE:Development Toolchain | RESOURCE:Local Workspace | RESOURCE:Web Retrieval | TASK:Artifact Change | TASK:Evidence Investigation,CONSTRAINT:Quality Standard | CONSTRAINT:Resource Budget | CONSTRAINT:Scope Boundary | CONTEXT:Domain Context | EXAMPLE:Output Template | EXAMPLE:Technical Snippet | OUTPUT:Repository Change | PROCESS:Decision Branch | PROCESS:Required Sequence | RESOURCE:Development Toolchain | RESOURCE:GitHub Interface | RESOURCE:Local Workspace | RESOURCE:Web Retrieval | TASK:Artifact Change | TASK:Executable Validation
rq3_237,14,1,1,COMMUNICATION:Automation Disclosure | CONSTRAINT:Resource Budget | CONTEXT:Domain Context | CONTEXT:Repository Context | EVALUATION:Execution Check | EVALUATION:Rule Conformance | EXAMPLE:Output Template | OUTPUT:Control Signal | OUTPUT:New Thread | PROCESS:Decision Branch | PROCESS:Required Sequence | PROCESS:Within-Run Iteration | RESOURCE:Development Toolchain | RESOURCE:Web Retrieval | TASK:Executable Validation,COMMUNICATION:Automation Disclosure | CONSTRAINT:Resource Budget | CONTEXT:Domain Context | CONTEXT:Repository Context | EVALUATION:Execution Check | EVALUATION:Rule Conformance | EXAMPLE:Output Template | OUTPUT:Control Signal | OUTPUT:New Thread | PROCESS:Decision Branch | PROCESS:Required Sequence | PROCESS:Within-Run Iteration | RESOURCE:Web Retrieval | TASK:Artifact Review | TASK:Executable Validation
rq3_238,16,2,2,COMMUNICATION:Audience Voice | CONSTRAINT:Evidence Grounding | CONSTRAINT:Quality Standard | CONSTRAINT:Scope Boundary | CONTEXT:Domain Context | CONTEXT:Historical Context | EVALUATION:Risk Assessment | EVALUATION:Rule Conformance | OUTPUT:Control Signal | OUTPUT:Existing Thread Response | PROCESS:Decision Branch | PROCESS:Required Sequence | RESOURCE:GitHub Interface | RESOURCE:Local Workspace | SAFETY:Information Confidentiality | SAFETY:Prompt Injection Defense | TASK:Evidence Investigation | TASK:Work Item Management,COMMUNICATION:Audience Voice | COMMUNICATION:Expert Role | CONSTRAINT:Evidence Grounding | CONSTRAINT:Quality Standard | CONSTRAINT:Scope Boundary | CONTEXT:Domain Context | CONTEXT:Repository Context | EVALUATION:Risk Assessment | EVALUATION:Rule Conformance | OUTPUT:Control Signal | OUTPUT:Existing Thread Response | PROCESS:Decision Branch | PROCESS:Required Sequence | RESOURCE:GitHub Interface | RESOURCE:Local Workspace | SAFETY:Prompt Injection Defense | TASK:Evidence Investigation | TASK:Work Item Management
rq3_239,13,2,7,COMMUNICATION:Automation Disclosure | COMMUNICATION:Expert Role | CONSTRAINT:Scope Boundary | CONTEXT:Domain Context | CONTEXT:Repository Context | EVALUATION:Risk Assessment | EVALUATION:Rule Conformance | EXAMPLE:Output Template | EXAMPLE:Technical Snippet | OUTPUT:Control Signal | OUTPUT:New Thread | PROCESS:Cross-Run Memory | PROCESS:Decision Branch | PROCESS:Required Sequence | PROCESS:Within-Run Iteration | RESOURCE:Development Toolchain | RESOURCE:Local Workspace | TASK:Artifact Review | TASK:Evidence Investigation | TASK:Executable Validation,COMMUNICATION:Expert Role | CONSTRAINT:Scope Boundary | CONTEXT:Execution Environment | CONTEXT:Repository Context | EXAMPLE:Output Template | EXAMPLE:Technical Snippet | OUTPUT:Control Signal | OUTPUT:New Thread | PROCESS:Cross-Run Memory | PROCESS:Decision Branch | PROCESS:Required Sequence | RESOURCE:Development Toolchain | RESOURCE:GitHub Interface | RESOURCE:Local Workspace | TASK:Evidence Investigation
rq3_240,11,7,0,COMMUNICATION:Automation Disclosure | CONSTRAINT:Evidence Grounding | CONSTRAINT:Scope Boundary | CONTEXT:Execution Environment | EVALUATION:Rule Conformance | EXAMPLE:Output Template | OUTPUT:Existing Thread Response | PROCESS:Decision Branch | PROCESS:Required Sequence | SAFETY:Prompt Injection Defense | TASK:Artifact Review,COMMUNICATION:Automation Disclosure | CONSTRAINT:Evidence Grounding | CONSTRAINT:Scope Boundary | CONTEXT:Execution Environment | CONTEXT:Historical Context | CONTEXT:Repository Context | EVALUATION:Evidence Credibility | EVALUATION:Rule Conformance | EXAMPLE:Output Template | OUTPUT:Control Signal | OUTPUT:Existing Thread Response | PROCESS:Decision Branch | PROCESS:Required Sequence | PROCESS:Within-Run Iteration | RESOURCE:GitHub Interface | RESOURCE:Local Workspace | SAFETY:Prompt Injection Defense | TASK:Artifact Review
rq3_241,11,1,0,CONSTRAINT:Quality Standard | CONTEXT:Execution Environment | EVALUATION:Execution Check | OUTPUT:Control Signal | OUTPUT:Existing Thread Response | PROCESS:Decision Branch | PROCESS:Required Sequence | RESOURCE:GitHub Interface | RESOURCE:Local Workspace | TASK:Executable Validation | TASK:Work Item Management,CONSTRAINT:Quality Standard | CONTEXT:Execution Environment | EVALUATION:Execution Check | OUTPUT:Control Signal | OUTPUT:Existing Thread Response | PROCESS:Decision Branch | PROCESS:Required Sequence | RESOURCE:GitHub Interface | RESOURCE:Local Workspace | SAFETY:Execution Isolation | TASK:Executable Validation | TASK:Work Item Management
rq3_242,13,8,2,COMMUNICATION:Expert Role | CONSTRAINT:Quality Standard | CONTEXT:Historical Context | CONTEXT:Repository Context | EVALUATION:Execution Check | EXAMPLE:Output Template | EXAMPLE:Technical Snippet | OUTPUT:Existing Thread Response | OUTPUT:New Thread | OUTPUT:Repository Change | PROCESS:Decision Branch | PROCESS:Required Sequence | RESOURCE:Agent Resource | SAFETY:Prompt Injection Defense | TASK:Artifact Change,COMMUNICATION:Expert Role | CONSTRAINT:Evidence Grounding | CONSTRAINT:Quality Standard | CONSTRAINT:Resource Budget | CONSTRAINT:Scope Boundary | CONTEXT:Repository Context | EVALUATION:Execution Check | EXAMPLE:Output Template | EXAMPLE:Technical Snippet | OUTPUT:Existing Thread Response | OUTPUT:Repository Change | PROCESS:Decision Branch | PROCESS:Required Sequence | RESOURCE:Agent Resource | RESOURCE:Development Toolchain | RESOURCE:GitHub Interface | RESOURCE:Local Workspace | SAFETY:Prompt Injection Defense | TASK:Artifact Change | TASK:Evidence Investigation | TASK:Executable Validation
rq3_243,10,4,0,CONSTRAINT:Quality Standard | CONSTRAINT:Scope Boundary | EVALUATION:Rule Conformance | EXAMPLE:Output Template | OUTPUT:Control Signal | OUTPUT:New Thread | PROCESS:Decision Branch | PROCESS:Work Delegation | RESOURCE:Local Workspace | TASK:Evidence Investigation,CONSTRAINT:Quality Standard | CONSTRAINT:Scope Boundary | CONTEXT:Domain Context | CONTEXT:Repository Context | EVALUATION:Rule Conformance | EXAMPLE:Output Template | OUTPUT:Control Signal | OUTPUT:New Thread | PROCESS:Decision Branch | PROCESS:Required Sequence | PROCESS:Work Delegation | RESOURCE:Agent Resource | RESOURCE:Local Workspace | TASK:Evidence Investigation
rq3_244,9,9,2,COMMUNICATION:Expert Role | CONSTRAINT:Quality Standard | CONTEXT:Repository Context | EVALUATION:Rule Conformance | EXAMPLE:Output Template | OUTPUT:New Thread | PROCESS:Decision Branch | PROCESS:Required Sequence | RESOURCE:Agent Resource | RESOURCE:Local Workspace | TASK:Artifact Review,COMMUNICATION:Audience Voice | COMMUNICATION:Expert Role | CONSTRAINT:Quality Standard | CONSTRAINT:Scope Boundary | CONTEXT:Domain Context | CONTEXT:Execution Environment | CONTEXT:Repository Context | EXAMPLE:Output Template | EXAMPLE:Technical Snippet | OUTPUT:Control Signal | OUTPUT:New Thread | PROCESS:Decision Branch | PROCESS:Required Sequence | PROCESS:Work Delegation | RESOURCE:Agent Resource | RESOURCE:Local Workspace | TASK:Evidence Investigation | TASK:Work Item Management
rq3_245,13,6,1,CONSTRAINT:Evidence Grounding | CONSTRAINT:Scope Boundary | CONTEXT:Repository Context | EVALUATION:Execution Check | EVALUATION:Rule Conformance | EXAMPLE:Output Template | OUTPUT:Existing Thread Response | OUTPUT:Repository Change | PROCESS:Decision Branch | PROCESS:Required Sequence | PROCESS:Within-Run Iteration | RESOURCE:GitHub Interface | RESOURCE:Local Workspace | TASK:Artifact Change,COMMUNICATION:Expert Role | CONSTRAINT:Evidence Grounding | CONSTRAINT:Quality Standard | CONSTRAINT:Scope Boundary | CONTEXT:Repository Context | EVALUATION:Execution Check | EXAMPLE:Output Template | EXAMPLE:Technical Snippet | OUTPUT:Existing Thread Response | OUTPUT:Repository Change | PROCESS:Decision Branch | PROCESS:Required Sequence | PROCESS:Within-Run Iteration | RESOURCE:GitHub Interface | RESOURCE:Local Workspace | RESOURCE:Web Retrieval | TASK:Artifact Change | TASK:Evidence Investigation | TASK:Executable Validation
rq3_246,13,0,3,COMMUNICATION:Automation Disclosure | COMMUNICATION:Expert Role | CONSTRAINT:Evidence Grounding | CONTEXT:Domain Context | CONTEXT:Repository Context | EVALUATION:Risk Assessment | EVALUATION:Rule Conformance | EXAMPLE:Output Template | EXAMPLE:Technical Snippet | OUTPUT:Control Signal | OUTPUT:New Thread | PROCESS:Decision Branch | PROCESS:Required Sequence | PROCESS:Within-Run Iteration | RESOURCE:Local Workspace | TASK:Artifact Review,COMMUNICATION:Expert Role | CONTEXT:Domain Context | CONTEXT:Repository Context | EVALUATION:Risk Assessment | EVALUATION:Rule Conformance | EXAMPLE:Output Template | EXAMPLE:Technical Snippet | OUTPUT:Control Signal | OUTPUT:New Thread | PROCESS:Decision Branch | PROCESS:Required Sequence | RESOURCE:Local Workspace | TASK:Artifact Review
rq3_247,6,1,4,CONSTRAINT:Quality Standard | CONTEXT:Execution Environment | EVALUATION:Execution Check | EXAMPLE:Output Template | OUTPUT:Control Signal | OUTPUT:Existing Thread Response | PROCESS:Decision Branch | PROCESS:Required Sequence | RESOURCE:Local Workspace | TASK:Work Item Management,CONSTRAINT:Quality Standard | EXAMPLE:Output Template | OUTPUT:Control Signal | OUTPUT:Existing Thread Response | RESOURCE:Local Workspace | TASK:Evidence Investigation | TASK:Work Item Management
rq3_248,15,0,2,COMMUNICATION:Audience Voice | COMMUNICATION:Automation Disclosure | CONSTRAINT:Quality Standard | CONSTRAINT:Resource Budget | CONTEXT:Execution Environment | CONTEXT:Repository Context | EVALUATION:Risk Assessment | EVALUATION:Rule Conformance | EXAMPLE:Output Template | OUTPUT:Control Signal | OUTPUT:Existing Thread Response | PROCESS:Cross-Run Memory | PROCESS:Decision Branch | PROCESS:Required Sequence | RESOURCE:GitHub Interface | RESOURCE:Local Workspace | TASK:Evidence Investigation,COMMUNICATION:Audience Voice | COMMUNICATION:Automation Disclosure | CONSTRAINT:Quality Standard | CONSTRAINT:Resource Budget | CONTEXT:Repository Context | EVALUATION:Rule Conformance | EXAMPLE:Output Template | OUTPUT:Control Signal | OUTPUT:Existing Thread Response | PROCESS:Cross-Run Memory | PROCESS:Decision Branch | PROCESS:Required Sequence | RESOURCE:GitHub Interface | RESOURCE:Local Workspace | TASK:Evidence Investigation
rq3_249,8,2,2,CONSTRAINT:Resource Budget | EVALUATION:Execution Check | EVALUATION:Rule Conformance | EXAMPLE:Output Template | OUTPUT:Existing Thread Response | OUTPUT:Repository Change | PROCESS:Required Sequence | RESOURCE:Local Workspace | TASK:Artifact Change | TASK:Executable Validation,CONSTRAINT:Scope Boundary | EVALUATION:Execution Check | EXAMPLE:Output Template | OUTPUT:Existing Thread Response | OUTPUT:Repository Change | PROCESS:Required Sequence | RESOURCE:GitHub Interface | RESOURCE:Local Workspace | TASK:Artifact Change | TASK:Executable Validation
rq3_251,13,2,4,CONSTRAINT:Evidence Grounding | CONSTRAINT:Quality Standard | CONSTRAINT:Scope Boundary | CONTEXT:Repository Context | EVALUATION:Risk Assessment | EVALUATION:Rule Conformance | EXAMPLE:Output Template | OUTPUT:Control Signal | OUTPUT:Existing Thread Response | PROCESS:Cross-Run Memory | PROCESS:Decision Branch | PROCESS:Required Sequence | RESOURCE:Agent Resource | RESOURCE:GitHub Interface | RESOURCE:Local Workspace | TASK:Artifact Review | TASK:Work Item Management,CONSTRAINT:Scope Boundary | CONTEXT:Domain Context | EVALUATION:Rule Conformance | EXAMPLE:Output Template | OUTPUT:Control Signal | OUTPUT:Existing Thread Response | PROCESS:Cross-Run Memory | PROCESS:Decision Branch | PROCESS:Required Sequence | PROCESS:Within-Run Iteration | RESOURCE:Agent Resource | RESOURCE:GitHub Interface | RESOURCE:Local Workspace | TASK:Artifact Review | TASK:Work Item Management
rq3_252,4,1,1,EXAMPLE:Output Template | OUTPUT:Existing Thread Response | PROCESS:Decision Branch | PROCESS:Required Sequence | RESOURCE:GitHub Interface,COMMUNICATION:Audience Voice | EXAMPLE:Output Template | OUTPUT:Existing Thread Response | PROCESS:Decision Branch | PROCESS:Required Sequence
rq3_253,9,2,2,COMMUNICATION:Expert Role | CONSTRAINT:Quality Standard | CONSTRAINT:Scope Boundary | CONTEXT:Repository Context | EVALUATION:Risk Assessment | EXAMPLE:Output Template | OUTPUT:New Thread | PROCESS:Decision Branch | PROCESS:Required Sequence | RESOURCE:GitHub Interface | TASK:Evidence Investigation,COMMUNICATION:Expert Role | CONSTRAINT:Quality Standard | CONSTRAINT:Scope Boundary | CONTEXT:Repository Context | EXAMPLE:Output Template | EXAMPLE:Technical Snippet | OUTPUT:New Thread | PROCESS:Required Sequence | RESOURCE:GitHub Interface | RESOURCE:Local Workspace | TASK:Evidence Investigation
rq3_254,15,1,5,COMMUNICATION:Expert Role | CONSTRAINT:Evidence Grounding | CONSTRAINT:Quality Standard | CONSTRAINT:Scope Boundary | CONTEXT:Domain Context | CONTEXT:Execution Environment | CONTEXT:Repository Context | EVALUATION:Risk Assessment | EVALUATION:Rule Conformance | EXAMPLE:Output Template | EXAMPLE:Technical Snippet | EXAMPLE:Worked Case | OUTPUT:Control Signal | OUTPUT:New Thread | PROCESS:Decision Branch | PROCESS:Required Sequence | PROCESS:Within-Run Iteration | RESOURCE:Local Workspace | SAFETY:Execution Isolation | TASK:Artifact Review,COMMUNICATION:Expert Role | CONSTRAINT:Quality Standard | CONSTRAINT:Scope Boundary | CONTEXT:Domain Context | CONTEXT:Repository Context | EVALUATION:Risk Assessment | EVALUATION:Rule Conformance | EXAMPLE:Output Template | EXAMPLE:Technical Snippet | OUTPUT:Control Signal | OUTPUT:New Thread | PROCESS:Decision Branch | PROCESS:Required Sequence | RESOURCE:GitHub Interface | RESOURCE:Local Workspace | TASK:Artifact Review
rq3_255,7,2,0,COMMUNICATION:Automation Disclosure | CONSTRAINT:Scope Boundary | OUTPUT:Repository Change | PROCESS:Decision Branch | PROCESS:Required Sequence | RESOURCE:Local Workspace | TASK:Artifact Change,COMMUNICATION:Automation Disclosure | CONSTRAINT:Scope Boundary | EXAMPLE:Output Template | OUTPUT:Control Signal | OUTPUT:Repository Change | PROCESS:Decision Branch | PROCESS:Required Sequence | RESOURCE:Local Workspace | TASK:Artifact Change
rq3_256,17,7,0,COMMUNICATION:Audience Voice | COMMUNICATION:Automation Disclosure | CONSTRAINT:Resource Budget | CONSTRAINT:Scope Boundary | CONTEXT:Repository Context | EVALUATION:Execution Check | EVALUATION:Rule Conformance | EXAMPLE:Output Template | OUTPUT:Existing Thread Response | OUTPUT:Repository Change | PROCESS:Cross-Run Memory | PROCESS:Decision Branch | PROCESS:Required Sequence | RESOURCE:Development Toolchain | RESOURCE:GitHub Interface | TASK:Artifact Change | TASK:Work Item Management,COMMUNICATION:Audience Voice | COMMUNICATION:Automation Disclosure | COMMUNICATION:Expert Role | CONSTRAINT:Quality Standard | CONSTRAINT:Resource Budget | CONSTRAINT:Scope Boundary | CONTEXT:Domain Context | CONTEXT:Repository Context | EVALUATION:Execution Check | EVALUATION:Rule Conformance | EXAMPLE:Output Template | OUTPUT:Control Signal | OUTPUT:Existing Thread Response | OUTPUT:Repository Change | PROCESS:Cross-Run Memory | PROCESS:Decision Branch | PROCESS:Required Sequence | PROCESS:Within-Run Iteration | RESOURCE:Development Toolchain | RESOURCE:GitHub Interface | RESOURCE:Local Workspace | TASK:Artifact Change | TASK:Executable Validation | TASK:Work Item Management
rq3_257,20,4,0,COMMUNICATION:Expert Role | CONSTRAINT:Evidence Grounding | CONSTRAINT:Quality Standard | CONSTRAINT:Scope Boundary | CONTEXT:Domain Context | CONTEXT:Execution Environment | CONTEXT:Historical Context | CONTEXT:Repository Context | EVALUATION:Risk Assessment | EVALUATION:Rule Conformance | EXAMPLE:Output Template | OUTPUT:Control Signal | OUTPUT:New Thread | PROCESS:Decision Branch | PROCESS:Required Sequence | PROCESS:Work Delegation | RESOURCE:Agent Resource | RESOURCE:GitHub Interface | RESOURCE:Local Workspace | TASK:Evidence Investigation,COMMUNICATION:Expert Role | CONSTRAINT:Evidence Grounding | CONSTRAINT:Quality Standard | CONSTRAINT:Resource Budget | CONSTRAINT:Scope Boundary | CONTEXT:Domain Context | CONTEXT:Execution Environment | CONTEXT:Historical Context | CONTEXT:Repository Context | EVALUATION:Risk Assessment | EVALUATION:Rule Conformance | EXAMPLE:Output Template | EXAMPLE:Technical Snippet | OUTPUT:Control Signal | OUTPUT:New Thread | PROCESS:Decision Branch | PROCESS:Required Sequence | PROCESS:Work Delegation | RESOURCE:Agent Resource | RESOURCE:GitHub Interface | RESOURCE:Local Workspace | TASK:Artifact Review | TASK:Evidence Investigation | TASK:Work Item Management
rq3_258,12,2,3,COMMUNICATION:Audience Voice | COMMUNICATION:Automation Disclosure | CONSTRAINT:Evidence Grounding | CONSTRAINT:Quality Standard | CONSTRAINT:Resource Budget | CONSTRAINT:Scope Boundary | CONTEXT:Execution Environment | EXAMPLE:Output Template | OUTPUT:New Thread | OUTPUT:Standalone Artifact | PROCESS:Cross-Run Memory | PROCESS:Decision Branch | PROCESS:Required Sequence | RESOURCE:Local Workspace | TASK:Evidence Investigation,COMMUNICATION:Audience Voice | CONSTRAINT:Quality Standard | CONSTRAINT:Scope Boundary | CONTEXT:Execution Environment | EXAMPLE:Output Template | OUTPUT:New Thread | OUTPUT:Standalone Artifact | PROCESS:Cross-Run Memory | PROCESS:Decision Branch | PROCESS:Required Sequence | RESOURCE:Development Toolchain | RESOURCE:GitHub Interface | RESOURCE:Local Workspace | TASK:Evidence Investigation
rq3_259,11,4,0,COMMUNICATION:Expert Role | CONSTRAINT:Quality Standard | CONSTRAINT:Scope Boundary | OUTPUT:Control Signal | OUTPUT:Repository Change | PROCESS:Cross-Run Memory | PROCESS:Decision Branch | PROCESS:Required Sequence | RESOURCE:GitHub Interface | RESOURCE:Local Workspace | TASK:Artifact Change,COMMUNICATION:Expert Role | CONSTRAINT:Quality Standard | CONSTRAINT:Resource Budget | CONSTRAINT:Scope Boundary | CONTEXT:Repository Context | OUTPUT:Control Signal | OUTPUT:Repository Change | PROCESS:Cross-Run Memory | PROCESS:Decision Branch | PROCESS:Required Sequence | PROCESS:Within-Run Iteration | RESOURCE:GitHub Interface | RESOURCE:Local Workspace | TASK:Artifact Change | TASK:Artifact Review
rq3_260,6,2,0,CONSTRAINT:Quality Standard | CONTEXT:Repository Context | EVALUATION:Rule Conformance | OUTPUT:Control Signal | OUTPUT:Existing Thread Response | TASK:Artifact Review,CONSTRAINT:Quality Standard | CONTEXT:Repository Context | EVALUATION:Rule Conformance | OUTPUT:Control Signal | OUTPUT:Existing Thread Response | PROCESS:Required Sequence | RESOURCE:Local Workspace | TASK:Artifact Review
rq3_261,10,7,1,COMMUNICATION:Expert Role | CONSTRAINT:Quality Standard | CONSTRAINT:Scope Boundary | EVALUATION:Risk Assessment | OUTPUT:Existing Thread Response | PROCESS:Decision Branch | PROCESS:Required Sequence | RESOURCE:GitHub Interface | RESOURCE:Web Retrieval | SAFETY:Information Confidentiality | TASK:Artifact Review,COMMUNICATION:Audience Voice | COMMUNICATION:Expert Role | CONSTRAINT:Quality Standard | CONSTRAINT:Resource Budget | CONSTRAINT:Scope Boundary | CONTEXT:Repository Context | EVALUATION:Risk Assessment | EXAMPLE:Output Template | EXAMPLE:Technical Snippet | OUTPUT:Existing Thread Response | PROCESS:Decision Branch | PROCESS:Required Sequence | RESOURCE:GitHub Interface | RESOURCE:Local Workspace | RESOURCE:Web Retrieval | SAFETY:Vulnerability Handling | TASK:Artifact Review
rq3_262,11,5,1,CONSTRAINT:Quality Standard | CONTEXT:Execution Environment | EVALUATION:Execution Check | OUTPUT:Control Signal | OUTPUT:Existing Thread Response | PROCESS:Decision Branch | PROCESS:Required Sequence | RESOURCE:GitHub Interface | RESOURCE:Local Workspace | SAFETY:Execution Isolation | SAFETY:Prompt Injection Defense | TASK:Executable Validation,CONSTRAINT:Quality Standard | CONTEXT:Domain Context | CONTEXT:Execution Environment | CONTEXT:Historical Context | CONTEXT:Repository Context | EVALUATION:Execution Check | EXAMPLE:Output Template | OUTPUT:Control Signal | OUTPUT:Existing Thread Response | PROCESS:Decision Branch | RESOURCE:GitHub Interface | RESOURCE:Local Workspace | SAFETY:Execution Isolation | SAFETY:Prompt Injection Defense | TASK:Executable Validation | TASK:Work Item Management
rq3_263,10,1,0,COMMUNICATION:Expert Role | CONSTRAINT:Quality Standard | CONTEXT:Domain Context | CONTEXT:Repository Context | EVALUATION:Rule Conformance | EXAMPLE:Output Template | OUTPUT:New Thread | PROCESS:Required Sequence | RESOURCE:Local Workspace | TASK:Artifact Review,COMMUNICATION:Expert Role | CONSTRAINT:Quality Standard | CONTEXT:Domain Context | CONTEXT:Repository Context | EVALUATION:Rule Conformance | EXAMPLE:Output Template | OUTPUT:New Thread | PROCESS:Required Sequence | RESOURCE:Local Workspace | TASK:Artifact Review | TASK:Evidence Investigation
rq3_264,2,1,1,CONTEXT:Repository Context | OUTPUT:Control Signal | TASK:Work Item Management,OUTPUT:Control Signal | RESOURCE:GitHub Interface | TASK:Work Item Management
rq3_265,18,0,3,COMMUNICATION:Automation Disclosure | COMMUNICATION:Expert Role | CONSTRAINT:Quality Standard | CONSTRAINT:Scope Boundary | CONTEXT:Execution Environment | CONTEXT:Repository Context | EVALUATION:Execution Check | EVALUATION:Risk Assessment | EVALUATION:Rule Conformance | EXAMPLE:Output Template | EXAMPLE:Technical Snippet | OUTPUT:Control Signal | OUTPUT:Repository Change | PROCESS:Decision Branch | PROCESS:Required Sequence | PROCESS:Within-Run Iteration | RESOURCE:Development Toolchain | RESOURCE:GitHub Interface | RESOURCE:Local Workspace | TASK:Artifact Change | TASK:Executable Validation,COMMUNICATION:Expert Role | CONSTRAINT:Quality Standard | CONSTRAINT:Scope Boundary | CONTEXT:Repository Context | EVALUATION:Execution Check | EVALUATION:Rule Conformance | EXAMPLE:Output Template | EXAMPLE:Technical Snippet | OUTPUT:Control Signal | OUTPUT:Repository Change | PROCESS:Decision Branch | PROCESS:Required Sequence | PROCESS:Within-Run Iteration | RESOURCE:Development Toolchain | RESOURCE:GitHub Interface | RESOURCE:Local Workspace | TASK:Artifact Change | TASK:Executable Validation
rq3_266,15,1,5,COMMUNICATION:Automation Disclosure | CONSTRAINT:Scope Boundary | CONTEXT:Domain Context | CONTEXT:Execution Environment | CONTEXT:Repository Context | EVALUATION:Execution Check | EVALUATION:Risk Assessment | EVALUATION:Rule Conformance | OUTPUT:Control Signal | OUTPUT:Repository Change | OUTPUT:Standalone Artifact | PROCESS:Decision Branch | PROCESS:Required Sequence | PROCESS:Within-Run Iteration | RESOURCE:Agent Resource | RESOURCE:Development Toolchain | RESOURCE:Local Workspace | SAFETY:Execution Isolation | TASK:Artifact Change | TASK:Executable Validation,CONSTRAINT:Scope Boundary | CONTEXT:Domain Context | CONTEXT:Execution Environment | CONTEXT:Repository Context | EVALUATION:Execution Check | EXAMPLE:Output Template | OUTPUT:Control Signal | OUTPUT:Repository Change | OUTPUT:Standalone Artifact | PROCESS:Decision Branch | PROCESS:Required Sequence | RESOURCE:Development Toolchain | RESOURCE:Local Workspace | SAFETY:Execution Isolation | TASK:Artifact Change | TASK:Executable Validation
rq3_267,9,3,1,COMMUNICATION:Expert Role | CONSTRAINT:Quality Standard | EVALUATION:Rule Conformance | EXAMPLE:Output Template | OUTPUT:New Thread | PROCESS:Decision Branch | PROCESS:Required Sequence | RESOURCE:Local Workspace | TASK:Artifact Review | TASK:Evidence Investigation,COMMUNICATION:Expert Role | CONSTRAINT:Quality Standard | CONTEXT:Repository Context | EVALUATION:Rule Conformance | EXAMPLE:Output Template | EXAMPLE:Technical Snippet | OUTPUT:Control Signal | OUTPUT:New Thread | PROCESS:Decision Branch | PROCESS:Required Sequence | RESOURCE:Local Workspace | TASK:Artifact Review
rq3_268,15,0,3,COMMUNICATION:Audience Voice | COMMUNICATION:Expert Role | CONSTRAINT:Evidence Grounding | CONSTRAINT:Quality Standard | CONSTRAINT:Resource Budget | CONSTRAINT:Scope Boundary | CONTEXT:Domain Context | CONTEXT:Repository Context | EVALUATION:Risk Assessment | EVALUATION:Rule Conformance | EXAMPLE:Output Template | OUTPUT:Existing Thread Response | PROCESS:Decision Branch | PROCESS:Required Sequence | PROCESS:Within-Run Iteration | RESOURCE:GitHub Interface | RESOURCE:Web Retrieval | TASK:Artifact Review,COMMUNICATION:Expert Role | CONSTRAINT:Evidence Grounding | CONSTRAINT:Quality Standard | CONSTRAINT:Resource Budget | CONSTRAINT:Scope Boundary | CONTEXT:Repository Context | EVALUATION:Risk Assessment | EVALUATION:Rule Conformance | EXAMPLE:Output Template | OUTPUT:Existing Thread Response | PROCESS:Decision Branch | PROCESS:Required Sequence | RESOURCE:GitHub Interface | RESOURCE:Web Retrieval | TASK:Artifact Review
rq3_269,11,3,7,COMMUNICATION:Audience Voice | COMMUNICATION:Automation Disclosure | CONSTRAINT:Evidence Grounding | CONSTRAINT:Quality Standard | CONSTRAINT:Scope Boundary | CONTEXT:Execution Environment | CONTEXT:Repository Context | EVALUATION:Risk Assessment | EVALUATION:Rule Conformance | EXAMPLE:Output Template | EXAMPLE:Technical Snippet | OUTPUT:Repository Change | PROCESS:Decision Branch | PROCESS:Required Sequence | PROCESS:Within-Run Iteration | RESOURCE:GitHub Interface | RESOURCE:Local Workspace | TASK:Artifact Change,COMMUNICATION:Expert Role | CONSTRAINT:Quality Standard | CONSTRAINT:Scope Boundary | CONTEXT:Domain Context | CONTEXT:Repository Context | EXAMPLE:Output Template | EXAMPLE:Technical Snippet | OUTPUT:Repository Change | PROCESS:Decision Branch | PROCESS:Required Sequence | RESOURCE:GitHub Interface | RESOURCE:Local Workspace | TASK:Artifact Change | TASK:Evidence Investigation
rq3_270,9,5,2,COMMUNICATION:Expert Role | CONSTRAINT:Quality Standard | CONSTRAINT:Resource Budget | CONSTRAINT:Scope Boundary | CONTEXT:Repository Context | OUTPUT:Repository Change | PROCESS:Required Sequence | RESOURCE:Local Workspace | TASK:Artifact Change | TASK:Artifact Review | TASK:Evidence Investigation,COMMUNICATION:Expert Role | CONSTRAINT:Evidence Grounding | CONSTRAINT:Quality Standard | CONSTRAINT:Resource Budget | CONSTRAINT:Scope Boundary | CONTEXT:Execution Environment | CONTEXT:Historical Context | CONTEXT:Repository Context | EVALUATION:Rule Conformance | OUTPUT:Repository Change | PROCESS:Required Sequence | RESOURCE:Local Workspace | SAFETY:Execution Isolation | TASK:Artifact Change
rq3_271,19,1,5,COMMUNICATION:Audience Voice | COMMUNICATION:Automation Disclosure | CONSTRAINT:Evidence Grounding | CONSTRAINT:Quality Standard | CONSTRAINT:Resource Budget | CONSTRAINT:Scope Boundary | CONTEXT:Domain Context | CONTEXT:Repository Context | EVALUATION:Evidence Credibility | EVALUATION:Execution Check | EVALUATION:Rule Conformance | EXAMPLE:Output Template | OUTPUT:Control Signal | OUTPUT:Existing Thread Response | OUTPUT:New Thread | PROCESS:Cross-Run Memory | PROCESS:Decision Branch | PROCESS:Required Sequence | RESOURCE:GitHub Interface | RESOURCE:Local Workspace | SAFETY:Information Confidentiality | SAFETY:Prompt Injection Defense | TASK:Evidence Investigation | TASK:Work Item Management,COMMUNICATION:Audience Voice | COMMUNICATION:Automation Disclosure | CONSTRAINT:Evidence Grounding | CONSTRAINT:Quality Standard | CONSTRAINT:Scope Boundary | CONTEXT:Domain Context | CONTEXT:Repository Context | EXAMPLE:Output Template | OUTPUT:Control Signal | OUTPUT:Existing Thread Response | OUTPUT:New Thread | PROCESS:Cross-Run Memory | PROCESS:Decision Branch | PROCESS:Required Sequence | RESOURCE:GitHub Interface | RESOURCE:Local Workspace | SAFETY:Execution Isolation | SAFETY:Information Confidentiality | TASK:Evidence Investigation | TASK:Work Item Management
rq3_272,6,0,3,COMMUNICATION:Audience Voice | CONSTRAINT:Quality Standard | CONSTRAINT:Scope Boundary | OUTPUT:Control Signal | OUTPUT:Existing Thread Response | PROCESS:Decision Branch | RESOURCE:GitHub Interface | TASK:Evidence Investigation | TASK:Work Item Management,CONSTRAINT:Quality Standard | CONSTRAINT:Scope Boundary | OUTPUT:Existing Thread Response | PROCESS:Decision Branch | RESOURCE:GitHub Interface | TASK:Work Item Management
rq3_273,15,1,2,COMMUNICATION:Audience Voice | COMMUNICATION:Automation Disclosure | COMMUNICATION:Expert Role | CONSTRAINT:Quality Standard | CONSTRAINT:Scope Boundary | CONTEXT:Domain Context | CONTEXT:Repository Context | EVALUATION:Rule Conformance | OUTPUT:Repository Change | PROCESS:Cross-Run Memory | PROCESS:Decision Branch | PROCESS:Required Sequence | PROCESS:Within-Run Iteration | RESOURCE:GitHub Interface | RESOURCE:Local Workspace | TASK:Artifact Change | TASK:Work Item Management,COMMUNICATION:Audience Voice | COMMUNICATION:Automation Disclosure | COMMUNICATION:Expert Role | CONSTRAINT:Quality Standard | CONSTRAINT:Scope Boundary | CONTEXT:Domain Context | CONTEXT:Repository Context | OUTPUT:Repository Change | PROCESS:Decision Branch | PROCESS:Required Sequence | PROCESS:Within-Run Iteration | RESOURCE:GitHub Interface | RESOURCE:Local Workspace | TASK:Artifact Change | TASK:Evidence Investigation | TASK:Work Item Management
rq3_275,1,1,1,CONSTRAINT:Quality Standard | TASK:Evidence Investigation,SAFETY:Vulnerability Handling | TASK:Evidence Investigation
rq3_276,19,4,5,COMMUNICATION:Automation Disclosure | CONSTRAINT:Evidence Grounding | CONSTRAINT:Quality Standard | CONTEXT:Domain Context | CONTEXT:Execution Environment | CONTEXT:Repository Context | EVALUATION:Evidence Credibility | EVALUATION:Risk Assessment | EVALUATION:Rule Conformance | EXAMPLE:Output Template | EXAMPLE:Technical Snippet | OUTPUT:New Thread | OUTPUT:Repository Change | PROCESS:Cross-Run Memory | PROCESS:Decision Branch | PROCESS:Required Sequence | PROCESS:Within-Run Iteration | PROCESS:Work Delegation | RESOURCE:Agent Resource | RESOURCE:GitHub Interface | RESOURCE:Local Workspace | TASK:Artifact Change | TASK:Artifact Review | TASK:Evidence Investigation,COMMUNICATION:Expert Role | CONSTRAINT:Quality Standard | CONSTRAINT:Scope Boundary | CONTEXT:Domain Context | CONTEXT:Execution Environment | CONTEXT:Historical Context | CONTEXT:Repository Context | EVALUATION:Rule Conformance | EXAMPLE:Output Template | EXAMPLE:Technical Snippet | OUTPUT:New Thread | OUTPUT:Repository Change | OUTPUT:Standalone Artifact | PROCESS:Cross-Run Memory | PROCESS:Decision Branch | PROCESS:Required Sequence | PROCESS:Within-Run Iteration | PROCESS:Work Delegation | RESOURCE:Agent Resource | RESOURCE:GitHub Interface | RESOURCE:Local Workspace | TASK:Artifact Change | TASK:Evidence Investigation
rq3_277,14,2,5,CONSTRAINT:Evidence Grounding | CONSTRAINT:Quality Standard | CONSTRAINT:Resource Budget | CONSTRAINT:Scope Boundary | CONTEXT:Domain Context | CONTEXT:Execution Environment | EVALUATION:Risk Assessment | EVALUATION:Rule Conformance | OUTPUT:Repository Change | PROCESS:Cross-Run Memory | PROCESS:Decision Branch | PROCESS:Required Sequence | PROCESS:Within-Run Iteration | RESOURCE:Development Toolchain | RESOURCE:Local Workspace | RESOURCE:Web Retrieval | TASK:Artifact Change | TASK:Evidence Investigation | TASK:Executable Validation,CONSTRAINT:Quality Standard | CONSTRAINT:Resource Budget | CONSTRAINT:Scope Boundary | CONTEXT:Domain Context | CONTEXT:Execution Environment | EVALUATION:Rule Conformance | OUTPUT:Repository Change | OUTPUT:Standalone Artifact | PROCESS:Decision Branch | PROCESS:Required Sequence | PROCESS:Within-Run Iteration | RESOURCE:Agent Resource | RESOURCE:Local Workspace | TASK:Artifact Change | TASK:Evidence Investigation | TASK:Executable Validation
rq3_278,18,1,6,COMMUNICATION:Automation Disclosure | CONSTRAINT:Evidence Grounding | CONSTRAINT:Quality Standard | CONSTRAINT:Resource Budget | CONSTRAINT:Scope Boundary | CONTEXT:Domain Context | CONTEXT:Execution Environment | CONTEXT:Repository Context | EVALUATION:Evidence Credibility | EVALUATION:Risk Assessment | EVALUATION:Rule Conformance | EXAMPLE:Technical Snippet | EXAMPLE:Worked Case | OUTPUT:Existing Thread Response | OUTPUT:Repository Change | PROCESS:Decision Branch | PROCESS:Required Sequence | PROCESS:Within-Run Iteration | RESOURCE:Agent Resource | RESOURCE:GitHub Interface | RESOURCE:Local Workspace | TASK:Artifact Change | TASK:Artifact Review | TASK:Work Item Management,CONSTRAINT:Evidence Grounding | CONSTRAINT:Quality Standard | CONSTRAINT:Scope Boundary | CONTEXT:Domain Context | CONTEXT:Execution Environment | CONTEXT:Repository Context | EVALUATION:Evidence Credibility | EVALUATION:Rule Conformance | EXAMPLE:Output Template | EXAMPLE:Worked Case | OUTPUT:Existing Thread Response | OUTPUT:Repository Change | PROCESS:Decision Branch | PROCESS:Required Sequence | PROCESS:Within-Run Iteration | RESOURCE:Agent Resource | RESOURCE:GitHub Interface | RESOURCE:Local Workspace | TASK:Artifact Change
rq3_279,9,1,6,CONSTRAINT:Evidence Grounding | CONSTRAINT:Quality Standard | CONSTRAINT:Scope Boundary | EVALUATION:Risk Assessment | EVALUATION:Rule Conformance | EXAMPLE:Output Template | EXAMPLE:Worked Case | OUTPUT:Control Signal | OUTPUT:New Thread | PROCESS:Decision Branch | PROCESS:Required Sequence | PROCESS:Within-Run Iteration | RESOURCE:GitHub Interface | RESOURCE:Local Workspace | TASK:Artifact Review,CONSTRAINT:Quality Standard | CONSTRAINT:Scope Boundary | EXAMPLE:Output Template | OUTPUT:Control Signal | OUTPUT:New Thread | PROCESS:Decision Branch | PROCESS:Required Sequence | RESOURCE:Local Workspace | TASK:Artifact Review | TASK:Evidence Investigation
rq3_280,11,4,1,CONSTRAINT:Evidence Grounding | CONSTRAINT:Quality Standard | CONSTRAINT:Resource Budget | CONSTRAINT:Scope Boundary | CONTEXT:Repository Context | EVALUATION:Rule Conformance | EXAMPLE:Output Template | OUTPUT:Control Signal | OUTPUT:Existing Thread Response | PROCESS:Decision Branch | PROCESS:Required Sequence | TASK:Artifact Review,CONSTRAINT:Evidence Grounding | CONSTRAINT:Quality Standard | CONSTRAINT:Scope Boundary | CONTEXT:Domain Context | CONTEXT:Execution Environment | CONTEXT:Repository Context | EVALUATION:Rule Conformance | EXAMPLE:Output Template | OUTPUT:Control Signal | OUTPUT:Existing Thread Response | PROCESS:Decision Branch | PROCESS:Required Sequence | RESOURCE:GitHub Interface | RESOURCE:Local Workspace | TASK:Artifact Review
rq3_281,16,2,8,COMMUNICATION:Expert Role | CONSTRAINT:Quality Standard | CONSTRAINT:Resource Budget | CONSTRAINT:Scope Boundary | CONTEXT:Domain Context | CONTEXT:Repository Context | EVALUATION:Evidence Credibility | EVALUATION:Risk Assessment | EVALUATION:Rule Conformance | EXAMPLE:Output Template | EXAMPLE:Technical Snippet | EXAMPLE:Worked Case | OUTPUT:Control Signal | OUTPUT:New Thread | PROCESS:Cross-Run Memory | PROCESS:Decision Branch | PROCESS:Required Sequence | PROCESS:Within-Run Iteration | RESOURCE:GitHub Interface | RESOURCE:Local Workspace | SAFETY:Information Confidentiality | SAFETY:Vulnerability Handling | TASK:Artifact Review | TASK:Evidence Investigation,COMMUNICATION:Expert Role | CONSTRAINT:Evidence Grounding | CONSTRAINT:Quality Standard | CONSTRAINT:Resource Budget | CONTEXT:Domain Context | CONTEXT:Repository Context | EVALUATION:Rule Conformance | EXAMPLE:Output Template | OUTPUT:Control Signal | OUTPUT:New Thread | PROCESS:Cross-Run Memory | PROCESS:Decision Branch | PROCESS:Required Sequence | RESOURCE:GitHub Interface | RESOURCE:Local Workspace | SAFETY:Vulnerability Handling | TASK:Artifact Review | TASK:Work Item Management
rq3_282,16,5,1,COMMUNICATION:Expert Role | CONSTRAINT:Evidence Grounding | CONSTRAINT:Quality Standard | CONSTRAINT:Scope Boundary | CONTEXT:Execution Environment | CONTEXT:Repository Context | EVALUATION:Evidence Credibility | EVALUATION:Risk Assessment | EVALUATION:Rule Conformance | EXAMPLE:Worked Case | OUTPUT:Control Signal | OUTPUT:Existing Thread Response | PROCESS:Decision Branch | PROCESS:Required Sequence | RESOURCE:GitHub Interface | SAFETY:Vulnerability Handling | TASK:Artifact Review,COMMUNICATION:Audience Voice | COMMUNICATION:Expert Role | CONSTRAINT:Evidence Grounding | CONSTRAINT:Quality Standard | CONSTRAINT:Resource Budget | CONSTRAINT:Scope Boundary | CONTEXT:Domain Context | CONTEXT:Repository Context | EVALUATION:Evidence Credibility | EVALUATION:Risk Assessment | EVALUATION:Rule Conformance | EXAMPLE:Output Template | EXAMPLE:Technical Snippet | EXAMPLE:Worked Case | OUTPUT:Control Signal | OUTPUT:Existing Thread Response | PROCESS:Decision Branch | PROCESS:Required Sequence | RESOURCE:GitHub Interface | SAFETY:Vulnerability Handling | TASK:Artifact Review
rq3_283,11,7,2,COMMUNICATION:Expert Role | CONTEXT:Execution Environment | CONTEXT:Historical Context | CONTEXT:Repository Context | EVALUATION:Execution Check | EVALUATION:Rule Conformance | EXAMPLE:Output Template | EXAMPLE:Technical Snippet | OUTPUT:New Thread | OUTPUT:Standalone Artifact | PROCESS:Decision Branch | PROCESS:Required Sequence | TASK:Evidence Investigation,COMMUNICATION:Expert Role | CONSTRAINT:Quality Standard | CONTEXT:Execution Environment | CONTEXT:Historical Context | EVALUATION:Execution Check | EXAMPLE:Output Template | EXAMPLE:Technical Snippet | OUTPUT:Control Signal | OUTPUT:New Thread | OUTPUT:Standalone Artifact | PROCESS:Decision Branch | PROCESS:Required Sequence | PROCESS:Within-Run Iteration | RESOURCE:Development Toolchain | RESOURCE:Local Workspace | TASK:Artifact Change | TASK:Evidence Investigation | TASK:Executable Validation
rq3_284,10,6,1,CONSTRAINT:Evidence Grounding | CONSTRAINT:Scope Boundary | CONTEXT:Repository Context | EVALUATION:Rule Conformance | OUTPUT:Control Signal | OUTPUT:New Thread | PROCESS:Decision Branch | PROCESS:Required Sequence | PROCESS:Within-Run Iteration | RESOURCE:GitHub Interface | TASK:Evidence Investigation,CONSTRAINT:Evidence Grounding | CONSTRAINT:Quality Standard | CONSTRAINT:Resource Budget | CONSTRAINT:Scope Boundary | CONTEXT:Domain Context | CONTEXT:Repository Context | EXAMPLE:Output Template | OUTPUT:Control Signal | OUTPUT:New Thread | PROCESS:Decision Branch | PROCESS:Required Sequence | PROCESS:Within-Run Iteration | RESOURCE:GitHub Interface | RESOURCE:Local Workspace | TASK:Evidence Investigation | TASK:Work Item Management
rq3_285,13,5,1,COMMUNICATION:Expert Role | CONSTRAINT:Evidence Grounding | CONSTRAINT:Quality Standard | CONTEXT:Domain Context | CONTEXT:Execution Environment | EVALUATION:Risk Assessment | EXAMPLE:Output Template | EXAMPLE:Technical Snippet | OUTPUT:New Thread | PROCESS:Cross-Run Memory | PROCESS:Decision Branch | PROCESS:Required Sequence | RESOURCE:Local Workspace | TASK:Evidence Investigation,COMMUNICATION:Expert Role | CONSTRAINT:Evidence Grounding | CONSTRAINT:Quality Standard | CONTEXT:Domain Context | CONTEXT:Execution Environment | CONTEXT:Historical Context | EVALUATION:Rule Conformance | EXAMPLE:Output Template | EXAMPLE:Technical Snippet | OUTPUT:New Thread | OUTPUT:Standalone Artifact | PROCESS:Cross-Run Memory | PROCESS:Decision Branch | PROCESS:Required Sequence | RESOURCE:Development Toolchain | RESOURCE:Local Workspace | TASK:Artifact Change | TASK:Evidence Investigation
rq3_286,16,0,2,COMMUNICATION:Audience Voice | COMMUNICATION:Expert Role | CONSTRAINT:Evidence Grounding | CONSTRAINT:Quality Standard | CONSTRAINT:Resource Budget | CONSTRAINT:Scope Boundary | CONTEXT:Repository Context | EVALUATION:Risk Assessment | EVALUATION:Rule Conformance | EXAMPLE:Output Template | EXAMPLE:Worked Case | OUTPUT:Existing Thread Response | PROCESS:Decision Branch | PROCESS:Required Sequence | PROCESS:Within-Run Iteration | RESOURCE:GitHub Interface | RESOURCE:Web Retrieval | TASK:Artifact Review,COMMUNICATION:Audience Voice | COMMUNICATION:Expert Role | CONSTRAINT:Evidence Grounding | CONSTRAINT:Quality Standard | CONSTRAINT:Resource Budget | CONSTRAINT:Scope Boundary | CONTEXT:Repository Context | EVALUATION:Risk Assessment | EVALUATION:Rule Conformance | EXAMPLE:Output Template | OUTPUT:Existing Thread Response | PROCESS:Decision Branch | PROCESS:Required Sequence | RESOURCE:GitHub Interface | RESOURCE:Web Retrieval | TASK:Artifact Review
rq3_287,12,5,1,COMMUNICATION:Audience Voice | COMMUNICATION:Expert Role | CONSTRAINT:Quality Standard | CONSTRAINT:Resource Budget | CONSTRAINT:Scope Boundary | CONTEXT:Domain Context | EXAMPLE:Output Template | OUTPUT:Repository Change | PROCESS:Decision Branch | PROCESS:Required Sequence | RESOURCE:Agent Resource | RESOURCE:Local Workspace | TASK:Artifact Change,COMMUNICATION:Audience Voice | COMMUNICATION:Expert Role | CONSTRAINT:Quality Standard | CONSTRAINT:Resource Budget | CONSTRAINT:Scope Boundary | CONTEXT:Domain Context | CONTEXT:Repository Context | EVALUATION:Rule Conformance | EXAMPLE:Output Template | OUTPUT:Control Signal | OUTPUT:Repository Change | PROCESS:Cross-Run Memory | PROCESS:Decision Branch | PROCESS:Required Sequence | RESOURCE:Local Workspace | TASK:Artifact Change | TASK:Executable Validation
rq3_288,18,9,2,COMMUNICATION:Expert Role | CONSTRAINT:Evidence Grounding | CONSTRAINT:Quality Standard | CONSTRAINT:Resource Budget | CONSTRAINT:Scope Boundary | CONTEXT:Execution Environment | CONTEXT:Repository Context | EVALUATION:Rule Conformance | EXAMPLE:Output Template | EXAMPLE:Technical Snippet | OUTPUT:Existing Thread Response | OUTPUT:New Thread | OUTPUT:Repository Change | PROCESS:Decision Branch | PROCESS:Required Sequence | RESOURCE:Agent Resource | RESOURCE:GitHub Interface | RESOURCE:Local Workspace | SAFETY:Execution Isolation | TASK:Evidence Investigation,COMMUNICATION:Automation Disclosure | COMMUNICATION:Expert Role | CONSTRAINT:Evidence Grounding | CONSTRAINT:Quality Standard | CONSTRAINT:Resource Budget | CONSTRAINT:Scope Boundary | CONTEXT:Domain Context | CONTEXT:Execution Environment | CONTEXT:Repository Context | EVALUATION:Evidence Credibility | EVALUATION:Risk Assessment | EVALUATION:Rule Conformance | EXAMPLE:Output Template | EXAMPLE:Technical Snippet | OUTPUT:New Thread | OUTPUT:Standalone Artifact | PROCESS:Decision Branch | PROCESS:Required Sequence | PROCESS:Within-Run Iteration | RESOURCE:Agent Resource | RESOURCE:GitHub Interface | RESOURCE:Local Workspace | RESOURCE:Web Retrieval | SAFETY:Execution Isolation | SAFETY:Information Confidentiality | TASK:Evidence Investigation | TASK:Work Item Management
rq3_289,11,2,4,CONSTRAINT:Evidence Grounding | CONSTRAINT:Quality Standard | CONSTRAINT:Resource Budget | CONSTRAINT:Scope Boundary | EVALUATION:Execution Check | EVALUATION:Risk Assessment | OUTPUT:Control Signal | OUTPUT:Repository Change | PROCESS:Decision Branch | PROCESS:Required Sequence | RESOURCE:Development Toolchain | RESOURCE:GitHub Interface | RESOURCE:Local Workspace | TASK:Artifact Change | TASK:Executable Validation,COMMUNICATION:Expert Role | CONSTRAINT:Quality Standard | CONSTRAINT:Resource Budget | CONSTRAINT:Scope Boundary | OUTPUT:Control Signal | OUTPUT:Repository Change | PROCESS:Decision Branch | PROCESS:Required Sequence | RESOURCE:Development Toolchain | RESOURCE:Local Workspace | TASK:Artifact Change | TASK:Evidence Investigation | TASK:Executable Validation
rq3_290,11,5,4,CONSTRAINT:Quality Standard | CONSTRAINT:Resource Budget | CONSTRAINT:Scope Boundary | CONTEXT:Repository Context | EVALUATION:Risk Assessment | EVALUATION:Rule Conformance | OUTPUT:Control Signal | OUTPUT:New Thread | PROCESS:Decision Branch | PROCESS:Required Sequence | PROCESS:Within-Run Iteration | RESOURCE:GitHub Interface | RESOURCE:Web Retrieval | SAFETY:Vulnerability Handling | TASK:Evidence Investigation,COMMUNICATION:Expert Role | CONSTRAINT:Evidence Grounding | CONSTRAINT:Quality Standard | CONSTRAINT:Resource Budget | CONSTRAINT:Scope Boundary | CONTEXT:Domain Context | EXAMPLE:Output Template | OUTPUT:Control Signal | OUTPUT:New Thread | PROCESS:Decision Branch | PROCESS:Required Sequence | PROCESS:Within-Run Iteration | RESOURCE:GitHub Interface | RESOURCE:Web Retrieval | TASK:Evidence Investigation | TASK:Work Item Management
rq3_291,10,3,3,COMMUNICATION:Expert Role | CONSTRAINT:Evidence Grounding | CONSTRAINT:Quality Standard | CONSTRAINT:Resource Budget | CONSTRAINT:Scope Boundary | CONTEXT:Execution Environment | CONTEXT:Repository Context | EVALUATION:Risk Assessment | EXAMPLE:Output Template | OUTPUT:Existing Thread Response | PROCESS:Decision Branch | PROCESS:Required Sequence | TASK:Evidence Investigation,COMMUNICATION:Automation Disclosure | COMMUNICATION:Expert Role | CONSTRAINT:Evidence Grounding | CONSTRAINT:Quality Standard | CONSTRAINT:Resource Budget | EVALUATION:Evidence Credibility | EVALUATION:Risk Assessment | EXAMPLE:Output Template | OUTPUT:Existing Thread Response | PROCESS:Decision Branch | PROCESS:Required Sequence | RESOURCE:GitHub Interface | TASK:Evidence Investigation
rq3_292,9,4,1,CONSTRAINT:Quality Standard | CONSTRAINT:Scope Boundary | EVALUATION:Rule Conformance | EXAMPLE:Output Template | OUTPUT:New Thread | PROCESS:Decision Branch | PROCESS:Required Sequence | RESOURCE:GitHub Interface | RESOURCE:Web Retrieval | TASK:Evidence Investigation,CONSTRAINT:Quality Standard | CONSTRAINT:Scope Boundary | CONTEXT:Domain Context | EXAMPLE:Output Template | OUTPUT:Control Signal | OUTPUT:New Thread | PROCESS:Decision Branch | PROCESS:Required Sequence | RESOURCE:GitHub Interface | RESOURCE:Local Workspace | RESOURCE:Web Retrieval | TASK:Evidence Investigation | TASK:Work Item Management
rq3_293,21,2,1,COMMUNICATION:Audience Voice | COMMUNICATION:Automation Disclosure | COMMUNICATION:Expert Role | CONSTRAINT:Evidence Grounding | CONSTRAINT:Quality Standard | CONSTRAINT:Resource Budget | CONSTRAINT:Scope Boundary | CONTEXT:Domain Context | CONTEXT:Repository Context | EVALUATION:Evidence Credibility | EVALUATION:Risk Assessment | EVALUATION:Rule Conformance | EXAMPLE:Output Template | OUTPUT:Control Signal | OUTPUT:Existing Thread Response | OUTPUT:New Thread | PROCESS:Cross-Run Memory | PROCESS:Decision Branch | PROCESS:Required Sequence | PROCESS:Within-Run Iteration | RESOURCE:GitHub Interface | TASK:Evidence Investigation,COMMUNICATION:Audience Voice | COMMUNICATION:Automation Disclosure | COMMUNICATION:Expert Role | CONSTRAINT:Evidence Grounding | CONSTRAINT:Quality Standard | CONSTRAINT:Resource Budget | CONSTRAINT:Scope Boundary | CONTEXT:Domain Context | CONTEXT:Repository Context | EVALUATION:Risk Assessment | EVALUATION:Rule Conformance | EXAMPLE:Output Template | EXAMPLE:Worked Case | OUTPUT:Control Signal | OUTPUT:Existing Thread Response | OUTPUT:New Thread | PROCESS:Cross-Run Memory | PROCESS:Decision Branch | PROCESS:Required Sequence | PROCESS:Within-Run Iteration | RESOURCE:GitHub Interface | TASK:Artifact Review | TASK:Evidence Investigation
rq3_294,15,0,8,COMMUNICATION:Audience Voice | COMMUNICATION:Automation Disclosure | CONSTRAINT:Evidence Grounding | CONSTRAINT:Quality Standard | CONSTRAINT:Scope Boundary | CONTEXT:Execution Environment | CONTEXT:Repository Context | EVALUATION:Execution Check | EVALUATION:Rule Conformance | OUTPUT:Existing Thread Response | OUTPUT:New Thread | OUTPUT:Repository Change | PROCESS:Decision Branch | PROCESS:Required Sequence | PROCESS:Within-Run Iteration | RESOURCE:Development Toolchain | RESOURCE:GitHub Interface | RESOURCE:Local Workspace | SAFETY:Execution Isolation | TASK:Artifact Change | TASK:Evidence Investigation | TASK:Executable Validation | TASK:Work Item Management,CONSTRAINT:Quality Standard | CONSTRAINT:Scope Boundary | CONTEXT:Repository Context | OUTPUT:Existing Thread Response | OUTPUT:New Thread | OUTPUT:Repository Change | PROCESS:Decision Branch | PROCESS:Required Sequence | RESOURCE:Development Toolchain | RESOURCE:GitHub Interface | RESOURCE:Local Workspace | TASK:Artifact Change | TASK:Evidence Investigation | TASK:Executable Validation | TASK:Work Item Management
rq3_295,11,2,4,COMMUNICATION:Expert Role | CONSTRAINT:Scope Boundary | CONTEXT:Execution Environment | CONTEXT:Repository Context | EXAMPLE:Output Template | EXAMPLE:Technical Snippet | OUTPUT:Repository Change | OUTPUT:Standalone Artifact | PROCESS:Decision Branch | PROCESS:Required Sequence | RESOURCE:Agent Resource | RESOURCE:Development Toolchain | RESOURCE:GitHub Interface | TASK:Artifact Change | TASK:Evidence Investigation,COMMUNICATION:Expert Role | CONSTRAINT:Quality Standard | CONSTRAINT:Scope Boundary | CONTEXT:Repository Context | EXAMPLE:Output Template | EXAMPLE:Technical Snippet | OUTPUT:Repository Change | PROCESS:Decision Branch | PROCESS:Required Sequence | RESOURCE:GitHub Interface | RESOURCE:Local Workspace | TASK:Artifact Change | TASK:Evidence Investigation
rq3_296,15,10,1,CONSTRAINT:Evidence Grounding | CONSTRAINT:Quality Standard | CONSTRAINT:Scope Boundary | CONTEXT:Repository Context | EXAMPLE:Output Template | EXAMPLE:Technical Snippet | OUTPUT:Control Signal | OUTPUT:New Thread | OUTPUT:Repository Change | PROCESS:Decision Branch | PROCESS:Required Sequence | RESOURCE:Agent Resource | RESOURCE:GitHub Interface | RESOURCE:Local Workspace | TASK:Artifact Change | TASK:Evidence Investigation,COMMUNICATION:Audience Voice | COMMUNICATION:Automation Disclosure | COMMUNICATION:Expert Role | CONSTRAINT:Evidence Grounding | CONSTRAINT:Quality Standard | CONSTRAINT:Resource Budget | CONSTRAINT:Scope Boundary | CONTEXT:Domain Context | CONTEXT:Repository Context | EVALUATION:Evidence Credibility | EVALUATION:Rule Conformance | EXAMPLE:Output Template | EXAMPLE:Technical Snippet | OUTPUT:Control Signal | OUTPUT:New Thread | OUTPUT:Repository Change | PROCESS:Cross-Run Memory | PROCESS:Decision Branch | PROCESS:Required Sequence | PROCESS:Within-Run Iteration | RESOURCE:GitHub Interface | RESOURCE:Local Workspace | TASK:Artifact Change | TASK:Evidence Investigation | TASK:Work Item Management
rq3_297,13,2,6,COMMUNICATION:Audience Voice | COMMUNICATION:Automation Disclosure | CONSTRAINT:Evidence Grounding | CONSTRAINT:Quality Standard | CONSTRAINT:Resource Budget | CONSTRAINT:Scope Boundary | CONTEXT:Domain Context | CONTEXT:Execution Environment | CONTEXT:Repository Context | EVALUATION:Evidence Credibility | EVALUATION:Rule Conformance | EXAMPLE:Output Template | EXAMPLE:Worked Case | OUTPUT:Control Signal | OUTPUT:New Thread | PROCESS:Decision Branch | PROCESS:Required Sequence | RESOURCE:Local Workspace | TASK:Evidence Investigation,CONSTRAINT:Evidence Grounding | CONSTRAINT:Quality Standard | CONSTRAINT:Resource Budget | CONSTRAINT:Scope Boundary | CONTEXT:Domain Context | CONTEXT:Execution Environment | CONTEXT:Historical Context | CONTEXT:Repository Context | EXAMPLE:Output Template | OUTPUT:Control Signal | OUTPUT:New Thread | PROCESS:Decision Branch | PROCESS:Required Sequence | RESOURCE:Local Workspace | TASK:Artifact Change
