source_key,source_full_name,md_path,history_relative,event_count,subsequent_change_count,is_write_once,first_observed_at,last_observed_at,collected_at,observed_age_days,change_span_days,days_since_last_change,median_intercommit_days,first_followup_days,active_day_count,active_month_count,total_additions,total_deletions,total_churn,subsequent_additions,subsequent_deletions,subsequent_churn,frontmatter_only_changes,body_only_changes,both_changes,non_content_changes,unknown_location_changes,human_event_count,agent_event_count,unknown_actor_event_count,subsequent_human_event_count,subsequent_agent_event_count
adoptium/adoptium-support:.github/workflows/triage-issues.md,adoptium/adoptium-support,.github/workflows/triage-issues.md,adoptium__adoptium-support__7bac957bb7d2/history.json,9,8,0,2026-04-23T10:49:08+00:00,2026-07-01T18:52:21+00:00,2026-08-04T11:24:35+00:00,103.02461805555555,69.33556712962962,33.689050925925926,0.7076793981481482,0.03204861111111111,5,3,249,11,260,83,11,94,7,0,1,0,0,9,0,0,8,0
adoptium/adoptium.net:.github/workflows/modernize-apply.md,adoptium/adoptium.net,.github/workflows/modernize-apply.md,adoptium__adoptium.net__20c829793d07/history.json,1,0,1,2026-06-20T09:02:51+00:00,2026-06-20T09:02:51+00:00,2026-08-04T11:24:33+00:00,45.09840277777778,0.0,45.09840277777778,,,1,1,348,0,348,0,0,0,0,0,0,0,0,1,0,0,0,0
adoptium/adoptium.net:.github/workflows/modernize-audit.md,adoptium/adoptium.net,.github/workflows/modernize-audit.md,adoptium__adoptium.net__bdd86fc6a0b4/history.json,1,0,1,2026-06-20T09:02:51+00:00,2026-06-20T09:02:51+00:00,2026-08-04T11:24:33+00:00,45.09840277777778,0.0,45.09840277777778,,,1,1,330,0,330,0,0,0,0,0,0,0,0,1,0,0,0,0
adoptium/adoptium.net:.github/workflows/update-locales.md,adoptium/adoptium.net,.github/workflows/update-locales.md,adoptium__adoptium.net__1a14a9622360/history.json,5,4,0,2026-04-26T15:26:54+00:00,2026-07-22T10:35:57+00:00,2026-08-04T11:24:34+00:00,99.83171296296297,86.79795138888889,13.033761574074074,16.175572916666667,1.0586226851851852,5,4,170,15,185,9,15,24,2,1,1,0,0,3,0,0,2,0
adoptium/adoptium.net:.github/workflows/update-translations.md,adoptium/adoptium.net,.github/workflows/update-translations.md,adoptium__adoptium.net__e7bb13475f3c/history.json,9,8,0,2026-04-13T19:55:20+00:00,2026-07-22T10:35:57+00:00,2026-08-04T11:24:36+00:00,112.64532407407407,99.61153935185185,13.033784722222222,5.569085648148148,0.6306712962962963,9,4,211,57,268,87,57,144,5,1,2,0,0,6,0,0,5,0
adoptium/adoptium:.github/workflows/issue-burn-down.md,adoptium/adoptium,.github/workflows/issue-burn-down.md,adoptium__adoptium__348d0e7f1d5b/history.json,1,0,1,2026-07-08T23:32:16+00:00,2026-07-08T23:32:16+00:00,2026-08-04T11:24:32+00:00,26.494629629629628,0.0,26.494629629629628,,,1,1,135,0,135,0,0,0,0,0,0,0,0,1,0,0,0,0
adoptium/adoptium:.github/workflows/periodic-faq.md,adoptium/adoptium,.github/workflows/periodic-faq.md,adoptium__adoptium__912216fcf670/history.json,2,1,0,2026-07-20T08:16:07+00:00,2026-07-20T12:26:51+00:00,2026-08-04T11:24:33+00:00,15.130856481481482,0.17412037037037037,14.95673611111111,0.17412037037037037,0.17412037037037037,1,1,274,0,274,1,0,1,1,0,0,0,0,2,0,0,1,0
adoptium/adoptium:.github/workflows/process-monitor.md,adoptium/adoptium,.github/workflows/process-monitor.md,adoptium__adoptium__fd781a76705e/history.json,1,0,1,2026-07-23T11:37:44+00:00,2026-07-23T11:37:44+00:00,2026-08-04T11:24:32+00:00,11.990833333333333,0.0,11.990833333333333,,,1,1,74,0,74,0,0,0,0,0,0,0,0,1,0,0,0,0
adoptium/adoptium:.github/workflows/quarterly-report-deterministic.md,adoptium/adoptium,.github/workflows/quarterly-report-deterministic.md,adoptium__adoptium__9f300db9df6b/history.json,4,3,0,2026-06-30T13:04:48+00:00,2026-07-12T19:50:34+00:00,2026-08-04T11:24:33+00:00,34.93038194444444,12.281782407407407,22.648599537037036,1.7761111111111112,1.7761111111111112,3,2,173,22,195,87,22,109,1,1,1,0,0,4,0,0,3,0
adoptium/adoptium:.github/workflows/release-blog-draft.md,adoptium/adoptium,.github/workflows/release-blog-draft.md,adoptium__adoptium__996d314d93e7/history.json,3,2,0,2026-07-23T12:55:38+00:00,2026-07-23T17:32:28+00:00,2026-08-04T11:24:33+00:00,11.936747685185185,0.19224537037037037,11.744502314814815,0.09612268518518519,0.16555555555555557,1,1,273,11,284,34,11,45,1,0,1,0,0,3,0,0,2,0
adoptium/adoptium:.github/workflows/repo-status.md,adoptium/adoptium,.github/workflows/repo-status.md,adoptium__adoptium__ef739d61a269/history.json,2,1,0,2026-06-16T22:33:44+00:00,2026-06-17T15:26:52+00:00,2026-08-04T11:24:33+00:00,48.53528935185185,0.7035648148148148,47.83172453703704,0.7035648148148148,0.7035648148148148,2,1,39,0,39,1,0,1,1,0,0,0,0,2,0,0,1,0
adoptium/adoptium:.github/workflows/translation-2.md,adoptium/adoptium,.github/workflows/translation-2.md,adoptium__adoptium__1e7a6fe16fa6/history.json,1,0,1,2026-07-23T07:49:44+00:00,2026-07-23T07:49:44+00:00,2026-08-04T11:24:33+00:00,12.14917824074074,0.0,12.14917824074074,,,1,1,413,0,413,0,0,0,0,0,0,0,0,1,0,0,0,0
adoptium/api.adoptium.net:.github/workflows/production-branch-checker.md,adoptium/api.adoptium.net,.github/workflows/production-branch-checker.md,adoptium__api.adoptium.net__82186b1fa74b/history.json,2,1,0,2026-05-29T15:25:37+00:00,2026-06-01T10:55:32+00:00,2026-08-04T11:24:34+00:00,66.83260416666667,2.8124421296296296,64.02016203703704,2.8124421296296296,2.8124421296296296,2,2,356,1,357,10,1,11,0,0,1,0,0,2,0,0,1,0
adoptium/containers:.github/workflows/dockerfile-readiness.md,adoptium/containers,.github/workflows/dockerfile-readiness.md,adoptium__containers__51516492bb01/history.json,8,7,0,2026-04-24T09:28:42+00:00,2026-07-08T09:15:13+00:00,2026-08-04T11:24:35+00:00,102.08047453703703,74.99063657407407,27.089837962962964,3.982361111111111,0.9915972222222222,6,4,371,26,397,152,26,178,4,3,0,0,0,6,1,0,5,1
advanced-security/advanced-security-material:.github/workflows/codeql-version-tracker.md,advanced-security/advanced-security-material,.github/workflows/codeql-version-tracker.md,advanced-security__advanced-security-material__1d091fa7a26a/history.json,8,7,0,2026-04-21T19:12:16+00:00,2026-06-23T16:41:59+00:00,2026-08-04T11:24:37+00:00,104.67524305555555,62.895636574074075,41.77960648148148,0.021689814814814815,0.928125,3,2,190,19,209,35,19,54,2,4,1,0,0,8,0,0,7,0
advanced-security/advanced-security-material:.github/workflows/update-ghas-matrix.md,advanced-security/advanced-security-material,.github/workflows/update-ghas-matrix.md,advanced-security__advanced-security-material__91d29d523583/history.json,11,10,0,2026-03-20T20:59:58+00:00,2026-06-23T15:48:35+00:00,2026-08-04T11:24:37+00:00,136.6004513888889,94.78376157407408,41.816689814814815,0.042679398148148154,0.002384259259259259,5,3,173,18,191,78,18,96,3,6,1,0,0,11,0,0,10,0
advanced-security/generate-sbom-action:.github/workflows/security-quality-alert-fixer.md,advanced-security/generate-sbom-action,.github/workflows/security-quality-alert-fixer.md,advanced-security__generate-sbom-action__ef748576e229/history.json,9,8,0,2026-05-28T14:26:29+00:00,2026-06-12T16:02:19+00:00,2026-08-04T11:24:37+00:00,67.8737037037037,15.066550925925926,52.80715277777778,0.36494212962962963,0.0006944444444444445,5,2,86,8,94,12,8,20,7,0,1,0,0,5,4,0,5,3
agoncal/agoncal-application-vintagestore:.github/workflows/daily-repo-status.md,agoncal/agoncal-application-vintagestore,.github/workflows/daily-repo-status.md,agoncal__agoncal-application-vintagestore__acc93beb28a5/history.json,1,0,1,2026-06-22T16:29:51+00:00,2026-06-22T16:29:51+00:00,2026-08-04T11:24:34+00:00,42.78799768518518,0.0,42.78799768518518,,,1,1,58,0,58,0,0,0,0,0,0,0,0,1,0,0,0,0
ahmadabdalla/azure-cost-calculator:.github/workflows/issue-triage-v2.md,ahmadabdalla/azure-cost-calculator,.github/workflows/issue-triage-v2.md,ahmadabdalla__azure-cost-calculator__588364ed284e/history.json,5,4,0,2026-04-10T03:31:26+00:00,2026-06-28T06:59:13+00:00,2026-08-04T11:24:35+00:00,116.32857638888889,79.14429398148148,37.18428240740741,0.3452662037037037,0.06408564814814814,2,2,185,39,224,38,39,77,1,0,3,0,0,0,5,0,0,4
ahmadabdalla/azure-cost-calculator:.github/workflows/weekly-release.md,ahmadabdalla/azure-cost-calculator,.github/workflows/weekly-release.md,ahmadabdalla__azure-cost-calculator__5cffd254edc6/history.json,22,21,0,2026-03-01T00:51:03+00:00,2026-05-22T00:27:43+00:00,2026-08-04T11:24:41+00:00,156.44002314814816,81.98379629629629,74.45622685185185,0.06045138888888889,0.049525462962962966,8,2,371,151,522,211,151,362,2,18,1,0,0,15,2,0,14,2
Alfresco/alfresco-build-tools:.github/workflows/supply-chain-review.md,Alfresco/alfresco-build-tools,.github/workflows/supply-chain-review.md,Alfresco__alfresco-build-tools__e4f917510a51/history.json,6,5,0,2026-05-28T13:55:52+00:00,2026-07-02T07:48:05+00:00,2026-08-04T11:24:35+00:00,67.89494212962963,34.74459490740741,33.15034722222222,5.077824074074074,0.8742476851851851,5,3,370,13,383,27,13,40,0,4,1,0,0,6,0,0,5,0
Alfresco/alfresco-helm-charts:.github/workflows/release-orchestrator.md,Alfresco/alfresco-helm-charts,.github/workflows/release-orchestrator.md,Alfresco__alfresco-helm-charts__d14058d84881/history.json,3,2,0,2026-06-10T13:50:37+00:00,2026-07-23T09:20:21+00:00,2026-08-04T11:24:36+00:00,54.898599537037036,42.81231481481481,12.086284722222222,21.40615740740741,1.9646064814814814,3,2,717,17,734,286,17,303,0,0,2,0,0,3,0,0,2,0
apache/cloudstack:.github/workflows/daily-repo-status.md,apache/cloudstack,.github/workflows/daily-repo-status.md,apache__cloudstack__51b924b888e1/history.json,4,3,0,2026-02-17T15:11:01+00:00,2026-06-17T18:15:03+00:00,2026-08-04T11:24:37+00:00,167.84277777777777,120.12780092592592,47.71497685185185,19.37446759259259,0.7251851851851852,4,3,65,3,68,11,3,14,2,0,1,0,0,4,0,0,3,0
apolloconfig/apollo:.github/workflows/issue-triage.md,apolloconfig/apollo,.github/workflows/issue-triage.md,apolloconfig__apollo__9ef0241e0d88/history.json,2,1,0,2026-02-10T14:07:20+00:00,2026-02-13T08:31:15+00:00,2026-08-04T11:24:36+00:00,174.88699074074074,2.766608796296296,172.12038194444443,2.766608796296296,2.766608796296296,2,1,144,0,144,16,0,16,1,0,0,0,0,2,0,0,1,0
asizikov-demos/copilot-user-level-statistics-viewer:.github/workflows/dependency-audit.md,asizikov-demos/copilot-user-level-statistics-viewer,.github/workflows/dependency-audit.md,asizikov-demos__copilot-user-level-statistics-viewer__fa1a6b690330/history.json,3,2,0,2026-02-21T12:56:04+00:00,2026-06-19T13:32:43+00:00,2026-08-04T11:24:37+00:00,163.93649305555556,118.02545138888888,45.91104166666667,59.01272569444445,0.028900462962962965,2,2,143,13,156,39,13,52,1,0,1,0,0,3,0,0,2,0
astronomer/dag-factory:.github/workflows/review-bot-prs.md,astronomer/dag-factory,.github/workflows/review-bot-prs.md,astronomer__dag-factory__832eea959c2c/history.json,3,2,0,2026-06-17T15:01:37+00:00,2026-06-23T13:35:35+00:00,2026-08-04T11:24:37+00:00,47.84930555555555,5.94025462962963,41.909050925925925,2.970127314814815,0.014293981481481482,2,1,193,6,199,10,6,16,1,1,0,0,0,1,2,0,0,2
aztfmod/terraform-provider-azurecaf:.github/workflows/contributor-welcome.md,aztfmod/terraform-provider-azurecaf,.github/workflows/contributor-welcome.md,aztfmod__terraform-provider-azurecaf__4e43ba1fca21/history.json,1,0,1,2026-03-23T08:48:57+00:00,2026-03-23T08:48:57+00:00,2026-08-04T11:24:36+00:00,134.1080902777778,0.0,134.1080902777778,,,1,1,62,0,62,0,0,0,0,0,0,0,0,1,0,0,0,0
aztfmod/terraform-provider-azurecaf:.github/workflows/issue-to-pr-agent.md,aztfmod/terraform-provider-azurecaf,.github/workflows/issue-to-pr-agent.md,aztfmod__terraform-provider-azurecaf__0d1042d640bc/history.json,2,1,0,2026-03-23T08:48:57+00:00,2026-05-14T01:36:04+00:00,2026-08-04T11:24:38+00:00,134.10811342592592,51.699386574074076,82.40872685185185,51.699386574074076,51.699386574074076,2,2,89,2,91,2,2,4,1,0,0,0,0,2,0,0,1,0
aztfmod/terraform-provider-azurecaf:.github/workflows/nightly-regression.md,aztfmod/terraform-provider-azurecaf,.github/workflows/nightly-regression.md,aztfmod__terraform-provider-azurecaf__317451c92986/history.json,4,3,0,2026-03-23T08:48:57+00:00,2026-05-14T04:01:35+00:00,2026-08-04T11:24:39+00:00,134.108125,51.800439814814816,82.30768518518518,0.08751157407407407,51.699386574074076,2,2,123,11,134,46,11,57,3,0,0,0,0,4,0,0,3,0
aztfmod/terraform-provider-azurecaf:.github/workflows/pr-review-agent.md,aztfmod/terraform-provider-azurecaf,.github/workflows/pr-review-agent.md,aztfmod__terraform-provider-azurecaf__a67c7ec65ae0/history.json,3,2,0,2026-03-23T08:48:57+00:00,2026-05-19T03:20:59+00:00,2026-08-04T11:24:38+00:00,134.10811342592592,56.77224537037037,77.33586805555555,28.386122685185185,51.71747685185185,3,2,118,8,126,36,8,44,0,0,2,0,0,3,0,0,2,0
aztfmod/terraform-provider-azurecaf:.github/workflows/release-labeler.md,aztfmod/terraform-provider-azurecaf,.github/workflows/release-labeler.md,aztfmod__terraform-provider-azurecaf__1a698fb1e09d/history.json,5,4,0,2026-03-23T09:55:10+00:00,2026-05-14T01:36:04+00:00,2026-08-04T11:24:38+00:00,134.06212962962962,51.65340277777778,82.40872685185185,0.027037037037037037,0.015578703703703704,2,2,154,17,171,31,17,48,2,0,2,0,0,5,0,0,4,0
aztfmod/terraform-provider-azurecaf:.github/workflows/release-validation.md,aztfmod/terraform-provider-azurecaf,.github/workflows/release-validation.md,aztfmod__terraform-provider-azurecaf__25a2644d7a9c/history.json,4,3,0,2026-03-23T08:48:57+00:00,2026-05-25T03:47:07+00:00,2026-08-04T11:24:41+00:00,134.10814814814816,62.79039351851852,71.31775462962963,10.949826388888889,51.699386574074076,3,2,191,19,210,127,19,146,2,0,1,0,0,4,0,0,3,0
aztfmod/terraform-provider-azurecaf:.github/workflows/weekly-azure-sync.md,aztfmod/terraform-provider-azurecaf,.github/workflows/weekly-azure-sync.md,aztfmod__terraform-provider-azurecaf__5d458392d64b/history.json,3,2,0,2026-03-23T08:48:57+00:00,2026-05-14T03:42:05+00:00,2026-08-04T11:24:39+00:00,134.108125,51.78689814814815,82.32122685185185,25.893449074074073,51.699386574074076,2,2,138,11,149,70,11,81,1,0,1,0,0,3,0,0,2,0
Azure-Samples/Legacy-Modernization-Agents:.github/workflows/documentation-audit.md,Azure-Samples/Legacy-Modernization-Agents,.github/workflows/documentation-audit.md,Azure-Samples__Legacy-Modernization-Agents__3c40b8038f6f/history.json,1,0,1,2026-02-20T12:45:54+00:00,2026-02-20T12:45:54+00:00,2026-08-04T11:24:38+00:00,164.9435648148148,0.0,164.9435648148148,,,1,1,199,0,199,0,0,0,0,0,0,0,0,1,0,0,0,0
Azure-Samples/Legacy-Modernization-Agents:.github/workflows/documentation-updater.md,Azure-Samples/Legacy-Modernization-Agents,.github/workflows/documentation-updater.md,Azure-Samples__Legacy-Modernization-Agents__86dbdeea2d66/history.json,2,1,0,2026-02-20T09:24:34+00:00,2026-02-20T09:46:17+00:00,2026-08-04T11:24:38+00:00,165.08337962962963,0.015081018518518518,165.06829861111112,0.015081018518518518,0.015081018518518518,1,1,204,13,217,22,13,35,0,0,1,0,0,2,0,0,1,0
Azure/apiops-cli:.github/workflows/doc-freshness.md,Azure/apiops-cli,.github/workflows/doc-freshness.md,Azure__apiops-cli__a8423f7c903e/history.json,2,1,0,2026-06-29T17:21:21+00:00,2026-07-02T16:23:11+00:00,2026-08-04T11:24:38+00:00,35.75228009259259,2.9596064814814813,32.79267361111111,2.9596064814814813,2.9596064814814813,2,2,265,6,271,0,6,6,1,0,0,0,0,2,0,0,1,0
Azure/apiops-cli:.github/workflows/issue-go-clarify.md,Azure/apiops-cli,.github/workflows/issue-go-clarify.md,Azure__apiops-cli__23a822b0b760/history.json,1,0,1,2026-07-02T18:23:31+00:00,2026-07-02T18:23:31+00:00,2026-08-04T11:24:38+00:00,32.7091087962963,0.0,32.7091087962963,,,1,1,1,0,1,0,0,0,0,0,0,0,0,1,0,0,0,0
Azure/apiops-cli:.github/workflows/issue-go-yes.md,Azure/apiops-cli,.github/workflows/issue-go-yes.md,Azure__apiops-cli__e4bc86b90787/history.json,1,0,1,2026-07-02T18:23:31+00:00,2026-07-02T18:23:31+00:00,2026-08-04T11:24:39+00:00,32.70912037037037,0.0,32.70912037037037,,,1,1,37,1,38,0,0,0,0,0,0,0,0,1,0,0,0,0
Azure/apiops-cli:.github/workflows/issue-triage.md,Azure/apiops-cli,.github/workflows/issue-triage.md,Azure__apiops-cli__52e60173aa37/history.json,2,1,0,2026-06-24T20:38:58+00:00,2026-07-02T16:23:11+00:00,2026-08-04T11:24:39+00:00,40.61505787037037,7.822372685185186,32.792685185185185,7.822372685185186,7.822372685185186,2,2,217,0,217,7,0,7,1,0,0,0,0,2,0,0,1,0
Azure/AppConfiguration-KubernetesProvider:.github/workflows/issue-triage.md,Azure/AppConfiguration-KubernetesProvider,.github/workflows/issue-triage.md,Azure__AppConfiguration-KubernetesProvider__d7d8754fd15a/history.json,1,0,1,2026-03-05T06:35:15+00:00,2026-03-05T06:35:15+00:00,2026-08-04T11:24:39+00:00,152.20097222222222,0.0,152.20097222222222,,,1,1,120,0,120,0,0,0,0,0,0,0,0,0,1,0,0,0
Azure/AppConfiguration:.github/workflows/issue-triage.md,Azure/AppConfiguration,.github/workflows/issue-triage.md,Azure__AppConfiguration__25b1aee20727/history.json,1,0,1,2026-03-05T10:04:48+00:00,2026-03-05T10:04:48+00:00,2026-08-04T11:24:39+00:00,152.05545138888888,0.0,152.05545138888888,,,1,1,90,0,90,0,0,0,0,0,0,0,0,0,1,0,0,0
Azure/azure-dev:.github/workflows/extension-pr-labeler.md,Azure/azure-dev,.github/workflows/extension-pr-labeler.md,Azure__azure-dev__114a0180dc36/history.json,2,1,0,2026-05-20T17:36:39+00:00,2026-06-19T21:35:52+00:00,2026-08-04T11:24:40+00:00,75.74167824074074,30.166122685185186,45.57555555555555,30.166122685185186,30.166122685185186,2,2,75,15,90,10,15,25,0,0,1,0,0,2,0,0,1,0
Azure/azure-dev:.github/workflows/update-instructions-from-pr-reviews.md,Azure/azure-dev,.github/workflows/update-instructions-from-pr-reviews.md,Azure__azure-dev__825d9b0a6bfc/history.json,3,2,0,2026-06-17T20:00:51+00:00,2026-07-09T20:49:33+00:00,2026-08-04T11:24:41+00:00,47.64155092592593,22.033819444444443,25.60773148148148,11.016909722222223,2.065983796296296,3,2,305,16,321,12,16,28,1,0,1,0,0,3,0,0,2,0
Azure/Azure-Landing-Zones:.github/workflows/issue-triage.md,Azure/Azure-Landing-Zones,.github/workflows/issue-triage.md,Azure__Azure-Landing-Zones__b41b433ea1d2/history.json,8,7,0,2026-04-09T20:00:48+00:00,2026-07-27T08:19:40+00:00,2026-08-04T11:24:42+00:00,116.64159722222222,108.51310185185186,8.12849537037037,1.6976967592592593,3.934085648148148,6,3,416,98,514,151,98,249,5,0,2,0,0,4,4,0,3,4
Azure/azure-rest-api-specs:.github/workflows/hero-scenarios.md,Azure/azure-rest-api-specs,.github/workflows/hero-scenarios.md,Azure__azure-rest-api-specs__bdf5bad76d48/history.json,5,4,0,2026-04-08T17:13:27+00:00,2026-07-27T19:23:52+00:00,2026-08-04T11:24:42+00:00,117.7578125,110.09056712962963,7.66724537037037,2.4542534722222222,1.4181828703703703,5,2,81,6,87,38,6,44,2,0,2,0,0,5,0,0,4,0
Azure/azure-rest-api-specs:.github/workflows/sdk-generation-agent.md,Azure/azure-rest-api-specs,.github/workflows/sdk-generation-agent.md,Azure__azure-rest-api-specs__25aa2360323d/history.json,8,7,0,2026-02-19T21:56:45+00:00,2026-07-27T19:23:52+00:00,2026-08-04T11:24:42+00:00,165.5610763888889,157.8938310185185,7.66724537037037,6.1075,6.1075,7,4,280,121,401,77,121,198,3,1,3,0,0,8,0,0,7,0
Azure/azure-sdk-for-go:.github/workflows/issue-triage.md,Azure/azure-sdk-for-go,.github/workflows/issue-triage.md,Azure__azure-sdk-for-go__75f54fd0930f/history.json,3,2,0,2026-04-21T00:08:02+00:00,2026-07-07T16:30:14+00:00,2026-08-04T11:24:41+00:00,105.46989583333334,77.68208333333334,27.7878125,38.84104166666667,70.20835648148149,3,3,547,2,549,4,2,6,2,0,0,0,0,2,1,0,1,1
Azure/azure-sdk-for-go:.github/workflows/mgmt-review.md,Azure/azure-sdk-for-go,.github/workflows/mgmt-review.md,Azure__azure-sdk-for-go__255515ebf47a/history.json,3,2,0,2026-04-20T21:02:57+00:00,2026-06-30T05:08:04+00:00,2026-08-04T11:24:40+00:00,105.59841435185186,70.33688657407407,35.26152777777778,35.168443287037036,25.148587962962964,3,3,204,27,231,59,27,86,0,0,2,0,0,1,2,0,0,2
Azure/azure-sdk-for-java:.github/workflows/issue-triage.md,Azure/azure-sdk-for-java,.github/workflows/issue-triage.md,Azure__azure-sdk-for-java__f6d1c4fe13b6/history.json,1,0,1,2026-06-29T23:05:57+00:00,2026-06-29T23:05:57+00:00,2026-08-04T11:24:40+00:00,35.512997685185184,0.0,35.512997685185184,,,1,1,651,0,651,0,0,0,0,0,0,0,0,1,0,0,0,0
Azure/azure-sdk-for-js:.github/workflows/agent-observability.md,Azure/azure-sdk-for-js,.github/workflows/agent-observability.md,Azure__azure-sdk-for-js__c41e09b4eac0/history.json,4,3,0,2026-06-15T18:51:55+00:00,2026-06-25T20:11:44+00:00,2026-08-04T11:24:42+00:00,49.68943287037037,10.05542824074074,39.63400462962963,0.8641435185185186,9.169814814814815,3,1,204,1,205,2,1,3,3,0,0,0,0,3,1,0,2,1
Azure/azure-sdk-for-js:.github/workflows/archie.md,Azure/azure-sdk-for-js,.github/workflows/archie.md,Azure__azure-sdk-for-js__de929128541a/history.json,17,16,0,2026-03-24T21:46:48+00:00,2026-07-08T00:57:42+00:00,2026-08-04T11:24:47+00:00,132.56804398148148,105.13256944444444,27.435474537037038,2.4809837962962966,0.8363078703703704,14,5,193,16,209,74,16,90,14,1,1,0,0,15,2,0,14,2
Azure/azure-sdk-for-js:.github/workflows/dash.md,Azure/azure-sdk-for-js,.github/workflows/dash.md,Azure__azure-sdk-for-js__6926e36233b4/history.json,16,15,0,2026-03-24T18:51:23+00:00,2026-07-08T00:57:42+00:00,2026-08-04T11:24:48+00:00,132.68987268518518,105.25438657407408,27.43548611111111,2.9057060185185186,0.958125,13,5,244,16,260,122,16,138,13,1,1,0,0,14,2,0,13,2
Azure/azure-sdk-for-js:.github/workflows/dexter.md,Azure/azure-sdk-for-js,.github/workflows/dexter.md,Azure__azure-sdk-for-js__b4b6be41c405/history.json,17,16,0,2026-03-24T19:42:57+00:00,2026-07-08T00:57:42+00:00,2026-08-04T11:24:48+00:00,132.6540625,105.21857638888889,27.43548611111111,4.028998842592593,0.9223148148148148,14,5,201,16,217,70,16,86,15,0,1,0,0,15,2,0,14,2
Azure/azure-sdk-for-js:.github/workflows/docs-consistency-check.md,Azure/azure-sdk-for-js,.github/workflows/docs-consistency-check.md,Azure__azure-sdk-for-js__f2d19c977dcf/history.json,8,7,0,2026-02-25T21:55:38+00:00,2026-07-28T00:26:29+00:00,2026-08-04T11:24:45+00:00,159.56188657407407,152.10475694444443,7.457129629629629,12.004247685185184,61.9071412037037,6,4,225,35,260,172,35,207,6,0,1,0,0,7,1,0,6,1
Azure/azure-sdk-for-js:.github/workflows/issue-triage.md,Azure/azure-sdk-for-js,.github/workflows/issue-triage.md,Azure__azure-sdk-for-js__2855e1a8808a/history.json,8,7,0,2026-04-16T16:52:30+00:00,2026-07-08T00:57:42+00:00,2026-08-04T11:24:45+00:00,109.77239583333333,82.33694444444444,27.43545138888889,12.004247685185184,12.117650462962963,6,3,618,5,623,7,5,12,7,0,0,0,0,7,1,0,6,1
Azure/azure-sdk-for-js:.github/workflows/mgmt-guidance.md,Azure/azure-sdk-for-js,.github/workflows/mgmt-guidance.md,Azure__azure-sdk-for-js__9ebd8247e49b/history.json,8,7,0,2026-06-18T09:11:37+00:00,2026-07-13T01:15:45+00:00,2026-08-04T11:24:45+00:00,47.092453703703704,24.66953703703704,22.422916666666666,4.547534722222222,6.572800925925926,6,2,198,9,207,22,9,31,6,1,0,0,0,7,1,0,6,1
Azure/azure-sdk-for-js:.github/workflows/mgmt-review.md,Azure/azure-sdk-for-js,.github/workflows/mgmt-review.md,Azure__azure-sdk-for-js__e270cefb17b8/history.json,29,28,0,2026-03-17T17:07:02+00:00,2026-07-13T01:15:45+00:00,2026-08-04T11:24:54+00:00,139.7624074074074,117.33938657407407,22.423020833333332,2.489994212962963,0.40350694444444446,23,5,533,346,879,414,346,760,14,4,10,0,0,26,3,0,25,3
Azure/azure-sdk-for-js:.github/workflows/scribe.md,Azure/azure-sdk-for-js,.github/workflows/scribe.md,Azure__azure-sdk-for-js__705da3dc5158/history.json,16,15,0,2026-03-24T18:58:58+00:00,2026-07-08T00:57:42+00:00,2026-08-04T11:24:48+00:00,132.6846064814815,105.24912037037036,27.43548611111111,2.9057060185185186,0.9528587962962963,13,5,198,15,213,69,15,84,14,0,1,0,0,14,2,0,13,2
Azure/azure-sdk-for-js:.github/workflows/sentinel.md,Azure/azure-sdk-for-js,.github/workflows/sentinel.md,Azure__azure-sdk-for-js__89a5f6470a62/history.json,16,15,0,2026-03-24T18:57:04+00:00,2026-07-08T00:57:42+00:00,2026-08-04T11:24:49+00:00,132.6859375,105.25043981481481,27.435497685185187,2.9057060185185186,0.9541782407407408,13,5,219,16,235,69,16,85,14,0,1,0,0,14,2,0,13,2
Azure/azure-sdk-for-js:.github/workflows/tester.md,Azure/azure-sdk-for-js,.github/workflows/tester.md,Azure__azure-sdk-for-js__38368e2af7ea/history.json,16,15,0,2026-03-24T19:34:07+00:00,2026-07-08T00:57:42+00:00,2026-08-04T11:24:49+00:00,132.66020833333334,105.22471064814815,27.435497685185187,2.9057060185185186,0.9284490740740741,13,5,199,16,215,69,16,85,14,0,1,0,0,14,2,0,13,2
Azure/azure-sdk-for-js:.github/workflows/upgrade-agentic-workflows.md,Azure/azure-sdk-for-js,.github/workflows/upgrade-agentic-workflows.md,Azure__azure-sdk-for-js__5468e0a574cd/history.json,10,9,0,2026-06-09T16:48:01+00:00,2026-07-23T21:11:43+00:00,2026-08-04T11:24:47+00:00,55.775532407407404,44.183125,11.592407407407407,1.0216666666666667,2.151226851851852,7,2,240,192,432,30,192,222,5,2,2,0,0,9,1,0,8,1
Azure/azure-sdk-for-net:.github/workflows/issue-triage.md,Azure/azure-sdk-for-net,.github/workflows/issue-triage.md,Azure__azure-sdk-for-net__dbb57a87a055/history.json,21,20,0,2026-03-10T16:56:29+00:00,2026-06-29T21:15:53+00:00,2026-08-04T11:24:52+00:00,146.76971064814813,111.18013888888889,35.58957175925926,2.437060185185185,3.1552430555555557,20,3,862,227,1089,767,227,994,2,4,14,0,0,21,0,0,20,0
Azure/azure-sdk-for-net:.github/workflows/mgmt-review.md,Azure/azure-sdk-for-net,.github/workflows/mgmt-review.md,Azure__azure-sdk-for-net__815c1500295a/history.json,15,14,0,2026-05-27T03:38:03+00:00,2026-07-28T08:02:22+00:00,2026-08-04T11:24:52+00:00,69.32417824074074,62.18355324074074,7.140625,2.1244907407407405,2.0184375,13,3,425,47,472,270,47,317,3,5,6,0,0,15,0,0,14,0
Azure/azure-sdk-for-net:.github/workflows/provisioning-review.md,Azure/azure-sdk-for-net,.github/workflows/provisioning-review.md,Azure__azure-sdk-for-net__c55b7b123f79/history.json,5,4,0,2026-07-06T07:04:04+00:00,2026-07-15T08:13:51+00:00,2026-08-04T11:24:48+00:00,29.181064814814814,9.048460648148149,20.132604166666667,1.5924710648148148,1.73,5,1,359,7,366,8,7,15,1,3,0,0,0,5,0,0,4,0
Azure/azure-sdk-for-net:.github/workflows/sdk-build-repair.md,Azure/azure-sdk-for-net,.github/workflows/sdk-build-repair.md,Azure__azure-sdk-for-net__a5db474b6ff5/history.json,4,3,0,2026-06-30T21:57:30+00:00,2026-07-29T22:18:14+00:00,2026-08-04T11:24:49+00:00,34.560636574074074,29.01439814814815,5.546238425925926,9.93162037037037,2.852175925925926,4,2,206,16,222,26,16,42,2,0,1,0,0,4,0,0,3,0
Azure/azure-sdk-for-python:.github/workflows/doc-consistency-check.md,Azure/azure-sdk-for-python,.github/workflows/doc-consistency-check.md,Azure__azure-sdk-for-python__41c17294c7ee/history.json,1,0,1,2026-04-27T23:39:28+00:00,2026-04-27T23:39:28+00:00,2026-08-04T11:24:48+00:00,98.48981481481482,0.0,98.48981481481482,,,1,1,54,0,54,0,0,0,0,0,0,0,0,1,0,0,0,0
Azure/azure-sdk-for-python:.github/workflows/issue-triage.md,Azure/azure-sdk-for-python,.github/workflows/issue-triage.md,Azure__azure-sdk-for-python__fd6d512c866f/history.json,1,0,1,2026-06-29T16:57:53+00:00,2026-06-29T16:57:53+00:00,2026-08-04T11:24:49+00:00,35.76870370370371,0.0,35.76870370370371,,,1,1,570,0,570,0,0,0,0,0,0,0,0,1,0,0,0,0
Azure/azure-sdk-for-python:.github/workflows/pipeline-analysis-next-steps.md,Azure/azure-sdk-for-python,.github/workflows/pipeline-analysis-next-steps.md,Azure__azure-sdk-for-python__20852a170678/history.json,1,0,1,2026-07-20T20:53:42+00:00,2026-07-20T20:53:42+00:00,2026-08-04T11:24:49+00:00,14.60494212962963,0.0,14.60494212962963,,,1,1,214,0,214,0,0,0,0,0,0,0,0,1,0,0,0,0
Azure/azure-sdk-for-rust:.github/workflows/review-sdk.md,Azure/azure-sdk-for-rust,.github/workflows/review-sdk.md,Azure__azure-sdk-for-rust__889292f14ec9/history.json,1,0,1,2026-07-28T22:46:27+00:00,2026-07-28T22:46:27+00:00,2026-08-04T11:24:49+00:00,6.526643518518519,0.0,6.526643518518519,,,1,1,103,0,103,0,0,0,0,0,0,0,0,0,1,0,0,0
Azure/git-ape:.github/workflows/git-ape-workshop-content-updater.md,Azure/git-ape,.github/workflows/git-ape-workshop-content-updater.md,Azure__git-ape__0944b76af598/history.json,2,1,0,2026-06-15T05:32:27+00:00,2026-06-18T05:26:45+00:00,2026-08-04T11:24:50+00:00,50.24471064814815,2.9960416666666667,47.24866898148148,2.9960416666666667,2.9960416666666667,2,1,402,3,405,6,3,9,1,0,0,0,0,2,0,0,1,0
Azure/LogicAppsUX:.github/workflows/issue-triage-agent.md,Azure/LogicAppsUX,.github/workflows/issue-triage-agent.md,Azure__LogicAppsUX__63d3b1cdae53/history.json,5,4,0,2026-04-01T20:57:27+00:00,2026-07-27T13:41:16+00:00,2026-08-04T11:24:51+00:00,124.60236111111111,116.6970949074074,7.905266203703704,10.23078125,0.2447337962962963,5,2,364,10,374,95,10,105,2,2,0,0,0,5,0,0,4,0
Azure/LogicAppsUX:.github/workflows/issue-triage-feedback.md,Azure/LogicAppsUX,.github/workflows/issue-triage-feedback.md,Azure__LogicAppsUX__19ebf445f77b/history.json,3,2,0,2026-04-01T20:57:27+00:00,2026-07-27T13:41:16+00:00,2026-08-04T11:24:49+00:00,124.60233796296296,116.6970949074074,7.905243055555555,58.3485474537037,7.001458333333333,3,2,149,0,149,10,0,10,1,1,0,0,0,3,0,0,2,0
Azure/typespec-azure:.github/workflows/doc-update.md,Azure/typespec-azure,.github/workflows/doc-update.md,Azure__typespec-azure__ae681717300d/history.json,13,12,0,2026-03-30T07:52:19+00:00,2026-07-30T00:28:13+00:00,2026-08-04T11:24:56+00:00,127.14765046296296,121.69159722222223,5.456053240740741,1.523894675925926,1.2670138888888889,12,4,239,46,285,29,46,75,4,3,5,0,0,10,2,0,9,2
Azure/typespec-azure:.github/workflows/docs-sync.md,Azure/typespec-azure,.github/workflows/docs-sync.md,Azure__typespec-azure__3a84b59ddb26/history.json,2,1,0,2026-02-26T21:34:27+00:00,2026-06-25T02:41:01+00:00,2026-08-04T11:24:50+00:00,158.5766550925926,118.21289351851851,40.363761574074076,118.21289351851851,118.21289351851851,2,2,65,0,65,1,0,1,1,0,0,0,0,1,1,0,0,1
benbalter/wordpress-static-site-exporter:.github/workflows/ci-failure-analysis.md,benbalter/wordpress-static-site-exporter,.github/workflows/ci-failure-analysis.md,benbalter__wordpress-static-site-exporter__56b3e00bb11d/history.json,2,1,0,2026-03-17T21:01:29+00:00,2026-03-17T21:18:10+00:00,2026-08-04T11:24:50+00:00,139.59954861111112,0.011585648148148149,139.58796296296296,0.011585648148148149,0.011585648148148149,1,1,52,0,52,1,0,1,1,0,0,0,0,0,2,0,0,1
benbalter/wordpress-static-site-exporter:.github/workflows/issue-triage.md,benbalter/wordpress-static-site-exporter,.github/workflows/issue-triage.md,benbalter__wordpress-static-site-exporter__2aa44f8ca2aa/history.json,1,0,1,2026-03-17T21:01:29+00:00,2026-03-17T21:01:29+00:00,2026-08-04T11:24:50+00:00,139.59954861111112,0.0,139.59954861111112,,,1,1,44,0,44,0,0,0,0,0,0,0,0,0,1,0,0,0
benbalter/wordpress-static-site-exporter:.github/workflows/pr-review.md,benbalter/wordpress-static-site-exporter,.github/workflows/pr-review.md,benbalter__wordpress-static-site-exporter__35526affc593/history.json,2,1,0,2026-03-17T21:01:29+00:00,2026-03-17T21:18:10+00:00,2026-08-04T11:24:50+00:00,139.59954861111112,0.011585648148148149,139.58796296296296,0.011585648148148149,0.011585648148148149,1,1,54,1,55,1,1,2,1,0,0,0,0,0,2,0,0,1
benbalter/wordpress-static-site-exporter:.github/workflows/release-notes.md,benbalter/wordpress-static-site-exporter,.github/workflows/release-notes.md,benbalter__wordpress-static-site-exporter__bb9cc6f641ef/history.json,2,1,0,2026-03-17T21:01:29+00:00,2026-03-17T21:18:10+00:00,2026-08-04T11:24:50+00:00,139.59954861111112,0.011585648148148149,139.58796296296296,0.011585648148148149,0.011585648148148149,1,1,46,0,46,2,0,2,1,0,0,0,0,0,2,0,0,1
Bertverbeek4PS/bc2adls:.github/workflows/ai-moderator.md,Bertverbeek4PS/bc2adls,.github/workflows/ai-moderator.md,Bertverbeek4PS__bc2adls__54706b5aaf85/history.json,1,0,1,2026-03-30T14:34:35+00:00,2026-03-30T14:34:35+00:00,2026-08-04T11:24:50+00:00,126.86822916666667,0.0,126.86822916666667,,,1,1,128,0,128,0,0,0,0,0,0,0,0,1,0,0,0,0
Bertverbeek4PS/bc2adls:.github/workflows/auto-triage-issues.md,Bertverbeek4PS/bc2adls,.github/workflows/auto-triage-issues.md,Bertverbeek4PS__bc2adls__4d46e2d30e32/history.json,1,0,1,2026-03-30T14:05:39+00:00,2026-03-30T14:05:39+00:00,2026-08-04T11:24:51+00:00,126.88833333333334,0.0,126.88833333333334,,,1,1,276,0,276,0,0,0,0,0,0,0,0,1,0,0,0,0
Bertverbeek4PS/bc2adls:.github/workflows/pr-triage-agent.md,Bertverbeek4PS/bc2adls,.github/workflows/pr-triage-agent.md,Bertverbeek4PS__bc2adls__cb23447a755a/history.json,1,0,1,2026-03-30T14:34:35+00:00,2026-03-30T14:34:35+00:00,2026-08-04T11:24:51+00:00,126.86824074074075,0.0,126.86824074074075,,,1,1,151,0,151,0,0,0,0,0,0,0,0,1,0,0,0,0
Bertverbeek4PS/bc2adls:.github/workflows/weekly-issue-summary.md,Bertverbeek4PS/bc2adls,.github/workflows/weekly-issue-summary.md,Bertverbeek4PS__bc2adls__9339af960346/history.json,1,0,1,2026-03-30T14:34:35+00:00,2026-03-30T14:34:35+00:00,2026-08-04T11:24:51+00:00,126.86824074074075,0.0,126.86824074074075,,,1,1,121,0,121,0,0,0,0,0,0,0,0,1,0,0,0,0
BMayhew/awesome-sites-to-test-on:.github/workflows/issue-site-submission.md,BMayhew/awesome-sites-to-test-on,.github/workflows/issue-site-submission.md,BMayhew__awesome-sites-to-test-on__86c974f992c3/history.json,2,1,0,2026-03-02T06:17:29+00:00,2026-03-02T06:45:06+00:00,2026-08-04T11:24:52+00:00,155.21346064814816,0.019178240740740742,155.1942824074074,0.019178240740740742,0.019178240740740742,1,1,169,8,177,8,8,16,0,0,1,0,0,2,0,0,1,0
bob-collective/bob:.github/workflows/openapi-docs-sync.md,bob-collective/bob,.github/workflows/openapi-docs-sync.md,bob-collective__bob__9ab337822050/history.json,1,0,1,2026-03-20T17:29:39+00:00,2026-03-20T17:29:39+00:00,2026-08-04T11:24:51+00:00,136.74666666666667,0.0,136.74666666666667,,,1,1,61,0,61,0,0,0,0,0,0,0,0,1,0,0,0,0
brunoborges/fx2048:.github/workflows/create-sample-issue.md,brunoborges/fx2048,.github/workflows/create-sample-issue.md,brunoborges__fx2048__1917cacce299/history.json,3,2,0,2026-02-09T22:57:17+00:00,2026-02-09T23:27:44+00:00,2026-08-04T11:24:52+00:00,175.5191550925926,0.021145833333333332,175.49800925925925,0.010572916666666668,0.008726851851851852,1,1,34,2,36,5,2,7,0,1,1,0,0,3,0,0,2,0
brunoborges/jairosvg:.github/workflows/effort-labeler.md,brunoborges/jairosvg,.github/workflows/effort-labeler.md,brunoborges__jairosvg__01bd0967261b/history.json,6,5,0,2026-03-05T04:02:37+00:00,2026-04-01T19:42:47+00:00,2026-08-04T11:24:53+00:00,152.30712962962963,27.652893518518518,124.65423611111112,0.008240740740740741,0.000625,2,2,88,6,94,20,6,26,2,2,1,0,0,4,2,0,3,2
camunda/camunda:.github/workflows/ci-cost-analysis.md,camunda/camunda,.github/workflows/ci-cost-analysis.md,camunda__camunda__44cab1e14de4/history.json,9,8,0,2026-06-08T08:03:23+00:00,2026-07-07T12:12:46+00:00,2026-08-04T11:24:54+00:00,57.13994212962963,29.173182870370372,27.96675925925926,0.14567708333333335,0.1521412037037037,4,2,185,47,232,107,47,154,0,7,1,0,0,2,7,0,2,6
canonical/canonical.com:.github/workflows/copilot-assignment.md,canonical/canonical.com,.github/workflows/copilot-assignment.md,canonical__canonical.com__eaec8af0000e/history.json,7,6,0,2026-06-19T06:35:06+00:00,2026-07-24T08:37:35+00:00,2026-08-04T11:24:53+00:00,46.20123842592593,35.08505787037037,11.116180555555555,1.8936516203703704,2.991840277777778,5,2,39,12,51,14,12,26,6,0,0,0,0,7,0,0,6,0
canonical/paas-charm:.github/workflows/weekly-agents-md-maintenance.md,canonical/paas-charm,.github/workflows/weekly-agents-md-maintenance.md,canonical__paas-charm__59800434a1d7/history.json,1,0,1,2026-07-23T10:02:12+00:00,2026-07-23T10:02:12+00:00,2026-08-04T11:24:52+00:00,12.057407407407407,0.0,12.057407407407407,,,1,1,45,0,45,0,0,0,0,0,0,0,0,0,1,0,0,0
canonical/ubuntu.com:.github/workflows/copilot-assignment.md,canonical/ubuntu.com,.github/workflows/copilot-assignment.md,canonical__ubuntu.com__8223c2653bc5/history.json,5,4,0,2026-07-01T07:31:21+00:00,2026-07-13T07:56:53+00:00,2026-08-04T11:24:54+00:00,34.1621875,12.017731481481482,22.144456018518518,0.5018692129629629,0.9659375,3,1,37,3,40,6,3,9,4,0,0,0,0,5,0,0,4,0
carlkidcrypto/ezsnmp:.github/workflows/auto_change_log.md,carlkidcrypto/ezsnmp,.github/workflows/auto_change_log.md,carlkidcrypto__ezsnmp__85784c671a0e/history.json,11,10,0,2026-03-22T21:51:05+00:00,2026-07-12T20:24:37+00:00,2026-08-04T11:24:56+00:00,134.5651736111111,111.93995370370371,22.62521990740741,4.160896990740741,1.687488425925926,9,4,156,41,197,59,41,100,8,2,0,0,0,4,7,0,3,7
carlkidcrypto/ezsnmp:.github/workflows/auto_release_notes.md,carlkidcrypto/ezsnmp,.github/workflows/auto_release_notes.md,carlkidcrypto__ezsnmp__178fc04ef9a2/history.json,9,8,0,2026-03-24T14:21:04+00:00,2026-07-08T01:41:34+00:00,2026-08-04T11:24:56+00:00,132.8776851851852,105.47256944444445,27.40511574074074,0.9200752314814815,3.541898148148148,5,3,188,16,204,48,16,64,6,1,1,0,0,3,6,0,2,6
carlkidcrypto/ezsnmp:.github/workflows/coverage_autofix_cpp.md,carlkidcrypto/ezsnmp,.github/workflows/coverage_autofix_cpp.md,carlkidcrypto__ezsnmp__d8c52dc9ffdb/history.json,5,4,0,2026-06-28T14:57:54+00:00,2026-07-14T04:12:04+00:00,2026-08-04T11:24:54+00:00,36.85208333333333,15.55150462962963,21.300578703703703,4.4590856481481485,5.06306712962963,5,2,159,40,199,45,40,85,2,1,1,0,0,4,1,0,3,1
carlkidcrypto/ezsnmp:.github/workflows/coverage_autofix_python.md,carlkidcrypto/ezsnmp,.github/workflows/coverage_autofix_python.md,carlkidcrypto__ezsnmp__228645ddb386/history.json,5,4,0,2026-06-28T14:57:54+00:00,2026-07-14T04:12:04+00:00,2026-08-04T11:24:55+00:00,36.852094907407405,15.55150462962963,21.30059027777778,4.1855671296296295,5.06306712962963,5,2,80,116,196,67,62,129,2,1,1,0,0,4,1,0,3,1
carlkidcrypto/ezsnmp:.github/workflows/docs_continuous_improvement_every_3_days.md,carlkidcrypto/ezsnmp,.github/workflows/docs_continuous_improvement_every_3_days.md,carlkidcrypto__ezsnmp__1ee8f821b340/history.json,6,5,0,2026-03-22T04:23:00+00:00,2026-07-08T01:41:34+00:00,2026-08-04T11:24:55+00:00,135.29299768518518,107.88789351851852,27.405104166666668,1.4162962962962964,41.48814814814815,4,3,69,4,73,5,4,9,5,0,0,0,0,2,4,0,1,4
carlkidcrypto/ezsnmp:.github/workflows/monthly_report_tooling_maintenance.md,carlkidcrypto/ezsnmp,.github/workflows/monthly_report_tooling_maintenance.md,carlkidcrypto__ezsnmp__daf46c5b34c7/history.json,1,0,1,2026-07-13T00:45:16+00:00,2026-07-13T00:45:16+00:00,2026-08-04T11:24:53+00:00,22.44417824074074,0.0,22.44417824074074,,,1,1,115,0,115,0,0,0,0,0,0,0,0,0,1,0,0,0
carlkidcrypto/ezsnmp:.github/workflows/python_version_watcher.md,carlkidcrypto/ezsnmp,.github/workflows/python_version_watcher.md,carlkidcrypto__ezsnmp__70b12bcfc809/history.json,4,3,0,2026-05-03T22:02:58+00:00,2026-07-08T01:41:34+00:00,2026-08-04T11:24:55+00:00,92.55690972222222,65.15180555555555,27.405104166666668,0.18512731481481481,0.18512731481481481,3,2,211,2,213,3,2,5,3,0,0,0,0,1,3,0,1,2
carlkidcrypto/ezsnmp:.github/workflows/sync_open_prs_with_main.md,carlkidcrypto/ezsnmp,.github/workflows/sync_open_prs_with_main.md,carlkidcrypto__ezsnmp__32b6c1679d05/history.json,11,10,0,2026-03-22T04:23:00+00:00,2026-07-08T01:41:34+00:00,2026-08-04T11:24:56+00:00,135.29300925925926,107.88789351851852,27.40511574074074,1.610167824074074,0.7278356481481482,8,4,62,9,71,17,9,26,6,2,2,0,0,5,6,0,4,6
carlkidcrypto/ezsnmp:.github/workflows/triage_incoming_bug_reports.md,carlkidcrypto/ezsnmp,.github/workflows/triage_incoming_bug_reports.md,carlkidcrypto__ezsnmp__0a23d1035518/history.json,6,5,0,2026-03-22T21:51:05+00:00,2026-07-08T01:41:34+00:00,2026-08-04T11:24:57+00:00,134.5651851851852,107.16005787037037,27.405127314814816,1.4162962962962964,40.7603125,4,3,99,4,103,5,4,9,5,0,0,0,0,2,4,0,1,4
carlkidcrypto/ezsnmp:.github/workflows/update_docker_netsnmp_versions.md,carlkidcrypto/ezsnmp,.github/workflows/update_docker_netsnmp_versions.md,carlkidcrypto__ezsnmp__ca4f74309655/history.json,7,6,0,2026-03-22T21:51:05+00:00,2026-07-08T01:41:34+00:00,2026-08-04T11:24:56+00:00,134.5651736111111,107.16005787037037,27.40511574074074,10.824994212962963,20.23369212962963,5,4,111,6,117,7,6,13,5,1,0,0,0,2,5,0,1,5
carlkidcrypto/ezsnmp:.github/workflows/update_docker_python_versions.md,carlkidcrypto/ezsnmp,.github/workflows/update_docker_python_versions.md,carlkidcrypto__ezsnmp__5375b86e1e01/history.json,6,5,0,2026-03-21T21:31:27+00:00,2026-07-08T01:41:34+00:00,2026-08-04T11:24:56+00:00,135.57880787037038,108.17369212962963,27.40511574074074,1.4162962962962964,41.77394675925926,4,3,76,4,80,5,4,9,5,0,0,0,0,2,4,0,1,4
carlkidcrypto/purpleair_data_logger:.github/workflows/auto_change_log.md,carlkidcrypto/purpleair_data_logger,.github/workflows/auto_change_log.md,carlkidcrypto__purpleair_data_logger__0cc59ca45ca9/history.json,7,6,0,2026-04-07T04:22:42+00:00,2026-08-02T03:35:53+00:00,2026-08-04T11:24:57+00:00,119.29322916666666,116.96748842592592,2.325740740740741,25.078408564814815,25.810243055555556,5,5,117,6,123,7,6,13,6,0,0,0,0,4,3,0,4,2
carlkidcrypto/purpleair_data_logger:.github/workflows/auto_release_notes.md,carlkidcrypto/purpleair_data_logger,.github/workflows/auto_release_notes.md,carlkidcrypto__purpleair_data_logger__fac8156dd542/history.json,7,6,0,2026-04-07T04:22:42+00:00,2026-08-02T03:35:53+00:00,2026-08-04T11:24:57+00:00,119.29322916666666,116.96748842592592,2.325740740740741,25.078408564814815,25.810243055555556,5,5,173,6,179,7,6,13,6,0,0,0,0,4,3,0,4,2
carlkidcrypto/purpleair_data_logger:.github/workflows/coverage_autofix_every_3_days.md,carlkidcrypto/purpleair_data_logger,.github/workflows/coverage_autofix_every_3_days.md,carlkidcrypto__purpleair_data_logger__19d84142996d/history.json,8,7,0,2026-04-07T04:22:42+00:00,2026-08-02T03:35:53+00:00,2026-08-04T11:24:57+00:00,119.29322916666666,116.96748842592592,2.325740740740741,18.973703703703702,18.973703703703702,6,5,114,6,120,8,6,14,7,0,0,0,0,4,4,0,4,3
carlkidcrypto/purpleair_data_logger:.github/workflows/python_version_watcher.md,carlkidcrypto/purpleair_data_logger,.github/workflows/python_version_watcher.md,carlkidcrypto__purpleair_data_logger__e22ee3e76a7b/history.json,6,5,0,2026-05-03T20:39:51+00:00,2026-08-02T03:35:53+00:00,2026-08-04T11:24:58+00:00,92.61466435185186,90.28891203703704,2.3257523148148147,24.346574074074073,32.73555555555556,4,4,200,7,207,8,7,15,4,0,1,0,0,4,2,0,4,1
chrisreddington/flight-school:.github/workflows/daily-perf-improver.md,chrisreddington/flight-school,.github/workflows/daily-perf-improver.md,chrisreddington__flight-school__b9fdcaa184c1/history.json,2,1,0,2026-02-23T14:58:49+00:00,2026-05-24T20:50:16+00:00,2026-08-04T11:24:58+00:00,161.85149305555555,90.2440625,71.60743055555555,90.2440625,90.2440625,2,2,173,1,174,1,1,2,0,1,0,0,0,2,0,0,1,0
chrizbo/agentics-beyond-code:.github/workflows/adversarial-pm.md,chrizbo/agentics-beyond-code,.github/workflows/adversarial-pm.md,chrizbo__agentics-beyond-code__394b824435b3/history.json,8,7,0,2026-05-10T23:29:55+00:00,2026-06-11T23:15:04+00:00,2026-08-04T11:24:59+00:00,85.49657407407408,31.9896875,53.50688657407407,3.0813078703703702,0.011967592592592592,7,2,409,41,450,38,41,79,4,1,2,0,0,7,1,0,6,1
chrizbo/agentics-beyond-code:.github/workflows/assumption-surfacer.md,chrizbo/agentics-beyond-code,.github/workflows/assumption-surfacer.md,chrizbo__agentics-beyond-code__e6d26abb5c9d/history.json,12,11,0,2026-05-09T22:57:53+00:00,2026-06-11T23:15:04+00:00,2026-08-04T11:25:01+00:00,86.51884259259259,33.01193287037037,53.506909722222225,0.20886574074074074,0.003564814814814815,7,2,391,133,524,82,133,215,5,3,3,0,0,12,0,0,11,0
chrizbo/agentics-beyond-code:.github/workflows/calendar-load-report.md,chrizbo/agentics-beyond-code,.github/workflows/calendar-load-report.md,chrizbo__agentics-beyond-code__1fa5cc0b8aad/history.json,1,0,1,2026-06-12T18:08:36+00:00,2026-06-12T18:08:36+00:00,2026-08-04T11:24:57+00:00,52.7196875,0.0,52.7196875,,,1,1,215,0,215,0,0,0,0,0,0,0,0,0,1,0,0,0
chrizbo/agentics-beyond-code:.github/workflows/calendar-strategy-audit.md,chrizbo/agentics-beyond-code,.github/workflows/calendar-strategy-audit.md,chrizbo__agentics-beyond-code__edef2a8d4972/history.json,2,1,0,2026-06-12T18:08:36+00:00,2026-06-12T18:26:55+00:00,2026-08-04T11:24:58+00:00,52.71969907407407,0.012719907407407407,52.70697916666666,0.012719907407407407,0.012719907407407407,1,1,309,79,388,3,79,82,0,0,1,0,0,0,2,0,0,1
chrizbo/agentics-beyond-code:.github/workflows/chaos-monkey.md,chrizbo/agentics-beyond-code,.github/workflows/chaos-monkey.md,chrizbo__agentics-beyond-code__75e2ddc4fcbf/history.json,3,2,0,2026-06-08T16:04:28+00:00,2026-06-11T23:15:04+00:00,2026-08-04T11:24:58+00:00,56.805902777777774,3.299027777777778,53.506875,1.649513888888889,0.0033680555555555556,2,1,449,7,456,4,7,11,1,0,1,0,0,1,2,0,1,1
chrizbo/agentics-beyond-code:.github/workflows/commitment-reconciler.md,chrizbo/agentics-beyond-code,.github/workflows/commitment-reconciler.md,chrizbo__agentics-beyond-code__f0f7ca6cc5ef/history.json,3,2,0,2026-06-01T00:11:01+00:00,2026-06-11T23:15:04+00:00,2026-08-04T11:24:58+00:00,64.46802083333333,10.961145833333333,53.506875,5.480572916666667,2.737048611111111,3,1,355,2,357,6,2,8,2,0,0,0,0,2,1,0,1,1
chrizbo/agentics-beyond-code:.github/workflows/compliance-review.md,chrizbo/agentics-beyond-code,.github/workflows/compliance-review.md,chrizbo__agentics-beyond-code__b0517731dbde/history.json,18,17,0,2026-05-09T02:44:51+00:00,2026-06-11T23:15:04+00:00,2026-08-04T11:25:04+00:00,87.36126157407408,33.85431712962963,53.50694444444444,0.5518171296296296,0.017962962962962962,10,2,422,48,470,76,48,124,10,3,4,0,0,16,2,0,15,2
chrizbo/agentics-beyond-code:.github/workflows/compliance-team-reports.md,chrizbo/agentics-beyond-code,.github/workflows/compliance-team-reports.md,chrizbo__agentics-beyond-code__fc22d5c002a2/history.json,17,16,0,2026-05-09T02:44:51+00:00,2026-06-11T23:15:04+00:00,2026-08-04T11:25:03+00:00,87.36125,33.85431712962963,53.50693287037037,0.5824016203703704,0.012708333333333334,10,2,316,38,354,53,38,91,11,1,4,0,0,14,3,0,13,3
chrizbo/agentics-beyond-code:.github/workflows/daily-standup-prep.md,chrizbo/agentics-beyond-code,.github/workflows/daily-standup-prep.md,chrizbo__agentics-beyond-code__fe8dd7cf9499/history.json,21,20,0,2026-05-11T17:58:27+00:00,2026-06-12T18:19:20+00:00,2026-08-04T11:25:06+00:00,84.72684027777778,32.01450231481481,52.71233796296296,0.11971643518518518,0.0009722222222222222,10,2,282,36,318,138,36,174,13,2,5,0,0,8,13,0,8,12
chrizbo/agentics-beyond-code:.github/workflows/decision-log.md,chrizbo/agentics-beyond-code,.github/workflows/decision-log.md,chrizbo__agentics-beyond-code__4d7a37289a70/history.json,16,15,0,2026-05-09T20:16:52+00:00,2026-06-11T23:15:04+00:00,2026-08-04T11:25:04+00:00,86.63069444444444,33.12375,53.50694444444444,1.0522453703703705,0.05568287037037037,10,2,374,33,407,68,33,101,10,3,2,0,0,13,3,0,12,3
chrizbo/agentics-beyond-code:.github/workflows/gtm-content.md,chrizbo/agentics-beyond-code,.github/workflows/gtm-content.md,chrizbo__agentics-beyond-code__94e742a60ec5/history.json,15,14,0,2026-05-09T02:51:55+00:00,2026-06-11T23:15:04+00:00,2026-08-04T11:25:03+00:00,87.3563425925926,33.84940972222222,53.50693287037037,0.3841840277777778,0.013055555555555556,8,2,373,60,433,73,60,133,7,2,5,0,0,13,2,0,12,2
chrizbo/agentics-beyond-code:.github/workflows/gtm-team-reports.md,chrizbo/agentics-beyond-code,.github/workflows/gtm-team-reports.md,chrizbo__agentics-beyond-code__cbb8a9f16a68/history.json,11,10,0,2026-05-09T23:03:01+00:00,2026-06-11T23:15:04+00:00,2026-08-04T11:25:03+00:00,86.51530092592593,33.00836805555556,53.50693287037037,2.3188310185185186,4.834282407407407,8,2,306,28,334,32,28,60,8,0,2,0,0,9,2,0,8,2
chrizbo/agentics-beyond-code:.github/workflows/intake-triage.md,chrizbo/agentics-beyond-code,.github/workflows/intake-triage.md,chrizbo__agentics-beyond-code__87a85c9e3864/history.json,14,13,0,2026-05-10T20:13:19+00:00,2026-06-11T23:15:04+00:00,2026-08-04T11:25:04+00:00,85.63315972222222,32.126215277777774,53.50694444444444,0.9566435185185185,0.0039004629629629628,10,2,378,12,390,54,12,66,9,2,2,0,0,12,2,0,11,2
chrizbo/agentics-beyond-code:.github/workflows/launch-readiness.md,chrizbo/agentics-beyond-code,.github/workflows/launch-readiness.md,chrizbo__agentics-beyond-code__4df6322ae881/history.json,23,22,0,2026-05-09T00:44:36+00:00,2026-06-11T23:15:04+00:00,2026-08-04T11:25:06+00:00,87.44479166666666,33.93782407407407,53.506967592592595,0.15064814814814814,0.006053240740740741,9,2,413,71,484,210,71,281,15,2,5,0,0,20,3,0,19,3
chrizbo/agentics-beyond-code:.github/workflows/leadership-brief.md,chrizbo/agentics-beyond-code,.github/workflows/leadership-brief.md,chrizbo__agentics-beyond-code__a504f5f322b9/history.json,11,10,0,2026-05-10T21:41:17+00:00,2026-06-11T23:15:04+00:00,2026-08-04T11:25:03+00:00,85.57206018518518,32.065127314814816,53.50693287037037,1.6530613425925926,3.8910416666666667,10,2,471,27,498,42,27,69,6,1,3,0,0,8,3,0,7,3
chrizbo/agentics-beyond-code:.github/workflows/process-analyzer.md,chrizbo/agentics-beyond-code,.github/workflows/process-analyzer.md,chrizbo__agentics-beyond-code__13585d7ae482/history.json,15,14,0,2026-05-09T22:41:59+00:00,2026-06-11T23:15:04+00:00,2026-08-04T11:25:05+00:00,86.52993055555555,33.02297453703704,53.506956018518515,0.7012673611111111,0.004224537037037037,11,2,620,105,725,324,105,429,6,4,4,0,0,12,3,0,11,3
chrizbo/agentics-beyond-code:.github/workflows/sample-data-launch-creator.md,chrizbo/agentics-beyond-code,.github/workflows/sample-data-launch-creator.md,chrizbo__agentics-beyond-code__497c1db417e6/history.json,2,1,0,2026-06-08T19:48:38+00:00,2026-06-11T23:15:04+00:00,2026-08-04T11:25:01+00:00,56.6502662037037,3.1433564814814816,53.506909722222225,3.1433564814814816,3.1433564814814816,2,1,1,0,1,1,0,1,1,0,0,0,0,1,1,0,1,0
chrizbo/agentics-beyond-code:.github/workflows/sample-data-simulator.md,chrizbo/agentics-beyond-code,.github/workflows/sample-data-simulator.md,chrizbo__agentics-beyond-code__e6c7c766d842/history.json,40,39,0,2026-05-09T02:28:35+00:00,2026-06-11T23:15:04+00:00,2026-08-04T11:25:15+00:00,87.37268518518519,33.86561342592593,53.50707175925926,0.022962962962962963,0.7239236111111111,14,2,830,374,1204,578,374,952,16,13,10,0,0,23,17,0,22,17
chrizbo/agentics-beyond-code:.github/workflows/slack-context-processor.md,chrizbo/agentics-beyond-code,.github/workflows/slack-context-processor.md,chrizbo__agentics-beyond-code__1a063b9dbd1e/history.json,5,4,0,2026-06-01T18:59:24+00:00,2026-06-11T23:15:04+00:00,2026-08-04T11:25:04+00:00,63.68449074074074,10.177546296296295,53.50694444444444,0.022141203703703705,0.03409722222222222,2,1,336,7,343,41,7,48,1,3,0,0,0,5,0,0,4,0
chrizbo/agentics-beyond-code:.github/workflows/slack-reaction-intake.md,chrizbo/agentics-beyond-code,.github/workflows/slack-reaction-intake.md,chrizbo__agentics-beyond-code__afdeab699dc4/history.json,4,3,0,2026-06-01T20:14:03+00:00,2026-06-11T23:15:04+00:00,2026-08-04T11:25:05+00:00,63.632662037037036,10.12570601851852,53.506956018518515,0.2642939814814815,0.015543981481481482,3,1,273,79,352,39,79,118,1,1,1,0,0,4,0,0,3,0
chrizbo/agentics-beyond-code:.github/workflows/strategy-alignment.md,chrizbo/agentics-beyond-code,.github/workflows/strategy-alignment.md,chrizbo__agentics-beyond-code__69535b545e0a/history.json,11,10,0,2026-05-09T23:47:36+00:00,2026-06-11T23:15:04+00:00,2026-08-04T11:25:07+00:00,86.48438657407408,32.977407407407405,53.50697916666667,2.299334490740741,0.005543981481481481,9,2,482,87,569,173,87,260,6,2,2,0,0,9,2,0,8,2
chrizbo/agentics-beyond-code:.github/workflows/transcript-processor.md,chrizbo/agentics-beyond-code,.github/workflows/transcript-processor.md,chrizbo__agentics-beyond-code__3ff7daa36160/history.json,8,7,0,2026-05-09T20:16:52+00:00,2026-06-11T23:15:04+00:00,2026-08-04T11:25:06+00:00,86.63071759259259,33.12375,53.506967592592595,0.21891203703703704,0.02738425925925926,5,2,286,22,308,12,22,34,4,2,1,0,0,8,0,0,7,0
chrizbo/agentics-beyond-code:.github/workflows/weekly-status.md,chrizbo/agentics-beyond-code,.github/workflows/weekly-status.md,chrizbo__agentics-beyond-code__d4dd9ce4971b/history.json,19,18,0,2026-05-09T15:50:53+00:00,2026-06-11T23:15:04+00:00,2026-08-04T11:25:10+00:00,86.81547453703703,33.30846064814815,53.50701388888889,0.4125520833333334,0.0013078703703703703,11,2,431,101,532,165,101,266,11,2,5,0,0,14,5,0,13,5
chrizbo/agentics-beyond-code:.github/workflows/workflow-health.md,chrizbo/agentics-beyond-code,.github/workflows/workflow-health.md,chrizbo__agentics-beyond-code__3a2b3dd8b28e/history.json,14,13,0,2026-05-09T21:03:44+00:00,2026-06-11T23:15:04+00:00,2026-08-04T11:25:09+00:00,86.59820601851852,33.091203703703705,53.50700231481481,1.2925462962962964,0.07087962962962963,9,2,478,75,553,237,75,312,7,2,4,0,0,11,3,0,10,3
clash-verge-rev/clash-verge-rev:.github/workflows/pr-ai-slop-review.md,clash-verge-rev/clash-verge-rev,.github/workflows/pr-ai-slop-review.md,clash-verge-rev__clash-verge-rev__55ef8979f5c4/history.json,14,13,0,2026-03-17T18:30:45+00:00,2026-06-19T16:23:48+00:00,2026-08-04T11:25:09+00:00,139.70444444444445,93.91184027777778,45.79260416666666,5.909189814814815,5.909189814814815,12,4,221,22,243,98,22,120,7,5,1,0,0,13,1,0,12,1
cli/cli:.github/workflows/dependabot-triage.md,cli/cli,.github/workflows/dependabot-triage.md,cli__cli__11876fa1aca5/history.json,3,2,0,2026-07-30T11:46:01+00:00,2026-07-31T15:16:13+00:00,2026-08-04T11:25:06+00:00,4.985474537037037,1.1459722222222222,3.8395023148148146,0.5729861111111111,0.9896180555555556,2,1,144,8,152,8,8,16,1,0,1,0,0,3,0,0,2,0
cli/cli:.github/workflows/issue-triage.md,cli/cli,.github/workflows/issue-triage.md,cli__cli__8bf6ce743ddc/history.json,7,6,0,2026-07-02T05:41:24+00:00,2026-07-31T15:18:01+00:00,2026-08-04T11:25:08+00:00,33.238703703703706,29.40042824074074,3.838275462962963,3.5788425925925926,0.09862268518518519,4,1,288,125,413,166,125,291,2,1,3,0,0,7,0,0,6,0
CliMA/ClimaAtmos.jl:.github/workflows/pr-review.md,CliMA/ClimaAtmos.jl,.github/workflows/pr-review.md,CliMA__ClimaAtmos.jl__9892c5593993/history.json,3,2,0,2026-05-18T19:44:29+00:00,2026-05-28T00:13:40+00:00,2026-08-04T11:25:06+00:00,77.65320601851852,9.18693287037037,68.46627314814815,4.593466435185185,0.10489583333333333,2,1,80,8,88,8,8,16,1,0,1,0,0,3,0,0,2,0
clouisle/Clouisle:.github/workflows/issue-triage.md,clouisle/Clouisle,.github/workflows/issue-triage.md,clouisle__Clouisle__f11b9aefa2ae/history.json,3,2,0,2026-05-02T17:12:16+00:00,2026-05-02T18:02:46+00:00,2026-08-04T11:25:07+00:00,93.75892361111111,0.035069444444444445,93.72385416666667,0.017534722222222222,0.021782407407407407,1,1,128,9,137,13,9,22,2,0,0,0,0,3,0,0,2,0
cncf/contribute-site:.github/workflows/link-checker.md,cncf/contribute-site,.github/workflows/link-checker.md,cncf__contribute-site__a7debac5d44b/history.json,10,9,0,2026-03-12T21:23:41+00:00,2026-03-16T22:21:41+00:00,2026-08-04T11:25:10+00:00,144.58436342592591,4.040277777777778,140.54408564814815,0.030983796296296297,0.990625,3,1,256,24,280,59,24,83,4,2,3,0,0,9,1,0,8,1
cncf/contribute-site:.github/workflows/link-fixer.md,cncf/contribute-site,.github/workflows/link-fixer.md,cncf__contribute-site__3f9d084df2f2/history.json,8,7,0,2026-03-16T19:23:45+00:00,2026-03-17T00:45:00+00:00,2026-08-04T11:25:09+00:00,140.6676388888889,0.2230902777777778,140.44454861111112,0.014988425925925926,0.026944444444444444,2,1,187,11,198,29,11,40,1,4,2,0,0,8,0,0,7,0
colindembovsky/cols-agent-tasks:.github/workflows/repo-assist.md,colindembovsky/cols-agent-tasks,.github/workflows/repo-assist.md,colindembovsky__cols-agent-tasks__7be10c256c20/history.json,1,0,1,2026-02-28T01:50:15+00:00,2026-02-28T01:50:15+00:00,2026-08-04T11:25:07+00:00,157.39921296296296,0.0,157.39921296296296,,,1,1,291,0,291,0,0,0,0,0,0,0,0,1,0,0,0,0
CommunityToolkit/Aspire:.github/workflows/aspire-upgrade.md,CommunityToolkit/Aspire,.github/workflows/aspire-upgrade.md,CommunityToolkit__Aspire__600e42f463be/history.json,5,4,0,2026-03-12T23:45:41+00:00,2026-05-26T00:56:19+00:00,2026-08-04T11:25:09+00:00,144.48574074074074,74.04905092592593,70.43668981481481,8.53824074074074,5.255497685185185,4,2,121,36,157,56,36,92,0,3,1,0,0,5,0,0,4,0
CycloneClub/Everglow:.github/workflows/holistic-review.md,CycloneClub/Everglow,.github/workflows/holistic-review.md,CycloneClub__Everglow__9d30b3b4c7a7/history.json,3,2,0,2026-07-26T15:19:35+00:00,2026-07-27T08:26:29+00:00,2026-08-04T11:25:10+00:00,8.837210648148147,0.713125,8.124085648148148,0.3565625,0.5390393518518518,2,1,403,7,410,15,7,22,1,0,0,1,0,2,1,0,1,1
DanWahlin/github-azure-agentic-journeys:.github/workflows/journey-e2e-test.md,DanWahlin/github-azure-agentic-journeys,.github/workflows/journey-e2e-test.md,DanWahlin__github-azure-agentic-journeys__abe7b2f365c3/history.json,8,7,0,2026-04-11T23:27:32+00:00,2026-07-20T21:33:11+00:00,2026-08-04T11:25:09+00:00,114.49834490740741,99.92059027777778,14.577754629629629,0.05813657407407408,0.05813657407407408,4,3,384,75,459,157,75,232,3,1,3,0,0,8,0,0,7,0
Dedac/Beam:.github/workflows/fix-top-improvement.md,Dedac/Beam,.github/workflows/fix-top-improvement.md,Dedac__Beam__9a196bfd0783/history.json,2,1,0,2026-04-22T14:47:40+00:00,2026-04-22T15:31:15+00:00,2026-08-04T11:25:08+00:00,103.85935185185186,0.030266203703703705,103.82908564814815,0.030266203703703705,0.030266203703703705,1,1,79,3,82,6,3,9,0,0,1,0,0,2,0,0,1,0
Dedac/Beam:.github/workflows/weekly-improvements.md,Dedac/Beam,.github/workflows/weekly-improvements.md,Dedac__Beam__817cccb44ab0/history.json,1,0,1,2026-04-22T14:44:20+00:00,2026-04-22T14:44:20+00:00,2026-08-04T11:25:08+00:00,103.86166666666666,0.0,103.86166666666666,,,1,1,119,0,119,0,0,0,0,0,0,0,0,1,0,0,0,0
desktop/desktop:.github/workflows/issue-triage.md,desktop/desktop,.github/workflows/issue-triage.md,desktop__desktop__0ed291523721/history.json,10,9,0,2026-07-02T05:40:47+00:00,2026-07-23T11:46:29+00:00,2026-08-04T11:25:11+00:00,33.23916666666667,21.253958333333333,11.985208333333333,0.22546296296296298,0.0987962962962963,5,1,238,101,339,138,101,239,4,2,3,0,0,10,0,0,9,0
DevExpGbb/gh-devlake:.github/workflows/docs-sync.md,DevExpGbb/gh-devlake,.github/workflows/docs-sync.md,DevExpGbb__gh-devlake__15bd99aa71ff/history.json,1,0,1,2026-03-11T22:30:31+00:00,2026-03-11T22:30:31+00:00,2026-08-04T11:25:10+00:00,145.5379513888889,0.0,145.5379513888889,,,1,1,88,0,88,0,0,0,0,0,0,0,0,0,1,0,0,0
dgreif/ring:.github/workflows/issue-triage.md,dgreif/ring,.github/workflows/issue-triage.md,dgreif__ring__d37b9b0f3e66/history.json,2,1,0,2026-06-06T11:44:57+00:00,2026-06-25T12:46:56+00:00,2026-08-04T11:25:10+00:00,58.98626157407407,19.043043981481482,39.943217592592596,19.043043981481482,19.043043981481482,2,1,154,0,154,1,0,1,1,0,0,0,0,2,0,0,1,0
dimagi/commcare-android:.github/workflows/pr-comment-handler.md,dimagi/commcare-android,.github/workflows/pr-comment-handler.md,dimagi__commcare-android__c6ab637fec75/history.json,10,9,0,2026-03-19T20:03:36+00:00,2026-05-14T06:33:34+00:00,2026-08-04T11:25:13+00:00,137.64001157407407,55.437476851851855,82.20253472222223,0.8084259259259259,0.0061805555555555555,6,3,349,151,500,187,151,338,2,4,3,0,0,10,0,0,9,0
dorlugasigal/TermBeam:.github/workflows/dependabot-autofix.md,dorlugasigal/TermBeam,.github/workflows/dependabot-autofix.md,dorlugasigal__TermBeam__627d4326e28a/history.json,8,7,0,2026-07-07T08:43:36+00:00,2026-08-03T17:24:06+00:00,2026-08-04T11:25:13+00:00,28.112233796296298,27.361458333333335,0.7507754629629629,0.04819444444444444,0.018333333333333333,4,2,405,60,465,182,60,242,3,2,2,0,0,8,0,0,7,0
dorlugasigal/TermBeam:.github/workflows/scorecard-monitor.md,dorlugasigal/TermBeam,.github/workflows/scorecard-monitor.md,dorlugasigal__TermBeam__5d7fe8c1581c/history.json,5,4,0,2026-03-27T09:13:19+00:00,2026-08-04T08:22:54+00:00,2026-08-04T11:25:11+00:00,130.09157407407406,129.96498842592592,0.12658564814814816,6.107453703703704,0.03711805555555556,3,3,75,2,77,12,2,14,2,2,0,0,0,5,0,0,4,0
dorlugasigal/TermBeam:.github/workflows/security-autofix.md,dorlugasigal/TermBeam,.github/workflows/security-autofix.md,dorlugasigal__TermBeam__27652a7980a4/history.json,6,5,0,2026-07-22T20:45:09+00:00,2026-08-03T17:24:06+00:00,2026-08-04T11:25:11+00:00,12.61113425925926,11.860381944444445,0.7507523148148149,0.03204861111111111,0.0015625,3,2,283,13,296,40,13,53,3,2,0,0,0,6,0,0,5,0
dotnet/android:.github/workflows/android-reviewer.md,dotnet/android,.github/workflows/android-reviewer.md,dotnet__android__4a86b25f40a2/history.json,13,12,0,2026-04-17T19:48:42+00:00,2026-06-30T15:22:08+00:00,2026-08-04T11:25:14+00:00,108.65037037037037,73.81488425925926,34.83548611111111,3.1410995370370367,0.0032060185185185186,10,3,106,9,115,61,9,70,9,2,1,0,0,13,0,0,12,0
dotnet/android:.github/workflows/nightly-fix-finder.md,dotnet/android,.github/workflows/nightly-fix-finder.md,dotnet__android__561d803e7caf/history.json,10,9,0,2026-05-19T21:27:49+00:00,2026-07-01T08:40:19+00:00,2026-08-04T11:25:14+00:00,76.58153935185184,42.467013888888886,34.114525462962966,3.983425925925926,1.971076388888889,9,3,599,316,915,279,316,595,6,0,3,0,0,10,0,0,9,0
dotnet/arcade:.github/workflows/update-default-versions.md,dotnet/arcade,.github/workflows/update-default-versions.md,dotnet__arcade__e5cba4ed072c/history.json,1,0,1,2026-06-12T07:41:40+00:00,2026-06-12T07:41:40+00:00,2026-08-04T11:25:11+00:00,53.15521990740741,0.0,53.15521990740741,,,1,1,184,0,184,0,0,0,0,0,0,0,0,1,0,0,0,0
dotnet/aspnetcore:.github/workflows/browsertesting-deps-update.md,dotnet/aspnetcore,.github/workflows/browsertesting-deps-update.md,dotnet__aspnetcore__eb6715ad3527/history.json,4,3,0,2026-04-07T20:29:33+00:00,2026-07-20T12:02:22+00:00,2026-08-04T11:25:13+00:00,118.62199074074074,103.64778935185186,14.974201388888888,12.685717592592592,82.81815972222222,4,3,136,14,150,37,14,51,3,0,0,0,0,4,0,0,3,0
dotnet/aspnetcore:.github/workflows/community-pr-issue-check.md,dotnet/aspnetcore,.github/workflows/community-pr-issue-check.md,dotnet__aspnetcore__39b592512f4a/history.json,4,3,0,2026-04-09T20:26:07+00:00,2026-07-20T12:02:22+00:00,2026-08-04T11:25:13+00:00,116.624375,101.65017361111111,14.974201388888888,12.685717592592592,80.82054398148148,4,3,113,14,127,37,14,51,3,0,0,0,0,3,1,0,3,0
dotnet/aspnetcore:.github/workflows/cswin32-update.md,dotnet/aspnetcore,.github/workflows/cswin32-update.md,dotnet__aspnetcore__7a3e06f577e4/history.json,7,6,0,2026-04-07T20:30:07+00:00,2026-07-20T12:02:22+00:00,2026-08-04T11:25:14+00:00,118.6216087962963,103.64739583333333,14.974212962962962,10.414814814814815,0.7572106481481482,7,4,400,26,426,69,26,95,4,1,1,0,0,7,0,0,6,0
dotnet/aspnetcore:.github/workflows/issue-triage-agent.md,dotnet/aspnetcore,.github/workflows/issue-triage-agent.md,dotnet__aspnetcore__c08c3fad1ec0/history.json,13,12,0,2026-03-13T16:15:04+00:00,2026-07-23T17:44:36+00:00,2026-08-04T11:25:16+00:00,143.79875,132.0621759259259,11.736574074074074,7.4783738425925925,2.975,13,5,645,64,709,260,64,324,6,3,3,0,0,13,0,0,12,0
dotnet/aspnetcore:.github/workflows/test-quarantine.md,dotnet/aspnetcore,.github/workflows/test-quarantine.md,dotnet__aspnetcore__ec063561e69f/history.json,48,47,0,2026-03-18T21:07:21+00:00,2026-07-29T16:36:09+00:00,2026-08-04T11:25:30+00:00,138.5959375,132.81166666666667,5.784270833333333,1.735798611111111,0.007569444444444445,37,5,2230,570,2800,1922,570,2492,11,23,13,0,0,48,0,0,47,0
dotnet/aspnetcore:.github/workflows/triage-comment-reviewer.md,dotnet/aspnetcore,.github/workflows/triage-comment-reviewer.md,dotnet__aspnetcore__00f4d7e452c7/history.json,4,3,0,2026-06-02T12:02:24+00:00,2026-07-20T12:02:22+00:00,2026-08-04T11:25:14+00:00,62.974189814814814,47.999976851851855,14.974212962962962,12.685717592592592,27.170347222222222,4,2,391,14,405,34,14,48,3,0,0,0,0,4,0,0,3,0
dotnet/core:.github/workflows/api-diff-worker.md,dotnet/core,.github/workflows/api-diff-worker.md,dotnet__core__6bfc3825eecb/history.json,4,3,0,2026-07-18T22:58:13+00:00,2026-07-31T08:47:16+00:00,2026-08-04T11:25:15+00:00,16.51877314814815,12.4090625,4.109710648148148,4.581990740740741,4.581990740740741,4,1,609,39,648,137,39,176,1,0,2,0,0,4,0,0,3,0
dotnet/core:.github/workflows/release-notes.md,dotnet/core,.github/workflows/release-notes.md,dotnet__core__540cd31ae3df/history.json,7,6,0,2026-04-06T23:58:19+00:00,2026-07-23T12:56:17+00:00,2026-08-04T11:25:17+00:00,119.47706018518518,107.54025462962963,11.936805555555555,16.82258101851852,0.8595138888888889,7,4,423,79,502,92,79,171,3,0,3,0,0,7,0,0,6,0
dotnet/docs-maui:.github/workflows/docs-from-code.md,dotnet/docs-maui,.github/workflows/docs-from-code.md,dotnet__docs-maui__178e57fcaaf2/history.json,2,1,0,2026-05-07T18:48:48+00:00,2026-05-08T15:03:25+00:00,2026-08-04T11:25:15+00:00,88.69197916666667,0.8434837962962963,87.84849537037037,0.8434837962962963,0.8434837962962963,2,1,145,5,150,12,5,17,0,0,1,0,0,2,0,0,1,0
dotnet/extensions:.github/workflows/meai-otel-genai-worker.md,dotnet/extensions,.github/workflows/meai-otel-genai-worker.md,dotnet__extensions__4b263b1d2fb0/history.json,1,0,1,2026-07-19T06:36:29+00:00,2026-07-19T06:36:29+00:00,2026-08-04T11:25:14+00:00,16.200520833333332,0.0,16.200520833333332,,,1,1,737,0,737,0,0,0,0,0,0,0,0,1,0,0,0,0
dotnet/fsharp:.github/workflows/agentic-state-machine.md,dotnet/fsharp,.github/workflows/agentic-state-machine.md,dotnet__fsharp__a4c8b5a69688/history.json,5,4,0,2026-05-12T09:03:57+00:00,2026-06-16T09:00:03+00:00,2026-08-04T11:25:16+00:00,84.09813657407408,34.99729166666667,49.10084490740741,8.082158564814815,0.15465277777777778,4,2,603,34,637,528,34,562,1,1,2,0,0,5,0,0,4,0
dotnet/fsharp:.github/workflows/aw-auto-update.md,dotnet/fsharp,.github/workflows/aw-auto-update.md,dotnet__fsharp__ca686ce3b8b5/history.json,9,8,0,2026-03-31T09:39:35+00:00,2026-06-18T13:43:16+00:00,2026-08-04T11:25:18+00:00,126.07341435185185,79.16922453703704,46.90418981481481,8.378078703703704,21.236608796296295,8,4,222,66,288,161,66,227,5,1,2,0,0,3,6,0,2,6
dotnet/fsharp:.github/workflows/labelops-flake-fix.md,dotnet/fsharp,.github/workflows/labelops-flake-fix.md,dotnet__fsharp__0b2b43fb207b/history.json,1,0,1,2026-05-06T09:42:54+00:00,2026-05-06T09:42:54+00:00,2026-08-04T11:25:15+00:00,90.07107638888888,0.0,90.07107638888888,,,1,1,134,0,134,0,0,0,0,0,0,0,0,1,0,0,0,0
dotnet/fsharp:.github/workflows/labelops-pr-maintenance.md,dotnet/fsharp,.github/workflows/labelops-pr-maintenance.md,dotnet__fsharp__8d37ea7a8b79/history.json,5,4,0,2026-05-06T09:42:54+00:00,2026-06-18T13:43:16+00:00,2026-08-04T11:25:17+00:00,90.07109953703704,43.166921296296294,46.90417824074074,10.983020833333335,11.962025462962963,4,2,135,2,137,8,2,10,3,0,1,0,0,2,3,0,1,3
dotnet/fsharp:.github/workflows/labelops-pr-security-scan.md,dotnet/fsharp,.github/workflows/labelops-pr-security-scan.md,dotnet__fsharp__5c968464c4ae/history.json,6,5,0,2026-05-12T09:05:19+00:00,2026-06-18T13:43:16+00:00,2026-08-04T11:25:18+00:00,84.09721064814815,37.193020833333335,46.90418981481481,5.266423611111111,0.00443287037037037,5,2,234,30,264,53,30,83,2,2,1,0,0,3,3,0,2,3
dotnet/fsharp:.github/workflows/msbuild-quality-review.md,dotnet/fsharp,.github/workflows/msbuild-quality-review.md,dotnet__fsharp__45903f399efb/history.json,1,0,1,2026-06-17T08:41:21+00:00,2026-06-17T08:41:21+00:00,2026-08-04T11:25:15+00:00,48.113819444444445,0.0,48.113819444444445,,,1,1,235,0,235,0,0,0,0,0,0,0,0,1,0,0,0,0
dotnet/fsharp:.github/workflows/regression-pr-shepherd.md,dotnet/fsharp,.github/workflows/regression-pr-shepherd.md,dotnet__fsharp__4be7a49017c2/history.json,6,5,0,2026-03-30T10:24:32+00:00,2026-06-18T13:43:16+00:00,2026-08-04T11:25:17+00:00,127.0421875,80.13800925925926,46.90417824074074,8.016087962962963,2.0786805555555556,6,3,175,3,178,30,3,33,2,2,1,0,0,2,4,0,1,4
dotnet/macios:.github/workflows/ci-postmortem.md,dotnet/macios,.github/workflows/ci-postmortem.md,dotnet__macios__aa28f888f266/history.json,5,4,0,2026-05-20T13:40:11+00:00,2026-07-01T09:38:10+00:00,2026-08-04T11:25:18+00:00,75.90633101851851,41.83193287037037,34.07439814814815,10.549166666666666,15.101469907407408,5,3,89,2,91,32,2,34,4,0,0,0,0,4,1,0,3,1
dotnet/macios:.github/workflows/code-radiator.md,dotnet/macios,.github/workflows/code-radiator.md,dotnet__macios__e704eb020a2d/history.json,23,22,0,2026-05-07T06:08:21+00:00,2026-07-22T16:25:46+00:00,2026-08-04T11:25:24+00:00,89.22017361111111,76.42876157407407,12.791412037037038,1.5975983796296296,3.860520833333333,19,3,378,34,412,208,34,242,15,1,6,0,0,12,11,0,11,11
dotnet/macios:.github/workflows/macios-reviewer.md,dotnet/macios,.github/workflows/macios-reviewer.md,dotnet__macios__80e5db5dfd7f/history.json,9,8,0,2026-04-23T06:11:53+00:00,2026-07-22T16:25:46+00:00,2026-08-04T11:25:20+00:00,103.21767361111111,90.42630787037037,12.79136574074074,4.9341840277777775,13.9865625,9,4,103,7,110,42,7,49,6,1,1,0,0,9,0,0,8,0
dotnet/maintenance-packages:.github/workflows/version-maintenance.md,dotnet/maintenance-packages,.github/workflows/version-maintenance.md,dotnet__maintenance-packages__cab2a98ed9d0/history.json,4,3,0,2026-03-09T16:47:44+00:00,2026-07-07T19:25:09+00:00,2026-08-04T11:25:18+00:00,147.77608796296298,120.10931712962963,27.666770833333334,8.079837962962962,0.9359143518518519,4,2,344,20,364,129,20,149,2,0,1,0,0,3,1,0,3,0
dotnet/maui-labs:.github/workflows/ai-docs-audit.md,dotnet/maui-labs,.github/workflows/ai-docs-audit.md,dotnet__maui-labs__dfb14f9e6015/history.json,6,5,0,2026-04-16T11:03:10+00:00,2026-05-08T07:52:42+00:00,2026-08-04T11:25:24+00:00,110.01543981481481,21.86773148148148,88.14770833333333,0.0043287037037037035,0.0007754629629629629,2,2,320,84,404,202,84,286,0,3,2,0,0,6,0,0,5,0
dotnet/maui-labs:.github/workflows/pr-docs-check.md,dotnet/maui-labs,.github/workflows/pr-docs-check.md,dotnet__maui-labs__87b1ea526f16/history.json,7,6,0,2026-04-16T09:15:21+00:00,2026-05-08T11:50:31+00:00,2026-08-04T11:25:25+00:00,110.09032407407408,22.10775462962963,87.98256944444445,0.21799189814814812,0.05893518518518519,3,2,345,172,517,167,172,339,2,0,4,0,0,7,0,0,6,0
dotnet/maui:.github/workflows/agentic-labeler.md,dotnet/maui,.github/workflows/agentic-labeler.md,dotnet__maui__1b1c7306da75/history.json,9,8,0,2026-05-15T15:33:58+00:00,2026-07-21T20:01:14+00:00,2026-08-04T11:25:21+00:00,80.82734953703704,67.18560185185186,13.641747685185186,2.461053240740741,0.03666666666666667,7,3,213,44,257,83,44,127,7,0,1,0,0,8,1,0,7,1
dotnet/maui:.github/workflows/aw-actions-update.md,dotnet/maui,.github/workflows/aw-actions-update.md,dotnet__maui__ca4801c9c8a2/history.json,4,3,0,2026-07-09T20:31:11+00:00,2026-07-21T20:01:14+00:00,2026-08-04T11:25:19+00:00,25.620925925925928,11.979201388888889,13.641724537037037,4.896898148148148,6.966608796296296,3,1,307,24,331,22,24,46,1,0,2,0,0,3,1,0,2,1
dotnet/maui:.github/workflows/aw-version-update.md,dotnet/maui,.github/workflows/aw-version-update.md,dotnet__maui__83e68dd978ae/history.json,2,1,0,2026-07-09T20:31:11+00:00,2026-07-21T20:01:14+00:00,2026-08-04T11:25:18+00:00,25.62091435185185,11.979201388888889,13.641712962962963,11.979201388888889,11.979201388888889,2,1,227,14,241,1,14,15,1,0,0,0,0,2,0,0,1,0
dotnet/maui:.github/workflows/ci-status-fix-net11.md,dotnet/maui,.github/workflows/ci-status-fix-net11.md,dotnet__maui__b21d28ed9555/history.json,10,9,0,2026-06-23T14:21:08+00:00,2026-07-29T13:57:19+00:00,2026-08-04T11:25:22+00:00,41.877939814814816,35.983460648148146,5.894479166666667,2.8334722222222224,12.363761574074074,9,2,2594,404,2998,1723,404,2127,3,1,5,0,0,9,1,0,8,1
dotnet/maui:.github/workflows/ci-status-fix.md,dotnet/maui,.github/workflows/ci-status-fix.md,dotnet__maui__18528896a729/history.json,10,9,0,2026-06-23T14:21:08+00:00,2026-07-29T13:57:19+00:00,2026-08-04T11:25:22+00:00,41.877939814814816,35.983460648148146,5.894479166666667,2.8334722222222224,12.363761574074074,9,2,2534,364,2898,1677,364,2041,3,1,5,0,0,9,1,0,8,1
dotnet/maui:.github/workflows/ci-status-main.md,dotnet/maui,.github/workflows/ci-status-main.md,dotnet__maui__9fae097dfd9d/history.json,8,7,0,2026-06-08T19:52:50+00:00,2026-07-30T13:20:06+00:00,2026-08-04T11:25:22+00:00,56.647592592592595,51.72726851851852,4.920324074074074,8.045775462962963,0.9593287037037037,8,2,1297,98,1395,1065,98,1163,4,1,2,0,0,8,0,0,7,0
dotnet/maui:.github/workflows/ci-status-net11.md,dotnet/maui,.github/workflows/ci-status-net11.md,dotnet__maui__fdd70fc88a03/history.json,9,8,0,2026-06-08T19:52:50+00:00,2026-07-30T13:20:06+00:00,2026-08-04T11:25:22+00:00,56.647592592592595,51.72726851851852,4.920324074074074,6.417239583333334,0.9593287037037037,9,2,1399,199,1598,1166,199,1365,4,1,3,0,0,9,0,0,8,0
dotnet/maui:.github/workflows/copilot-evaluate-tests.md,dotnet/maui,.github/workflows/copilot-evaluate-tests.md,dotnet__maui__fd6291424342/history.json,8,7,0,2026-03-25T14:44:35+00:00,2026-07-21T20:01:14+00:00,2026-08-04T11:25:22+00:00,131.8616550925926,118.21989583333334,13.64175925925926,15.87241898148148,0.2645601851851852,6,4,270,68,338,131,68,199,5,0,2,0,0,8,0,0,7,0
dotnet/maui:.github/workflows/copilot-review-tests.md,dotnet/maui,.github/workflows/copilot-review-tests.md,dotnet__maui__4b43eed2202d/history.json,11,10,0,2026-06-08T21:58:57+00:00,2026-07-24T13:45:23+00:00,2026-08-04T11:25:24+00:00,56.56003472222222,45.65724537037037,10.902789351851851,4.279895833333333,0.8720949074074074,11,2,603,153,756,338,153,491,5,2,3,0,0,11,0,0,10,0
dotnet/maui:.github/workflows/daily-leak-hunter.md,dotnet/maui,.github/workflows/daily-leak-hunter.md,dotnet__maui__2b5ca8db6483/history.json,3,2,0,2026-07-07T21:34:09+00:00,2026-07-21T20:01:14+00:00,2026-08-04T11:25:21+00:00,27.577222222222222,13.935474537037036,13.641747685185186,6.967737268518519,0.7291319444444444,3,1,334,17,351,32,17,49,2,0,0,0,0,3,0,0,2,0
dotnet/maui:.github/workflows/leak-fixer.md,dotnet/maui,.github/workflows/leak-fixer.md,dotnet__maui__4f429262fab0/history.json,4,3,0,2026-07-07T21:34:09+00:00,2026-07-22T20:02:26+00:00,2026-08-04T11:25:23+00:00,27.57724537037037,14.93630787037037,12.6409375,1.0008333333333332,0.7291319444444444,4,1,627,21,648,36,21,57,2,1,0,0,0,4,0,0,3,0
dotnet/maui:.github/workflows/regression-corpus-scanner.md,dotnet/maui,.github/workflows/regression-corpus-scanner.md,dotnet__maui__b7649dc4f327/history.json,3,2,0,2026-07-20T18:32:38+00:00,2026-07-24T21:14:25+00:00,2026-08-04T11:25:23+00:00,14.70329861111111,4.112349537037037,10.590949074074073,2.0561747685185185,1.0615277777777778,3,1,337,18,355,9,18,27,2,0,0,0,0,3,0,0,2,0
dotnet/maui:.github/workflows/rerun-review-scanner.md,dotnet/maui,.github/workflows/rerun-review-scanner.md,dotnet__maui__791f86e244f3/history.json,8,7,0,2026-06-08T21:10:53+00:00,2026-07-21T20:01:14+00:00,2026-08-04T11:25:25+00:00,56.59342592592593,42.95163194444444,13.64179398148148,4.792118055555555,6.983229166666667,7,2,474,127,601,275,127,402,4,0,3,0,0,7,1,0,6,1
dotnet/msbuild:.github/workflows/close-stale-prs.agent.md,dotnet/msbuild,.github/workflows/close-stale-prs.agent.md,dotnet__msbuild__5cb1804652a2/history.json,7,6,0,2026-03-17T11:02:00+00:00,2026-07-15T10:50:58+00:00,2026-08-04T11:25:26+00:00,140.01627314814814,119.99233796296296,20.023935185185184,17.537818287037037,0.0759837962962963,6,4,171,87,258,133,87,220,5,0,1,0,0,5,2,0,5,1
dotnet/msbuild:.github/workflows/dreaming.agent.md,dotnet/msbuild,.github/workflows/dreaming.agent.md,dotnet__msbuild__25631906c48c/history.json,5,4,0,2026-07-15T08:09:28+00:00,2026-07-16T05:50:32+00:00,2026-08-04T11:25:25+00:00,20.13607638888889,0.9035185185185185,19.23255787037037,0.13602430555555556,0.11215277777777778,2,1,340,39,379,112,39,151,2,1,1,0,0,5,0,0,4,0
dotnet/msbuild:.github/workflows/flaky-test-detector.agent.md,dotnet/msbuild,.github/workflows/flaky-test-detector.agent.md,dotnet__msbuild__62bbebe414d2/history.json,12,11,0,2026-06-02T10:25:29+00:00,2026-07-20T11:56:33+00:00,2026-08-04T11:25:27+00:00,63.04164351851852,48.06324074074074,14.978402777777777,0.8499074074074074,0.1262037037037037,8,2,1057,398,1455,511,398,909,3,4,4,0,0,12,0,0,11,0
dotnet/msbuild:.github/workflows/flaky-test-fixer.agent.md,dotnet/msbuild,.github/workflows/flaky-test-fixer.agent.md,dotnet__msbuild__26112a97db5e/history.json,7,6,0,2026-06-05T12:02:21+00:00,2026-07-17T14:28:37+00:00,2026-08-04T11:25:26+00:00,59.97436342592592,42.10157407407407,17.872789351851853,3.432638888888889,0.058159722222222224,5,2,549,65,614,114,65,179,3,2,1,0,0,7,0,0,6,0
dotnet/runtime:.github/workflows/breaking-change-doc.md,dotnet/runtime,.github/workflows/breaking-change-doc.md,dotnet__runtime__edbc6f8ca46d/history.json,4,3,0,2026-04-04T00:41:47+00:00,2026-07-22T06:58:10+00:00,2026-08-04T11:25:26+00:00,122.44697916666667,109.26137731481481,13.185601851851851,34.78119212962963,34.78119212962963,4,3,174,62,236,32,62,94,3,0,0,0,0,4,0,0,3,0
dotnet/runtime:.github/workflows/ci-failure-fix.md,dotnet/runtime,.github/workflows/ci-failure-fix.md,dotnet__runtime__ef8d1da6cd4e/history.json,10,9,0,2026-06-09T09:37:11+00:00,2026-07-29T10:36:15+00:00,2026-08-04T11:25:29+00:00,56.075208333333336,50.04101851851852,6.034189814814815,6.926458333333334,7.14675925925926,9,2,444,27,471,48,27,75,4,5,0,0,0,6,4,0,5,4
dotnet/runtime:.github/workflows/ci-failure-scan-feedback.md,dotnet/runtime,.github/workflows/ci-failure-scan-feedback.md,dotnet__runtime__09bf67637f2e/history.json,11,10,0,2026-05-28T10:59:24+00:00,2026-07-22T06:58:10+00:00,2026-08-04T11:25:29+00:00,68.01811342592593,54.83247685185185,13.185636574074074,2.3829398148148146,1.1979398148148148,9,3,546,197,743,307,197,504,5,2,3,0,0,11,0,0,10,0
dotnet/runtime:.github/workflows/ci-failure-scan.md,dotnet/runtime,.github/workflows/ci-failure-scan.md,dotnet__runtime__ed6ce7351d1c/history.json,24,23,0,2026-05-06T16:36:33+00:00,2026-07-28T14:39:37+00:00,2026-08-04T11:25:33+00:00,89.78402777777778,82.91879629629629,6.865231481481482,1.9170949074074075,1.7423148148148149,15,3,1189,773,1962,781,773,1554,6,14,3,0,0,20,4,0,19,4
dotnet/runtime:.github/workflows/closed-issue-reference-check.md,dotnet/runtime,.github/workflows/closed-issue-reference-check.md,dotnet__runtime__de07a21a2588/history.json,2,1,0,2026-07-15T11:26:50+00:00,2026-07-22T06:58:10+00:00,2026-08-04T11:25:26+00:00,19.999027777777776,6.813425925925926,13.185601851851851,6.813425925925926,6.813425925925926,2,1,254,14,268,1,14,15,1,0,0,0,0,2,0,0,1,0
dotnet/runtime:.github/workflows/holistic-review.md,dotnet/runtime,.github/workflows/holistic-review.md,dotnet__runtime__0d73949725b9/history.json,1,0,1,2026-07-19T02:42:16+00:00,2026-07-19T02:42:16+00:00,2026-08-04T11:25:26+00:00,16.363310185185185,0.0,16.363310185185185,,,1,1,422,0,422,0,0,0,0,0,0,0,0,1,0,0,0,0
dotnet/sdk:.github/workflows/add-tactics-template-on-comment.md,dotnet/sdk,.github/workflows/add-tactics-template-on-comment.md,dotnet__sdk__569d52d854ca/history.json,10,9,0,2026-04-07T23:35:37+00:00,2026-07-17T22:33:23+00:00,2026-08-04T11:25:29+00:00,118.49296296296296,100.9567824074074,17.536180555555557,2.968726851851852,2.8654166666666665,8,4,379,437,816,378,436,814,7,0,2,0,0,10,0,0,9,0
dotnet/sdk:.github/workflows/issue-triage.md,dotnet/sdk,.github/workflows/issue-triage.md,dotnet__sdk__4bcd5cd9a504/history.json,85,84,0,2026-07-10T21:30:25+00:00,2026-07-17T22:33:23+00:00,2026-08-04T11:25:52+00:00,24.58017361111111,7.043726851851852,17.53644675925926,0.005150462962962963,0.0011111111111111111,6,1,1532,1139,2671,1422,1139,2561,18,42,22,0,2,85,0,0,84,0
dotnet/skills:.github/workflows/devops-health-check.md,dotnet/skills,.github/workflows/devops-health-check.md,dotnet__skills__95b89be02cc9/history.json,23,22,0,2026-03-02T20:59:28+00:00,2026-07-20T13:20:14+00:00,2026-08-04T11:25:34+00:00,154.60145833333334,139.68108796296298,14.920370370370371,1.9101909722222223,0.7650694444444445,19,5,821,313,1134,360,313,673,8,7,7,0,0,22,1,0,21,1
dotnet/skills:.github/workflows/devops-health-groom.md,dotnet/skills,.github/workflows/devops-health-groom.md,dotnet__skills__8ab014bb9738/history.json,19,18,0,2026-03-05T09:23:47+00:00,2026-07-20T13:20:14+00:00,2026-08-04T11:25:34+00:00,152.08457175925926,137.1642013888889,14.920370370370371,3.1048032407407407,0.9880092592592593,17,5,557,195,752,335,195,530,9,6,3,0,0,19,0,0,18,0
dotnet/skills:.github/workflows/devops-health-investigate.md,dotnet/skills,.github/workflows/devops-health-investigate.md,dotnet__skills__7aec45e071cb/history.json,13,12,0,2026-03-02T20:59:28+00:00,2026-07-20T13:20:14+00:00,2026-08-04T11:25:31+00:00,154.6014236111111,139.68108796296298,14.920335648148148,5.066319444444444,0.7650694444444445,13,4,331,145,476,181,145,326,9,0,3,0,0,13,0,0,12,0
dotnet/skills:.github/workflows/issue-investigate.md,dotnet/skills,.github/workflows/issue-investigate.md,dotnet__skills__cea6c5ac96f9/history.json,6,5,0,2026-05-06T13:39:20+00:00,2026-07-20T13:20:14+00:00,2026-08-04T11:25:30+00:00,89.90706018518519,74.98673611111111,14.920324074074074,15.593900462962964,1.7456944444444444,6,3,329,122,451,99,122,221,4,1,0,0,0,6,0,0,5,0
dotnet/skills:.github/workflows/issue-triage.md,dotnet/skills,.github/workflows/issue-triage.md,dotnet__skills__f55c62584992/history.json,9,8,0,2026-05-06T13:39:20+00:00,2026-07-20T13:20:14+00:00,2026-08-04T11:25:31+00:00,89.90707175925925,74.98673611111111,14.920335648148148,2.988674768518518,0.8775,8,3,353,121,474,151,121,272,5,1,2,0,0,8,1,0,7,1
dotnet/skills:.github/workflows/markdown-linter.md,dotnet/skills,.github/workflows/markdown-linter.md,dotnet__skills__f89feadf487e/history.json,5,4,0,2026-04-23T13:57:45+00:00,2026-07-20T13:20:14+00:00,2026-08-04T11:25:30+00:00,102.89427083333334,87.97394675925926,14.920324074074074,20.104195601851853,47.16712962962963,5,3,335,121,456,99,121,220,4,0,0,0,0,5,0,0,4,0
dotnet/skills:.github/workflows/pr-malicious-scan.agent.md,dotnet/skills,.github/workflows/pr-malicious-scan.agent.md,dotnet__skills__9518c57af614/history.json,6,5,0,2026-06-03T20:01:19+00:00,2026-07-20T13:20:14+00:00,2026-08-04T11:25:31+00:00,61.64180555555556,46.72146990740741,14.920335648148148,5.310763888888889,0.6038888888888889,6,2,419,150,569,169,150,319,4,0,1,0,0,6,0,0,5,0
dotnet/source-build:.github/workflows/triage.md,dotnet/source-build,.github/workflows/triage.md,dotnet__source-build__e2a32f13a63d/history.json,3,2,0,2026-06-02T15:56:34+00:00,2026-06-25T21:36:02+00:00,2026-08-04T11:25:31+00:00,62.811770833333334,23.23574074074074,39.576030092592596,11.61787037037037,1.8908333333333334,3,1,88,2,90,8,2,10,2,0,0,0,0,3,0,0,2,0
dotnet/SqlClient:.github/workflows/issue-triage.md,dotnet/SqlClient,.github/workflows/issue-triage.md,dotnet__SqlClient__7c30189b9f8b/history.json,5,4,0,2026-05-12T21:12:23+00:00,2026-06-15T17:21:09+00:00,2026-08-04T11:25:32+00:00,83.59246527777778,33.839421296296294,49.75304398148148,5.205862268518518,0.4230787037037037,5,2,320,36,356,173,36,209,1,0,3,0,0,5,0,0,4,0
dotnet/xharness:.github/workflows/runtime-failure-observer.agent.md,dotnet/xharness,.github/workflows/runtime-failure-observer.agent.md,dotnet__xharness__e369e416ebb1/history.json,5,4,0,2026-06-08T13:16:05+00:00,2026-07-16T08:38:35+00:00,2026-08-04T11:25:32+00:00,56.923229166666665,37.807291666666664,19.1159375,10.945127314814815,10.747881944444444,4,2,326,34,360,60,34,94,3,1,0,0,0,5,0,0,4,0
drasi-project/drasi-core:.github/workflows/drasi-issue-researcher.md,drasi-project/drasi-core,.github/workflows/drasi-issue-researcher.md,drasi-project__drasi-core__02808a23c102/history.json,1,0,1,2026-01-02T18:48:10+00:00,2026-01-02T18:48:10+00:00,2026-08-04T11:25:31+00:00,213.69260416666665,0.0,213.69260416666665,,,1,1,81,0,81,0,0,0,0,0,0,0,0,1,0,0,0,0
drasi-project/drasi-core:.github/workflows/implement-source.md,drasi-project/drasi-core,.github/workflows/implement-source.md,drasi-project__drasi-core__6df4ea38d992/history.json,1,0,1,2026-02-25T04:43:32+00:00,2026-02-25T04:43:32+00:00,2026-08-04T11:25:31+00:00,160.2791550925926,0.0,160.2791550925926,,,1,1,29,0,29,0,0,0,0,0,0,0,0,1,0,0,0,0
drasi-project/drasi-core:.github/workflows/plan-source.md,drasi-project/drasi-core,.github/workflows/plan-source.md,drasi-project__drasi-core__b017d7830c8f/history.json,1,0,1,2026-02-25T04:43:32+00:00,2026-02-25T04:43:32+00:00,2026-08-04T11:25:32+00:00,160.27916666666667,0.0,160.27916666666667,,,1,1,30,0,30,0,0,0,0,0,0,0,0,1,0,0,0,0
drasi-project/drasi-core:.github/workflows/pr-correctness-reviewer.md,drasi-project/drasi-core,.github/workflows/pr-correctness-reviewer.md,drasi-project__drasi-core__0a1f93f85ac3/history.json,5,4,0,2026-05-06T23:14:18+00:00,2026-05-07T01:18:55+00:00,2026-08-04T11:25:33+00:00,89.5078125,0.08653935185185185,89.42127314814815,0.012152777777777776,0.013252314814814814,2,1,204,7,211,4,7,11,4,0,0,0,0,5,0,0,4,0
drasi-project/drasi-core:.github/workflows/pr-design-reviewer.md,drasi-project/drasi-core,.github/workflows/pr-design-reviewer.md,drasi-project__drasi-core__df33c7dfe237/history.json,5,4,0,2026-05-06T23:14:18+00:00,2026-05-07T01:18:55+00:00,2026-08-04T11:25:33+00:00,89.5078125,0.08653935185185185,89.42127314814815,0.012152777777777776,0.013252314814814814,2,1,157,7,164,4,7,11,4,0,0,0,0,5,0,0,4,0
drasi-project/drasi-core:.github/workflows/pr-docs-reviewer.md,drasi-project/drasi-core,.github/workflows/pr-docs-reviewer.md,drasi-project__drasi-core__9ce90ed05075/history.json,5,4,0,2026-05-06T23:14:18+00:00,2026-05-07T01:18:55+00:00,2026-08-04T11:25:33+00:00,89.5078125,0.08653935185185185,89.42127314814815,0.012152777777777776,0.013252314814814814,2,1,174,7,181,4,7,11,4,0,0,0,0,5,0,0,4,0
drasi-project/drasi-core:.github/workflows/pr-prior-art-reviewer.md,drasi-project/drasi-core,.github/workflows/pr-prior-art-reviewer.md,drasi-project__drasi-core__50bc99915281/history.json,5,4,0,2026-05-06T23:14:18+00:00,2026-05-07T01:18:55+00:00,2026-08-04T11:25:33+00:00,89.5078125,0.08653935185185185,89.42127314814815,0.012152777777777776,0.013252314814814814,2,1,173,7,180,4,7,11,4,0,0,0,0,5,0,0,4,0
drasi-project/drasi-core:.github/workflows/pr-security-reviewer.md,drasi-project/drasi-core,.github/workflows/pr-security-reviewer.md,drasi-project__drasi-core__c605412f5fe7/history.json,5,4,0,2026-05-06T23:14:18+00:00,2026-05-07T01:18:55+00:00,2026-08-04T11:25:33+00:00,89.5078125,0.08653935185185185,89.42127314814815,0.012152777777777776,0.013252314814814814,2,1,184,7,191,4,7,11,4,0,0,0,0,5,0,0,4,0
drasi-project/drasi-core:.github/workflows/pr-testing-reviewer.md,drasi-project/drasi-core,.github/workflows/pr-testing-reviewer.md,drasi-project__drasi-core__e8bf5b189d24/history.json,5,4,0,2026-05-06T23:14:18+00:00,2026-05-07T01:18:55+00:00,2026-08-04T11:25:33+00:00,89.5078125,0.08653935185185185,89.42127314814815,0.012152777777777776,0.013252314814814814,2,1,173,7,180,4,7,11,4,0,0,0,0,5,0,0,4,0
drasi-project/drasi-platform:.github/workflows/drasi-issue-researcher.md,drasi-project/drasi-platform,.github/workflows/drasi-issue-researcher.md,drasi-project__drasi-platform__0f9ae6dda4b8/history.json,1,0,1,2026-06-16T17:17:31+00:00,2026-06-16T17:17:31+00:00,2026-08-04T11:25:33+00:00,48.755578703703705,0.0,48.755578703703705,,,1,1,85,0,85,0,0,0,0,0,0,0,0,1,0,0,0,0
drasi-project/drasi-platform:.github/workflows/pr-correctness-reviewer.md,drasi-project/drasi-platform,.github/workflows/pr-correctness-reviewer.md,drasi-project__drasi-platform__b4c951f9ec09/history.json,1,0,1,2026-06-16T17:17:31+00:00,2026-06-16T17:17:31+00:00,2026-08-04T11:25:34+00:00,48.75559027777778,0.0,48.75559027777778,,,1,1,197,0,197,0,0,0,0,0,0,0,0,1,0,0,0,0
drasi-project/drasi-platform:.github/workflows/pr-design-reviewer.md,drasi-project/drasi-platform,.github/workflows/pr-design-reviewer.md,drasi-project__drasi-platform__e4cbb3a3a9f9/history.json,1,0,1,2026-06-16T17:17:31+00:00,2026-06-16T17:17:31+00:00,2026-08-04T11:25:34+00:00,48.75559027777778,0.0,48.75559027777778,,,1,1,150,0,150,0,0,0,0,0,0,0,0,1,0,0,0,0
drasi-project/drasi-platform:.github/workflows/pr-docs-reviewer.md,drasi-project/drasi-platform,.github/workflows/pr-docs-reviewer.md,drasi-project__drasi-platform__ea492c981167/history.json,1,0,1,2026-06-16T17:17:31+00:00,2026-06-16T17:17:31+00:00,2026-08-04T11:25:34+00:00,48.75559027777778,0.0,48.75559027777778,,,1,1,167,0,167,0,0,0,0,0,0,0,0,1,0,0,0,0
drasi-project/drasi-platform:.github/workflows/pr-prior-art-reviewer.md,drasi-project/drasi-platform,.github/workflows/pr-prior-art-reviewer.md,drasi-project__drasi-platform__a947cf017343/history.json,1,0,1,2026-06-16T17:17:31+00:00,2026-06-16T17:17:31+00:00,2026-08-04T11:25:34+00:00,48.75559027777778,0.0,48.75559027777778,,,1,1,167,0,167,0,0,0,0,0,0,0,0,1,0,0,0,0
drasi-project/drasi-platform:.github/workflows/pr-security-reviewer.md,drasi-project/drasi-platform,.github/workflows/pr-security-reviewer.md,drasi-project__drasi-platform__0bd8e2288a7a/history.json,1,0,1,2026-06-16T17:17:31+00:00,2026-06-16T17:17:31+00:00,2026-08-04T11:25:34+00:00,48.75559027777778,0.0,48.75559027777778,,,1,1,177,0,177,0,0,0,0,0,0,0,0,1,0,0,0,0
drasi-project/drasi-platform:.github/workflows/pr-testing-reviewer.md,drasi-project/drasi-platform,.github/workflows/pr-testing-reviewer.md,drasi-project__drasi-platform__7ff890049d56/history.json,1,0,1,2026-06-16T17:17:31+00:00,2026-06-16T17:17:31+00:00,2026-08-04T11:25:34+00:00,48.75559027777778,0.0,48.75559027777778,,,1,1,166,0,166,0,0,0,0,0,0,0,0,1,0,0,0,0
drasi-project/drasi-server:.github/workflows/pr-correctness-reviewer.md,drasi-project/drasi-server,.github/workflows/pr-correctness-reviewer.md,drasi-project__drasi-server__fbe012dfe9c1/history.json,1,0,1,2026-06-05T16:40:00+00:00,2026-06-05T16:40:00+00:00,2026-08-04T11:25:34+00:00,59.78164351851852,0.0,59.78164351851852,,,1,1,197,0,197,0,0,0,0,0,0,0,0,1,0,0,0,0
drasi-project/drasi-server:.github/workflows/pr-design-reviewer.md,drasi-project/drasi-server,.github/workflows/pr-design-reviewer.md,drasi-project__drasi-server__848974819051/history.json,1,0,1,2026-06-05T16:40:00+00:00,2026-06-05T16:40:00+00:00,2026-08-04T11:25:34+00:00,59.78164351851852,0.0,59.78164351851852,,,1,1,150,0,150,0,0,0,0,0,0,0,0,1,0,0,0,0
drasi-project/drasi-server:.github/workflows/pr-docs-reviewer.md,drasi-project/drasi-server,.github/workflows/pr-docs-reviewer.md,drasi-project__drasi-server__bd9f32f2128c/history.json,1,0,1,2026-06-05T16:40:00+00:00,2026-06-05T16:40:00+00:00,2026-08-04T11:25:35+00:00,59.781655092592594,0.0,59.781655092592594,,,1,1,167,0,167,0,0,0,0,0,0,0,0,1,0,0,0,0
drasi-project/drasi-server:.github/workflows/pr-prior-art-reviewer.md,drasi-project/drasi-server,.github/workflows/pr-prior-art-reviewer.md,drasi-project__drasi-server__3ecefbc45c5a/history.json,1,0,1,2026-06-05T16:40:00+00:00,2026-06-05T16:40:00+00:00,2026-08-04T11:25:34+00:00,59.78164351851852,0.0,59.78164351851852,,,1,1,164,0,164,0,0,0,0,0,0,0,0,1,0,0,0,0
drasi-project/drasi-server:.github/workflows/pr-security-reviewer.md,drasi-project/drasi-server,.github/workflows/pr-security-reviewer.md,drasi-project__drasi-server__002204a8902b/history.json,1,0,1,2026-06-05T16:40:00+00:00,2026-06-05T16:40:00+00:00,2026-08-04T11:25:35+00:00,59.781655092592594,0.0,59.781655092592594,,,1,1,175,0,175,0,0,0,0,0,0,0,0,1,0,0,0,0
drasi-project/drasi-server:.github/workflows/pr-testing-reviewer.md,drasi-project/drasi-server,.github/workflows/pr-testing-reviewer.md,drasi-project__drasi-server__febd39d88081/history.json,1,0,1,2026-06-05T16:40:00+00:00,2026-06-05T16:40:00+00:00,2026-08-04T11:25:35+00:00,59.781655092592594,0.0,59.781655092592594,,,1,1,166,0,166,0,0,0,0,0,0,0,0,1,0,0,0,0
drasi-project/drasi-server:.github/workflows/validate-yaml-snippets.md,drasi-project/drasi-server,.github/workflows/validate-yaml-snippets.md,drasi-project__drasi-server__48255a202ff7/history.json,2,1,0,2026-01-15T23:14:12+00:00,2026-06-16T21:32:02+00:00,2026-08-04T11:25:35+00:00,200.50790509259258,151.92905092592594,48.578854166666666,151.92905092592594,151.92905092592594,2,2,70,0,70,8,0,8,0,0,1,0,0,2,0,0,1,0
drehelis/gcp-emulator-ui:.github/workflows/check-emulator-updates.md,drehelis/gcp-emulator-ui,.github/workflows/check-emulator-updates.md,drehelis__gcp-emulator-ui__f6b8c3752445/history.json,20,19,0,2026-02-20T13:17:53+00:00,2026-06-13T07:35:42+00:00,2026-08-04T11:25:42+00:00,164.9220949074074,112.76237268518518,52.15972222222222,0.9650231481481482,0.01982638888888889,12,4,118,34,152,76,34,110,10,2,7,0,0,20,0,0,19,0
drhelius/Gearboy:.github/workflows/build-doctor.md,drhelius/Gearboy,.github/workflows/build-doctor.md,drhelius__Gearboy__942107443cee/history.json,5,4,0,2026-06-20T21:32:07+00:00,2026-08-02T23:39:57+00:00,2026-08-04T11:25:36+00:00,44.57880787037037,43.08877314814815,1.4900347222222223,1.0064583333333332,0.05596064814814815,3,2,176,6,182,10,6,16,1,2,1,0,0,5,0,0,4,0
drhelius/Gearboy:.github/workflows/controller-database-watcher.md,drhelius/Gearboy,.github/workflows/controller-database-watcher.md,drhelius__Gearboy__56422548eeaf/history.json,3,2,0,2026-06-20T23:31:18+00:00,2026-06-29T15:42:44+00:00,2026-08-04T11:25:36+00:00,44.49604166666666,8.674606481481481,35.82143518518519,4.337303240740741,1.9301504629629629,3,1,92,1,93,3,1,4,1,1,0,0,0,3,0,0,2,0
drhelius/Gearboy:.github/workflows/issue-triage.md,drhelius/Gearboy,.github/workflows/issue-triage.md,drhelius__Gearboy__ef1580a8e9fe/history.json,5,4,0,2026-06-20T21:32:07+00:00,2026-06-22T21:50:43+00:00,2026-08-04T11:25:36+00:00,44.57880787037037,2.0129166666666665,42.56589120370371,0.18336226851851853,0.05596064814814815,2,1,141,15,156,30,15,45,1,3,0,0,0,5,0,0,4,0
drhelius/Gearboy:.github/workflows/release-notes-draft.md,drhelius/Gearboy,.github/workflows/release-notes-draft.md,drhelius__Gearboy__95738278739c/history.json,6,5,0,2026-06-21T00:52:45+00:00,2026-06-25T20:43:38+00:00,2026-08-04T11:25:37+00:00,44.43949074074074,4.8270023148148145,39.612488425925925,0.06802083333333334,1.873587962962963,3,1,162,27,189,78,27,105,1,2,2,0,0,6,0,0,5,0
drhelius/Gearboy:.github/workflows/release.md,drhelius/Gearboy,.github/workflows/release.md,drhelius__Gearboy__0ac4718e0bea/history.json,2,1,0,2026-06-29T09:05:14+00:00,2026-06-29T18:13:51+00:00,2026-08-04T11:25:35+00:00,36.09746527777778,0.3809837962962963,35.71648148148148,0.3809837962962963,0.3809837962962963,1,1,105,2,107,4,2,6,0,0,1,0,0,2,0,0,1,0
drhelius/Gearcoleco:.github/workflows/build-doctor.md,drhelius/Gearcoleco,.github/workflows/build-doctor.md,drhelius__Gearcoleco__bf47a7a076cf/history.json,6,5,0,2026-06-20T21:36:55+00:00,2026-08-02T23:39:58+00:00,2026-08-04T11:25:37+00:00,44.57548611111111,43.08545138888889,1.4900347222222223,0.9403125,0.05288194444444445,4,2,177,7,184,11,7,18,2,2,1,0,0,6,0,0,5,0
drhelius/Gearcoleco:.github/workflows/controller-database-watcher.md,drhelius/Gearcoleco,.github/workflows/controller-database-watcher.md,drhelius__Gearcoleco__a490fda05784/history.json,3,2,0,2026-06-20T23:31:40+00:00,2026-06-29T15:42:48+00:00,2026-08-04T11:25:36+00:00,44.49578703703704,8.674398148148148,35.82138888888889,4.337199074074074,1.9298958333333334,3,1,92,1,93,3,1,4,1,1,0,0,0,3,0,0,2,0
drhelius/Gearcoleco:.github/workflows/issue-triage.md,drhelius/Gearcoleco,.github/workflows/issue-triage.md,drhelius__Gearcoleco__712ebfb21dee/history.json,5,4,0,2026-06-20T21:36:55+00:00,2026-06-22T21:50:43+00:00,2026-08-04T11:25:37+00:00,44.57548611111111,2.0095833333333335,42.56590277777778,0.18182291666666667,0.05288194444444445,2,1,141,15,156,30,15,45,1,3,0,0,0,5,0,0,4,0
drhelius/Gearcoleco:.github/workflows/release-notes-draft.md,drhelius/Gearcoleco,.github/workflows/release-notes-draft.md,drhelius__Gearcoleco__058adb68a6d8/history.json,6,5,0,2026-06-21T00:53:07+00:00,2026-06-25T20:43:41+00:00,2026-08-04T11:25:37+00:00,44.439236111111114,4.826782407407407,39.61245370370371,0.06802083333333334,1.8733333333333333,3,1,163,26,189,78,26,104,1,2,2,0,0,6,0,0,5,0
drhelius/Gearcoleco:.github/workflows/release.md,drhelius/Gearcoleco,.github/workflows/release.md,drhelius__Gearcoleco__6c39de426553/history.json,2,1,0,2026-06-29T09:05:19+00:00,2026-06-29T18:13:55+00:00,2026-08-04T11:25:36+00:00,36.09741898148148,0.3809722222222222,35.716446759259256,0.3809722222222222,0.3809722222222222,1,1,105,2,107,4,2,6,0,0,1,0,0,2,0,0,1,0
drhelius/Geargrafx:.github/workflows/build-doctor.md,drhelius/Geargrafx,.github/workflows/build-doctor.md,drhelius__Geargrafx__f9fc1a462740/history.json,6,5,0,2026-06-20T21:40:34+00:00,2026-08-02T23:39:57+00:00,2026-08-04T11:25:38+00:00,44.57296296296296,43.08290509259259,1.4900578703703704,0.9402083333333333,0.050451388888888886,4,2,177,7,184,11,7,18,2,2,1,0,0,6,0,0,5,0
drhelius/Geargrafx:.github/workflows/controller-database-watcher.md,drhelius/Geargrafx,.github/workflows/controller-database-watcher.md,drhelius__Geargrafx__2e53e4601a0c/history.json,3,2,0,2026-06-20T23:31:05+00:00,2026-06-29T15:42:50+00:00,2026-08-04T11:25:38+00:00,44.49621527777778,8.674826388888889,35.82138888888889,4.337413194444444,1.9303009259259258,3,1,92,1,93,3,1,4,1,1,0,0,0,3,0,0,2,0
drhelius/Geargrafx:.github/workflows/issue-triage.md,drhelius/Geargrafx,.github/workflows/issue-triage.md,drhelius__Geargrafx__9b7232f0deed/history.json,5,4,0,2026-06-20T21:40:34+00:00,2026-06-22T21:50:43+00:00,2026-08-04T11:25:38+00:00,44.57296296296296,2.007048611111111,42.56591435185185,0.1806076388888889,0.050451388888888886,2,1,141,15,156,30,15,45,1,3,0,0,0,5,0,0,4,0
drhelius/Geargrafx:.github/workflows/release-notes-draft.md,drhelius/Geargrafx,.github/workflows/release-notes-draft.md,drhelius__Geargrafx__7afd7b985e96/history.json,6,5,0,2026-06-21T00:53:17+00:00,2026-06-25T20:43:42+00:00,2026-08-04T11:25:39+00:00,44.43914351851852,4.8266782407407405,39.61246527777778,0.06800925925925926,1.8732175925925927,3,1,165,28,193,78,28,106,1,2,2,0,0,6,0,0,5,0
drhelius/Geargrafx:.github/workflows/release.md,drhelius/Geargrafx,.github/workflows/release.md,drhelius__Geargrafx__f319e2235c13/history.json,2,1,0,2026-06-29T09:05:22+00:00,2026-06-29T18:13:57+00:00,2026-08-04T11:25:37+00:00,36.09739583333333,0.3809606481481482,35.71643518518518,0.3809606481481482,0.3809606481481482,1,1,105,2,107,4,2,6,0,0,1,0,0,2,0,0,1,0
drhelius/Gearlynx:.github/workflows/build-doctor.md,drhelius/Gearlynx,.github/workflows/build-doctor.md,drhelius__Gearlynx__474d4853656b/history.json,6,5,0,2026-06-20T21:40:53+00:00,2026-08-02T23:39:57+00:00,2026-08-04T11:25:39+00:00,44.57275462962963,43.082685185185184,1.4900694444444444,0.9407060185185185,0.0497337962962963,4,2,177,7,184,11,7,18,2,2,1,0,0,6,0,0,5,0
drhelius/Gearlynx:.github/workflows/controller-database-watcher.md,drhelius/Gearlynx,.github/workflows/controller-database-watcher.md,drhelius__Gearlynx__f32ecae0d05c/history.json,3,2,0,2026-06-20T23:31:53+00:00,2026-06-29T15:42:52+00:00,2026-08-04T11:25:38+00:00,44.49565972222222,8.674293981481481,35.82136574074074,4.337146990740741,1.9297453703703704,3,1,92,1,93,3,1,4,1,1,0,0,0,3,0,0,2,0
drhelius/Gearlynx:.github/workflows/issue-triage.md,drhelius/Gearlynx,.github/workflows/issue-triage.md,drhelius__Gearlynx__5b856029aecd/history.json,5,4,0,2026-06-20T21:40:53+00:00,2026-06-22T21:50:43+00:00,2026-08-04T11:25:39+00:00,44.57275462962963,2.006828703703704,42.565925925925924,0.18024305555555556,0.0497337962962963,2,1,141,15,156,30,15,45,1,3,0,0,0,5,0,0,4,0
drhelius/Gearlynx:.github/workflows/release-notes-draft.md,drhelius/Gearlynx,.github/workflows/release-notes-draft.md,drhelius__Gearlynx__34cfb258892c/history.json,6,5,0,2026-06-21T00:52:17+00:00,2026-06-25T20:43:44+00:00,2026-08-04T11:25:39+00:00,44.43983796296296,4.827395833333333,39.61244212962963,0.06802083333333334,1.873912037037037,3,1,165,28,193,78,28,106,1,2,2,0,0,6,0,0,5,0
drhelius/Gearlynx:.github/workflows/release.md,drhelius/Gearlynx,.github/workflows/release.md,drhelius__Gearlynx__b6ac48c587ed/history.json,2,1,0,2026-06-29T09:05:24+00:00,2026-06-29T18:14:00+00:00,2026-08-04T11:25:39+00:00,36.09739583333333,0.3809722222222222,35.71642361111111,0.3809722222222222,0.3809722222222222,1,1,105,2,107,4,2,6,0,0,1,0,0,2,0,0,1,0
drhelius/Gearsystem:.github/workflows/build-doctor.md,drhelius/Gearsystem,.github/workflows/build-doctor.md,drhelius__Gearsystem__f27c09ca3258/history.json,5,4,0,2026-06-20T21:35:15+00:00,2026-08-02T23:39:57+00:00,2026-08-04T11:25:39+00:00,44.57666666666667,43.086597222222224,1.4900694444444444,1.0053703703703705,0.053912037037037036,3,2,176,6,182,10,6,16,1,2,1,0,0,5,0,0,4,0
drhelius/Gearsystem:.github/workflows/controller-database-watcher.md,drhelius/Gearsystem,.github/workflows/controller-database-watcher.md,drhelius__Gearsystem__d2778d6447e5/history.json,3,2,0,2026-06-20T23:31:29+00:00,2026-06-29T15:42:46+00:00,2026-08-04T11:25:39+00:00,44.495949074074076,8.674502314814815,35.82144675925926,4.337251157407407,1.9300231481481482,3,1,92,1,93,3,1,4,1,1,0,0,0,3,0,0,2,0
drhelius/Gearsystem:.github/workflows/issue-triage.md,drhelius/Gearsystem,.github/workflows/issue-triage.md,drhelius__Gearsystem__00c618ffe86f/history.json,5,4,0,2026-06-20T21:35:15+00:00,2026-06-22T21:50:43+00:00,2026-08-04T11:25:40+00:00,44.57667824074074,2.010740740740741,42.5659375,0.18233796296296295,0.053912037037037036,2,1,141,15,156,30,15,45,1,3,0,0,0,5,0,0,4,0
drhelius/Gearsystem:.github/workflows/release-notes-draft.md,drhelius/Gearsystem,.github/workflows/release-notes-draft.md,drhelius__Gearsystem__b6cc09141405/history.json,6,5,0,2026-06-21T00:52:56+00:00,2026-06-25T20:43:39+00:00,2026-08-04T11:25:40+00:00,44.43939814814815,4.8268865740740745,39.61251157407408,0.06802083333333334,1.8734606481481482,3,1,164,27,191,78,27,105,1,2,2,0,0,6,0,0,5,0
drhelius/Gearsystem:.github/workflows/release.md,drhelius/Gearsystem,.github/workflows/release.md,drhelius__Gearsystem__074d95e9a439/history.json,2,1,0,2026-06-29T09:05:17+00:00,2026-06-29T18:13:53+00:00,2026-08-04T11:25:39+00:00,36.09747685185185,0.3809722222222222,35.71650462962963,0.3809722222222222,0.3809722222222222,1,1,105,2,107,4,2,6,0,0,1,0,0,2,0,0,1,0
duckduckgo/Android:.github/workflows/android-maintenance-worker.md,duckduckgo/Android,.github/workflows/android-maintenance-worker.md,duckduckgo__Android__f95debe81f35/history.json,4,3,0,2026-03-31T20:48:50+00:00,2026-07-14T09:37:29+00:00,2026-08-04T11:25:41+00:00,125.60892361111111,104.53378472222222,21.07513888888889,20.99054398148148,20.99054398148148,4,3,245,44,289,77,44,121,1,0,2,0,0,0,4,0,0,3
duckduckgo/Android:.github/workflows/drift-audit.md,duckduckgo/Android,.github/workflows/drift-audit.md,duckduckgo__Android__e2e317afbb98/history.json,1,0,1,2026-06-16T20:42:59+00:00,2026-06-16T20:42:59+00:00,2026-08-04T11:25:40+00:00,48.61297453703704,0.0,48.61297453703704,,,1,1,147,0,147,0,0,0,0,0,0,0,0,0,1,0,0,0
elastic/ai-github-actions:.github/workflows/agent-deep-dive.md,elastic/ai-github-actions,.github/workflows/agent-deep-dive.md,elastic__ai-github-actions__7d0fa52c42ad/history.json,10,9,0,2026-02-21T17:09:27+00:00,2026-07-22T15:20:09+00:00,2026-08-04T11:25:47+00:00,163.7613425925926,150.92409722222223,12.83724537037037,6.959201388888889,0.13837962962962963,8,5,239,5,244,14,5,19,8,1,0,0,0,3,7,0,3,6
elastic/ai-github-actions:.github/workflows/agent-efficiency.md,elastic/ai-github-actions,.github/workflows/agent-efficiency.md,elastic__ai-github-actions__c65d3b057473/history.json,14,13,0,2026-02-16T03:53:17+00:00,2026-07-22T15:20:09+00:00,2026-08-04T11:25:47+00:00,169.31423611111111,156.47699074074075,12.83724537037037,1.021076388888889,0.04282407407407408,10,5,368,177,545,200,177,377,9,0,4,0,0,6,6,0,5,6
elastic/ai-github-actions:.github/workflows/gh-aw-agent-suggestions.md,elastic/ai-github-actions,.github/workflows/gh-aw-agent-suggestions.md,elastic__ai-github-actions__711718c8682c/history.json,27,26,0,2026-02-19T15:16:21+00:00,2026-07-22T15:20:09+00:00,2026-08-04T11:25:54+00:00,165.83996527777776,153.0026388888889,12.837326388888888,1.222505787037037,0.0259375,18,5,200,34,234,58,34,92,24,1,1,0,0,12,13,0,12,13
elastic/ai-github-actions:.github/workflows/gh-aw-autonomy-atomicity-analyzer.md,elastic/ai-github-actions,.github/workflows/gh-aw-autonomy-atomicity-analyzer.md,elastic__ai-github-actions__e4e0e6797886/history.json,14,13,0,2026-02-26T17:11:23+00:00,2026-07-22T15:20:09+00:00,2026-08-04T11:25:50+00:00,158.76003472222223,145.92275462962962,12.837280092592593,2.9495949074074073,0.4731712962962963,12,5,177,10,187,18,10,28,12,1,0,0,0,8,6,0,7,6
elastic/ai-github-actions:.github/workflows/gh-aw-branch-actions-detective.md,elastic/ai-github-actions,.github/workflows/gh-aw-branch-actions-detective.md,elastic__ai-github-actions__bab0dc7eb20e/history.json,18,17,0,2026-02-22T20:07:21+00:00,2026-07-22T15:20:09+00:00,2026-08-04T11:25:51+00:00,162.63784722222223,149.80055555555555,12.837291666666667,2.4261226851851854,2.1018171296296297,16,5,194,24,218,30,24,54,13,3,1,0,0,8,10,0,8,9
elastic/ai-github-actions:.github/workflows/gh-aw-breaking-change-detect.md,elastic/ai-github-actions,.github/workflows/gh-aw-breaking-change-detect.md,elastic__ai-github-actions__a012577dee2c/history.json,13,12,0,2026-02-18T05:47:50+00:00,2026-02-21T07:31:28+00:00,2026-08-04T11:25:46+00:00,167.23467592592593,3.0719675925925927,164.16270833333334,0.14179976851851853,0.4902662037037037,4,1,116,20,136,49,18,67,10,1,0,0,1,8,3,0,7,3
elastic/ai-github-actions:.github/workflows/gh-aw-breaking-change-detector.md,elastic/ai-github-actions,.github/workflows/gh-aw-breaking-change-detector.md,elastic__ai-github-actions__4986c072448c/history.json,20,19,0,2026-02-21T07:31:28+00:00,2026-07-22T15:20:09+00:00,2026-08-04T11:25:53+00:00,164.16278935185184,151.32547453703702,12.837314814814814,1.920636574074074,0.7279745370370371,16,5,42,26,68,32,22,54,16,1,2,0,0,10,10,0,9,10
elastic/ai-github-actions:.github/workflows/gh-aw-bug-hunter.md,elastic/ai-github-actions,.github/workflows/gh-aw-bug-hunter.md,elastic__ai-github-actions__06e4bbf421a7/history.json,35,34,0,2026-02-18T05:47:50+00:00,2026-07-22T15:20:09+00:00,2026-08-04T11:25:57+00:00,167.23480324074075,154.39744212962964,12.837361111111111,0.6432060185185186,0.4902662037037037,20,5,232,62,294,116,62,178,28,5,1,0,0,18,15,0,17,15
elastic/ai-github-actions:.github/workflows/gh-aw-code-complexity-detector.md,elastic/ai-github-actions,.github/workflows/gh-aw-code-complexity-detector.md,elastic__ai-github-actions__b9e34279d352/history.json,12,11,0,2026-03-14T05:10:39+00:00,2026-07-22T15:20:09+00:00,2026-08-04T11:25:50+00:00,143.26054398148148,130.4232638888889,12.837280092592593,5.957881944444445,1.7037152777777778,11,4,249,8,257,28,8,36,11,0,0,0,0,7,5,0,6,5
elastic/ai-github-actions:.github/workflows/gh-aw-code-duplication-detector.md,elastic/ai-github-actions,.github/workflows/gh-aw-code-duplication-detector.md,elastic__ai-github-actions__34587b6f92d1/history.json,22,21,0,2026-02-21T07:31:28+00:00,2026-07-22T15:20:09+00:00,2026-08-04T11:25:55+00:00,164.1628125,151.32547453703702,12.837337962962962,1.920636574074074,0.7279745370370371,18,5,64,28,92,52,22,74,19,1,1,0,0,12,10,0,11,10
elastic/ai-github-actions:.github/workflows/gh-aw-code-quality-audit.md,elastic/ai-github-actions,.github/workflows/gh-aw-code-quality-audit.md,elastic__ai-github-actions__14c149e1df89/history.json,12,11,0,2026-03-07T23:01:41+00:00,2026-07-22T15:20:09+00:00,2026-08-04T11:25:50+00:00,149.51677083333334,136.67949074074073,12.837280092592593,6.825219907407408,0.9941898148148148,11,4,144,7,151,14,7,21,11,0,0,0,0,7,5,0,6,5
elastic/ai-github-actions:.github/workflows/gh-aw-create-comment-on-issue.md,elastic/ai-github-actions,.github/workflows/gh-aw-create-comment-on-issue.md,elastic__ai-github-actions__0fbc49249fdc/history.json,9,8,0,2026-03-18T16:15:09+00:00,2026-07-22T15:20:09+00:00,2026-08-04T11:25:53+00:00,138.79912037037036,125.96180555555556,12.837314814814814,4.887407407407407,14.06193287037037,8,4,121,6,127,10,6,16,8,0,0,0,0,5,4,0,4,4
elastic/ai-github-actions:.github/workflows/gh-aw-create-pr-from-issue.md,elastic/ai-github-actions,.github/workflows/gh-aw-create-pr-from-issue.md,elastic__ai-github-actions__43e448190375/history.json,11,10,0,2026-03-07T23:01:41+00:00,2026-07-22T15:20:09+00:00,2026-08-04T11:25:55+00:00,149.5168287037037,136.67949074074073,12.837337962962962,2.4351157407407404,0.37256944444444445,9,4,132,5,137,16,5,21,10,0,0,0,0,7,4,0,6,4
elastic/ai-github-actions:.github/workflows/gh-aw-dependency-review.md,elastic/ai-github-actions,.github/workflows/gh-aw-dependency-review.md,elastic__ai-github-actions__8860d25cbd59/history.json,19,18,0,2026-02-26T23:43:19+00:00,2026-07-22T15:20:09+00:00,2026-08-04T11:25:59+00:00,158.48796296296297,145.6505787037037,12.83738425925926,4.517552083333333,2.012395833333333,16,5,384,98,482,101,98,199,13,1,4,0,0,7,12,0,7,11
elastic/ai-github-actions:.github/workflows/gh-aw-docs-drift.md,elastic/ai-github-actions,.github/workflows/gh-aw-docs-drift.md,elastic__ai-github-actions__11e3e277cedd/history.json,16,15,0,2026-02-18T05:47:50+00:00,2026-02-21T07:31:28+00:00,2026-08-04T11:25:56+00:00,167.23479166666667,3.0719675925925927,164.16282407407408,0.10209490740740741,0.4902662037037037,4,1,129,30,159,63,29,92,10,3,1,0,1,8,6,0,7,6
elastic/ai-github-actions:.github/workflows/gh-aw-docs-patrol.md,elastic/ai-github-actions,.github/workflows/gh-aw-docs-patrol.md,elastic__ai-github-actions__7c981ce40277/history.json,18,17,0,2026-02-21T07:31:28+00:00,2026-07-22T15:20:09+00:00,2026-08-04T11:26:01+00:00,164.16288194444445,151.32547453703702,12.837407407407408,2.0917476851851853,0.7279745370370371,16,5,42,24,66,30,18,48,16,0,1,0,0,8,10,0,7,10
elastic/ai-github-actions:.github/workflows/gh-aw-duplicate-issue-detector.md,elastic/ai-github-actions,.github/workflows/gh-aw-duplicate-issue-detector.md,elastic__ai-github-actions__8c86ff618c2d/history.json,25,24,0,2026-02-20T04:03:33+00:00,2026-07-22T15:20:09+00:00,2026-08-04T11:26:04+00:00,165.30730324074074,152.4698611111111,12.837442129629629,1.045457175925926,0.8013310185185185,16,5,325,92,417,212,92,304,17,4,3,0,0,9,16,0,9,15
elastic/ai-github-actions:.github/workflows/gh-aw-estc-docs-patrol-external.md,elastic/ai-github-actions,.github/workflows/gh-aw-estc-docs-patrol-external.md,elastic__ai-github-actions__b7299d859a12/history.json,13,12,0,2026-02-27T00:41:24+00:00,2026-07-22T15:20:09+00:00,2026-08-04T11:26:00+00:00,158.4476388888889,145.61024305555554,12.837395833333334,6.895486111111111,1.972060185185185,12,5,17,10,27,15,8,23,12,0,0,0,0,6,7,0,6,6
elastic/ai-github-actions:.github/workflows/gh-aw-estc-docs-pr-review.md,elastic/ai-github-actions,.github/workflows/gh-aw-estc-docs-pr-review.md,elastic__ai-github-actions__343ae155712c/history.json,16,15,0,2026-02-27T00:41:24+00:00,2026-07-22T15:20:09+00:00,2026-08-04T11:26:02+00:00,158.44766203703705,145.61024305555554,12.837418981481482,2.9495949074074073,1.972060185185185,15,5,35,30,65,33,28,61,11,2,2,0,0,8,8,0,8,7
elastic/ai-github-actions:.github/workflows/gh-aw-estc-downstream-health.md,elastic/ai-github-actions,.github/workflows/gh-aw-estc-downstream-health.md,elastic__ai-github-actions__f914804c1f61/history.json,3,2,0,2026-02-27T00:41:24+00:00,2026-03-02T17:34:44+00:00,2026-08-04T11:25:55+00:00,158.44758101851852,3.7037037037037037,154.74387731481482,1.8518518518518519,1.972060185185185,3,2,5,5,10,3,3,6,1,0,0,0,1,0,3,0,0,2
elastic/ai-github-actions:.github/workflows/gh-aw-estc-pr-buildkite-detective.md,elastic/ai-github-actions,.github/workflows/gh-aw-estc-pr-buildkite-detective.md,elastic__ai-github-actions__b1bb5009be67/history.json,26,25,0,2026-02-27T00:41:24+00:00,2026-07-22T15:20:09+00:00,2026-08-04T11:26:08+00:00,158.44773148148147,145.61024305555554,12.837488425925926,1.3378587962962962,1.972060185185185,17,5,349,273,622,348,272,620,19,1,5,0,0,14,12,0,14,11
elastic/ai-github-actions:.github/workflows/gh-aw-flaky-test-investigator.md,elastic/ai-github-actions,.github/workflows/gh-aw-flaky-test-investigator.md,elastic__ai-github-actions__82451c8dd707/history.json,18,17,0,2026-02-21T07:31:28+00:00,2026-07-22T15:20:09+00:00,2026-08-04T11:26:08+00:00,164.16296296296295,151.32547453703702,12.837488425925926,2.4261226851851854,0.7279745370370371,16,5,62,29,91,49,22,71,16,1,0,0,0,8,10,0,7,10
elastic/ai-github-actions:.github/workflows/gh-aw-framework-best-practices.md,elastic/ai-github-actions,.github/workflows/gh-aw-framework-best-practices.md,elastic__ai-github-actions__44e4b2bf0b12/history.json,18,17,0,2026-02-26T17:11:23+00:00,2026-07-22T15:20:09+00:00,2026-08-04T11:26:06+00:00,158.76021990740742,145.92275462962962,12.837465277777778,1.920636574074074,0.4731712962962963,14,5,193,15,208,31,15,46,14,2,1,0,0,12,6,0,11,6
elastic/ai-github-actions:.github/workflows/gh-aw-information-architecture.md,elastic/ai-github-actions,.github/workflows/gh-aw-information-architecture.md,elastic__ai-github-actions__694ae40d4099/history.json,15,14,0,2026-02-26T17:11:23+00:00,2026-07-22T15:20:09+00:00,2026-08-04T11:26:06+00:00,158.76021990740742,145.92275462962962,12.837465277777778,4.887407407407407,0.4731712962962963,13,5,179,10,189,19,10,29,13,1,0,0,0,9,6,0,8,6
elastic/ai-github-actions:.github/workflows/gh-aw-internal-gemini-cli-web-search.md,elastic/ai-github-actions,.github/workflows/gh-aw-internal-gemini-cli-web-search.md,elastic__ai-github-actions__cd75dcb86167/history.json,20,19,0,2026-03-01T02:11:44+00:00,2026-07-22T15:20:09+00:00,2026-08-04T11:26:08+00:00,156.385,143.54751157407406,12.837488425925926,1.2895833333333333,0.22872685185185185,16,4,54,26,80,35,18,53,18,1,0,0,0,11,9,0,11,8
elastic/ai-github-actions:.github/workflows/gh-aw-internal-gemini-cli.md,elastic/ai-github-actions,.github/workflows/gh-aw-internal-gemini-cli.md,elastic__ai-github-actions__ea106018d1ce/history.json,20,19,0,2026-03-01T06:48:16+00:00,2026-07-22T15:20:09+00:00,2026-08-04T11:26:12+00:00,156.19300925925927,143.35547453703703,12.837534722222221,1.7037152777777778,0.036689814814814814,16,4,34,16,50,34,16,50,18,1,0,0,0,13,7,0,13,6
elastic/ai-github-actions:.github/workflows/gh-aw-issue-fixer.md,elastic/ai-github-actions,.github/workflows/gh-aw-issue-fixer.md,elastic__ai-github-actions__1d5068d00f6b/history.json,25,24,0,2026-02-21T07:31:28+00:00,2026-07-22T15:20:09+00:00,2026-08-04T11:26:18+00:00,164.1630787037037,151.32547453703702,12.837604166666667,1.22703125,0.4237268518518518,19,5,59,43,102,46,36,82,21,3,0,0,0,11,14,0,10,14
elastic/ai-github-actions:.github/workflows/gh-aw-issue-triage.md,elastic/ai-github-actions,.github/workflows/gh-aw-issue-triage.md,elastic__ai-github-actions__fdf4cbf61663/history.json,34,33,0,2026-02-18T05:47:50+00:00,2026-07-22T15:20:09+00:00,2026-08-04T11:26:18+00:00,167.2350462962963,154.39744212962964,12.837604166666667,0.9472337962962963,0.5483101851851852,23,5,151,62,213,102,61,163,27,3,3,0,0,19,14,0,18,14
elastic/ai-github-actions:.github/workflows/gh-aw-mention-in-issue-by-id.md,elastic/ai-github-actions,.github/workflows/gh-aw-mention-in-issue-by-id.md,elastic__ai-github-actions__c3ea1c88b8e2/history.json,16,15,0,2026-03-06T21:16:47+00:00,2026-07-22T15:20:09+00:00,2026-08-04T11:26:09+00:00,150.58983796296297,137.75233796296297,12.8375,1.920636574074074,1.0728472222222223,15,4,267,137,404,149,137,286,12,1,2,0,0,10,6,0,9,6
elastic/ai-github-actions:.github/workflows/gh-aw-mention-in-issue-no-sandbox.md,elastic/ai-github-actions,.github/workflows/gh-aw-mention-in-issue-no-sandbox.md,elastic__ai-github-actions__e5c8e9a93113/history.json,25,24,0,2026-02-22T16:51:37+00:00,2026-07-22T15:20:09+00:00,2026-08-04T11:26:16+00:00,162.7740625,149.93648148148148,12.837581018518518,1.0793344907407407,0.14599537037037036,18,5,188,37,225,47,37,84,21,3,0,0,0,11,14,0,11,13
elastic/ai-github-actions:.github/workflows/gh-aw-mention-in-issue.md,elastic/ai-github-actions,.github/workflows/gh-aw-mention-in-issue.md,elastic__ai-github-actions__651a6ed036ad/history.json,38,37,0,2026-02-18T05:47:50+00:00,2026-07-22T15:20:09+00:00,2026-08-04T11:26:26+00:00,167.23513888888888,154.39744212962964,12.83769675925926,0.7957291666666667,0.5483101851851852,23,5,136,56,192,89,55,144,32,5,0,0,0,20,16,0,19,16
elastic/ai-github-actions:.github/workflows/gh-aw-mention-in-pr-no-sandbox.md,elastic/ai-github-actions,.github/workflows/gh-aw-mention-in-pr-no-sandbox.md,elastic__ai-github-actions__028223f6e5cc/history.json,32,31,0,2026-02-22T16:51:37+00:00,2026-07-22T15:20:09+00:00,2026-08-04T11:26:22+00:00,162.77413194444443,149.93648148148148,12.837650462962962,0.9288310185185186,0.14599537037037036,23,5,272,71,343,109,71,180,22,4,5,0,0,12,20,0,12,19
elastic/ai-github-actions:.github/workflows/gh-aw-mention-in-pr.md,elastic/ai-github-actions,.github/workflows/gh-aw-mention-in-pr.md,elastic__ai-github-actions__9c5db6773c75/history.json,48,47,0,2026-02-18T05:47:50+00:00,2026-07-22T15:20:09+00:00,2026-08-04T11:26:36+00:00,167.23525462962962,154.39744212962964,12.8378125,0.4741782407407407,0.5483101851851852,26,5,237,102,339,189,100,289,33,9,5,0,0,23,22,0,22,22
elastic/ai-github-actions:.github/workflows/gh-aw-newbie-contributor-patrol.md,elastic/ai-github-actions,.github/workflows/gh-aw-newbie-contributor-patrol.md,elastic__ai-github-actions__7478ca5f3a8b/history.json,17,16,0,2026-02-21T07:31:28+00:00,2026-07-22T15:20:09+00:00,2026-08-04T11:26:18+00:00,164.1630787037037,151.32547453703702,12.837604166666667,2.6878587962962963,0.7279745370370371,15,5,36,25,61,25,20,45,15,0,1,0,0,7,10,0,6,10
elastic/ai-github-actions:.github/workflows/gh-aw-performance-profiler.md,elastic/ai-github-actions,.github/workflows/gh-aw-performance-profiler.md,elastic__ai-github-actions__ca4378d1dd81/history.json,26,25,0,2026-02-20T04:58:27+00:00,2026-07-22T15:20:09+00:00,2026-08-04T11:26:24+00:00,165.26940972222224,152.43173611111112,12.83767361111111,1.2895833333333333,0.5342939814814814,18,5,250,35,285,57,35,92,22,2,1,0,0,12,14,0,12,13
elastic/ai-github-actions:.github/workflows/gh-aw-plan.md,elastic/ai-github-actions,.github/workflows/gh-aw-plan.md,elastic__ai-github-actions__2330b0f55f4f/history.json,21,20,0,2026-02-21T16:56:22+00:00,2026-07-22T15:20:09+00:00,2026-08-04T11:26:21+00:00,163.77082175925926,150.93318287037036,12.83763888888889,1.7674537037037037,0.6238078703703703,18,5,168,31,199,39,31,70,18,2,0,0,0,8,12,0,8,12
elastic/ai-github-actions:.github/workflows/gh-aw-pr-actions-detective.md,elastic/ai-github-actions,.github/workflows/gh-aw-pr-actions-detective.md,elastic__ai-github-actions__d7d3e1c4f3c1/history.json,24,23,0,2026-02-21T07:31:28+00:00,2026-07-22T15:20:09+00:00,2026-08-04T11:26:23+00:00,164.1631365740741,151.32547453703702,12.837662037037036,1.6525925925925926,1.5349884259259259,19,5,88,42,130,79,39,118,17,5,1,0,0,12,12,0,11,12
elastic/ai-github-actions:.github/workflows/gh-aw-pr-actions-fixer.md,elastic/ai-github-actions,.github/workflows/gh-aw-pr-actions-fixer.md,elastic__ai-github-actions__39f818bcc607/history.json,25,24,0,2026-02-21T07:31:28+00:00,2026-07-22T15:20:09+00:00,2026-08-04T11:26:24+00:00,164.16314814814814,151.32547453703702,12.83767361111111,1.584710648148148,1.5349884259259259,21,5,57,45,102,48,42,90,18,5,1,0,0,11,14,0,10,14
elastic/ai-github-actions:.github/workflows/gh-aw-pr-ci-detective.md,elastic/ai-github-actions,.github/workflows/gh-aw-pr-ci-detective.md,elastic__ai-github-actions__b84c122c5bc5/history.json,7,6,0,2026-02-19T15:23:36+00:00,2026-02-21T07:31:28+00:00,2026-08-04T11:26:16+00:00,165.8351851851852,1.6721296296296295,164.16305555555556,0.10374421296296296,0.16361111111111112,3,1,139,12,151,25,12,37,5,0,0,0,1,3,2,0,3,2
elastic/ai-github-actions:.github/workflows/gh-aw-pr-conflict-addresser.md,elastic/ai-github-actions,.github/workflows/gh-aw-pr-conflict-addresser.md,elastic__ai-github-actions__e054d77f2bd4/history.json,10,9,0,2026-03-16T03:52:20+00:00,2026-07-22T15:20:09+00:00,2026-08-04T11:26:24+00:00,141.31532407407408,128.47765046296297,12.83767361111111,6.825219907407408,8.64425925925926,9,4,144,6,150,11,6,17,9,0,0,0,0,4,6,0,4,5
elastic/ai-github-actions:.github/workflows/gh-aw-pr-labeler.md,elastic/ai-github-actions,.github/workflows/gh-aw-pr-labeler.md,elastic__ai-github-actions__850096bf3e6e/history.json,10,9,0,2026-03-06T21:16:47+00:00,2026-07-22T15:20:09+00:00,2026-08-04T11:26:23+00:00,150.59,137.75233796296297,12.837662037037036,2.9495949074074073,2.067037037037037,9,4,163,6,169,13,6,19,8,0,1,0,0,6,4,0,5,4
elastic/ai-github-actions:.github/workflows/gh-aw-pr-review-addresser.md,elastic/ai-github-actions,.github/workflows/gh-aw-pr-review-addresser.md,elastic__ai-github-actions__6c6ca07172fd/history.json,23,22,0,2026-02-23T03:22:23+00:00,2026-07-22T15:20:09+00:00,2026-08-04T11:26:36+00:00,162.3362615740741,149.49844907407407,12.8378125,1.3070775462962962,1.7997106481481482,18,5,66,50,116,63,47,110,16,5,1,0,0,10,13,0,9,13
elastic/ai-github-actions:.github/workflows/gh-aw-pr-review.md,elastic/ai-github-actions,.github/workflows/gh-aw-pr-review.md,elastic__ai-github-actions__7eef307c7084/history.json,34,33,0,2026-02-18T05:47:50+00:00,2026-07-22T15:20:09+00:00,2026-08-04T11:26:40+00:00,167.2353009259259,154.39744212962964,12.837858796296297,0.6369328703703704,0.5483101851851852,21,5,186,96,282,129,84,213,25,4,4,0,0,17,16,0,16,16
elastic/ai-github-actions:.github/workflows/gh-aw-product-manager-impersonator.md,elastic/ai-github-actions,.github/workflows/gh-aw-product-manager-impersonator.md,elastic__ai-github-actions__b5468566a7f6/history.json,19,18,0,2026-02-22T19:59:21+00:00,2026-07-22T15:20:09+00:00,2026-08-04T11:26:31+00:00,162.64386574074075,149.8061111111111,12.837754629629629,2.0061921296296297,0.015625,15,5,235,26,261,84,26,110,15,1,2,0,0,9,10,0,9,9
elastic/ai-github-actions:.github/workflows/gh-aw-project-summary.md,elastic/ai-github-actions,.github/workflows/gh-aw-project-summary.md,elastic__ai-github-actions__95b650e6901c/history.json,27,26,0,2026-02-18T22:59:41+00:00,2026-07-22T15:20:09+00:00,2026-08-04T11:26:39+00:00,166.51872685185185,153.68087962962963,12.837847222222223,1.4122858796296296,0.2099537037037037,19,5,195,37,232,66,37,103,24,1,1,0,0,12,12,0,12,12
elastic/ai-github-actions:.github/workflows/gh-aw-refactor-opportunist.md,elastic/ai-github-actions,.github/workflows/gh-aw-refactor-opportunist.md,elastic__ai-github-actions__5be2c1e94eaf/history.json,19,18,0,2026-02-22T19:59:21+00:00,2026-07-22T15:20:09+00:00,2026-08-04T11:26:37+00:00,162.64393518518517,149.8061111111111,12.837824074074074,2.0061921296296297,0.015625,16,5,217,25,242,37,25,62,15,2,1,0,0,9,10,0,9,9
elastic/ai-github-actions:.github/workflows/gh-aw-release-update.md,elastic/ai-github-actions,.github/workflows/gh-aw-release-update.md,elastic__ai-github-actions__d047eebdd43a/history.json,21,20,0,2026-02-21T00:45:24+00:00,2026-07-22T15:20:09+00:00,2026-08-04T11:26:39+00:00,164.4453125,151.60746527777778,12.837847222222223,1.6292476851851851,0.28199074074074076,16,5,162,24,186,43,24,67,18,2,0,0,0,9,11,0,9,11
elastic/ai-github-actions:.github/workflows/gh-aw-scheduled-audit.md,elastic/ai-github-actions,.github/workflows/gh-aw-scheduled-audit.md,elastic__ai-github-actions__6c915a8670e8/history.json,19,18,0,2026-02-21T07:31:28+00:00,2026-07-22T15:20:09+00:00,2026-08-04T11:26:35+00:00,164.16327546296296,151.32547453703702,12.837800925925926,1.7775347222222222,0.7279745370370371,15,5,155,29,184,55,29,84,16,0,2,0,0,7,12,0,6,12
elastic/ai-github-actions:.github/workflows/gh-aw-scheduled-fix.md,elastic/ai-github-actions,.github/workflows/gh-aw-scheduled-fix.md,elastic__ai-github-actions__6cb1011e0bb9/history.json,20,19,0,2026-02-21T07:31:28+00:00,2026-07-22T15:20:09+00:00,2026-08-04T11:26:39+00:00,164.16332175925925,151.32547453703702,12.837847222222223,1.6344328703703703,0.4237268518518518,15,5,169,31,200,62,31,93,17,0,2,0,0,7,13,0,6,13
elastic/ai-github-actions:.github/workflows/gh-aw-small-problem-fixer.md,elastic/ai-github-actions,.github/workflows/gh-aw-small-problem-fixer.md,elastic__ai-github-actions__c6703901e844/history.json,34,33,0,2026-02-18T05:47:50+00:00,2026-07-22T15:20:09+00:00,2026-08-04T11:26:45+00:00,167.2353587962963,154.39744212962964,12.837916666666667,0.7697453703703704,0.4902662037037037,20,5,138,52,190,93,51,144,26,6,1,0,0,16,14,0,15,14
elastic/ai-github-actions:.github/workflows/gh-aw-stale-issues-investigator.md,elastic/ai-github-actions,.github/workflows/gh-aw-stale-issues-investigator.md,elastic__ai-github-actions__b1a7ed9232ed/history.json,13,12,0,2026-02-28T21:49:15+00:00,2026-07-22T15:20:09+00:00,2026-08-04T11:26:33+00:00,156.56756944444444,143.72979166666667,12.837777777777777,6.895486111111111,0.0916087962962963,12,5,35,13,48,15,8,23,12,0,0,0,0,6,7,0,6,6
elastic/ai-github-actions:.github/workflows/gh-aw-stale-issues-remediator.md,elastic/ai-github-actions,.github/workflows/gh-aw-stale-issues-remediator.md,elastic__ai-github-actions__b08877596b7e/history.json,12,11,0,2026-02-28T21:49:15+00:00,2026-07-22T15:20:09+00:00,2026-08-04T11:26:34+00:00,156.56758101851852,143.72979166666667,12.837789351851852,6.825219907407408,0.0916087962962963,11,5,167,8,175,14,8,22,11,0,0,0,0,5,7,0,5,6
elastic/ai-github-actions:.github/workflows/gh-aw-stale-issues.md,elastic/ai-github-actions,.github/workflows/gh-aw-stale-issues.md,elastic__ai-github-actions__4c1bd54438d0/history.json,16,15,0,2026-02-18T05:47:50+00:00,2026-02-28T21:49:15+00:00,2026-08-04T11:26:41+00:00,167.2353125,10.667650462962962,156.56766203703702,0.37820601851851854,0.5483101851851852,8,1,184,37,221,118,36,154,11,1,2,0,1,6,8,0,5,8
elastic/ai-github-actions:.github/workflows/gh-aw-test-coverage-detector.md,elastic/ai-github-actions,.github/workflows/gh-aw-test-coverage-detector.md,elastic__ai-github-actions__da8f38293340/history.json,14,13,0,2026-02-28T21:55:52+00:00,2026-07-22T15:20:09+00:00,2026-08-04T11:26:44+00:00,156.56310185185185,143.72519675925926,12.837905092592592,6.825219907407408,0.08701388888888889,13,5,197,8,205,39,8,47,12,0,1,0,0,7,7,0,7,6
elastic/ai-github-actions:.github/workflows/gh-aw-text-auditor.md,elastic/ai-github-actions,.github/workflows/gh-aw-text-auditor.md,elastic__ai-github-actions__98e77282358f/history.json,22,21,0,2026-02-21T07:31:28+00:00,2026-07-22T15:20:09+00:00,2026-08-04T11:26:50+00:00,164.16344907407407,151.32547453703702,12.837974537037036,1.6344328703703703,0.7279745370370371,17,5,310,30,340,86,30,116,16,3,2,0,0,12,10,0,11,10
elastic/ai-github-actions:.github/workflows/gh-aw-update-pr-body.md,elastic/ai-github-actions,.github/workflows/gh-aw-update-pr-body.md,elastic__ai-github-actions__22b574900f98/history.json,25,24,0,2026-02-20T16:00:21+00:00,2026-07-22T15:20:09+00:00,2026-08-04T11:26:52+00:00,164.81008101851853,151.97208333333333,12.837997685185185,1.3137210648148148,0.30355324074074075,17,5,287,63,350,156,63,219,18,4,2,0,0,11,14,0,11,13
elastic/ai-github-actions:.github/workflows/gh-aw-ux-design-patrol.md,elastic/ai-github-actions,.github/workflows/gh-aw-ux-design-patrol.md,elastic__ai-github-actions__e6ce63062b64/history.json,19,18,0,2026-02-22T01:08:22+00:00,2026-07-22T15:20:09+00:00,2026-08-04T11:26:51+00:00,163.4295023148148,150.5915162037037,12.83798611111111,2.0061921296296297,0.8010300925925926,16,5,205,19,224,31,19,50,16,2,0,0,0,9,10,0,9,9
elastic/ai-github-actions:.github/workflows/internal-downstream-health.md,elastic/ai-github-actions,.github/workflows/internal-downstream-health.md,elastic__ai-github-actions__725ebee32666/history.json,9,8,0,2026-03-02T17:34:44+00:00,2026-07-22T15:20:09+00:00,2026-08-04T11:26:43+00:00,154.74443287037036,141.90653935185185,12.837893518518518,7.925954861111111,6.221238425925926,8,4,10,8,18,8,6,14,8,0,0,0,0,4,5,0,4,4
elastic/ai-github-actions:.github/workflows/upgrade-check.md,elastic/ai-github-actions,.github/workflows/upgrade-check.md,elastic__ai-github-actions__d1b688f025c5/history.json,12,11,0,2026-02-21T07:31:28+00:00,2026-07-22T15:20:09+00:00,2026-08-04T11:26:45+00:00,164.1633912037037,151.32547453703702,12.837916666666667,4.721412037037037,0.5397569444444444,9,5,21,12,33,17,7,24,9,1,1,0,0,6,6,0,5,6
elastic/ai-github-actions:.github/workflows/workflow-patrol.md,elastic/ai-github-actions,.github/workflows/workflow-patrol.md,elastic__ai-github-actions__040a7402aa36/history.json,13,12,0,2026-02-21T07:31:28+00:00,2026-07-22T15:20:09+00:00,2026-08-04T11:26:47+00:00,164.16341435185186,151.32547453703702,12.837939814814815,3.136440972222222,0.5397569444444444,10,5,27,16,43,18,6,24,11,1,0,0,0,6,7,0,5,7
elastic/cloud-on-k8s:.github/workflows/issue-classifier.md,elastic/cloud-on-k8s,.github/workflows/issue-classifier.md,elastic__cloud-on-k8s__d8f94ccfb188/history.json,1,0,1,2026-06-11T13:43:18+00:00,2026-06-11T13:43:18+00:00,2026-08-04T11:26:40+00:00,53.90511574074074,0.0,53.90511574074074,,,1,1,204,0,204,0,0,0,0,0,0,0,0,1,0,0,0,0
elastic/elastic-docs-skills:.github/workflows/skill-freshness.md,elastic/elastic-docs-skills,.github/workflows/skill-freshness.md,elastic__elastic-docs-skills__a739936809f0/history.json,12,11,0,2026-02-23T13:56:00+00:00,2026-07-31T13:44:03+00:00,2026-08-04T11:26:45+00:00,161.89635416666667,157.99170138888888,3.9046527777777778,0.9846875,0.1370023148148148,7,5,151,10,161,106,10,116,3,8,0,0,0,2,10,0,2,9
elastic/elastic-docs-skills:.github/workflows/skill-quality-review.md,elastic/elastic-docs-skills,.github/workflows/skill-quality-review.md,elastic__elastic-docs-skills__ed5452616509/history.json,4,3,0,2026-03-05T09:51:18+00:00,2026-06-22T06:45:07+00:00,2026-08-04T11:26:42+00:00,152.06625,108.87070601851852,43.19554398148148,45.78,0.02726851851851852,3,3,128,3,131,9,3,12,1,2,0,0,0,0,4,0,0,3
elastic/elasticsearch-specification:.github/workflows/kibana-type-check-analysis.md,elastic/elasticsearch-specification,.github/workflows/kibana-type-check-analysis.md,elastic__elasticsearch-specification__1e70d019b2dc/history.json,6,5,0,2026-05-22T18:30:50+00:00,2026-06-25T08:44:23+00:00,2026-08-04T11:26:43+00:00,73.70547453703703,33.59274305555556,40.11273148148148,5.937916666666666,5.937916666666666,5,2,166,32,198,72,32,104,2,0,3,0,0,6,0,0,5,0
elastic/elasticsearch-specification:.github/workflows/spec-drift.md,elastic/elasticsearch-specification,.github/workflows/spec-drift.md,elastic__elasticsearch-specification__edb731adaa42/history.json,3,2,0,2026-05-21T08:32:38+00:00,2026-05-27T09:47:01+00:00,2026-08-04T11:26:43+00:00,75.1208912037037,6.0516550925925925,69.06923611111111,3.0258275462962962,0.04798611111111111,2,1,202,63,265,56,63,119,1,0,1,0,0,3,0,0,2,0
elastic/kibana:.github/workflows/backlog-groom.md,elastic/kibana,.github/workflows/backlog-groom.md,elastic__kibana__9cf6887b90cf/history.json,6,5,0,2026-05-19T17:08:05+00:00,2026-07-27T20:11:41+00:00,2026-08-04T11:26:45+00:00,76.76296296296296,69.1275,7.635462962962963,8.228900462962963,8.228900462962963,6,3,146,9,155,10,9,19,5,0,0,0,0,6,0,0,5,0
elastic/kibana:.github/workflows/failed-backport-resolver.md,elastic/kibana,.github/workflows/failed-backport-resolver.md,elastic__kibana__d95c6a56a19b/history.json,8,7,0,2026-05-15T17:23:37+00:00,2026-07-27T20:11:41+00:00,2026-08-04T11:26:47+00:00,80.75219907407407,73.11671296296296,7.635486111111111,0.6308796296296296,0.06561342592592592,4,3,354,157,511,89,157,246,1,2,4,0,0,7,1,0,7,0
elastic/kibana:.github/workflows/flaky-fix-verifier.md,elastic/kibana,.github/workflows/flaky-fix-verifier.md,elastic__kibana__f98b8266f5a1/history.json,10,9,0,2026-07-02T07:28:11+00:00,2026-07-27T20:11:41+00:00,2026-08-04T11:26:48+00:00,33.16570601851852,25.530208333333334,7.635497685185185,1.2023263888888889,0.17429398148148148,7,1,502,72,574,181,72,253,4,2,3,0,0,1,9,0,1,8
elastic/kibana:.github/workflows/flaky-test-fixer.md,elastic/kibana,.github/workflows/flaky-test-fixer.md,elastic__kibana__58f6aa130724/history.json,19,18,0,2026-06-10T06:32:14+00:00,2026-07-27T20:11:41+00:00,2026-08-04T11:26:50+00:00,55.20458333333333,47.5690625,7.6355208333333335,1.803605324074074,5.260023148148148,13,2,479,98,577,343,98,441,6,3,9,0,0,7,12,0,6,12
elastic/kibana:.github/workflows/reviewer-claude.md,elastic/kibana,.github/workflows/reviewer-claude.md,elastic__kibana__78b5a152b97b/history.json,14,13,0,2026-04-28T21:00:30+00:00,2026-07-24T22:05:31+00:00,2026-08-04T11:26:49+00:00,97.60160879629629,87.04515046296297,10.556458333333333,7.1779166666666665,0.28881944444444446,10,4,241,91,332,120,91,211,10,0,3,0,0,11,3,0,10,3
elastic/kibana:.github/workflows/reviewer-codex.md,elastic/kibana,.github/workflows/reviewer-codex.md,elastic__kibana__c5933788e823/history.json,6,5,0,2026-05-05T23:21:51+00:00,2026-07-17T17:49:19+00:00,2026-08-04T11:26:48+00:00,90.5034375,72.76907407407407,17.734363425925928,12.917349537037037,12.917349537037037,4,3,193,41,234,41,41,82,2,0,3,0,0,3,3,0,3,2
elastic/kibana:.github/workflows/reviewer-scout.md,elastic/kibana,.github/workflows/reviewer-scout.md,elastic__kibana__57568207232d/history.json,5,4,0,2026-06-19T13:38:01+00:00,2026-07-27T20:11:41+00:00,2026-08-04T11:26:48+00:00,45.908877314814816,38.27337962962963,7.635497685185185,5.049432870370371,0.06512731481481482,4,2,167,9,176,25,9,34,2,0,2,0,0,3,2,0,2,2
elastic/opentelemetry-collector-components:.github/workflows/pr-review.md,elastic/opentelemetry-collector-components,.github/workflows/pr-review.md,elastic__opentelemetry-collector-components__08af1c7a9d42/history.json,1,0,1,2026-02-14T02:16:17+00:00,2026-02-14T02:16:17+00:00,2026-08-04T11:26:46+00:00,171.3822800925926,0.0,171.3822800925926,,,1,1,148,0,148,0,0,0,0,0,0,0,0,1,0,0,0,0
elastic/terraform-provider-elasticstack:.github/workflows/change-factory-issue.md,elastic/terraform-provider-elasticstack,.github/workflows/change-factory-issue.md,elastic__terraform-provider-elasticstack__af58dc293cea/history.json,27,26,0,2026-04-26T04:13:36+00:00,2026-07-30T01:27:55+00:00,2026-08-04T11:27:00+00:00,100.30097222222223,94.88494212962964,5.416030092592592,0.941556712962963,0.9112731481481482,19,4,4007,3590,7597,2320,3590,5910,21,1,4,0,0,13,14,0,13,13
elastic/terraform-provider-elasticstack:.github/workflows/ci-deadcode-removal-rotation.md,elastic/terraform-provider-elasticstack,.github/workflows/ci-deadcode-removal-rotation.md,elastic__terraform-provider-elasticstack__7cdf37f0dd2b/history.json,14,13,0,2026-05-16T11:58:01+00:00,2026-07-30T01:27:55+00:00,2026-08-04T11:26:54+00:00,79.97839120370371,74.56243055555555,5.415960648148148,2.1386226851851853,0.02917824074074074,11,3,322,36,358,97,36,133,10,1,2,0,0,10,4,0,10,3
elastic/terraform-provider-elasticstack:.github/workflows/code-factory-issue.md,elastic/terraform-provider-elasticstack,.github/workflows/code-factory-issue.md,elastic__terraform-provider-elasticstack__735ea57226c3/history.json,35,34,0,2026-04-23T23:36:05+00:00,2026-07-31T10:15:00+00:00,2026-08-04T11:27:03+00:00,102.49372685185185,98.44369212962962,4.050034722222223,0.7370138888888889,0.01734953703703704,21,4,3108,2638,5746,2224,2638,4862,26,2,6,0,0,21,14,0,21,13
elastic/terraform-provider-elasticstack:.github/workflows/duplicate-code-detector.md,elastic/terraform-provider-elasticstack,.github/workflows/duplicate-code-detector.md,elastic__terraform-provider-elasticstack__cad2b9a8a6b9/history.json,19,18,0,2026-04-23T04:06:45+00:00,2026-07-31T07:11:10+00:00,2026-08-04T11:26:57+00:00,103.30569444444444,99.12806712962963,4.177627314814814,1.5546180555555555,0.006608796296296297,13,4,404,94,498,76,94,170,14,3,1,0,0,16,3,0,15,3
elastic/terraform-provider-elasticstack:.github/workflows/flaky-test-catcher.md,elastic/terraform-provider-elasticstack,.github/workflows/flaky-test-catcher.md,elastic__terraform-provider-elasticstack__9cf9e76c791e/history.json,13,12,0,2026-05-05T10:47:45+00:00,2026-07-31T07:11:10+00:00,2026-08-04T11:26:55+00:00,91.02719907407408,86.84959490740741,4.177604166666667,3.599398148148148,0.7276388888888888,11,3,402,234,636,102,234,336,9,2,1,0,0,8,5,0,8,4
elastic/terraform-provider-elasticstack:.github/workflows/issue-classifier.md,elastic/terraform-provider-elasticstack,.github/workflows/issue-classifier.md,elastic__terraform-provider-elasticstack__e6e38b9584f8/history.json,10,9,0,2026-05-14T11:20:15+00:00,2026-07-30T01:27:55+00:00,2026-08-04T11:26:54+00:00,82.00461805555555,76.58865740740741,5.415960648148148,3.804178240740741,0.5522337962962963,8,3,343,125,468,52,125,177,8,0,1,0,0,7,3,0,7,2
elastic/terraform-provider-elasticstack:.github/workflows/kibana-spec-impact.md,elastic/terraform-provider-elasticstack,.github/workflows/kibana-spec-impact.md,elastic__terraform-provider-elasticstack__8140f60ff885/history.json,15,14,0,2026-04-17T07:52:22+00:00,2026-07-30T01:27:55+00:00,2026-08-04T11:26:56+00:00,109.14900462962963,103.73302083333333,5.415983796296296,4.379947916666667,4.702060185185185,13,4,304,125,429,93,125,218,12,1,1,0,0,9,6,0,9,5
elastic/terraform-provider-elasticstack:.github/workflows/openspec-verify-label.md,elastic/terraform-provider-elasticstack,.github/workflows/openspec-verify-label.md,elastic__terraform-provider-elasticstack__f6472045cea0/history.json,35,34,0,2026-03-25T03:52:09+00:00,2026-07-30T01:40:19+00:00,2026-08-04T11:27:04+00:00,132.31591435185186,126.90844907407407,5.407465277777778,0.9487847222222223,1.1315046296296296,21,5,907,708,1615,788,708,1496,18,5,11,0,0,30,5,0,29,5
elastic/terraform-provider-elasticstack:.github/workflows/reproducer-factory-issue.md,elastic/terraform-provider-elasticstack,.github/workflows/reproducer-factory-issue.md,elastic__terraform-provider-elasticstack__9f0a8005c4df/history.json,18,17,0,2026-05-14T02:35:56+00:00,2026-07-31T10:15:00+00:00,2026-08-04T11:27:00+00:00,82.3687962962963,78.3187962962963,4.05,0.7699768518518518,1.7613541666666668,13,3,3344,2808,6152,302,2808,3110,14,0,3,0,0,12,6,0,12,5
elastic/terraform-provider-elasticstack:.github/workflows/research-factory-issue.md,elastic/terraform-provider-elasticstack,.github/workflows/research-factory-issue.md,elastic__terraform-provider-elasticstack__a4404db69e8c/history.json,23,22,0,2026-05-08T12:38:15+00:00,2026-07-30T01:27:55+00:00,2026-08-04T11:27:02+00:00,87.95054398148149,82.53449074074074,5.416053240740741,0.6424421296296297,0.010497685185185185,14,3,2984,2505,5489,816,2505,3321,18,0,4,0,0,14,9,0,14,8
elastic/terraform-provider-elasticstack:.github/workflows/schema-coverage-rotation.md,elastic/terraform-provider-elasticstack,.github/workflows/schema-coverage-rotation.md,elastic__terraform-provider-elasticstack__df35a6a82500/history.json,34,33,0,2026-03-05T00:38:50+00:00,2026-07-31T07:11:10+00:00,2026-08-04T11:27:06+00:00,152.45018518518518,148.2724537037037,4.177731481481482,1.1412615740740741,0.07952546296296296,21,5,342,273,615,342,273,615,18,9,6,0,0,26,8,0,25,8
elastic/terraform-provider-elasticstack:.github/workflows/security-role-docs-drift.md,elastic/terraform-provider-elasticstack,.github/workflows/security-role-docs-drift.md,elastic__terraform-provider-elasticstack__4cc73865df6a/history.json,5,4,0,2026-05-27T10:51:51+00:00,2026-07-30T01:27:55+00:00,2026-08-04T11:26:55+00:00,69.02435185185185,63.60837962962963,5.415972222222222,14.498015046296297,6.030474537037037,5,3,103,13,116,13,13,26,4,0,0,0,0,4,1,0,4,0
elastic/terraform-provider-elasticstack:.github/workflows/semantic-function-refactor.md,elastic/terraform-provider-elasticstack,.github/workflows/semantic-function-refactor.md,elastic__terraform-provider-elasticstack__582d60768db6/history.json,20,19,0,2026-05-04T23:22:27+00:00,2026-07-31T07:11:10+00:00,2026-08-04T11:27:04+00:00,91.50320601851851,87.32549768518518,4.177708333333333,1.0200810185185185,0.18346064814814814,14,3,728,285,1013,241,285,526,12,2,5,0,0,15,5,0,15,4
ethereum/ethereum-org-website:.github/workflows/backlog-sweeper.md,ethereum/ethereum-org-website,.github/workflows/backlog-sweeper.md,ethereum__ethereum-org-website__4c67bbd10a7d/history.json,3,2,0,2026-07-10T17:53:21+00:00,2026-07-15T07:08:43+00:00,2026-08-04T11:26:56+00:00,24.731655092592593,4.552337962962963,20.17931712962963,2.276168981481481,2.804212962962963,3,1,91,4,95,14,4,18,1,0,1,0,0,3,0,0,2,0
ethereum/ethereum-org-website:.github/workflows/issue-triager.md,ethereum/ethereum-org-website,.github/workflows/issue-triager.md,ethereum__ethereum-org-website__ad63f27d077a/history.json,3,2,0,2026-07-10T17:53:21+00:00,2026-07-16T13:11:09+00:00,2026-08-04T11:26:57+00:00,24.731666666666666,5.804027777777778,18.92763888888889,2.902013888888889,4.552337962962963,3,1,101,5,106,7,5,12,1,0,1,0,0,3,0,0,2,0
ethereum/ethereum-org-website:.github/workflows/pr-reviewer.md,ethereum/ethereum-org-website,.github/workflows/pr-reviewer.md,ethereum__ethereum-org-website__c21d06851382/history.json,3,2,0,2026-07-10T17:53:21+00:00,2026-07-15T07:08:43+00:00,2026-08-04T11:26:56+00:00,24.731655092592593,4.552337962962963,20.17931712962963,2.276168981481481,2.804212962962963,3,1,75,0,75,10,0,10,2,0,0,0,0,3,0,0,2,0
ethereum/ethereum-org-website:.github/workflows/team-digest.md,ethereum/ethereum-org-website,.github/workflows/team-digest.md,ethereum__ethereum-org-website__556ca18869fd/history.json,10,9,0,2026-07-10T17:53:21+00:00,2026-07-22T20:12:35+00:00,2026-08-04T11:27:01+00:00,24.731712962962963,12.096689814814814,12.635023148148148,0.014328703703703703,3.6398148148148146,5,1,180,33,213,89,33,122,1,7,1,0,0,10,0,0,9,0
EvergineTeam/ImGui.Net:.github/workflows/binding-updater.md,EvergineTeam/ImGui.Net,.github/workflows/binding-updater.md,EvergineTeam__ImGui.Net__ca7258af1971/history.json,2,1,0,2026-08-03T16:28:20+00:00,2026-08-03T16:41:59+00:00,2026-08-04T11:26:57+00:00,0.7907060185185185,0.009479166666666667,0.7812268518518518,0.009479166666666667,0.009479166666666667,1,1,133,1,134,1,1,2,1,0,0,0,0,1,0,0,0,0
EvergineTeam/ImGui.Net:.github/workflows/ci-doctor.md,EvergineTeam/ImGui.Net,.github/workflows/ci-doctor.md,EvergineTeam__ImGui.Net__0f3907fe78ae/history.json,2,1,0,2026-08-03T16:28:20+00:00,2026-08-03T16:41:59+00:00,2026-08-04T11:26:57+00:00,0.7907060185185185,0.009479166666666667,0.7812268518518518,0.009479166666666667,0.009479166666666667,1,1,123,1,124,1,1,2,1,0,0,0,0,1,0,0,0,0
EvergineTeam/Meshoptimizer.NET:.github/workflows/binding-updater.md,EvergineTeam/Meshoptimizer.NET,.github/workflows/binding-updater.md,EvergineTeam__Meshoptimizer.NET__e28298f78477/history.json,2,1,0,2026-08-03T09:13:10+00:00,2026-08-03T16:41:56+00:00,2026-08-04T11:26:58+00:00,1.0929166666666668,0.3116435185185185,0.7812731481481482,0.3116435185185185,0.3116435185185185,1,1,133,1,134,1,1,2,1,0,0,0,0,1,0,0,0,0
EvergineTeam/Meshoptimizer.NET:.github/workflows/ci-doctor.md,EvergineTeam/Meshoptimizer.NET,.github/workflows/ci-doctor.md,EvergineTeam__Meshoptimizer.NET__02d0b67b64f0/history.json,2,1,0,2026-08-03T09:13:10+00:00,2026-08-03T16:41:56+00:00,2026-08-04T11:26:59+00:00,1.0929282407407408,0.3116435185185185,0.7812847222222222,0.3116435185185185,0.3116435185185185,1,1,123,1,124,1,1,2,1,0,0,0,0,1,0,0,0,0
EvergineTeam/OpenGL.NET:.github/workflows/binding-updater.md,EvergineTeam/OpenGL.NET,.github/workflows/binding-updater.md,EvergineTeam__OpenGL.NET__4ca37b441fcd/history.json,5,4,0,2026-08-02T13:30:01+00:00,2026-08-03T16:41:38+00:00,2026-08-04T11:27:00+00:00,1.9145717592592593,1.1330671296296295,0.7815046296296296,0.30087962962962966,0.26722222222222225,2,1,136,4,140,4,4,8,4,0,0,0,0,3,0,0,2,0
EvergineTeam/OpenGL.NET:.github/workflows/ci-doctor.md,EvergineTeam/OpenGL.NET,.github/workflows/ci-doctor.md,EvergineTeam__OpenGL.NET__403bb964057e/history.json,5,4,0,2026-08-02T13:30:01+00:00,2026-08-03T16:41:38+00:00,2026-08-04T11:27:00+00:00,1.9145717592592593,1.1330671296296295,0.7815046296296296,0.30087962962962966,0.26722222222222225,2,1,126,4,130,25,4,29,4,0,0,0,0,3,0,0,2,0
EvergineTeam/OpenXR.NET:.github/workflows/binding-updater.md,EvergineTeam/OpenXR.NET,.github/workflows/binding-updater.md,EvergineTeam__OpenXR.NET__7309c717c8ef/history.json,6,5,0,2026-08-02T10:21:32+00:00,2026-08-03T16:41:35+00:00,2026-08-04T11:27:02+00:00,2.045486111111111,1.2639236111111112,0.7815625,0.3346527777777778,0.03221064814814815,2,1,137,5,142,5,5,10,5,0,0,0,0,4,0,0,3,0
EvergineTeam/RenderDoc.NET:.github/workflows/binding-updater.md,EvergineTeam/RenderDoc.NET,.github/workflows/binding-updater.md,EvergineTeam__RenderDoc.NET__a1fefdaf61ff/history.json,5,4,0,2026-08-02T18:01:56+00:00,2026-08-03T16:41:53+00:00,2026-08-04T11:27:02+00:00,1.7257638888888889,0.9444097222222222,0.7813541666666667,0.2065625,0.07844907407407407,2,1,136,4,140,4,4,8,4,0,0,0,0,3,0,0,2,0
EvergineTeam/RenderDoc.NET:.github/workflows/ci-doctor.md,EvergineTeam/RenderDoc.NET,.github/workflows/ci-doctor.md,EvergineTeam__RenderDoc.NET__ec28d2542086/history.json,5,4,0,2026-08-02T18:01:56+00:00,2026-08-03T16:41:53+00:00,2026-08-04T11:27:02+00:00,1.7257638888888889,0.9444097222222222,0.7813541666666667,0.2065625,0.07844907407407407,2,1,126,4,130,25,4,29,4,0,0,0,0,3,0,0,2,0
EvergineTeam/Vulkan.NET:.github/workflows/binding-updater.md,EvergineTeam/Vulkan.NET,.github/workflows/binding-updater.md,EvergineTeam__Vulkan.NET__64ee38d1ce6f/history.json,8,7,0,2026-08-01T23:08:42+00:00,2026-08-03T16:41:32+00:00,2026-08-04T11:27:03+00:00,2.5127430555555557,1.7311342592592593,0.7816087962962963,0.3346527777777778,0.002928240740740741,3,1,146,14,160,43,14,57,6,0,1,0,0,6,0,0,5,0
EvergineTeam/Vulkan.NET:.github/workflows/ci-doctor.md,EvergineTeam/Vulkan.NET,.github/workflows/ci-doctor.md,EvergineTeam__Vulkan.NET__a2907f9047a8/history.json,8,7,0,2026-08-01T23:08:42+00:00,2026-08-03T16:41:32+00:00,2026-08-04T11:27:04+00:00,2.5127546296296295,1.7311342592592593,0.7816203703703704,0.3346527777777778,0.002928240740740741,3,1,130,8,138,29,8,37,7,0,0,0,0,6,0,0,5,0
executeautomation/ExecuteAutomationWebApp:.github/workflows/daily-repo-status.md,executeautomation/ExecuteAutomationWebApp,.github/workflows/daily-repo-status.md,executeautomation__ExecuteAutomationWebApp__31d7aab750ef/history.json,1,0,1,2026-03-03T02:01:05+00:00,2026-03-03T02:01:05+00:00,2026-08-04T11:27:01+00:00,154.39300925925926,0.0,154.39300925925926,,,1,1,57,0,57,0,0,0,0,0,0,0,0,1,0,0,0,0
f/prompts.chat:.github/workflows/spam-check.md,f/prompts.chat,.github/workflows/spam-check.md,f__prompts.chat__66caa70b3e3a/history.json,1,0,1,2026-02-18T17:29:04+00:00,2026-02-18T17:29:04+00:00,2026-08-04T11:27:02+00:00,166.74858796296297,0.0,166.74858796296297,,,1,1,167,0,167,0,0,0,0,0,0,0,0,0,1,0,0,0
f/wvw.dev:.github/workflows/curate-featured.md,f/wvw.dev,.github/workflows/curate-featured.md,f__wvw.dev__e92f5851770d/history.json,5,4,0,2026-03-13T21:00:07+00:00,2026-03-26T10:57:51+00:00,2026-08-04T11:27:04+00:00,143.60204861111112,12.58175925925926,131.02028935185186,0.6907060185185184,0.0031018518518518517,3,1,7,9,16,7,9,16,0,3,1,0,0,4,1,0,3,1
fable-compiler/Fable.Python:.github/workflows/repo-assist.md,fable-compiler/Fable.Python,.github/workflows/repo-assist.md,fable-compiler__Fable.Python__275d7f9e6ed0/history.json,2,1,0,2026-04-16T01:12:27+00:00,2026-05-09T11:16:40+00:00,2026-08-04T11:27:03+00:00,110.42680555555556,23.419594907407408,87.00721064814815,23.419594907407408,23.419594907407408,2,2,425,1,426,1,1,2,1,0,0,0,0,0,2,0,0,1
FalkorDB/FalkorDB:.github/workflows/flaky-test-rca.md,FalkorDB/FalkorDB,.github/workflows/flaky-test-rca.md,FalkorDB__FalkorDB__821ce55bb3b3/history.json,1,0,1,2026-08-02T18:12:11+00:00,2026-08-02T18:12:11+00:00,2026-08-04T11:27:04+00:00,1.7186689814814815,0.0,1.7186689814814815,,,1,1,289,0,289,0,0,0,0,0,0,0,0,1,0,0,0,0
fedixyz/fedi:.github/workflows/daily-e2e-coverage-check.md,fedixyz/fedi,.github/workflows/daily-e2e-coverage-check.md,fedixyz__fedi__b81a0a36c857/history.json,17,16,0,2026-06-01T10:41:35+00:00,2026-07-24T21:21:39+00:00,2026-08-04T11:27:09+00:00,64.03164351851852,53.44449074074074,10.587152777777778,1.1632175925925927,3.9016782407407407,10,2,469,144,613,266,144,410,1,14,1,0,0,17,0,0,16,0
fedixyz/fedi:.github/workflows/weekly-doc-updater.md,fedixyz/fedi,.github/workflows/weekly-doc-updater.md,fedixyz__fedi__e1fc4dd4311f/history.json,5,4,0,2026-06-01T10:41:35+00:00,2026-07-27T08:08:41+00:00,2026-08-04T11:27:05+00:00,64.03159722222222,55.893819444444446,8.137777777777778,7.479577546296296,8.413761574074075,4,2,234,6,240,26,6,32,2,1,1,0,0,5,0,0,4,0
fideus-labs/ngff-zarr:.github/workflows/daily-repo-status.md,fideus-labs/ngff-zarr,.github/workflows/daily-repo-status.md,fideus-labs__ngff-zarr__c017daf1ee8e/history.json,6,5,0,2026-02-17T21:05:33+00:00,2026-06-25T17:54:15+00:00,2026-08-04T11:27:06+00:00,167.59829861111112,127.86715277777778,39.731145833333336,8.188738425925926,5.941886574074074,6,3,74,5,79,19,5,24,3,1,1,0,0,2,4,0,1,4
foxminchan/BookWorm:.github/workflows/daily-repo-status.md,foxminchan/BookWorm,.github/workflows/daily-repo-status.md,foxminchan__BookWorm__8ce867dae5e7/history.json,6,5,0,2026-02-18T00:16:01+00:00,2026-05-06T10:19:00+00:00,2026-08-04T11:27:06+00:00,167.4660300925926,77.41873842592592,90.04729166666667,1.3689699074074073,1.3689699074074073,5,3,249,27,276,45,27,72,1,1,3,0,0,5,1,0,5,0
foxminchan/BookWorm:.github/workflows/issue-triage.md,foxminchan/BookWorm,.github/workflows/issue-triage.md,foxminchan__BookWorm__324554102e83/history.json,7,6,0,2026-02-13T07:42:07+00:00,2026-06-19T04:42:34+00:00,2026-08-04T11:27:07+00:00,172.15625,125.8753125,46.2809375,19.112916666666667,43.41020833333334,6,5,151,50,201,40,50,90,3,0,3,0,0,6,1,0,6,0
foxminchan/BookWorm:.github/workflows/pr-triage.md,foxminchan/BookWorm,.github/workflows/pr-triage.md,foxminchan__BookWorm__ed8e99ec78c0/history.json,9,8,0,2026-02-13T12:13:47+00:00,2026-06-26T07:34:36+00:00,2026-08-04T11:27:08+00:00,171.96760416666666,132.8061226851852,39.16148148148148,14.50625,28.988310185185185,8,5,218,66,284,57,66,123,3,2,3,0,0,7,2,0,7,1
fqfqgo/clash-verge-rev:.github/workflows/pr-ai-slop-review.md,fqfqgo/clash-verge-rev,.github/workflows/pr-ai-slop-review.md,fqfqgo__clash-verge-rev__10d18ebb77a2/history.json,14,13,0,2026-03-17T18:30:45+00:00,2026-06-19T16:23:48+00:00,2026-08-04T11:27:10+00:00,139.7058449074074,93.91184027777778,45.79400462962963,5.909189814814815,5.909189814814815,12,4,221,22,243,98,22,120,7,5,1,0,0,13,1,0,12,1
frankbria/ralph-claude-code:.github/workflows/triage-incoming-issues.md,frankbria/ralph-claude-code,.github/workflows/triage-incoming-issues.md,frankbria__ralph-claude-code__6cd8317fd10e/history.json,6,5,0,2026-02-19T18:06:08+00:00,2026-06-08T01:44:36+00:00,2026-08-04T11:27:06+00:00,165.72289351851853,108.31837962962963,57.404513888888886,0.008611111111111111,0.0043055555555555555,3,2,52,10,62,25,10,35,4,0,1,0,0,6,0,0,5,0
getindata/kedro-vertexai:.github/workflows/dependabot-fix.md,getindata/kedro-vertexai,.github/workflows/dependabot-fix.md,getindata__kedro-vertexai__55d63152b422/history.json,1,0,1,2026-03-19T11:59:13+00:00,2026-03-19T11:59:13+00:00,2026-08-04T11:27:05+00:00,137.97768518518518,0.0,137.97768518518518,,,1,1,145,0,145,0,0,0,0,0,0,0,0,1,0,0,0,0
getindata/kedro-vertexai:.github/workflows/dependabot-review.md,getindata/kedro-vertexai,.github/workflows/dependabot-review.md,getindata__kedro-vertexai__0f862339d64c/history.json,1,0,1,2026-03-25T12:49:11+00:00,2026-03-25T12:49:11+00:00,2026-08-04T11:27:05+00:00,131.9429861111111,0.0,131.9429861111111,,,1,1,114,0,114,0,0,0,0,0,0,0,0,1,0,0,0,0
github-dev-club/GitHub-copilot-dev-days-canada:.github/workflows/auto-label-triage.md,github-dev-club/GitHub-copilot-dev-days-canada,.github/workflows/auto-label-triage.md,github-dev-club__GitHub-copilot-dev-days-canada__313409e671f4/history.json,1,0,1,2026-02-15T17:23:17+00:00,2026-02-15T17:23:17+00:00,2026-08-04T11:27:05+00:00,169.7526388888889,0.0,169.7526388888889,,,1,1,94,0,94,0,0,0,0,0,0,0,0,1,0,0,0,0
github-dev-club/GitHub-copilot-dev-days-canada:.github/workflows/validate-proposal.md,github-dev-club/GitHub-copilot-dev-days-canada,.github/workflows/validate-proposal.md,github-dev-club__GitHub-copilot-dev-days-canada__bfd3bd5b0d9c/history.json,1,0,1,2026-02-15T17:23:17+00:00,2026-02-15T17:23:17+00:00,2026-08-04T11:27:05+00:00,169.7526388888889,0.0,169.7526388888889,,,1,1,85,0,85,0,0,0,0,0,0,0,0,1,0,0,0,0
github-samples/copilot-workshops:.github/workflows/content-alignment.md,github-samples/copilot-workshops,.github/workflows/content-alignment.md,github-samples__copilot-workshops__70a7406385e8/history.json,3,2,0,2026-06-30T20:11:28+00:00,2026-07-15T17:39:28+00:00,2026-08-04T11:27:07+00:00,34.635868055555555,14.894444444444444,19.74142361111111,7.447222222222222,14.871238425925926,2,2,81,7,88,7,7,14,0,0,2,0,0,3,0,0,2,0
github/awesome-copilot:.github/workflows/cli-for-beginners-sync.md,github/awesome-copilot,.github/workflows/cli-for-beginners-sync.md,github__awesome-copilot__170f084b57c2/history.json,5,4,0,2026-03-25T22:03:21+00:00,2026-07-03T00:08:42+00:00,2026-08-04T11:27:08+00:00,131.55818287037036,99.08704861111111,32.47113425925926,23.07151041666667,14.096724537037037,5,5,143,4,147,8,4,12,1,1,2,0,0,4,1,0,3,1
github/awesome-copilot:.github/workflows/codeowner-update.md,github/awesome-copilot,.github/workflows/codeowner-update.md,github__awesome-copilot__15f5d44c5aeb/history.json,7,6,0,2026-03-03T23:22:10+00:00,2026-07-03T00:08:42+00:00,2026-08-04T11:27:09+00:00,153.50346064814815,121.03231481481481,32.47114583333333,3.951603009259259,0.08944444444444444,5,4,99,5,104,6,5,11,5,0,1,0,0,6,1,0,5,1
github/awesome-copilot:.github/workflows/copilot-workshops-sync.md,github/awesome-copilot,.github/workflows/copilot-workshops-sync.md,github__awesome-copilot__432f7e129974/history.json,2,1,0,2026-07-17T00:06:29+00:00,2026-08-04T05:55:03+00:00,2026-08-04T11:27:08+00:00,18.472673611111112,18.242060185185185,0.23061342592592593,18.242060185185185,18.242060185185185,2,2,237,5,242,12,5,17,0,1,0,0,0,2,0,0,1,0
github/awesome-copilot:.github/workflows/duplicate-resource-detector.md,github/awesome-copilot,.github/workflows/duplicate-resource-detector.md,github__awesome-copilot__ea49e9cb2d95/history.json,3,2,0,2026-02-19T04:55:32+00:00,2026-07-03T00:08:42+00:00,2026-08-04T11:27:07+00:00,166.27193287037036,133.80081018518518,32.471122685185186,66.90040509259259,7.767141203703703,3,2,135,8,143,8,8,16,1,0,1,0,0,2,1,0,1,1
github/awesome-copilot:.github/workflows/learning-hub-updater.md,github/awesome-copilot,.github/workflows/learning-hub-updater.md,github__awesome-copilot__f0e17009b723/history.json,6,5,0,2026-03-17T03:18:58+00:00,2026-07-03T00:08:42+00:00,2026-08-04T11:27:09+00:00,140.3390162037037,107.86787037037037,32.47114583333333,7.813761574074074,2.0600578703703705,6,3,100,11,111,16,11,27,2,1,2,0,0,5,1,0,4,1
github/awesome-copilot:.github/workflows/pr-duplicate-check.md,github/awesome-copilot,.github/workflows/pr-duplicate-check.md,github__awesome-copilot__418a614c0315/history.json,5,4,0,2026-03-12T22:42:56+00:00,2026-07-08T01:23:01+00:00,2026-08-04T11:27:09+00:00,144.53070601851852,117.11116898148148,27.41953703703704,7.589675925925926,0.11307870370370371,5,2,126,4,130,7,4,11,4,0,0,0,0,3,2,0,3,1
github/awesome-copilot:.github/workflows/resource-staleness-report.md,github/awesome-copilot,.github/workflows/resource-staleness-report.md,github__awesome-copilot__e63137020c45/history.json,3,2,0,2026-02-18T23:19:17+00:00,2026-07-03T00:08:42+00:00,2026-08-04T11:27:08+00:00,166.5054513888889,134.03431712962964,32.47113425925926,67.01715856481482,85.30152777777778,3,3,141,0,141,38,0,38,1,1,0,0,0,2,1,0,1,1
github/copilot-cli-for-beginners:.github/workflows/course-updater.md,github/copilot-cli-for-beginners,.github/workflows/course-updater.md,github__copilot-cli-for-beginners__1ffe8fb3f0cd/history.json,6,5,0,2026-03-28T19:16:20+00:00,2026-04-22T03:59:18+00:00,2026-08-04T11:27:09+00:00,128.67417824074073,24.363171296296297,104.31100694444444,3.028460648148148,3.028460648148148,5,2,83,13,96,17,13,30,0,3,2,0,0,6,0,0,5,0
github/copilot-cli-for-beginners:.github/workflows/traffic-updater.md,github/copilot-cli-for-beginners,.github/workflows/traffic-updater.md,github__copilot-cli-for-beginners__878bfef788b7/history.json,7,6,0,2026-03-31T20:12:23+00:00,2026-03-31T22:06:14+00:00,2026-08-04T11:27:10+00:00,125.63526620370371,0.0790625,125.5562037037037,0.009496527777777777,0.03471064814814815,1,1,98,12,110,21,12,33,5,0,1,0,0,7,0,0,6,0
github/copilot-cli-for-beginners:.github/workflows/translation-polisher.md,github/copilot-cli-for-beginners,.github/workflows/translation-polisher.md,github__copilot-cli-for-beginners__528c4f069adf/history.json,12,11,0,2026-05-21T05:33:07+00:00,2026-06-29T21:02:46+00:00,2026-08-04T11:27:12+00:00,75.2458912037037,39.64559027777778,35.60030092592593,0.0581712962962963,0.0581712962962963,4,2,362,92,454,194,92,286,0,7,4,0,0,12,0,0,11,0
github/copilot-sdk:.github/workflows/cross-repo-issue-analysis.md,github/copilot-sdk,.github/workflows/cross-repo-issue-analysis.md,github__copilot-sdk__a4f8c1edb3d4/history.json,11,10,0,2026-03-05T00:34:33+00:00,2026-07-16T17:34:05+00:00,2026-08-04T11:27:14+00:00,152.45325231481482,133.70800925925926,18.745243055555555,0.006388888888888889,0.004155092592592592,4,3,153,37,190,39,37,76,3,1,6,0,0,11,0,0,10,0
github/copilot-sdk:.github/workflows/handle-bug.md,github/copilot-sdk,.github/workflows/handle-bug.md,github__copilot-sdk__52cbda92c21b/history.json,3,2,0,2026-04-02T17:49:33+00:00,2026-07-16T17:34:05+00:00,2026-08-04T11:27:10+00:00,123.73445601851851,104.98925925925926,18.745196759259258,52.49462962962963,0.3233564814814815,3,2,65,0,65,2,0,2,2,0,0,0,0,3,0,0,2,0
github/copilot-sdk:.github/workflows/handle-documentation.md,github/copilot-sdk,.github/workflows/handle-documentation.md,github__copilot-sdk__c0ef6c5c0a62/history.json,3,2,0,2026-04-02T17:49:33+00:00,2026-07-16T17:34:05+00:00,2026-08-04T11:27:10+00:00,123.73445601851851,104.98925925925926,18.745196759259258,52.49462962962963,0.3233564814814815,3,2,47,0,47,2,0,2,2,0,0,0,0,3,0,0,2,0
github/copilot-sdk:.github/workflows/handle-enhancement.md,github/copilot-sdk,.github/workflows/handle-enhancement.md,github__copilot-sdk__651d5a4ee90a/history.json,3,2,0,2026-04-02T17:49:33+00:00,2026-07-16T17:34:05+00:00,2026-08-04T11:27:10+00:00,123.73445601851851,104.98925925925926,18.745196759259258,52.49462962962963,0.3233564814814815,3,2,37,0,37,2,0,2,2,0,0,0,0,3,0,0,2,0
github/copilot-sdk:.github/workflows/handle-question.md,github/copilot-sdk,.github/workflows/handle-question.md,github__copilot-sdk__214011cf89cb/history.json,3,2,0,2026-04-02T17:49:33+00:00,2026-07-16T17:34:05+00:00,2026-08-04T11:27:11+00:00,123.7344675925926,104.98925925925926,18.745208333333334,52.49462962962963,0.3233564814814815,3,2,37,0,37,2,0,2,2,0,0,0,0,3,0,0,2,0
github/copilot-sdk:.github/workflows/issue-classification.md,github/copilot-sdk,.github/workflows/issue-classification.md,github__copilot-sdk__dee4c54efc5a/history.json,2,1,0,2026-04-02T17:49:33+00:00,2026-07-16T17:34:05+00:00,2026-08-04T11:27:10+00:00,123.73445601851851,104.98925925925926,18.745196759259258,104.98925925925926,104.98925925925926,2,2,126,0,126,1,0,1,1,0,0,0,0,2,0,0,1,0
github/copilot-sdk:.github/workflows/issue-triage.md,github/copilot-sdk,.github/workflows/issue-triage.md,github__copilot-sdk__b74cdb942b9a/history.json,7,6,0,2026-01-14T22:01:55+00:00,2026-07-28T11:12:00+00:00,2026-08-04T11:27:12+00:00,201.55922453703704,194.54866898148148,7.010555555555555,26.73677083333333,0.07953703703703703,6,4,109,5,114,14,5,19,5,0,1,0,0,4,3,0,3,3
github/copilot-sdk:.github/workflows/java-codegen-fix.md,github/copilot-sdk,.github/workflows/java-codegen-fix.md,github__copilot-sdk__c1da56f066e4/history.json,3,2,0,2026-05-21T17:29:30+00:00,2026-07-16T17:34:05+00:00,2026-08-04T11:27:13+00:00,74.74841435185185,56.003182870370374,18.745231481481483,28.001591435185187,5.2796875,3,2,250,3,253,5,3,8,0,1,1,0,0,3,0,0,2,0
github/copilot-sdk:.github/workflows/release-changelog.md,github/copilot-sdk,.github/workflows/release-changelog.md,github__copilot-sdk__b8e5235397f8/history.json,7,6,0,2026-03-03T16:32:51+00:00,2026-07-16T17:34:05+00:00,2026-08-04T11:27:13+00:00,153.78775462962963,135.04252314814815,18.745231481481483,22.440179398148146,0.032685185185185185,5,4,212,27,239,64,27,91,1,3,2,0,0,7,0,0,6,0
github/copilot-sdk:.github/workflows/sdk-consistency-review.md,github/copilot-sdk,.github/workflows/sdk-consistency-review.md,github__copilot-sdk__43f0f2b2e10e/history.json,6,5,0,2026-01-23T11:14:12+00:00,2026-07-22T22:21:05+00:00,2026-08-04T11:27:13+00:00,193.00903935185184,180.46311342592594,12.545925925925927,40.88855324074074,68.95108796296296,6,4,140,8,148,27,8,35,3,1,1,0,0,4,2,0,4,1
github/gh-aw-actions:.github/workflows/daily-runtime-threat-scan.md,github/gh-aw-actions,.github/workflows/daily-runtime-threat-scan.md,github__gh-aw-actions__6ce3645f9aab/history.json,2,1,0,2026-05-13T01:23:54+00:00,2026-06-12T22:18:56+00:00,2026-08-04T11:47:53+00:00,83.43332175925926,30.871550925925927,52.561770833333334,30.871550925925927,30.871550925925927,2,2,139,2,141,1,2,3,1,0,0,0,0,0,2,0,0,1
github/gh-aw-firewall:.github/workflows/auth-doctor-updater.md,github/gh-aw-firewall,.github/workflows/auth-doctor-updater.md,github__gh-aw-firewall__b0e9423f3482/history.json,1,0,1,2026-08-03T22:27:44+00:00,2026-08-03T22:27:44+00:00,2026-08-04T11:47:54+00:00,0.5556712962962963,0.0,0.5556712962962963,,,1,1,213,0,213,0,0,0,0,0,0,0,0,1,0,0,0,0
github/gh-aw-firewall:.github/workflows/build-test-network-isolation.md,github/gh-aw-firewall,.github/workflows/build-test-network-isolation.md,github__gh-aw-firewall__e2a9feda3ba4/history.json,3,2,0,2026-06-25T00:10:01+00:00,2026-07-23T23:02:50+00:00,2026-08-04T11:47:55+00:00,40.484652777777775,28.95334490740741,11.53130787037037,14.476672453703705,28.746631944444445,2,2,267,5,272,3,5,8,1,0,1,0,0,3,0,0,2,0
github/gh-aw-firewall:.github/workflows/build-test.md,github/gh-aw-firewall,.github/workflows/build-test.md,github__gh-aw-firewall__7b33c0b86465/history.json,13,12,0,2026-03-11T00:44:57+00:00,2026-07-23T23:02:50+00:00,2026-08-04T11:48:01+00:00,146.46046296296296,134.92908564814815,11.531377314814815,6.646284722222222,26.142233796296296,12,5,283,20,303,25,20,45,10,2,0,0,0,10,3,0,10,2
github/gh-aw-firewall:.github/workflows/ci-cd-gaps-assessment.md,github/gh-aw-firewall,.github/workflows/ci-cd-gaps-assessment.md,github__gh-aw-firewall__5cf53d3376a3/history.json,13,12,0,2025-12-19T23:36:53+00:00,2026-07-23T23:02:50+00:00,2026-08-04T11:48:03+00:00,227.50775462962963,215.97635416666665,11.531400462962964,7.465225694444444,52.91013888888889,13,6,190,59,249,99,59,158,11,0,1,0,0,8,5,0,8,4
github/gh-aw-firewall:.github/workflows/ci-doctor.md,github/gh-aw-firewall,.github/workflows/ci-doctor.md,github__gh-aw-firewall__69bfe441f489/history.json,10,9,0,2026-01-18T22:51:01+00:00,2026-07-24T15:43:30+00:00,2026-08-04T11:48:00+00:00,197.53957175925925,186.70311342592592,10.836458333333333,7.804027777777778,3.8973032407407406,10,5,122,7,129,15,7,22,8,0,1,0,0,6,4,0,6,3
github/gh-aw-firewall:.github/workflows/claude-token-optimizer.md,github/gh-aw-firewall,.github/workflows/claude-token-optimizer.md,github__gh-aw-firewall__48a0f4130007/history.json,16,15,0,2026-04-02T19:35:51+00:00,2026-07-24T15:43:30+00:00,2026-08-04T11:48:06+00:00,123.6751736111111,112.83864583333333,10.836527777777778,2.92056712962963,7.955185185185186,16,3,454,124,578,196,124,320,11,0,4,0,0,11,5,0,10,5
github/gh-aw-firewall:.github/workflows/claude-token-usage-analyzer.md,github/gh-aw-firewall,.github/workflows/claude-token-usage-analyzer.md,github__gh-aw-firewall__6de436c811e7/history.json,11,10,0,2026-04-02T17:17:29+00:00,2026-07-24T15:43:30+00:00,2026-08-04T11:48:05+00:00,123.77125,112.9347337962963,10.836516203703704,6.8210648148148145,0.15628472222222223,10,3,366,121,487,132,121,253,9,0,1,0,0,10,1,0,9,1
github/gh-aw-firewall:.github/workflows/cli-flag-consistency-checker.md,github/gh-aw-firewall,.github/workflows/cli-flag-consistency-checker.md,github__gh-aw-firewall__baf639d1e2c6/history.json,9,8,0,2026-02-04T20:14:26+00:00,2026-07-24T15:43:30+00:00,2026-08-04T11:48:06+00:00,180.64837962962963,169.81185185185186,10.836527777777778,7.465225694444444,5.423275462962963,9,4,174,5,179,11,5,16,8,0,0,0,0,6,3,0,6,2
github/gh-aw-firewall:.github/workflows/config-consistency-auditor.md,github/gh-aw-firewall,.github/workflows/config-consistency-auditor.md,github__gh-aw-firewall__f0d404a8f85e/history.json,3,2,0,2026-05-30T15:39:27+00:00,2026-07-23T23:02:50+00:00,2026-08-04T11:48:03+00:00,65.83930555555555,54.30790509259259,11.531400462962964,27.153952546296296,40.89108796296296,3,2,256,55,311,63,55,118,1,0,1,0,0,2,1,0,1,1
github/gh-aw-firewall:.github/workflows/contribution-check.md,github/gh-aw-firewall,.github/workflows/contribution-check.md,github__gh-aw-firewall__e7a73bdfb147/history.json,13,12,0,2026-06-08T17:55:42+00:00,2026-08-03T15:49:42+00:00,2026-08-04T11:48:08+00:00,56.74474537037037,55.9125,0.8322453703703704,2.3222858796296295,0.3302777777777778,13,3,221,78,299,79,78,157,9,0,3,0,0,8,5,0,8,4
github/gh-aw-firewall:.github/workflows/copilot-token-optimizer.md,github/gh-aw-firewall,.github/workflows/copilot-token-optimizer.md,github__gh-aw-firewall__6103ebd0e941/history.json,12,11,0,2026-04-02T19:35:51+00:00,2026-07-24T15:43:30+00:00,2026-08-04T11:48:08+00:00,123.67519675925926,112.83864583333333,10.836550925925925,7.220173611111111,7.955185185185186,12,4,361,65,426,124,65,189,7,1,3,0,0,9,3,0,8,3
github/gh-aw-firewall:.github/workflows/copilot-token-usage-analyzer.md,github/gh-aw-firewall,.github/workflows/copilot-token-usage-analyzer.md,github__gh-aw-firewall__72be31e74430/history.json,13,12,0,2026-04-02T00:58:17+00:00,2026-07-23T23:02:50+00:00,2026-08-04T11:48:09+00:00,124.45129629629629,112.9198263888889,11.531469907407407,6.977737268518519,0.8362847222222223,12,4,160,134,294,139,123,262,10,1,1,0,0,10,3,0,9,3
github/gh-aw-firewall:.github/workflows/dependency-security-monitor.md,github/gh-aw-firewall,.github/workflows/dependency-security-monitor.md,github__gh-aw-firewall__362836c2c22a/history.json,12,11,0,2026-01-18T21:20:37+00:00,2026-07-24T15:43:30+00:00,2026-08-04T11:48:10+00:00,197.60246527777778,186.76589120370372,10.836574074074074,7.804027777777778,22.377314814814813,12,6,276,7,283,24,7,31,10,1,0,0,0,8,4,0,8,3
github/gh-aw-firewall:.github/workflows/doc-maintainer.md,github/gh-aw-firewall,.github/workflows/doc-maintainer.md,github__gh-aw-firewall__8736a2135e0f/history.json,27,26,0,2026-01-18T22:50:49+00:00,2026-07-20T20:20:10+00:00,2026-08-04T11:48:15+00:00,197.53988425925925,182.89538194444444,14.644502314814815,3.1760300925925926,22.314675925925926,25,6,469,253,722,336,253,589,16,0,10,0,0,12,15,0,12,14
github/gh-aw-firewall:.github/workflows/duplicate-code-detector.md,github/gh-aw-firewall,.github/workflows/duplicate-code-detector.md,github__gh-aw-firewall__c9e1e95e2460/history.json,13,12,0,2026-05-03T03:48:21+00:00,2026-07-23T23:02:50+00:00,2026-08-04T11:48:12+00:00,93.33322916666667,81.80172453703703,11.53150462962963,3.045775462962963,2.5876157407407407,12,3,324,123,447,101,123,224,7,2,3,0,0,5,8,0,5,7
github/gh-aw-firewall:.github/workflows/export-audit.md,github/gh-aw-firewall,.github/workflows/export-audit.md,github__gh-aw-firewall__711abf8370af/history.json,15,14,0,2026-05-03T03:48:21+00:00,2026-07-23T23:02:50+00:00,2026-08-04T11:48:12+00:00,93.33322916666667,81.80172453703703,11.53150462962963,3.045775462962963,2.5876157407407407,15,3,613,527,1140,337,527,864,6,3,5,0,0,5,10,0,5,9
github/gh-aw-firewall:.github/workflows/firewall-issue-dispatcher.md,github/gh-aw-firewall,.github/workflows/firewall-issue-dispatcher.md,github__gh-aw-firewall__603a2721b6eb/history.json,17,16,0,2026-03-26T23:11:33+00:00,2026-07-27T18:47:10+00:00,2026-08-04T11:48:15+00:00,130.52548611111112,122.81640046296296,7.7090856481481485,3.0223032407407406,13.979340277777778,13,5,135,105,240,132,102,234,10,4,2,0,0,10,7,0,10,6
github/gh-aw-firewall:.github/workflows/issue-duplication-detector.md,github/gh-aw-firewall,.github/workflows/issue-duplication-detector.md,github__gh-aw-firewall__7b4b8cafc298/history.json,10,9,0,2026-01-17T20:32:35+00:00,2026-07-24T15:43:30+00:00,2026-08-04T11:48:12+00:00,198.6358449074074,187.79924768518518,10.836597222222222,7.804027777777778,83.21366898148148,9,4,115,13,128,25,13,38,7,1,1,0,0,8,2,0,8,1
github/gh-aw-firewall:.github/workflows/issue-monster.md,github/gh-aw-firewall,.github/workflows/issue-monster.md,github__gh-aw-firewall__cf61b3800b07/history.json,12,11,0,2026-01-17T20:10:31+00:00,2026-07-23T23:02:50+00:00,2026-08-04T11:48:13+00:00,198.65118055555556,187.11966435185184,11.531516203703704,7.24869212962963,0.2511574074074074,11,5,446,12,458,21,12,33,11,0,0,0,0,7,5,0,7,4
github/gh-aw-firewall:.github/workflows/model-api-mapping-updater.md,github/gh-aw-firewall,.github/workflows/model-api-mapping-updater.md,github__gh-aw-firewall__2c0262576515/history.json,3,2,0,2026-06-30T04:21:39+00:00,2026-07-24T15:43:30+00:00,2026-08-04T11:48:11+00:00,35.31009259259259,24.473506944444445,10.836585648148148,12.236753472222222,0.030833333333333334,2,2,66,0,66,5,0,5,2,0,0,0,0,3,0,0,2,0
github/gh-aw-firewall:.github/workflows/network-isolation-test.md,github/gh-aw-firewall,.github/workflows/network-isolation-test.md,github__gh-aw-firewall__4e7ce427969e/history.json,5,4,0,2026-06-24T16:07:11+00:00,2026-07-23T23:02:50+00:00,2026-08-04T11:48:11+00:00,40.82013888888889,29.288645833333334,11.531493055555556,1.620775462962963,0.3353009259259259,4,2,69,10,79,10,10,20,3,0,1,0,0,5,0,0,4,0
github/gh-aw-firewall:.github/workflows/pelis-agent-factory-advisor.md,github/gh-aw-firewall,.github/workflows/pelis-agent-factory-advisor.md,github__gh-aw-firewall__2beda6b40e45/history.json,19,18,0,2026-01-17T20:20:15+00:00,2026-07-23T23:02:50+00:00,2026-08-04T11:48:18+00:00,198.64447916666666,187.1129050925926,11.531574074074074,6.827523148148148,0.021886574074074076,16,6,447,287,734,190,287,477,13,1,4,0,0,8,11,0,8,10
github/gh-aw-firewall:.github/workflows/plan.md,github/gh-aw-firewall,.github/workflows/plan.md,github__gh-aw-firewall__566289b0d7ab/history.json,10,9,0,2026-01-17T09:34:17+00:00,2026-07-23T23:02:50+00:00,2026-08-04T11:48:15+00:00,199.0930324074074,187.56149305555556,11.531539351851851,16.117893518518517,17.40804398148148,10,5,214,8,222,11,8,19,8,1,0,0,0,6,4,0,6,3
github/gh-aw-firewall:.github/workflows/red-team-benchmark.md,github/gh-aw-firewall,.github/workflows/red-team-benchmark.md,github__gh-aw-firewall__8f56b102667d/history.json,7,6,0,2026-06-01T18:46:26+00:00,2026-07-20T20:20:10+00:00,2026-08-04T11:48:14+00:00,63.709583333333335,49.06509259259259,14.644490740740741,0.1451736111111111,0.03222222222222222,4,2,362,56,418,90,56,146,5,0,1,0,0,4,3,0,4,2
github/gh-aw-firewall:.github/workflows/refactoring-scanner.md,github/gh-aw-firewall,.github/workflows/refactoring-scanner.md,github__gh-aw-firewall__1c57e76915bf/history.json,7,6,0,2026-05-03T03:48:21+00:00,2026-07-29T15:40:41+00:00,2026-08-04T11:48:15+00:00,93.3332638888889,87.49467592592593,5.838587962962963,11.032337962962963,2.5876157407407407,7,3,279,23,302,16,23,39,3,2,1,0,0,4,3,0,4,2
github/gh-aw-firewall:.github/workflows/sbx-gvisor-doc-updater.md,github/gh-aw-firewall,.github/workflows/sbx-gvisor-doc-updater.md,github__gh-aw-firewall__313d217efb1f/history.json,1,0,1,2026-07-17T22:56:54+00:00,2026-07-17T22:56:54+00:00,2026-08-04T11:48:12+00:00,17.535625,0.0,17.535625,,,1,1,143,0,143,0,0,0,0,0,0,0,0,1,0,0,0,0
github/gh-aw-firewall:.github/workflows/schema-sync.md,github/gh-aw-firewall,.github/workflows/schema-sync.md,github__gh-aw-firewall__fd9ca9720a23/history.json,2,1,0,2026-05-08T18:24:09+00:00,2026-07-23T23:02:50+00:00,2026-08-04T11:48:13+00:00,87.7250462962963,76.1935300925926,11.531516203703704,76.1935300925926,76.1935300925926,2,2,115,0,115,1,0,1,1,0,0,0,0,2,0,0,1,0
github/gh-aw-firewall:.github/workflows/secret-digger-claude.md,github/gh-aw-firewall,.github/workflows/secret-digger-claude.md,github__gh-aw-firewall__29f3be1eba66/history.json,11,10,0,2026-02-13T00:00:09+00:00,2026-06-09T01:51:18+00:00,2026-08-04T11:48:17+00:00,172.49175925925925,116.0771875,56.41457175925926,5.157893518518518,55.905972222222225,11,4,48,18,66,16,18,34,9,0,1,0,0,6,5,0,6,4
github/gh-aw-firewall:.github/workflows/secret-digger-codex.md,github/gh-aw-firewall,.github/workflows/secret-digger-codex.md,github__gh-aw-firewall__226a709753ea/history.json,7,6,0,2026-02-13T00:00:09+00:00,2026-05-25T18:59:38+00:00,2026-08-04T11:48:16+00:00,172.49174768518517,101.79130787037037,70.70043981481481,7.898315972222222,55.905972222222225,7,3,87,6,93,10,6,16,6,0,0,0,0,5,2,0,5,1
github/gh-aw-firewall:.github/workflows/secret-digger-copilot.md,github/gh-aw-firewall,.github/workflows/secret-digger-copilot.md,github__gh-aw-firewall__1fd7e1fb6d94/history.json,9,8,0,2026-02-13T00:00:09+00:00,2026-07-23T23:02:50+00:00,2026-08-04T11:48:16+00:00,172.49174768518517,160.96019675925925,11.531550925925925,7.465225694444444,55.905972222222225,9,4,37,15,52,9,15,24,7,0,1,0,0,7,2,0,7,1
github/gh-aw-firewall:.github/workflows/security-guard.md,github/gh-aw-firewall,.github/workflows/security-guard.md,github__gh-aw-firewall__e8247cfee3e9/history.json,39,38,0,2025-12-19T23:59:45+00:00,2026-08-03T15:49:42+00:00,2026-08-04T11:48:29+00:00,227.49217592592592,226.6596875,0.832488425925926,2.643431712962963,26.96059027777778,35,8,384,192,576,265,192,457,24,1,13,0,0,19,19,0,19,18
github/gh-aw-firewall:.github/workflows/security-review.md,github/gh-aw-firewall,.github/workflows/security-review.md,github__gh-aw-firewall__2e7d5b305ccf/history.json,11,10,0,2026-01-15T02:18:29+00:00,2026-07-24T15:43:30+00:00,2026-08-04T11:48:17+00:00,201.39569444444444,190.55903935185185,10.836655092592592,7.465225694444444,26.17046296296296,10,5,348,170,518,78,170,248,9,0,1,0,0,6,5,0,6,4
github/gh-aw-firewall:.github/workflows/self-hosted-runner-doctor-updater.md,github/gh-aw-firewall,.github/workflows/self-hosted-runner-doctor-updater.md,github__gh-aw-firewall__742c2723e576/history.json,4,3,0,2026-06-23T23:57:26+00:00,2026-07-29T15:40:41+00:00,2026-08-04T11:48:17+00:00,41.49364583333333,35.655034722222226,5.838611111111111,4.998043981481482,0.9933101851851852,4,2,127,4,131,11,4,15,1,1,1,0,0,3,1,0,3,0
github/gh-aw-firewall:.github/workflows/self-hosted-runner-doctor.md,github/gh-aw-firewall,.github/workflows/self-hosted-runner-doctor.md,github__gh-aw-firewall__f2970d981c74/history.json,20,19,0,2026-06-23T23:57:26+00:00,2026-08-02T21:38:03+00:00,2026-08-04T11:48:23+00:00,41.49371527777778,39.90320601851852,1.5905092592592593,1.6593287037037037,1.6593287037037037,20,3,234,18,252,94,18,112,1,18,0,0,0,3,17,0,3,16
github/gh-aw-firewall:.github/workflows/smoke-bounded-agents-gvisor.md,github/gh-aw-firewall,.github/workflows/smoke-bounded-agents-gvisor.md,github__gh-aw-firewall__5a6460ae3369/history.json,1,0,1,2026-08-03T15:49:42+00:00,2026-08-03T15:49:42+00:00,2026-08-04T11:48:16+00:00,0.8323379629629629,0.0,0.8323379629629629,,,1,1,121,0,121,0,0,0,0,0,0,0,0,1,0,0,0,0
github/gh-aw-firewall:.github/workflows/smoke-bounded-agents.md,github/gh-aw-firewall,.github/workflows/smoke-bounded-agents.md,github__gh-aw-firewall__966b7702f37f/history.json,1,0,1,2026-08-03T15:49:42+00:00,2026-08-03T15:49:42+00:00,2026-08-04T11:48:17+00:00,0.8323495370370371,0.0,0.8323495370370371,,,1,1,104,0,104,0,0,0,0,0,0,0,0,1,0,0,0,0
github/gh-aw-firewall:.github/workflows/smoke-bounded-queries-gvisor.md,github/gh-aw-firewall,.github/workflows/smoke-bounded-queries-gvisor.md,github__gh-aw-firewall__bcd7dac0f77c/history.json,2,1,0,2026-07-31T16:42:42+00:00,2026-07-31T20:37:28+00:00,2026-08-04T11:48:17+00:00,3.7955439814814813,0.1630324074074074,3.632511574074074,0.1630324074074074,0.1630324074074074,1,1,189,4,193,21,4,25,0,0,1,0,0,2,0,0,1,0
github/gh-aw-firewall:.github/workflows/smoke-bounded-queries-sbx.md,github/gh-aw-firewall,.github/workflows/smoke-bounded-queries-sbx.md,github__gh-aw-firewall__6a04a1a93a77/history.json,1,0,1,2026-07-31T16:42:42+00:00,2026-07-31T16:42:42+00:00,2026-08-04T11:48:16+00:00,3.7955324074074075,0.0,3.7955324074074075,,,1,1,134,0,134,0,0,0,0,0,0,0,0,1,0,0,0,0
github/gh-aw-firewall:.github/workflows/smoke-bounded-queries.md,github/gh-aw-firewall,.github/workflows/smoke-bounded-queries.md,github__gh-aw-firewall__f954319cc4fd/history.json,3,2,0,2026-07-30T22:23:02+00:00,2026-07-31T13:39:59+00:00,2026-08-04T11:48:18+00:00,4.559212962962963,0.6367708333333333,3.9224421296296295,0.31838541666666664,0.04864583333333333,2,1,138,1,139,15,1,16,2,0,0,0,0,3,0,0,2,0
github/gh-aw-firewall:.github/workflows/smoke-chroot.md,github/gh-aw-firewall,.github/workflows/smoke-chroot.md,github__gh-aw-firewall__d5b151e6f147/history.json,27,26,0,2026-01-30T14:44:55+00:00,2026-07-23T23:02:50+00:00,2026-08-04T11:48:27+00:00,185.8774537037037,174.34577546296296,11.53167824074074,3.7253645833333335,3.444872685185185,24,6,282,74,356,189,74,263,24,1,1,0,0,15,12,0,15,11
github/gh-aw-firewall:.github/workflows/smoke-claude.md,github/gh-aw-firewall,.github/workflows/smoke-claude.md,github__gh-aw-firewall__12525efe8d06/history.json,44,43,0,2026-01-17T09:18:54+00:00,2026-07-23T18:05:10+00:00,2026-08-04T11:48:34+00:00,199.10393518518518,187.36546296296297,11.738472222222223,2.9038541666666666,5.532013888888889,35,6,371,217,588,301,217,518,30,4,9,0,0,22,22,0,22,21
github/gh-aw-firewall:.github/workflows/smoke-codex.md,github/gh-aw-firewall,.github/workflows/smoke-codex.md,github__gh-aw-firewall__8f9c7c90be13/history.json,29,28,0,2026-01-17T09:18:54+00:00,2026-07-23T18:05:10+00:00,2026-08-04T11:48:29+00:00,199.1038773148148,187.36546296296297,11.738414351851851,3.3093807870370373,0.018645833333333334,25,7,265,116,381,198,116,314,21,2,5,0,0,15,14,0,15,13
github/gh-aw-firewall:.github/workflows/smoke-copilot-byok-aoai-apikey.md,github/gh-aw-firewall,.github/workflows/smoke-copilot-byok-aoai-apikey.md,github__gh-aw-firewall__fee4f6cd868c/history.json,7,6,0,2026-06-05T17:53:14+00:00,2026-07-23T23:02:50+00:00,2026-08-04T11:48:19+00:00,59.74658564814815,48.215,11.531585648148148,2.5383796296296297,4.940752314814815,6,2,235,49,284,59,49,108,3,2,1,0,0,3,4,0,3,3
github/gh-aw-firewall:.github/workflows/smoke-copilot-byok-aoai-entra.md,github/gh-aw-firewall,.github/workflows/smoke-copilot-byok-aoai-entra.md,github__gh-aw-firewall__c143573f923f/history.json,9,8,0,2026-06-05T21:27:59+00:00,2026-08-03T15:49:42+00:00,2026-08-04T11:48:21+00:00,59.59747685185185,58.765081018518515,0.8323958333333333,4.523402777777777,7.778773148148148,8,3,255,22,277,43,22,65,4,2,2,0,0,6,3,0,6,2
github/gh-aw-firewall:.github/workflows/smoke-copilot-byok.md,github/gh-aw-firewall,.github/workflows/smoke-copilot-byok.md,github__gh-aw-firewall__ba41bad1e5aa/history.json,16,15,0,2026-04-16T00:28:31+00:00,2026-07-29T15:40:41+00:00,2026-08-04T11:48:24+00:00,110.4721412037037,104.63344907407408,5.83869212962963,2.917060185185185,0.11297453703703704,14,4,242,61,303,115,61,176,10,1,4,0,0,11,5,0,10,5
github/gh-aw-firewall:.github/workflows/smoke-copilot-network-isolation.md,github/gh-aw-firewall,.github/workflows/smoke-copilot-network-isolation.md,github__gh-aw-firewall__fadcb12b1c83/history.json,4,3,0,2026-07-17T23:22:21+00:00,2026-07-29T15:40:41+00:00,2026-08-04T11:48:20+00:00,17.518043981481483,11.679398148148149,5.8386458333333335,2.90625,2.8734837962962962,4,1,215,11,226,5,11,16,2,0,1,0,0,4,0,0,3,0
github/gh-aw-firewall:.github/workflows/smoke-copilot.md,github/gh-aw-firewall,.github/workflows/smoke-copilot.md,github__gh-aw-firewall__475e1dc50f6f/history.json,32,31,0,2026-01-17T09:18:54+00:00,2026-07-29T15:40:41+00:00,2026-08-04T11:48:29+00:00,199.1038773148148,193.2651273148148,5.83875,3.683425925925926,5.532013888888889,27,6,238,83,321,169,83,252,26,2,3,0,0,22,10,0,22,9
github/gh-aw-firewall:.github/workflows/smoke-docker-sbx-build-test.md,github/gh-aw-firewall,.github/workflows/smoke-docker-sbx-build-test.md,github__gh-aw-firewall__2a79bca9417a/history.json,6,5,0,2026-07-12T16:16:57+00:00,2026-07-23T18:05:10+00:00,2026-08-04T11:48:21+00:00,22.813472222222224,11.075150462962963,11.738321759259259,2.7124189814814814,0.38741898148148146,6,1,295,28,323,32,28,60,4,0,1,0,0,6,0,0,5,0
github/gh-aw-firewall:.github/workflows/smoke-docker-sbx-claude.md,github/gh-aw-firewall,.github/workflows/smoke-docker-sbx-claude.md,github__gh-aw-firewall__f46c0cd39c3d/history.json,5,4,0,2026-07-12T16:16:57+00:00,2026-07-29T15:40:41+00:00,2026-08-04T11:48:21+00:00,22.813472222222224,16.974814814814813,5.838657407407408,4.402957175925926,0.38741898148148146,5,1,175,18,193,17,18,35,3,0,1,0,0,5,0,0,4,0
github/gh-aw-firewall:.github/workflows/smoke-docker-sbx-codex.md,github/gh-aw-firewall,.github/workflows/smoke-docker-sbx-codex.md,github__gh-aw-firewall__5eff3877e0f2/history.json,5,4,0,2026-07-12T16:16:57+00:00,2026-07-29T15:40:41+00:00,2026-08-04T11:48:21+00:00,22.813472222222224,16.974814814814813,5.838657407407408,4.402957175925926,0.38741898148148146,5,1,177,18,195,17,18,35,3,0,1,0,0,5,0,0,4,0
github/gh-aw-firewall:.github/workflows/smoke-docker-sbx.md,github/gh-aw-firewall,.github/workflows/smoke-docker-sbx.md,github__gh-aw-firewall__b82dd760d425/history.json,7,6,0,2026-07-10T18:48:39+00:00,2026-08-03T15:49:42+00:00,2026-08-04T11:48:23+00:00,24.708148148148148,23.875729166666666,0.8324189814814815,3.1665277777777776,2.282071759259259,7,2,176,19,195,18,19,37,4,1,1,0,0,7,0,0,6,0
github/gh-aw-firewall:.github/workflows/smoke-gemini.md,github/gh-aw-firewall,.github/workflows/smoke-gemini.md,github__gh-aw-firewall__1058b15f18b1/history.json,13,12,0,2026-02-19T22:11:38+00:00,2026-07-23T18:05:10+00:00,2026-08-04T11:48:27+00:00,165.5672337962963,153.8288425925926,11.738391203703705,6.158171296296296,5.860532407407407,13,5,261,168,429,159,168,327,9,0,3,0,0,7,6,0,7,5
github/gh-aw-firewall:.github/workflows/smoke-gvisor-build-test.md,github/gh-aw-firewall,.github/workflows/smoke-gvisor-build-test.md,github__gh-aw-firewall__7b2828504f9d/history.json,5,4,0,2026-07-12T15:23:00+00:00,2026-07-23T18:05:10+00:00,2026-08-04T11:48:23+00:00,22.85096064814815,11.112615740740742,11.738344907407408,3.02177662037037,3.137303240740741,5,1,331,29,360,30,29,59,3,0,1,0,0,5,0,0,4,0
github/gh-aw-firewall:.github/workflows/smoke-gvisor-claude.md,github/gh-aw-firewall,.github/workflows/smoke-gvisor-claude.md,github__gh-aw-firewall__325f3a8b2145/history.json,4,3,0,2026-07-12T15:23:00+00:00,2026-07-29T15:40:41+00:00,2026-08-04T11:48:23+00:00,22.85096064814815,17.012280092592594,5.838680555555555,5.899664351851852,8.206365740740742,4,1,205,18,223,13,18,31,2,0,1,0,0,4,0,0,3,0
github/gh-aw-firewall:.github/workflows/smoke-gvisor-codex.md,github/gh-aw-firewall,.github/workflows/smoke-gvisor-codex.md,github__gh-aw-firewall__d0a3071c6038/history.json,4,3,0,2026-07-12T15:23:00+00:00,2026-07-29T15:40:41+00:00,2026-08-04T11:48:23+00:00,22.85096064814815,17.012280092592594,5.838680555555555,5.899664351851852,8.206365740740742,4,1,207,18,225,13,18,31,2,0,1,0,0,4,0,0,3,0
github/gh-aw-firewall:.github/workflows/smoke-gvisor.md,github/gh-aw-firewall,.github/workflows/smoke-gvisor.md,github__gh-aw-firewall__b920eb106c94/history.json,6,5,0,2026-07-10T12:43:48+00:00,2026-07-29T15:40:41+00:00,2026-08-04T11:48:25+00:00,24.96153935185185,19.122835648148147,5.838703703703704,2.90625,0.2537962962962963,5,1,249,59,308,26,59,85,3,0,2,0,0,6,0,0,5,0
github/gh-aw-firewall:.github/workflows/smoke-otel-tracing.md,github/gh-aw-firewall,.github/workflows/smoke-otel-tracing.md,github__gh-aw-firewall__608329dd23de/history.json,8,7,0,2026-05-20T23:03:23+00:00,2026-08-02T18:40:30+00:00,2026-08-04T11:48:27+00:00,75.53129629629629,73.81744212962963,1.7138541666666667,9.817824074074075,4.830729166666667,7,4,233,18,251,29,18,47,6,0,1,0,0,7,1,0,6,1
github/gh-aw-firewall:.github/workflows/smoke-services.md,github/gh-aw-firewall,.github/workflows/smoke-services.md,github__gh-aw-firewall__a1e8ac9ba6b1/history.json,15,14,0,2026-04-01T01:08:53+00:00,2026-07-23T23:02:50+00:00,2026-08-04T11:48:29+00:00,125.44416666666666,113.91246527777778,11.531701388888889,4.879913194444445,5.125613425925926,14,4,143,26,169,61,26,87,12,0,2,0,0,12,3,0,11,3
github/gh-aw-firewall:.github/workflows/smoke-sink-visibility-allowed.md,github/gh-aw-firewall,.github/workflows/smoke-sink-visibility-allowed.md,github__gh-aw-firewall__589996d9d560/history.json,3,2,0,2026-07-12T19:30:19+00:00,2026-07-23T23:02:50+00:00,2026-08-04T11:48:25+00:00,22.679236111111113,11.147581018518519,11.531655092592592,5.5737905092592595,0.35291666666666666,3,1,79,0,79,2,0,2,2,0,0,0,0,3,0,0,2,0
github/gh-aw-firewall:.github/workflows/smoke-sink-visibility-blocked.md,github/gh-aw-firewall,.github/workflows/smoke-sink-visibility-blocked.md,github__gh-aw-firewall__1c1546dc2ac0/history.json,3,2,0,2026-07-12T19:30:19+00:00,2026-07-23T23:02:50+00:00,2026-08-04T11:48:25+00:00,22.679236111111113,11.147581018518519,11.531655092592592,5.5737905092592595,0.35291666666666666,3,1,82,0,82,2,0,2,2,0,0,0,0,3,0,0,2,0
github/gh-aw-firewall:.github/workflows/test-coverage-improver.md,github/gh-aw-firewall,.github/workflows/test-coverage-improver.md,github__gh-aw-firewall__e614c01caf7c/history.json,20,19,0,2026-01-18T03:32:24+00:00,2026-07-29T15:40:41+00:00,2026-08-04T11:48:32+00:00,198.34453703703704,192.50575231481483,5.838784722222222,3.907534722222222,82.92212962962962,20,5,500,313,813,292,313,605,11,0,8,0,0,9,11,0,9,10
github/gh-aw-firewall:.github/workflows/test-coverage-reporter.md,github/gh-aw-firewall,.github/workflows/test-coverage-reporter.md,github__gh-aw-firewall__c405e51f0cf8/history.json,16,15,0,2026-05-03T03:48:21+00:00,2026-07-29T15:40:41+00:00,2026-08-04T11:48:31+00:00,93.33344907407407,87.49467592592593,5.838773148148148,2.8919444444444444,2.5876157407407407,15,3,488,182,670,233,182,415,10,0,5,0,0,8,8,0,8,7
github/gh-aw-firewall:.github/workflows/test-hard-cap-ai-credits.md,github/gh-aw-firewall,.github/workflows/test-hard-cap-ai-credits.md,github__gh-aw-firewall__81f2a919560c/history.json,8,7,0,2026-06-09T22:17:37+00:00,2026-07-23T18:05:10+00:00,2026-08-04T11:48:28+00:00,55.563090277777775,43.8246875,11.738402777777777,2.90625,0.0069560185185185185,5,2,180,56,236,110,56,166,4,1,2,0,0,8,0,0,7,0
github/gh-aw-firewall:.github/workflows/update-release-notes.md,github/gh-aw-firewall,.github/workflows/update-release-notes.md,github__gh-aw-firewall__93bf4d5d907c/history.json,8,7,0,2026-01-06T00:46:09+00:00,2026-07-24T15:43:30+00:00,2026-08-04T11:48:29+00:00,210.4599537037037,199.62315972222223,10.836793981481481,7.804027777777778,95.03758101851852,8,4,92,6,98,12,6,18,7,0,0,0,0,6,2,0,6,1
github/gh-aw-mcpg:.github/workflows/daily-compliance-checker.md,github/gh-aw-mcpg,.github/workflows/daily-compliance-checker.md,github__gh-aw-mcpg__40c2e1802a2f/history.json,15,14,0,2026-01-09T16:51:31+00:00,2026-07-16T13:57:43+00:00,2026-08-04T11:48:33+00:00,206.78960648148148,187.87930555555556,18.910300925925927,6.647517361111111,0.06152777777777778,13,7,539,52,591,44,52,96,12,1,1,0,0,11,4,0,11,3
github/gh-aw-mcpg:.github/workflows/duplicate-code-detector.md,github/gh-aw-mcpg,.github/workflows/duplicate-code-detector.md,github__gh-aw-mcpg__870d24891635/history.json,8,7,0,2026-01-13T00:38:47+00:00,2026-07-10T02:35:35+00:00,2026-08-04T11:48:30+00:00,203.46508101851853,178.0811111111111,25.38396990740741,21.525578703703705,0.012361111111111111,6,4,385,25,410,128,25,153,5,0,2,0,0,4,4,0,4,3
github/gh-aw-mcpg:.github/workflows/gateway-issue-dispatcher.md,github/gh-aw-mcpg,.github/workflows/gateway-issue-dispatcher.md,github__gh-aw-mcpg__3803854d431c/history.json,5,4,0,2026-03-26T19:51:04+00:00,2026-07-10T02:35:35+00:00,2026-08-04T11:48:30+00:00,130.66488425925925,105.28091435185185,25.38396990740741,5.802847222222222,4.176076388888889,5,3,147,3,150,6,3,9,4,0,0,0,0,5,0,0,4,0
github/gh-aw-mcpg:.github/workflows/ghcr-download-tracker.md,github/gh-aw-mcpg,.github/workflows/ghcr-download-tracker.md,github__gh-aw-mcpg__6303825a910e/history.json,4,3,0,2026-03-03T13:19:38+00:00,2026-07-10T02:35:35+00:00,2026-08-04T11:48:31+00:00,153.93672453703704,128.55274305555557,25.38398148148148,32.87707175925926,6.176527777777777,4,3,276,2,278,5,2,7,3,0,0,0,0,3,1,0,3,0
github/gh-aw-mcpg:.github/workflows/github-mcp-guard-coverage-checker.md,github/gh-aw-mcpg,.github/workflows/github-mcp-guard-coverage-checker.md,github__gh-aw-mcpg__5b1aedf96c05/history.json,12,11,0,2026-03-21T18:50:18+00:00,2026-07-20T22:11:17+00:00,2026-08-04T11:48:33+00:00,135.70711805555555,121.13957175925925,14.567546296296296,5.475601851851851,0.005717592592592593,8,4,405,51,456,147,51,198,8,1,2,0,0,7,5,0,7,4
github/gh-aw-mcpg:.github/workflows/go-fan.md,github/gh-aw-mcpg,.github/workflows/go-fan.md,github__gh-aw-mcpg__0dca3c38ceb6/history.json,15,14,0,2025-12-22T00:00:34+00:00,2026-07-10T02:35:35+00:00,2026-08-04T11:48:35+00:00,225.49167824074075,200.10765046296297,25.384027777777778,8.021377314814815,1.852638888888889,14,7,421,108,529,88,108,196,9,1,4,0,0,11,4,0,10,4
github/gh-aw-mcpg:.github/workflows/go-logger.md,github/gh-aw-mcpg,.github/workflows/go-logger.md,github__gh-aw-mcpg__2d58fba26785/history.json,17,16,0,2026-01-06T21:27:00+00:00,2026-07-16T13:57:43+00:00,2026-08-04T11:48:36+00:00,209.59833333333333,190.6879976851852,18.91033564814815,6.647517361111111,4.733553240740741,15,7,385,53,438,87,53,140,11,4,1,0,0,11,6,0,11,5
github/gh-aw-mcpg:.github/workflows/gpl-dependency-checker.md,github/gh-aw-mcpg,.github/workflows/gpl-dependency-checker.md,github__gh-aw-mcpg__3d14f0621a18/history.json,11,10,0,2026-02-11T15:37:46+00:00,2026-07-16T13:57:43+00:00,2026-08-04T11:48:33+00:00,173.84082175925926,154.93052083333333,18.910300925925927,8.300949074074074,7.380474537037037,11,6,446,11,457,13,11,24,10,0,0,0,0,9,2,0,9,1
github/gh-aw-mcpg:.github/workflows/guard-status-tracker.md,github/gh-aw-mcpg,.github/workflows/guard-status-tracker.md,github__gh-aw-mcpg__14316a240faa/history.json,6,5,0,2026-03-15T00:15:46+00:00,2026-07-10T02:35:35+00:00,2026-08-04T11:48:32+00:00,142.48108796296296,117.09709490740741,25.383993055555557,6.821331018518518,9.170925925925927,6,3,191,4,195,7,4,11,5,0,0,0,0,6,0,0,5,0
github/gh-aw-mcpg:.github/workflows/integrity-filtering-audit.md,github/gh-aw-mcpg,.github/workflows/integrity-filtering-audit.md,github__gh-aw-mcpg__698a33a5dac7/history.json,14,13,0,2026-03-24T13:45:09+00:00,2026-07-10T02:35:35+00:00,2026-08-04T11:48:35+00:00,132.91905092592592,107.53502314814814,25.384027777777778,2.997453703703704,0.0696875,10,4,299,33,332,124,33,157,5,6,2,0,0,9,5,0,8,5
github/gh-aw-mcpg:.github/workflows/issue-monster.md,github/gh-aw-mcpg,.github/workflows/issue-monster.md,github__gh-aw-mcpg__99b7980dd8d9/history.json,14,13,0,2026-01-13T00:57:06+00:00,2026-07-10T02:35:35+00:00,2026-08-04T11:48:36+00:00,203.45243055555557,178.0683912037037,25.38403935185185,6.821331018518518,4.445844907407407,12,6,493,160,653,65,160,225,11,1,1,0,0,9,5,0,9,4
github/gh-aw-mcpg:.github/workflows/large-payload-tester.md,github/gh-aw-mcpg,.github/workflows/large-payload-tester.md,github__gh-aw-mcpg__09cb2c136c2c/history.json,26,25,0,2026-02-05T21:44:15+00:00,2026-07-10T02:35:35+00:00,2026-08-04T11:48:45+00:00,179.58645833333333,154.20231481481483,25.384143518518517,0.050150462962962966,0.0011805555555555556,13,6,217,68,285,117,68,185,23,2,0,0,0,15,11,0,15,10
github/gh-aw-mcpg:.github/workflows/mcp-gateway-log-analyzer.md,github/gh-aw-mcpg,.github/workflows/mcp-gateway-log-analyzer.md,github__gh-aw-mcpg__94162e521d2c/history.json,14,13,0,2026-01-16T21:49:35+00:00,2026-07-10T02:35:35+00:00,2026-08-04T11:48:36+00:00,199.58265046296296,174.19861111111112,25.38403935185185,6.130092592592592,0.001388888888888889,11,5,656,21,677,270,21,291,9,3,1,0,0,8,6,0,8,5
github/gh-aw-mcpg:.github/workflows/nightly-docs-reconciler.md,github/gh-aw-mcpg,.github/workflows/nightly-docs-reconciler.md,github__gh-aw-mcpg__96e94b0c3466/history.json,10,9,0,2026-02-04T02:10:16+00:00,2026-07-10T02:35:35+00:00,2026-08-04T11:48:35+00:00,181.4016087962963,156.0175810185185,25.384027777777778,6.821331018518518,0.11416666666666667,9,5,42,7,49,16,7,23,8,1,0,0,0,7,3,0,7,2
github/gh-aw-mcpg:.github/workflows/nightly-schema-updater.md,github/gh-aw-mcpg,.github/workflows/nightly-schema-updater.md,github__gh-aw-mcpg__b9b00678ef7a/history.json,15,14,0,2026-02-28T04:25:24+00:00,2026-07-20T22:11:17+00:00,2026-08-04T11:48:39+00:00,157.3078125,142.74019675925925,14.567615740740742,6.647517361111111,0.016261574074074074,14,6,217,23,240,46,23,69,12,1,1,0,0,10,5,0,10,4
github/gh-aw-mcpg:.github/workflows/nightly-workflow-compiler.md,github/gh-aw-mcpg,.github/workflows/nightly-workflow-compiler.md,github__gh-aw-mcpg__595db87ef3ae/history.json,11,10,0,2026-02-16T16:00:35+00:00,2026-07-10T02:35:35+00:00,2026-08-04T11:48:38+00:00,168.82503472222223,143.44097222222223,25.3840625,6.475711805555555,0.00636574074074074,9,5,44,9,53,14,9,23,8,2,0,0,0,7,4,0,7,3
github/gh-aw-mcpg:.github/workflows/plan.md,github/gh-aw-mcpg,.github/workflows/plan.md,github__gh-aw-mcpg__fdc163b6a8b0/history.json,9,8,0,2026-01-07T00:25:26+00:00,2026-07-10T02:35:35+00:00,2026-08-04T11:48:38+00:00,209.47444444444446,184.09038194444443,25.3840625,12.024247685185186,28.18696759259259,9,5,155,5,160,14,5,19,7,1,0,0,0,6,3,0,6,2
github/gh-aw-mcpg:.github/workflows/readonly-stress-default.md,github/gh-aw-mcpg,.github/workflows/readonly-stress-default.md,github__gh-aw-mcpg__3991046980f1/history.json,3,2,0,2026-07-20T20:23:14+00:00,2026-07-31T22:24:11+00:00,2026-08-04T11:48:35+00:00,14.642604166666667,11.083993055555556,3.558611111111111,5.541996527777778,0.020810185185185185,2,1,81,1,82,3,1,4,2,0,0,0,0,2,1,0,1,1
github/gh-aw-mcpg:.github/workflows/readonly-stress-gvisor.md,github/gh-aw-mcpg,.github/workflows/readonly-stress-gvisor.md,github__gh-aw-mcpg__915fe80b278f/history.json,3,2,0,2026-07-20T20:23:14+00:00,2026-07-31T22:24:11+00:00,2026-08-04T11:48:36+00:00,14.642615740740741,11.083993055555556,3.558622685185185,5.541996527777778,0.020810185185185185,2,1,85,1,86,3,1,4,2,0,0,0,0,2,1,0,1,1
github/gh-aw-mcpg:.github/workflows/readonly-stress-sbx.md,github/gh-aw-mcpg,.github/workflows/readonly-stress-sbx.md,github__gh-aw-mcpg__d636c4ce1c26/history.json,3,2,0,2026-07-20T20:23:14+00:00,2026-07-31T22:24:11+00:00,2026-08-04T11:48:37+00:00,14.642627314814815,11.083993055555556,3.5586342592592595,5.541996527777778,0.020810185185185185,2,1,109,6,115,19,6,25,1,0,1,0,0,2,1,0,1,1
github/gh-aw-mcpg:.github/workflows/release.md,github/gh-aw-mcpg,.github/workflows/release.md,github__gh-aw-mcpg__b1482cce2a98/history.json,38,37,0,2026-01-06T22:38:11+00:00,2026-07-31T21:33:53+00:00,2026-08-04T11:48:55+00:00,209.54912037037036,205.95534722222223,3.593773148148148,1.6726041666666667,0.0028125,26,7,788,182,970,338,182,520,31,1,5,0,0,18,20,0,18,19
github/gh-aw-mcpg:.github/workflows/rust-guard-improver.md,github/gh-aw-mcpg,.github/workflows/rust-guard-improver.md,github__gh-aw-mcpg__ea793c530dcb/history.json,6,5,0,2026-03-14T23:37:13+00:00,2026-07-10T02:35:35+00:00,2026-08-04T11:48:38+00:00,142.50792824074074,117.12386574074074,25.3840625,6.821331018518518,9.197696759259259,6,3,247,4,251,7,4,11,5,0,0,0,0,6,0,0,5,0
github/gh-aw-mcpg:.github/workflows/semantic-function-refactor.md,github/gh-aw-mcpg,.github/workflows/semantic-function-refactor.md,github__gh-aw-mcpg__c18a40ce7882/history.json,9,8,0,2026-01-13T00:40:01+00:00,2026-07-10T02:35:35+00:00,2026-08-04T11:48:39+00:00,203.4643287037037,178.08025462962962,25.384074074074075,8.021377314814815,0.003912037037037037,8,5,511,14,525,15,14,29,8,0,0,0,0,6,3,0,6,2
github/gh-aw-mcpg:.github/workflows/smoke-allowonly.md,github/gh-aw-mcpg,.github/workflows/smoke-allowonly.md,github__gh-aw-mcpg__d1fc7388be72/history.json,11,10,0,2026-03-10T17:06:57+00:00,2026-07-10T02:35:35+00:00,2026-08-04T11:48:41+00:00,146.77898148148148,121.39488425925926,25.384097222222223,5.802847222222222,0.006122685185185185,8,4,228,35,263,23,35,58,10,0,0,0,0,11,0,0,10,0
github/gh-aw-mcpg:.github/workflows/smoke-copilot.md,github/gh-aw-mcpg,.github/workflows/smoke-copilot.md,github__gh-aw-mcpg__eea9f4e6930b/history.json,39,38,0,2026-01-17T01:40:04+00:00,2026-07-23T19:45:42+00:00,2026-08-04T11:48:56+00:00,199.42282407407407,187.75391203703703,11.668912037037037,1.5436168981481482,0.9088425925925926,26,7,205,100,305,129,100,229,27,6,4,1,0,21,16,0,21,15
github/gh-aw-mcpg:.github/workflows/smoke-long-session.md,github/gh-aw-mcpg,.github/workflows/smoke-long-session.md,github__gh-aw-mcpg__e5ed890b0ae4/history.json,11,10,0,2026-04-24T20:41:58+00:00,2026-07-23T19:45:42+00:00,2026-08-04T11:48:43+00:00,101.6296875,89.96092592592592,11.668761574074074,6.857679398148148,0.02304398148148148,7,4,487,11,498,12,11,23,6,4,0,0,0,9,2,0,9,1
github/gh-aw-mcpg:.github/workflows/smoke-otel-tracing.md,github/gh-aw-mcpg,.github/workflows/smoke-otel-tracing.md,github__gh-aw-mcpg__bf33368cc522/history.json,17,16,0,2026-04-27T00:57:22+00:00,2026-07-23T19:45:42+00:00,2026-08-04T11:48:46+00:00,99.45236111111112,87.78356481481481,11.668796296296296,0.31235532407407407,23.03707175925926,8,4,252,29,281,43,29,72,15,0,1,0,0,14,3,0,13,3
github/gh-aw-mcpg:.github/workflows/smoke-proxy-github-script.md,github/gh-aw-mcpg,.github/workflows/smoke-proxy-github-script.md,github__gh-aw-mcpg__420d9b4dd59e/history.json,17,16,0,2026-03-24T04:21:54+00:00,2026-07-10T02:35:35+00:00,2026-08-04T11:48:46+00:00,133.31032407407406,107.92616898148148,25.384155092592593,0.045399305555555554,0.01511574074074074,7,5,1485,123,1608,1033,123,1156,9,1,6,0,0,16,1,0,15,1
github/gh-aw-mcpg:.github/workflows/smoke-safeoutputs-discussions.md,github/gh-aw-mcpg,.github/workflows/smoke-safeoutputs-discussions.md,github__gh-aw-mcpg__6f11391bd5b8/history.json,9,8,0,2026-03-27T21:55:46+00:00,2026-07-10T02:35:35+00:00,2026-08-04T11:48:44+00:00,129.5784490740741,104.19431712962962,25.384131944444444,4.2757754629629625,0.013530092592592592,6,4,281,57,338,34,57,91,7,0,1,0,0,8,1,0,8,0
github/gh-aw-mcpg:.github/workflows/smoke-safeoutputs-issues.md,github/gh-aw-mcpg,.github/workflows/smoke-safeoutputs-issues.md,github__gh-aw-mcpg__2d172a39e297/history.json,9,8,0,2026-03-27T21:55:46+00:00,2026-07-10T02:27:18+00:00,2026-08-04T11:48:45+00:00,129.57846064814814,104.18856481481481,25.389895833333334,4.2757754629629625,0.013530092592592592,6,4,278,34,312,31,34,65,7,0,1,0,0,8,1,0,8,0
github/gh-aw-mcpg:.github/workflows/smoke-safeoutputs-labels.md,github/gh-aw-mcpg,.github/workflows/smoke-safeoutputs-labels.md,github__gh-aw-mcpg__8efeb7fcf3c4/history.json,8,7,0,2026-03-27T21:55:46+00:00,2026-07-10T02:35:35+00:00,2026-08-04T11:48:44+00:00,129.5784490740741,104.19431712962962,25.384131944444444,5.475601851851851,3.0894791666666666,6,4,196,16,212,20,16,36,7,0,0,0,0,7,1,0,7,0
github/gh-aw-mcpg:.github/workflows/smoke-safeoutputs-prs.md,github/gh-aw-mcpg,.github/workflows/smoke-safeoutputs-prs.md,github__gh-aw-mcpg__23d851626abe/history.json,9,8,0,2026-03-27T21:55:46+00:00,2026-07-10T02:35:35+00:00,2026-08-04T11:48:46+00:00,129.57847222222222,104.19431712962962,25.384155092592593,5.802847222222222,3.0894791666666666,7,5,311,18,329,22,18,40,8,0,0,0,0,8,1,0,8,0
github/gh-aw-mcpg:.github/workflows/smoke-safeoutputs-reviews.md,github/gh-aw-mcpg,.github/workflows/smoke-safeoutputs-reviews.md,github__gh-aw-mcpg__9cc232fb7a0f/history.json,8,7,0,2026-03-27T21:55:46+00:00,2026-07-10T02:35:35+00:00,2026-08-04T11:48:45+00:00,129.57846064814814,104.19431712962962,25.384143518518517,5.475601851851851,3.0894791666666666,6,4,248,16,264,20,16,36,7,0,0,0,0,7,1,0,7,0
github/gh-aw-mcpg:.github/workflows/test-coverage-improver.md,github/gh-aw-mcpg,.github/workflows/test-coverage-improver.md,github__gh-aw-mcpg__2b82b2a29d4e/history.json,22,21,0,2026-01-07T00:02:48+00:00,2026-07-20T22:11:17+00:00,2026-08-04T11:48:51+00:00,209.4903125,194.92255787037038,14.56775462962963,6.821331018518518,4.625358796296296,21,7,374,30,404,35,30,65,21,0,0,0,0,14,7,0,14,6
github/gh-aw-mcpg:.github/workflows/test-improver.md,github/gh-aw-mcpg,.github/workflows/test-improver.md,github__gh-aw-mcpg__3ca5c3b83220/history.json,17,16,0,2026-01-11T19:42:30+00:00,2026-07-16T13:57:43+00:00,2026-08-04T11:48:51+00:00,204.67107638888888,185.76056712962964,18.91050925925926,6.647517361111111,23.383449074074075,14,7,471,344,815,80,344,424,15,0,1,0,0,14,3,0,14,2
github/gh-aw-threat-detection:.github/workflows/detection-failure-monitor.md,github/gh-aw-threat-detection,.github/workflows/detection-failure-monitor.md,github__gh-aw-threat-detection__1b512ce8b496/history.json,2,1,0,2026-07-22T15:52:10+00:00,2026-07-27T15:19:51+00:00,2026-08-04T11:48:46+00:00,12.830972222222222,4.9775578703703705,7.8534143518518515,4.9775578703703705,4.9775578703703705,2,1,96,2,98,2,2,4,0,1,0,0,0,1,1,0,0,1
github/gh-aw-threat-detection:.github/workflows/gh-aw-parity-monitor.md,github/gh-aw-threat-detection,.github/workflows/gh-aw-parity-monitor.md,github__gh-aw-threat-detection__0801d05775be/history.json,1,0,1,2026-07-30T21:06:28+00:00,2026-07-30T21:06:28+00:00,2026-08-04T11:48:45+00:00,4.61269675925926,0.0,4.61269675925926,,,1,1,139,0,139,0,0,0,0,0,0,0,0,1,0,0,0,0
github/gh-aw-threat-detection:.github/workflows/smoke-claude-standalone-latest.md,github/gh-aw-threat-detection,.github/workflows/smoke-claude-standalone-latest.md,github__gh-aw-threat-detection__3c270b0d9663/history.json,3,2,0,2026-07-28T21:07:21+00:00,2026-07-30T18:55:23+00:00,2026-08-04T11:48:46+00:00,6.612094907407408,1.9083564814814815,4.703738425925926,0.9541782407407408,0.038842592592592595,2,1,88,7,95,2,7,9,1,1,0,0,0,3,0,0,2,0
github/gh-aw-threat-detection:.github/workflows/smoke-claude-standalone.md,github/gh-aw-threat-detection,.github/workflows/smoke-claude-standalone.md,github__gh-aw-threat-detection__dedece97af87/history.json,4,3,0,2026-07-21T17:58:47+00:00,2026-07-27T18:40:12+00:00,2026-08-04T11:48:47+00:00,13.743055555555555,6.028761574074074,7.7142939814814815,0.9456134259259259,0.9456134259259259,3,1,75,0,75,6,0,6,3,0,0,0,0,3,1,0,2,1
github/gh-aw-threat-detection:.github/workflows/smoke-codex-standalone-latest.md,github/gh-aw-threat-detection,.github/workflows/smoke-codex-standalone-latest.md,github__gh-aw-threat-detection__509ae28e91af/history.json,3,2,0,2026-07-28T21:07:21+00:00,2026-07-30T18:55:23+00:00,2026-08-04T11:48:47+00:00,6.612106481481481,1.9083564814814815,4.70375,0.9541782407407408,0.038842592592592595,2,1,82,7,89,2,7,9,1,1,0,0,0,3,0,0,2,0
github/gh-aw-threat-detection:.github/workflows/smoke-codex-standalone.md,github/gh-aw-threat-detection,.github/workflows/smoke-codex-standalone.md,github__gh-aw-threat-detection__87469bb206cd/history.json,2,1,0,2026-07-21T17:58:47+00:00,2026-07-22T16:40:28+00:00,2026-08-04T11:48:46+00:00,13.743043981481481,0.9456134259259259,12.797430555555556,0.9456134259259259,0.9456134259259259,2,1,69,0,69,1,0,1,1,0,0,0,0,2,0,0,1,0
github/gh-aw-threat-detection:.github/workflows/smoke-copilot-standalone-latest.md,github/gh-aw-threat-detection,.github/workflows/smoke-copilot-standalone-latest.md,github__gh-aw-threat-detection__319e6cb3e25d/history.json,4,3,0,2026-07-28T21:07:21+00:00,2026-08-03T23:32:56+00:00,2026-08-04T11:48:47+00:00,6.612106481481481,6.101099537037037,0.5110069444444445,1.869513888888889,0.038842592592592595,3,2,87,7,94,5,7,12,2,1,0,0,0,4,0,0,3,0
github/gh-aw-threat-detection:.github/workflows/smoke-copilot-standalone.md,github/gh-aw-threat-detection,.github/workflows/smoke-copilot-standalone.md,github__gh-aw-threat-detection__2e865d1a1cce/history.json,3,2,0,2026-07-21T17:58:47+00:00,2026-08-03T23:32:56+00:00,2026-08-04T11:48:47+00:00,13.743055555555555,13.23204861111111,0.5110069444444445,6.616024305555555,0.9456134259259259,3,2,74,0,74,4,0,4,2,0,0,0,0,3,0,0,2,0
github/gh-aw:.github/workflows/ab-testing-advisor.md,github/gh-aw,.github/workflows/ab-testing-advisor.md,github__gh-aw__b7277062a5d5/history.json,28,27,0,2026-05-01T19:08:51+00:00,2026-08-02T15:25:17+00:00,2026-08-04T11:27:37+00:00,94.67969907407408,92.84474537037038,1.8349537037037038,1.9694907407407407,2.063113425925926,24,4,582,156,738,279,156,435,16,8,3,0,0,1,27,0,1,26
github/gh-aw:.github/workflows/ace-editor.md,github/gh-aw,.github/workflows/ace-editor.md,github__gh-aw__1f0b172fcfba/history.json,21,20,0,2026-03-06T02:49:32+00:00,2026-08-03T00:59:12+00:00,2026-08-04T11:27:37+00:00,151.3597800925926,149.92337962962964,1.436400462962963,4.664577546296297,34.950775462962966,17,6,71,14,85,31,14,45,20,0,0,0,0,3,18,0,3,17
github/gh-aw:.github/workflows/agent-performance-analyzer.md,github/gh-aw,.github/workflows/agent-performance-analyzer.md,github__gh-aw__b0a6ddf3033b/history.json,58,57,0,2025-12-20T02:17:58+00:00,2026-07-29T22:20:36+00:00,2026-08-04T11:28:11+00:00,227.3820949074074,221.83516203703704,5.54693287037037,2.024652777777778,2.156527777777778,48,8,992,188,1180,459,188,647,37,12,8,0,0,2,56,0,2,55
github/gh-aw:.github/workflows/agent-persona-explorer.md,github/gh-aw,.github/workflows/agent-persona-explorer.md,github__gh-aw__9ac65a6564e6/history.json,35,34,0,2026-01-16T06:08:04+00:00,2026-08-01T00:48:15+00:00,2026-08-04T11:27:39+00:00,200.22193287037038,196.7779050925926,3.444027777777778,3.0113136574074075,0.024155092592592593,29,8,472,160,632,298,160,458,21,8,5,0,0,1,34,0,1,33
github/gh-aw:.github/workflows/agentic-token-audit.md,github/gh-aw,.github/workflows/agentic-token-audit.md,github__gh-aw__799a2e2aa62a/history.json,14,13,0,2026-05-22T06:23:18+00:00,2026-08-03T00:59:12+00:00,2026-08-04T11:27:25+00:00,74.21119212962962,72.77493055555556,1.436261574074074,2.0309953703703703,1.3665972222222222,12,4,110,119,229,92,87,179,9,1,3,0,0,4,10,0,3,10
github/gh-aw:.github/workflows/agentic-token-optimizer.md,github/gh-aw,.github/workflows/agentic-token-optimizer.md,github__gh-aw__ccf6349603d0/history.json,8,7,0,2026-05-22T06:23:18+00:00,2026-07-20T08:57:28+00:00,2026-08-04T11:27:18+00:00,74.21111111111111,59.10706018518518,15.104050925925925,1.5089814814814815,1.3665972222222222,7,3,140,91,231,57,51,108,4,0,3,0,0,2,6,0,1,6
github/gh-aw:.github/workflows/agentic-token-trend-audit.md,github/gh-aw,.github/workflows/agentic-token-trend-audit.md,github__gh-aw__1ee5414cd2fd/history.json,16,15,0,2026-06-02T08:00:49+00:00,2026-08-03T00:59:12+00:00,2026-08-04T11:27:25+00:00,63.14347222222222,61.70721064814815,1.436261574074074,2.215636574074074,0.22613425925925926,12,3,343,66,409,99,66,165,10,4,1,0,0,2,14,0,2,13
github/gh-aw:.github/workflows/ai-moderator.md,github/gh-aw,.github/workflows/ai-moderator.md,github__gh-aw__70a563cc082d/history.json,59,58,0,2025-12-09T02:07:13+00:00,2026-07-31T05:32:35+00:00,2026-08-04T11:28:46+00:00,238.38996527777778,234.14261574074075,4.247349537037037,1.9488136574074075,1.4548263888888888,44,8,633,402,1035,278,402,680,40,8,10,0,0,4,55,0,4,54
github/gh-aw:.github/workflows/api-consumption-report.md,github/gh-aw,.github/workflows/api-consumption-report.md,github__gh-aw__9f5dd0df8149/history.json,33,32,0,2026-04-06T21:18:59+00:00,2026-07-20T08:57:28+00:00,2026-08-04T11:27:35+00:00,119.58930555555555,104.48505787037037,15.104247685185186,1.8701099537037038,0.17504629629629628,28,4,1001,501,1502,592,501,1093,17,11,4,0,0,1,32,0,1,31
github/gh-aw:.github/workflows/approach-validator.md,github/gh-aw,.github/workflows/approach-validator.md,github__gh-aw__b9a3196acd6c/history.json,25,24,0,2026-04-08T18:09:46+00:00,2026-07-29T09:41:50+00:00,2026-08-04T11:27:37+00:00,117.72072916666667,111.64726851851852,6.073460648148148,3.3787962962962963,3.320127314814815,22,4,425,59,484,88,59,147,20,3,1,0,0,2,23,0,2,22
github/gh-aw:.github/workflows/archie.md,github/gh-aw,.github/workflows/archie.md,github__gh-aw__3ad5648ce90d/history.json,46,45,0,2025-11-04T19:45:30+00:00,2026-07-20T08:57:28+00:00,2026-08-04T11:28:09+00:00,272.65461805555555,257.54997685185185,15.104641203703704,2.9636805555555554,2.4758449074074074,40,9,303,51,354,94,51,145,37,8,0,0,0,3,43,0,3,42
github/gh-aw:.github/workflows/architecture-guardian.md,github/gh-aw,.github/workflows/architecture-guardian.md,github__gh-aw__70662d215455/history.json,29,28,0,2026-04-08T17:05:30+00:00,2026-07-29T22:20:36+00:00,2026-08-04T11:27:40+00:00,117.76539351851852,112.21881944444445,5.546574074074074,3.1094444444444447,8.11724537037037,27,4,593,256,849,284,256,540,19,5,4,0,0,2,27,0,2,26
github/gh-aw:.github/workflows/archivx-agentic-workflows-analyzer.md,github/gh-aw,.github/workflows/archivx-agentic-workflows-analyzer.md,github__gh-aw__b85d39c34a58/history.json,1,0,1,2026-08-02T17:38:08+00:00,2026-08-02T17:38:08+00:00,2026-08-04T11:27:19+00:00,1.742488425925926,0.0,1.742488425925926,,,1,1,176,0,176,0,0,0,0,0,0,0,0,0,1,0,0,0
github/gh-aw:.github/workflows/artifacts-summary.md,github/gh-aw,.github/workflows/artifacts-summary.md,github__gh-aw__e9888ac5baeb/history.json,46,45,0,2025-09-27T11:17:09+00:00,2026-07-27T06:18:51+00:00,2026-08-04T11:28:25+00:00,311.00782407407405,302.79284722222224,8.214976851851851,3.4097222222222223,0.00032407407407407406,42,10,177,64,241,84,64,148,39,5,1,0,0,6,40,0,5,40
github/gh-aw:.github/workflows/audit-workflows.md,github/gh-aw,.github/workflows/audit-workflows.md,github__gh-aw__5968c57cca23/history.json,68,67,0,2025-10-07T20:35:22+00:00,2026-07-29T08:20:09+00:00,2026-08-04T11:29:05+00:00,300.62063657407407,294.48943287037036,6.1312037037037035,3.1134837962962965,0.7948263888888889,60,10,658,500,1158,368,500,868,43,15,9,0,0,5,63,0,5,62
github/gh-aw:.github/workflows/auto-triage-issues.md,github/gh-aw,.github/workflows/auto-triage-issues.md,github__gh-aw__13414c11c636/history.json,52,51,0,2026-01-18T05:46:00+00:00,2026-08-02T15:25:17+00:00,2026-08-04T11:28:30+00:00,198.23784722222223,196.4022800925926,1.8355671296296296,2.740196759259259,5.271273148148148,45,8,514,155,669,317,155,472,32,13,6,0,0,1,51,0,1,50
github/gh-aw:.github/workflows/avenger.md,github/gh-aw,.github/workflows/avenger.md,github__gh-aw__c43d7767d09d/history.json,21,20,0,2026-05-24T00:06:12+00:00,2026-08-03T00:59:12+00:00,2026-08-04T11:28:11+00:00,72.47359953703703,71.03680555555556,1.4367939814814814,1.9714409722222221,5.942175925925926,17,4,276,21,297,33,21,54,19,0,1,0,0,5,16,0,5,15
github/gh-aw:.github/workflows/aw-failure-investigator.md,github/gh-aw,.github/workflows/aw-failure-investigator.md,github__gh-aw__4c7fe1b71201/history.json,35,34,0,2026-04-16T17:57:26+00:00,2026-08-03T22:36:04+00:00,2026-08-04T11:28:07+00:00,109.72964120370371,109.19349537037037,0.5361458333333333,2.0119155092592593,0.08118055555555556,29,5,673,206,879,536,206,742,22,5,7,0,0,1,34,0,1,33
github/gh-aw:.github/workflows/blog-auditor.md,github/gh-aw,.github/workflows/blog-auditor.md,github__gh-aw__b1750251e031/history.json,56,55,0,2025-10-22T20:45:14+00:00,2026-07-15T16:26:58+00:00,2026-08-04T11:29:00+00:00,285.6137268518519,265.82064814814817,19.793078703703703,3.0890162037037037,0.016921296296296295,45,9,462,109,571,219,109,328,36,9,10,0,0,2,54,0,2,53
github/gh-aw:.github/workflows/bot-detection.md,github/gh-aw,.github/workflows/bot-detection.md,github__gh-aw__06b69bff9642/history.json,41,40,0,2026-02-11T21:25:45+00:00,2026-08-03T00:59:12+00:00,2026-08-04T11:29:11+00:00,173.5857175925926,172.14822916666665,1.437488425925926,2.7500925925925923,0.07813657407407408,29,7,1412,473,1885,1036,473,1509,28,9,3,0,0,13,28,0,13,27
github/gh-aw:.github/workflows/breaking-change-checker.md,github/gh-aw,.github/workflows/breaking-change-checker.md,github__gh-aw__41f43ed28678/history.json,42,41,0,2025-11-27T08:47:18+00:00,2026-07-27T06:18:51+00:00,2026-08-04T11:28:44+00:00,250.11210648148148,241.89690972222223,8.215196759259259,3.089375,0.13025462962962964,36,9,427,146,573,228,146,374,33,5,3,0,0,4,38,0,4,37
github/gh-aw:.github/workflows/changeset.md,github/gh-aw,.github/workflows/changeset.md,github__gh-aw__06b97194d539/history.json,52,51,0,2025-11-01T16:31:43+00:00,2026-07-20T04:26:30+00:00,2026-08-04T11:29:06+00:00,275.789849537037,260.4963773148148,15.293472222222222,3.064525462962963,3.064525462962963,45,9,436,666,1102,436,666,1102,39,4,8,0,0,5,47,0,5,46
github/gh-aw:.github/workflows/chaos-pr-bundle-fuzzer.md,github/gh-aw,.github/workflows/chaos-pr-bundle-fuzzer.md,github__gh-aw__3edf7e9fbb1c/history.json,18,17,0,2026-05-15T02:07:49+00:00,2026-07-19T09:39:37+00:00,2026-08-04T11:28:54+00:00,81.3896412037037,65.31375,16.075891203703705,1.967511574074074,0.47837962962962965,15,3,122,16,138,36,16,52,13,3,1,0,0,1,17,0,1,16
github/gh-aw:.github/workflows/ci-coach.md,github/gh-aw,.github/workflows/ci-coach.md,github__gh-aw__07fdb06cd885/history.json,55,54,0,2025-12-10T23:34:35+00:00,2026-07-27T06:18:51+00:00,2026-08-04T11:29:23+00:00,236.4963888888889,228.28074074074075,8.215648148148148,3.040162037037037,0.05956018518518519,47,8,1792,1437,3229,1295,1437,2732,28,20,6,0,0,5,50,0,5,49
github/gh-aw:.github/workflows/ci-doctor.md,github/gh-aw,.github/workflows/ci-doctor.md,github__gh-aw__e667a8c87db7/history.json,70,69,0,2025-09-11T14:00:17+00:00,2026-08-04T03:33:31+00:00,2026-08-04T11:29:44+00:00,326.8954513888889,326.56474537037036,0.3307060185185185,2.422835648148148,5.922326388888889,59,12,1075,365,1440,879,365,1244,51,5,11,0,2,15,55,0,14,55
github/gh-aw:.github/workflows/claude-code-user-docs-review.md,github/gh-aw,.github/workflows/claude-code-user-docs-review.md,github__gh-aw__f70aa0a62fc0/history.json,35,34,0,2026-01-22T16:48:08+00:00,2026-07-20T08:57:28+00:00,2026-08-04T11:30:12+00:00,193.77921296296296,178.67314814814816,15.106064814814815,3.1049247685185186,10.247974537037036,34,7,772,588,1360,234,588,822,22,8,4,0,0,1,34,0,1,33
github/gh-aw:.github/workflows/cli-consistency-checker.md,github/gh-aw,.github/workflows/cli-consistency-checker.md,github__gh-aw__c61d0be22b6e/history.json,52,51,0,2025-11-11T21:06:05+00:00,2026-08-01T00:46:24+00:00,2026-08-04T11:29:47+00:00,265.59979166666665,262.1529976851852,3.4467939814814814,2.9636805555555554,0.08716435185185185,44,9,750,544,1294,598,544,1142,31,14,6,0,0,2,50,0,2,49
github/gh-aw:.github/workflows/cli-version-checker.md,github/gh-aw,.github/workflows/cli-version-checker.md,github__gh-aw__e673333f208a/history.json,79,78,0,2025-10-07T16:39:41+00:00,2026-07-25T16:43:52+00:00,2026-08-04T11:30:20+00:00,300.78517361111113,291.0029050925926,9.782268518518519,2.388298611111111,0.004965277777777778,59,10,1272,950,2222,1080,950,2030,39,20,19,0,0,10,69,0,10,68
github/gh-aw:.github/workflows/cloclo.md,github/gh-aw,.github/workflows/cloclo.md,github__gh-aw__6b6bf5e1d3fe/history.json,50,49,0,2025-11-15T13:09:04+00:00,2026-07-28T21:46:02+00:00,2026-08-04T11:30:23+00:00,261.9314699074074,255.35900462962962,6.572465277777778,2.773090277777778,0.02201388888888889,43,8,290,64,354,105,64,169,36,8,5,0,0,3,47,0,3,46
github/gh-aw:.github/workflows/code-scanning-fixer.md,github/gh-aw,.github/workflows/code-scanning-fixer.md,github__gh-aw__052f96f3cc2c/history.json,50,49,0,2026-01-15T00:31:10+00:00,2026-08-03T20:05:27+00:00,2026-08-04T11:30:27+00:00,201.45783564814815,200.81547453703703,0.6423611111111112,2.6002314814814813,1.007650462962963,42,8,422,201,623,230,201,431,34,10,5,0,0,3,47,0,3,46
github/gh-aw:.github/workflows/code-simplifier.md,github/gh-aw,.github/workflows/code-simplifier.md,github__gh-aw__2c85ecd0332e/history.json,38,37,0,2026-01-11T16:03:53+00:00,2026-07-30T06:32:15+00:00,2026-08-04T11:29:58+00:00,204.8097800925926,199.6030324074074,5.206747685185185,3.1302777777777777,4.977430555555555,33,7,718,398,1116,684,398,1082,24,10,3,0,0,3,35,0,3,34
github/gh-aw:.github/workflows/codex-github-remote-mcp-test.md,github/gh-aw,.github/workflows/codex-github-remote-mcp-test.md,github__gh-aw__75dddc2ab9f4/history.json,14,13,0,2026-01-18T13:28:58+00:00,2026-06-27T00:02:15+00:00,2026-08-04T11:29:29+00:00,197.91702546296295,159.4397800925926,38.47724537037037,10.253310185185185,20.102453703703702,14,5,72,9,81,21,9,30,13,0,0,0,0,1,13,0,1,12
github/gh-aw:.github/workflows/commit-changes-analyzer.md,github/gh-aw,.github/workflows/commit-changes-analyzer.md,github__gh-aw__83d8397bb46e/history.json,36,35,0,2025-10-22T02:08:26+00:00,2026-07-19T09:39:37+00:00,2026-08-04T11:30:01+00:00,286.38998842592594,270.3133217592593,16.076666666666668,2.7507291666666664,0.26013888888888886,30,8,360,74,434,106,74,180,26,9,0,0,0,3,33,0,3,32
github/gh-aw:.github/workflows/constraint-solving-potd.md,github/gh-aw,.github/workflows/constraint-solving-potd.md,github__gh-aw__761de2cdb1ad/history.json,23,22,0,2026-03-04T17:30:28+00:00,2026-07-28T21:46:02+00:00,2026-08-04T11:30:01+00:00,152.7496875,146.17747685185185,6.572210648148148,4.69322337962963,18.16378472222222,20,5,174,15,189,55,15,70,20,2,0,0,0,2,21,0,1,21
github/gh-aw:.github/workflows/contribution-check.md,github/gh-aw,.github/workflows/contribution-check.md,github__gh-aw__b529d8f02026/history.json,44,43,0,2026-02-17T04:33:40+00:00,2026-07-19T07:39:33+00:00,2026-08-04T11:30:39+00:00,168.28957175925925,152.12908564814813,16.160486111111112,2.7507291666666664,1.5444560185185185,38,6,553,261,814,272,261,533,23,17,3,0,0,3,41,0,2,41
github/gh-aw:.github/workflows/copilot-agent-analysis.md,github/gh-aw,.github/workflows/copilot-agent-analysis.md,github__gh-aw__df83b36d4d77/history.json,69,68,0,2025-10-17T20:58:09+00:00,2026-07-20T08:57:28+00:00,2026-08-04T11:31:10+00:00,290.6062615740741,275.49952546296294,15.106736111111111,2.6828125,0.03170138888888889,56,10,1123,787,1910,671,787,1458,38,16,14,0,0,7,62,0,7,61
github/gh-aw:.github/workflows/copilot-centralization-drilldown.md,github/gh-aw,.github/workflows/copilot-centralization-drilldown.md,github__gh-aw__4ca74b1fab4e/history.json,5,4,0,2026-06-15T17:25:47+00:00,2026-07-20T08:57:28+00:00,2026-08-04T11:29:35+00:00,49.75263888888889,34.64700231481481,15.105636574074074,5.139103009259259,0.9971180555555555,5,2,215,1,216,10,1,11,4,0,0,0,0,1,4,0,0,4
github/gh-aw:.github/workflows/copilot-centralization-optimizer.md,github/gh-aw,.github/workflows/copilot-centralization-optimizer.md,github__gh-aw__2014f3ef4d16/history.json,9,8,0,2026-06-15T17:25:47+00:00,2026-07-20T08:57:28+00:00,2026-08-04T11:29:45+00:00,49.75275462962963,34.64700231481481,15.105752314814815,1.4160706018518519,0.07905092592592593,7,2,441,19,460,51,19,70,8,0,0,0,0,2,7,0,1,7
github/gh-aw:.github/workflows/copilot-cli-deep-research.md,github/gh-aw,.github/workflows/copilot-cli-deep-research.md,github__gh-aw__79289a846cae/history.json,36,35,0,2026-01-15T13:25:30+00:00,2026-07-28T21:46:02+00:00,2026-08-04T11:31:07+00:00,200.92056712962963,194.3475925925926,6.572974537037037,2.7671412037037038,8.252847222222222,34,7,643,163,806,266,163,429,23,8,4,0,0,1,35,0,1,34
github/gh-aw:.github/workflows/copilot-opt.md,github/gh-aw,.github/workflows/copilot-opt.md,github__gh-aw__24e7d48ca2d3/history.json,25,24,0,2026-04-19T00:43:46+00:00,2026-07-27T06:18:51+00:00,2026-08-04T11:30:32+00:00,107.44914351851853,99.23269675925926,8.21644675925926,2.8572048611111107,0.2378587962962963,21,4,443,72,515,227,72,299,16,5,3,0,0,1,24,0,1,23
github/gh-aw:.github/workflows/copilot-pr-merged-report.md,github/gh-aw,.github/workflows/copilot-pr-merged-report.md,github__gh-aw__2aa0e8b01afc/history.json,44,43,0,2025-12-04T20:31:00+00:00,2026-07-27T06:18:51+00:00,2026-08-04T11:31:02+00:00,242.62502314814816,234.40822916666667,8.216793981481482,2.997175925925926,0.38082175925925926,41,7,435,152,587,171,152,323,26,14,3,0,0,5,39,0,5,38
github/gh-aw:.github/workflows/copilot-pr-nlp-analysis.md,github/gh-aw,.github/workflows/copilot-pr-nlp-analysis.md,github__gh-aw__4247220fe3d5/history.json,64,63,0,2025-11-04T19:45:47+00:00,2026-08-02T10:14:27+00:00,2026-08-04T11:31:21+00:00,272.65664351851854,270.6032407407407,2.053402777777778,2.997175925925926,0.058298611111111114,51,9,762,215,977,261,215,476,44,13,6,0,0,7,57,0,7,56
github/gh-aw:.github/workflows/copilot-pr-prompt-analysis.md,github/gh-aw,.github/workflows/copilot-pr-prompt-analysis.md,github__gh-aw__36c648d08dbd/history.json,60,59,0,2025-10-29T22:47:02+00:00,2026-07-27T06:18:51+00:00,2026-08-04T11:31:27+00:00,278.5308449074074,270.3137615740741,8.217083333333333,2.7507291666666664,0.024166666666666666,49,9,527,203,730,183,203,386,46,9,4,0,0,5,55,0,5,54
github/gh-aw:.github/workflows/copilot-session-insights.md,github/gh-aw,.github/workflows/copilot-session-insights.md,github__gh-aw__73e8a11af9ae/history.json,62,61,0,2025-10-31T22:08:33+00:00,2026-07-30T06:32:15+00:00,2026-08-04T11:42:23+00:00,276.56516203703706,271.34979166666665,5.21537037037037,2.790787037037037,0.1079050925925926,52,10,1543,912,2455,869,912,1781,41,10,10,0,0,3,59,0,3,58
github/gh-aw:.github/workflows/craft.md,github/gh-aw,.github/workflows/craft.md,github__gh-aw__1611eb1cb578/history.json,38,37,0,2025-10-29T16:18:34+00:00,2026-07-27T06:18:51+00:00,2026-08-04T11:31:29+00:00,278.8006365740741,270.5835300925926,8.217106481481482,4.332835648148148,0.9087384259259259,38,9,347,40,387,71,40,111,26,8,3,0,0,3,35,0,3,34
github/gh-aw:.github/workflows/daily-agent-of-the-day-blog-writer.md,github/gh-aw,.github/workflows/daily-agent-of-the-day-blog-writer.md,github__gh-aw__4dffffa28886/history.json,28,27,0,2026-05-13T16:50:09+00:00,2026-07-29T16:21:49+00:00,2026-08-04T11:30:54+00:00,82.77829861111111,76.98032407407408,5.797974537037037,1.6038657407407408,0.06234953703703704,22,3,322,57,379,94,57,151,16,6,5,0,0,1,26,0,1,25
github/gh-aw:.github/workflows/daily-agentrx-trace-optimizer.md,github/gh-aw,.github/workflows/daily-agentrx-trace-optimizer.md,github__gh-aw__ab12b76e3853/history.json,22,21,0,2026-05-12T20:50:18+00:00,2026-08-02T10:14:27+00:00,2026-08-04T11:31:02+00:00,83.61162037037037,81.5584375,2.0531828703703705,2.192627314814815,0.04366898148148148,19,4,342,60,402,182,60,242,12,6,3,0,0,0,22,0,0,21
github/gh-aw:.github/workflows/daily-ambient-context-optimizer.md,github/gh-aw,.github/workflows/daily-ambient-context-optimizer.md,github__gh-aw__2f7011dd5de5/history.json,23,22,0,2026-06-03T13:28:03+00:00,2026-08-03T00:59:12+00:00,2026-08-04T11:31:33+00:00,61.91909722222222,60.47996527777778,1.4391319444444444,1.4600810185185185,0.19179398148148147,15,3,590,68,658,293,68,361,12,5,5,0,0,2,21,0,2,20
github/gh-aw:.github/workflows/daily-architecture-diagram.md,github/gh-aw,.github/workflows/daily-architecture-diagram.md,github__gh-aw__219d814ece06/history.json,30,29,0,2026-02-25T19:38:25+00:00,2026-07-27T06:18:51+00:00,2026-08-04T11:31:22+00:00,159.66177083333332,151.44474537037038,8.217025462962964,2.8186458333333335,0.8997106481481482,26,6,296,39,335,120,39,159,24,3,2,0,0,3,27,0,2,27
github/gh-aw:.github/workflows/daily-arxiv-researcher.md,github/gh-aw,.github/workflows/daily-arxiv-researcher.md,github__gh-aw__b0250c5546b7/history.json,5,4,0,2026-08-01T19:44:51+00:00,2026-08-03T12:43:55+00:00,2026-08-04T11:30:49+00:00,2.6569212962962965,1.707685185185185,0.9492361111111111,0.5314699074074074,0.6269675925925926,3,1,393,44,437,90,44,134,2,1,1,0,0,1,4,0,1,3
github/gh-aw:.github/workflows/daily-assign-issue-to-user.md,github/gh-aw,.github/workflows/daily-assign-issue-to-user.md,github__gh-aw__74a2db667fef/history.json,34,33,0,2025-12-04T02:26:50+00:00,2026-08-03T23:14:56+00:00,2026-08-04T11:42:36+00:00,243.38594907407406,242.86673611111112,0.5192129629629629,3.5580555555555557,6.489791666666667,32,8,116,36,152,78,36,114,24,8,1,0,0,2,32,0,1,32
github/gh-aw:.github/workflows/daily-astrostylelite-markdown-spellcheck.md,github/gh-aw,.github/workflows/daily-astrostylelite-markdown-spellcheck.md,github__gh-aw__4fdb4a086eee/history.json,33,32,0,2026-04-20T05:42:44+00:00,2026-08-03T00:59:12+00:00,2026-08-04T11:42:33+00:00,106.24987268518518,104.80310185185185,1.4467708333333333,2.730636574074074,0.2864351851851852,26,5,429,49,478,190,49,239,28,2,2,0,0,8,25,0,8,24
github/gh-aw:.github/workflows/daily-aw-cross-repo-compile-check.md,github/gh-aw,.github/workflows/daily-aw-cross-repo-compile-check.md,github__gh-aw__b918b793fdc9/history.json,21,20,0,2026-04-17T04:50:19+00:00,2026-07-31T12:33:15+00:00,2026-08-04T11:42:32+00:00,109.28626157407408,105.32148148148148,3.9647800925925925,4.757702546296296,11.015243055555555,18,4,293,23,316,36,23,59,16,3,1,0,0,2,19,0,2,18
github/gh-aw:.github/workflows/daily-awf-spec-compiler-surfacing.md,github/gh-aw,.github/workflows/daily-awf-spec-compiler-surfacing.md,github__gh-aw__8b0523a4d4e0/history.json,9,8,0,2026-06-06T19:52:50+00:00,2026-08-02T00:18:42+00:00,2026-08-04T11:31:15+00:00,58.65167824074074,56.18462962962963,2.467048611111111,7.638848379629629,11.712430555555555,9,3,195,6,201,21,6,27,6,2,0,0,0,0,9,0,0,8
github/gh-aw:.github/workflows/daily-byok-ollama-test.md,github/gh-aw,.github/workflows/daily-byok-ollama-test.md,github__gh-aw__563c6c7f4f06/history.json,18,17,0,2026-05-28T15:15:07+00:00,2026-08-02T18:00:16+00:00,2026-08-04T11:31:39+00:00,67.84481481481481,66.1146875,1.7301273148148149,2.3137037037037036,3.0303935185185185,17,4,144,16,160,65,16,81,15,2,0,0,0,1,17,0,1,16
github/gh-aw:.github/workflows/daily-cache-strategy-analyzer.md,github/gh-aw,.github/workflows/daily-cache-strategy-analyzer.md,github__gh-aw__8dd7f56f8154/history.json,36,35,0,2026-04-25T11:37:21+00:00,2026-08-03T00:16:19+00:00,2026-08-04T11:42:40+00:00,101.00369212962963,99.52706018518519,1.4766319444444445,1.2785648148148148,1.2664236111111111,27,5,611,154,765,187,154,341,26,5,4,0,0,2,34,0,2,33
github/gh-aw:.github/workflows/daily-caveman-optimizer.md,github/gh-aw,.github/workflows/daily-caveman-optimizer.md,github__gh-aw__31d4815a1d5b/history.json,27,26,0,2026-04-29T12:47:03+00:00,2026-07-20T08:57:28+00:00,2026-08-04T11:42:28+00:00,96.95515046296296,81.84056712962963,15.114583333333334,2.0356828703703704,0.04783564814814815,20,4,284,26,310,62,26,88,21,5,0,0,0,2,25,0,2,24
github/gh-aw:.github/workflows/daily-cli-performance.md,github/gh-aw,.github/workflows/daily-cli-performance.md,github__gh-aw__d7c5c25333bb/history.json,55,54,0,2025-12-31T17:50:25+00:00,2026-08-03T00:59:12+00:00,2026-08-04T11:42:49+00:00,215.7447222222222,214.2977662037037,1.4469560185185186,2.7500925925925923,5.932118055555556,46,9,916,198,1114,376,198,574,38,14,2,0,0,4,51,0,4,50
github/gh-aw:.github/workflows/daily-cli-tools-tester.md,github/gh-aw,.github/workflows/daily-cli-tools-tester.md,github__gh-aw__5d93732fee77/history.json,32,31,0,2026-02-06T16:16:34+00:00,2026-07-20T08:57:28+00:00,2026-08-04T11:42:39+00:00,178.8097800925926,163.69506944444444,15.114710648148149,2.8186458333333335,0.009537037037037037,25,6,764,52,816,95,52,147,24,7,0,0,0,2,30,0,2,29
github/gh-aw:.github/workflows/daily-code-metrics.md,github/gh-aw,.github/workflows/daily-code-metrics.md,github__gh-aw__ecaa1919307c/history.json,63,62,0,2025-11-11T18:32:38+00:00,2026-07-20T08:57:28+00:00,2026-08-04T11:42:49+00:00,265.7154050925926,250.6005787037037,15.114826388888888,2.8000983796296297,1.389537037037037,55,9,1300,1013,2313,757,1013,1770,32,21,9,0,0,2,61,0,2,60
github/gh-aw:.github/workflows/daily-community-attribution.md,github/gh-aw,.github/workflows/daily-community-attribution.md,github__gh-aw__42388d88698d/history.json,39,38,0,2026-03-21T16:46:50+00:00,2026-07-26T08:33:45+00:00,2026-08-04T11:42:40+00:00,135.78877314814815,126.65758101851851,9.13119212962963,2.5084780092592593,0.0825,31,5,868,254,1122,649,254,903,22,6,10,0,0,2,35,0,2,34
github/gh-aw:.github/workflows/daily-compiler-quality.md,github/gh-aw,.github/workflows/daily-compiler-quality.md,github__gh-aw__7b9473a7785e/history.json,54,53,0,2026-01-13T14:27:36+00:00,2026-07-27T06:18:51+00:00,2026-08-04T11:42:57+00:00,202.88565972222221,194.66059027777777,8.225069444444445,1.956574074074074,6.205462962962963,44,7,933,189,1122,332,189,521,37,11,5,0,0,1,53,0,1,52
github/gh-aw:.github/workflows/daily-compiler-threat-spec-optimizer.md,github/gh-aw,.github/workflows/daily-compiler-threat-spec-optimizer.md,github__gh-aw__4114126ac98f/history.json,20,19,0,2026-05-07T03:25:50+00:00,2026-07-27T06:18:51+00:00,2026-08-04T11:42:38+00:00,89.345,81.12015046296297,8.224849537037038,3.083148148148148,1.3272222222222223,19,3,206,50,256,79,50,129,15,2,2,0,0,1,19,0,1,18
github/gh-aw:.github/workflows/daily-credit-limit-test.md,github/gh-aw,.github/workflows/daily-credit-limit-test.md,github__gh-aw__305812aaa749/history.json,8,7,0,2026-06-07T18:00:40+00:00,2026-07-22T12:37:17+00:00,2026-08-04T11:42:30+00:00,57.73738425925926,44.77542824074074,12.961956018518519,2.8186458333333335,0.00980324074074074,6,2,82,15,97,27,15,42,5,1,1,0,0,0,8,0,0,7
github/gh-aw:.github/workflows/daily-doc-healer.md,github/gh-aw,.github/workflows/daily-doc-healer.md,github__gh-aw__1bc9e6a1333c/history.json,44,43,0,2026-02-26T02:40:45+00:00,2026-08-02T00:18:42+00:00,2026-08-04T11:42:54+00:00,159.37649305555556,156.90135416666666,2.475138888888889,2.9464814814814817,14.49318287037037,37,7,422,91,513,215,91,306,29,12,2,0,0,1,43,0,1,42
github/gh-aw:.github/workflows/daily-doc-updater.md,github/gh-aw,.github/workflows/daily-doc-updater.md,github__gh-aw__d31fb6ec19db/history.json,77,76,0,2025-10-17T14:59:24+00:00,2026-08-02T15:25:17+00:00,2026-08-04T11:43:11+00:00,290.86373842592593,289.01797453703705,1.845763888888889,2.7500925925925923,2.153773148148148,71,11,521,134,655,312,134,446,47,23,6,0,0,2,75,0,2,74
github/gh-aw:.github/workflows/daily-elixir-credo-snippet-audit.md,github/gh-aw,.github/workflows/daily-elixir-credo-snippet-audit.md,github__gh-aw__803cae1847f1/history.json,3,2,0,2026-07-09T02:16:03+00:00,2026-07-20T08:57:28+00:00,2026-08-04T11:42:36+00:00,26.3934375,11.278761574074075,15.114675925925926,5.639380787037037,1.5562847222222222,3,1,143,1,144,6,1,7,2,0,0,0,0,0,3,0,0,2
github/gh-aw:.github/workflows/daily-evals-report.md,github/gh-aw,.github/workflows/daily-evals-report.md,github__gh-aw__e878ff399a49/history.json,4,3,0,2026-07-15T19:50:49+00:00,2026-08-03T12:43:15+00:00,2026-08-04T11:42:36+00:00,19.660960648148148,18.703078703703703,0.9578819444444444,3.5755555555555554,3.5755555555555554,4,2,256,6,262,14,6,20,2,1,0,0,0,0,4,0,0,3
github/gh-aw:.github/workflows/daily-experiment-report.md,github/gh-aw,.github/workflows/daily-experiment-report.md,github__gh-aw__6ed7e940a009/history.json,27,26,0,2026-05-01T20:02:30+00:00,2026-07-29T18:48:34+00:00,2026-08-04T11:42:52+00:00,94.65303240740741,88.94865740740741,5.704375,2.2627430555555557,0.08712962962962963,23,3,818,207,1025,606,207,813,17,6,3,0,0,1,26,0,1,25
github/gh-aw:.github/workflows/daily-fact.md,github/gh-aw,.github/workflows/daily-fact.md,github__gh-aw__260a66e59cc6/history.json,54,53,0,2025-11-25T16:00:41+00:00,2026-07-20T08:57:28+00:00,2026-08-04T11:43:10+00:00,251.8211689814815,236.70609953703703,15.115069444444444,2.629351851851852,0.10453703703703704,44,9,241,71,312,150,71,221,43,7,3,0,0,2,52,0,2,51
github/gh-aw:.github/workflows/daily-file-diet.md,github/gh-aw,.github/workflows/daily-file-diet.md,github__gh-aw__da9b5e4091a7/history.json,52,51,0,2025-11-15T13:36:21+00:00,2026-07-20T08:57:28+00:00,2026-08-04T11:43:07+00:00,261.9213657407407,246.8063310185185,15.115034722222223,2.6919328703703704,3.135011574074074,45,9,564,265,829,319,265,584,36,9,6,0,0,6,46,0,6,45
github/gh-aw:.github/workflows/daily-firewall-report.md,github/gh-aw,.github/workflows/daily-firewall-report.md,github__gh-aw__2b53fb88056d/history.json,70,69,0,2025-10-24T22:49:34+00:00,2026-08-01T04:29:25+00:00,2026-08-04T11:43:15+00:00,283.5372800925926,280.23600694444445,3.301273148148148,2.850740740740741,2.681539351851852,61,11,1419,1063,2482,1283,1063,2346,39,18,12,0,0,6,64,0,6,63
github/gh-aw:.github/workflows/daily-formal-spec-verifier.md,github/gh-aw,.github/workflows/daily-formal-spec-verifier.md,github__gh-aw__91aa3be73037/history.json,14,13,0,2026-06-06T21:44:52+00:00,2026-07-27T06:18:51+00:00,2026-08-04T11:42:47+00:00,58.581886574074076,50.35693287037037,8.224953703703704,1.9626041666666667,6.865081018518518,13,2,341,10,351,34,10,44,6,6,1,0,0,0,14,0,0,13
github/gh-aw:.github/workflows/daily-function-namer.md,github/gh-aw,.github/workflows/daily-function-namer.md,github__gh-aw__c994507941ad/history.json,34,33,0,2026-03-13T00:28:28+00:00,2026-07-19T09:39:37+00:00,2026-08-04T11:43:03+00:00,144.46846064814815,128.38274305555555,16.08571759259259,2.475416666666667,2.794849537037037,29,5,630,187,817,258,187,445,25,6,2,0,0,1,33,0,1,32
github/gh-aw:.github/workflows/daily-geo-optimizer.md,github/gh-aw,.github/workflows/daily-geo-optimizer.md,github__gh-aw__202c18d26143/history.json,31,30,0,2026-05-04T04:35:20+00:00,2026-08-03T00:59:12+00:00,2026-08-04T11:43:05+00:00,92.29704861111111,90.84990740740741,1.4471412037037037,2.3559722222222224,2.2891898148148146,28,4,336,38,374,114,38,152,25,3,2,0,0,5,26,0,5,25
github/gh-aw:.github/workflows/daily-github-docs-seo-optimizer.md,github/gh-aw,.github/workflows/daily-github-docs-seo-optimizer.md,github__gh-aw__3497110b34f2/history.json,6,5,0,2026-07-25T10:52:21+00:00,2026-08-02T00:18:42+00:00,2026-08-04T11:42:50+00:00,10.03505787037037,7.559965277777778,2.4750925925925924,1.7041666666666666,0.014027777777777778,4,2,166,48,214,17,48,65,3,1,1,0,0,0,6,0,0,5
github/gh-aw:.github/workflows/daily-go-test-parallelizer.md,github/gh-aw,.github/workflows/daily-go-test-parallelizer.md,github__gh-aw__0dd66324298c/history.json,3,2,0,2026-07-27T04:58:37+00:00,2026-08-03T12:46:13+00:00,2026-08-04T11:42:50+00:00,8.280706018518519,7.324722222222222,0.9559837962962963,3.662361111111111,3.0857407407407407,3,2,115,10,125,34,10,44,1,0,1,0,0,0,3,0,0,2
github/gh-aw:.github/workflows/daily-graft-intelligence.md,github/gh-aw,.github/workflows/daily-graft-intelligence.md,github__gh-aw__312cc15decd1/history.json,1,0,1,2026-07-29T13:08:59+00:00,2026-07-29T13:08:59+00:00,2026-08-04T11:42:50+00:00,5.940173611111111,0.0,5.940173611111111,,,1,1,121,0,121,0,0,0,0,0,0,0,0,0,1,0,0,0
github/gh-aw:.github/workflows/daily-hippo-learn.md,github/gh-aw,.github/workflows/daily-hippo-learn.md,github__gh-aw__a5ca7835d173/history.json,27,26,0,2026-04-13T23:47:45+00:00,2026-07-20T08:57:28+00:00,2026-08-04T11:43:09+00:00,112.49680555555555,97.38174768518519,15.11505787037037,1.9960011574074075,2.8379050925925924,23,4,242,30,272,82,30,112,22,3,1,0,0,2,25,0,2,24
github/gh-aw:.github/workflows/daily-issues-report.md,github/gh-aw,.github/workflows/daily-issues-report.md,github__gh-aw__8889b187d47d/history.json,65,64,0,2025-11-26T05:58:13+00:00,2026-07-27T06:18:51+00:00,2026-08-04T11:43:29+00:00,251.23976851851853,243.0143287037037,8.225439814814814,3.0377314814814813,1.5108796296296296,57,9,514,103,617,163,103,266,47,13,4,0,0,2,63,0,2,62
github/gh-aw:.github/workflows/daily-malicious-code-scan.md,github/gh-aw,.github/workflows/daily-malicious-code-scan.md,github__gh-aw__33022a743b38/history.json,39,38,0,2025-11-23T20:27:42+00:00,2026-07-27T06:18:51+00:00,2026-08-04T11:43:21+00:00,253.63586805555556,245.41052083333332,8.225347222222222,4.4928182870370375,0.14020833333333332,34,8,504,120,624,194,120,314,31,7,0,0,0,1,38,0,1,37
github/gh-aw:.github/workflows/daily-max-ai-credits-test.md,github/gh-aw,.github/workflows/daily-max-ai-credits-test.md,github__gh-aw__355ccd89cd9e/history.json,12,11,0,2026-06-07T19:53:22+00:00,2026-08-02T01:11:44+00:00,2026-08-04T11:42:59+00:00,57.65945601851852,55.22108796296296,2.4383680555555554,2.1338773148148147,0.04590277777777778,10,3,109,31,140,54,31,85,7,3,1,0,0,0,12,0,0,11
github/gh-aw:.github/workflows/daily-mcp-concurrency-analysis.md,github/gh-aw,.github/workflows/daily-mcp-concurrency-analysis.md,github__gh-aw__a8a1e5a38e3b/history.json,36,35,0,2026-02-06T14:05:35+00:00,2026-07-27T06:18:51+00:00,2026-08-04T11:43:17+00:00,178.90118055555556,170.67587962962963,8.225300925925925,2.8947569444444445,0.9672453703703704,31,6,707,116,823,168,116,284,26,7,2,0,0,2,34,0,2,33
github/gh-aw:.github/workflows/daily-model-inventory.md,github/gh-aw,.github/workflows/daily-model-inventory.md,github__gh-aw__c6ade1661ccd/history.json,37,36,0,2026-05-03T20:03:36+00:00,2026-07-28T13:57:20+00:00,2026-08-04T11:43:19+00:00,92.65258101851852,85.74564814814815,6.906932870370371,1.5752546296296295,0.07212962962962963,31,3,1234,452,1686,877,452,1329,15,6,15,0,0,2,35,0,2,34
github/gh-aw:.github/workflows/daily-model-resolution.md,github/gh-aw,.github/workflows/daily-model-resolution.md,github__gh-aw__e10277927800/history.json,12,11,0,2026-06-24T01:15:59+00:00,2026-08-02T00:18:42+00:00,2026-08-04T11:43:06+00:00,41.43549768518518,38.96021990740741,2.475277777777778,1.9093171296296296,0.5315625,9,3,366,13,379,14,13,27,7,3,1,0,0,0,12,0,0,11
github/gh-aw:.github/workflows/daily-multi-device-docs-tester.md,github/gh-aw,.github/workflows/daily-multi-device-docs-tester.md,github__gh-aw__d6e02197237a/history.json,61,60,0,2025-11-12T15:07:17+00:00,2026-08-02T18:00:16+00:00,2026-08-04T11:43:37+00:00,264.8585648148148,263.1201273148148,1.7384375,2.7466840277777775,0.14150462962962962,54,10,761,443,1204,521,443,964,38,8,14,0,0,3,58,0,2,58
github/gh-aw:.github/workflows/daily-news.md,github/gh-aw,.github/workflows/daily-news.md,github__gh-aw__cc03d23fbc1e/history.json,79,78,0,2025-10-10T16:29:41+00:00,2026-07-28T07:30:39+00:00,2026-08-04T11:43:44+00:00,297.8014236111111,290.6256712962963,7.175752314814815,2.7500925925925923,7.1340625,64,10,841,333,1174,839,332,1171,60,13,5,0,0,5,74,0,4,74
github/gh-aw:.github/workflows/daily-observability-report.md,github/gh-aw,.github/workflows/daily-observability-report.md,github__gh-aw__e8f338df5865/history.json,47,46,0,2026-01-17T21:13:11+00:00,2026-08-01T22:34:11+00:00,2026-08-04T11:43:36+00:00,198.6044560185185,196.05625,2.5482060185185187,2.6676736111111112,0.3520138888888889,42,8,669,231,900,329,231,560,26,17,3,0,0,2,45,0,2,44
github/gh-aw:.github/workflows/daily-performance-summary.md,github/gh-aw,.github/workflows/daily-performance-summary.md,github__gh-aw__ba3b4b86bb58/history.json,50,49,0,2025-11-28T23:39:34+00:00,2026-07-30T07:46:04+00:00,2026-08-04T11:43:38+00:00,248.50282407407408,243.33784722222222,5.1649768518518515,3.0605671296296295,0.1454050925925926,46,9,1066,550,1616,579,550,1129,34,10,5,0,0,1,49,0,1,48
github/gh-aw:.github/workflows/daily-regulatory.md,github/gh-aw,.github/workflows/daily-regulatory.md,github__gh-aw__a40e2afa9f1f/history.json,32,31,0,2026-01-17T21:22:46+00:00,2026-07-20T08:57:28+00:00,2026-08-04T11:43:31+00:00,198.59774305555555,183.48243055555557,15.1153125,6.030706018518519,0.3453587962962963,30,7,591,123,714,234,123,357,16,13,2,0,0,1,31,0,1,30
github/gh-aw:.github/workflows/daily-reliability-review.md,github/gh-aw,.github/workflows/daily-reliability-review.md,github__gh-aw__01d26202d6eb/history.json,8,7,0,2026-05-20T08:35:21+00:00,2026-07-23T14:41:00+00:00,2026-08-04T11:43:17+00:00,76.13050925925926,64.2539236111111,11.876585648148149,6.803900462962963,0.14715277777777777,7,3,157,3,160,28,3,31,4,3,0,0,0,1,7,0,0,7
github/gh-aw:.github/workflows/daily-rendering-scripts-verifier.md,github/gh-aw,.github/workflows/daily-rendering-scripts-verifier.md,github__gh-aw__bc1d62cbafa7/history.json,34,33,0,2026-02-21T11:31:40+00:00,2026-07-28T21:54:36+00:00,2026-08-04T11:43:36+00:00,164.00828703703704,157.43259259259258,6.575694444444444,2.7048958333333335,2.7039351851851854,26,6,517,81,598,150,81,231,21,12,0,0,0,2,32,0,2,31
github/gh-aw:.github/workflows/daily-repo-chronicle.md,github/gh-aw,.github/workflows/daily-repo-chronicle.md,github__gh-aw__62c7ad3d413d/history.json,54,53,0,2025-10-24T16:55:12+00:00,2026-07-27T06:18:51+00:00,2026-08-04T11:43:46+00:00,283.78372685185184,275.55809027777775,8.225636574074073,2.997175925925926,0.018344907407407407,47,10,372,120,492,294,120,414,41,9,3,0,0,5,49,0,4,49
github/gh-aw:.github/workflows/daily-safe-output-integrator.md,github/gh-aw,.github/workflows/daily-safe-output-integrator.md,github__gh-aw__1c3e77d835cf/history.json,29,28,0,2026-03-17T16:43:26+00:00,2026-07-27T06:18:51+00:00,2026-08-04T11:43:36+00:00,139.7917824074074,131.56626157407408,8.225520833333333,3.0153530092592593,18.37738425925926,24,5,875,722,1597,136,722,858,18,5,5,0,0,1,28,0,1,27
github/gh-aw:.github/workflows/daily-safe-output-optimizer.md,github/gh-aw,.github/workflows/daily-safe-output-optimizer.md,github__gh-aw__cd2e56466bd4/history.json,39,38,0,2026-01-15T15:26:53+00:00,2026-07-30T05:44:13+00:00,2026-08-04T11:43:40+00:00,200.84498842592592,195.59537037037038,5.249618055555556,3.3367939814814815,6.310763888888889,33,7,578,115,693,162,115,277,26,10,2,0,0,3,36,0,3,35
github/gh-aw:.github/workflows/daily-safe-outputs-conformance.md,github/gh-aw,.github/workflows/daily-safe-outputs-conformance.md,github__gh-aw__2bfb0174ba94/history.json,25,24,0,2026-02-14T18:30:09+00:00,2026-07-20T08:57:28+00:00,2026-08-04T11:43:37+00:00,170.7176851851852,155.60230324074075,15.115381944444444,5.753616898148149,3.0644791666666666,22,6,341,44,385,73,44,117,15,9,0,0,0,2,23,0,2,22
github/gh-aw:.github/workflows/daily-safeoutputs-git-simulator.md,github/gh-aw,.github/workflows/daily-safeoutputs-git-simulator.md,github__gh-aw__866c97f6a7d6/history.json,7,6,0,2026-06-09T12:38:55+00:00,2026-08-02T00:18:42+00:00,2026-08-04T11:43:25+00:00,55.96145833333333,53.48596064814815,2.4754976851851853,7.896944444444444,9.013761574074074,7,3,573,0,573,25,0,25,4,2,0,0,0,0,7,0,0,6
github/gh-aw:.github/workflows/daily-secrets-analysis.md,github/gh-aw,.github/workflows/daily-secrets-analysis.md,github__gh-aw__47c13f93d907/history.json,35,34,0,2026-01-06T03:20:07+00:00,2026-07-27T06:18:51+00:00,2026-08-04T11:43:52+00:00,210.34982638888889,202.12412037037038,8.225706018518519,4.908368055555556,8.399027777777778,33,7,441,126,567,145,126,271,18,14,2,0,0,2,33,0,2,32
github/gh-aw:.github/workflows/daily-security-observability.md,github/gh-aw,.github/workflows/daily-security-observability.md,github__gh-aw__3b86ff8bf776/history.json,23,22,0,2026-04-28T01:24:29+00:00,2026-07-30T10:09:08+00:00,2026-08-04T11:43:46+00:00,98.43005787037038,93.36434027777777,5.065717592592593,2.8227430555555557,0.15818287037037038,19,4,390,185,575,189,70,259,15,3,4,0,0,1,22,0,1,21
github/gh-aw:.github/workflows/daily-security-red-team.md,github/gh-aw,.github/workflows/daily-security-red-team.md,github__gh-aw__4290b40cd791/history.json,25,24,0,2026-02-14T16:05:33+00:00,2026-07-28T11:54:57+00:00,2026-08-04T11:43:49+00:00,170.81824074074075,163.82597222222222,6.992268518518519,3.0718692129629632,5.955682870370371,22,5,1048,218,1266,212,218,430,19,3,2,0,0,1,24,0,1,23
github/gh-aw:.github/workflows/daily-semgrep-scan.md,github/gh-aw,.github/workflows/daily-semgrep-scan.md,github__gh-aw__3ebb4e2a9871/history.json,24,23,0,2026-01-23T12:06:23+00:00,2026-08-02T13:55:45+00:00,2026-08-04T11:43:53+00:00,192.984375,191.07594907407406,1.908425925925926,6.7801273148148145,4.375381944444444,23,7,108,15,123,91,15,106,17,5,1,0,0,1,23,0,1,22
github/gh-aw:.github/workflows/daily-sentrux-report.md,github/gh-aw,.github/workflows/daily-sentrux-report.md,github__gh-aw__e2058b24c516/history.json,14,13,0,2026-04-28T20:51:52+00:00,2026-07-27T06:18:51+00:00,2026-08-04T11:43:47+00:00,97.61938657407407,89.39373842592593,8.225648148148148,6.381180555555556,0.7517361111111112,14,4,168,8,176,29,8,37,10,3,0,0,0,1,13,0,1,12
github/gh-aw:.github/workflows/daily-skill-optimizer.md,github/gh-aw,.github/workflows/daily-skill-optimizer.md,github__gh-aw__0b713a2e7962/history.json,30,29,0,2026-04-23T03:12:30+00:00,2026-08-03T00:59:12+00:00,2026-08-04T11:43:58+00:00,103.35518518518519,101.90743055555555,1.4477546296296295,2.7105439814814813,0.1182175925925926,25,5,298,56,354,124,56,180,25,2,2,0,0,7,23,0,7,22
github/gh-aw:.github/workflows/daily-spdd-spec-planner.md,github/gh-aw,.github/workflows/daily-spdd-spec-planner.md,github__gh-aw__2974d851a2c1/history.json,18,17,0,2026-05-06T19:42:28+00:00,2026-07-30T07:02:05+00:00,2026-08-04T11:43:48+00:00,89.6675925925926,84.47195601851851,5.195636574074074,3.0300231481481483,1.1971643518518518,16,3,185,11,196,65,11,76,11,4,2,0,0,1,17,0,1,16
github/gh-aw:.github/workflows/daily-spending-forecast.md,github/gh-aw,.github/workflows/daily-spending-forecast.md,github__gh-aw__38303157ac58/history.json,6,5,0,2026-07-28T14:52:04+00:00,2026-08-03T12:46:52+00:00,2026-08-04T11:43:40+00:00,6.869166666666667,5.913055555555555,0.9561111111111111,1.383923611111111,0.2245023148148148,4,2,317,15,332,178,15,193,2,1,2,0,0,0,6,0,0,5
github/gh-aw:.github/workflows/daily-squid-image-scan.md,github/gh-aw,.github/workflows/daily-squid-image-scan.md,github__gh-aw__689b9805ee33/history.json,7,6,0,2026-07-22T22:59:31+00:00,2026-07-30T07:02:05+00:00,2026-08-04T11:43:43+00:00,12.530694444444444,7.335115740740741,5.195578703703704,0.6332928240740741,0.017465277777777777,5,1,512,418,930,75,418,493,4,1,1,0,0,1,6,0,1,5
github/gh-aw:.github/workflows/daily-syntax-error-quality.md,github/gh-aw,.github/workflows/daily-syntax-error-quality.md,github__gh-aw__5f5a2c3d05d5/history.json,47,46,0,2026-02-04T23:37:24+00:00,2026-07-29T09:41:50+00:00,2026-08-04T11:44:10+00:00,180.50469907407407,174.41974537037038,6.084953703703704,2.3373784722222224,2.570150462962963,39,6,971,624,1595,287,624,911,27,13,6,0,0,3,44,0,3,43
github/gh-aw:.github/workflows/daily-team-evolution-insights.md,github/gh-aw,.github/workflows/daily-team-evolution-insights.md,github__gh-aw__f3dd0987bd97/history.json,33,32,0,2026-01-12T22:06:52+00:00,2026-07-23T14:41:00+00:00,2026-08-04T11:44:00+00:00,203.5674537037037,191.69037037037037,11.877083333333333,2.952841435185185,4.853043981481481,29,7,485,174,659,257,174,431,19,11,2,0,0,1,32,0,1,31
github/gh-aw:.github/workflows/daily-team-status.md,github/gh-aw,.github/workflows/daily-team-status.md,github__gh-aw__4c110f93d152/history.json,31,30,0,2025-11-14T07:05:27+00:00,2026-06-30T22:17:32+00:00,2026-08-04T11:44:00+00:00,263.1934375,228.6333912037037,34.5600462962963,4.47228587962963,0.7749768518518518,29,8,452,382,834,410,382,792,18,8,4,0,0,3,28,0,2,28
github/gh-aw:.github/workflows/daily-testify-uber-super-expert.md,github/gh-aw,.github/workflows/daily-testify-uber-super-expert.md,github__gh-aw__7afe4a6ad6b5/history.json,39,38,0,2026-01-14T00:46:17+00:00,2026-07-27T06:18:51+00:00,2026-08-04T11:44:09+00:00,202.45685185185187,194.23094907407406,8.225902777777778,3.000324074074074,7.922291666666666,34,7,720,589,1309,204,589,793,25,11,2,0,0,1,38,0,1,37
github/gh-aw:.github/workflows/daily-token-consumption-report.md,github/gh-aw,.github/workflows/daily-token-consumption-report.md,github__gh-aw__21b57c62a5e7/history.json,17,16,0,2026-04-22T22:46:09+00:00,2026-07-30T07:02:05+00:00,2026-08-04T11:43:58+00:00,103.54015046296297,98.34439814814814,5.195752314814815,4.126423611111111,5.092361111111111,14,4,304,72,376,125,72,197,10,5,1,0,0,1,16,0,1,15
github/gh-aw:.github/workflows/daily-vulnhunter-scan.md,github/gh-aw,.github/workflows/daily-vulnhunter-scan.md,github__gh-aw__3d2a1f876cd4/history.json,7,6,0,2026-07-20T07:25:44+00:00,2026-07-28T11:54:57+00:00,2026-08-04T11:43:51+00:00,15.179247685185185,8.186956018518519,6.992291666666667,1.1823784722222221,1.008888888888889,6,1,145,12,157,18,12,30,4,2,0,0,0,1,6,0,1,5
github/gh-aw:.github/workflows/daily-windows-terminal-integration-builder.md,github/gh-aw,.github/workflows/daily-windows-terminal-integration-builder.md,github__gh-aw__232dcce8b0b6/history.json,6,5,0,2026-06-08T15:34:12+00:00,2026-07-30T07:02:05+00:00,2026-08-04T11:43:50+00:00,56.84002314814815,51.644363425925924,5.1956597222222225,8.862118055555555,1.0299189814814815,6,2,87,3,90,28,3,31,3,2,0,0,0,0,6,0,0,5
github/gh-aw:.github/workflows/daily-workflow-updater.md,github/gh-aw,.github/workflows/daily-workflow-updater.md,github__gh-aw__2a4d6f080f83/history.json,35,34,0,2025-12-05T15:37:13+00:00,2026-07-30T07:02:05+00:00,2026-08-04T11:44:11+00:00,241.8381712962963,236.6422685185185,5.1959027777777775,3.7928125,4.940914351851852,33,8,260,32,292,60,32,92,26,8,0,0,0,1,34,0,1,33
github/gh-aw:.github/workflows/daily-yamllint-fixer.md,github/gh-aw,.github/workflows/daily-yamllint-fixer.md,github__gh-aw__adffca82e117/history.json,9,8,0,2026-06-26T02:53:35+00:00,2026-07-24T05:48:33+00:00,2026-08-04T11:43:53+00:00,39.36826388888889,28.12150462962963,11.246759259259258,2.543368055555556,4.100150462962963,8,2,333,11,344,19,11,30,7,1,0,0,0,1,8,0,1,7
github/gh-aw:.github/workflows/dataflow-pr-discussion-dataset.md,github/gh-aw,.github/workflows/dataflow-pr-discussion-dataset.md,github__gh-aw__e49738b0437c/history.json,12,11,0,2026-05-22T04:47:11+00:00,2026-08-03T16:44:16+00:00,2026-08-04T11:43:58+00:00,74.28943287037038,73.49797453703704,0.7914583333333334,4.1084606481481485,1.4333449074074074,12,4,986,258,1244,348,258,606,5,1,5,0,0,1,11,0,1,10
github/gh-aw:.github/workflows/dead-code-remover.md,github/gh-aw,.github/workflows/dead-code-remover.md,github__gh-aw__2c9a6ae186a9/history.json,21,20,0,2026-03-01T20:35:39+00:00,2026-07-27T06:18:51+00:00,2026-08-04T11:44:07+00:00,155.63087962962962,147.405,8.22587962962963,6.391163194444445,11.913969907407408,20,5,360,122,482,124,122,246,17,3,0,0,0,1,20,0,1,19
github/gh-aw:.github/workflows/deep-report.md,github/gh-aw,.github/workflows/deep-report.md,github__gh-aw__5cb124585a5e/history.json,49,48,0,2025-11-26T01:54:07+00:00,2026-08-03T16:58:30+00:00,2026-08-04T11:44:21+00:00,251.40988425925926,250.62804398148148,0.7818402777777778,3.571550925925926,0.43939814814814815,41,10,384,236,620,378,230,608,27,11,10,0,0,3,46,0,3,45
github/gh-aw:.github/workflows/deepsec-security-scan.md,github/gh-aw,.github/workflows/deepsec-security-scan.md,github__gh-aw__447e4e5bc6e2/history.json,6,5,0,2026-07-20T10:06:25+00:00,2026-08-03T00:59:12+00:00,2026-08-04T11:43:57+00:00,15.06773148148148,13.619988425925927,1.4477430555555555,2.651261574074074,1.169664351851852,5,2,159,9,168,12,9,21,5,0,0,0,0,2,4,0,2,3
github/gh-aw:.github/workflows/delight.md,github/gh-aw,.github/workflows/delight.md,github__gh-aw__47b8793d8f3a/history.json,42,41,0,2026-01-16T15:52:00+00:00,2026-07-29T22:27:08+00:00,2026-08-04T11:44:21+00:00,199.82802083333334,194.27439814814815,5.553622685185185,3.0034722222222223,0.04482638888888889,34,7,1024,443,1467,475,443,918,25,7,9,0,0,2,40,0,2,39
github/gh-aw:.github/workflows/dependabot-burner.md,github/gh-aw,.github/workflows/dependabot-burner.md,github__gh-aw__67e1f08ea4fe/history.json,39,38,0,2026-01-29T13:40:30+00:00,2026-08-03T00:59:12+00:00,2026-08-04T11:44:20+00:00,186.9193287037037,185.47131944444445,1.4480092592592593,1.4847337962962963,0.03386574074074074,26,8,911,411,1322,707,411,1118,22,7,9,0,0,19,20,0,18,20
github/gh-aw:.github/workflows/dependabot-go-checker.md,github/gh-aw,.github/workflows/dependabot-go-checker.md,github__gh-aw__39220b6b5862/history.json,30,29,0,2025-11-06T17:44:32+00:00,2026-07-16T12:17:42+00:00,2026-08-04T11:44:17+00:00,270.7498263888889,251.7730324074074,18.97679398148148,7.024375,0.4644097222222222,28,8,709,90,799,577,90,667,19,5,5,0,0,2,28,0,2,27
github/gh-aw:.github/workflows/deployment-incident-monitor.md,github/gh-aw,.github/workflows/deployment-incident-monitor.md,github__gh-aw__b7aeab3fbd82/history.json,15,14,0,2026-04-26T16:13:00+00:00,2026-07-30T06:32:15+00:00,2026-08-04T11:44:10+00:00,99.81331018518519,94.59670138888889,5.216608796296296,5.408547453703704,4.435914351851852,14,4,97,13,110,38,13,51,12,1,1,0,0,1,14,0,1,13
github/gh-aw:.github/workflows/design-decision-gate.md,github/gh-aw,.github/workflows/design-decision-gate.md,github__gh-aw__7d6b1e3a6041/history.json,41,40,0,2026-04-08T17:04:36+00:00,2026-07-30T07:52:45+00:00,2026-08-04T11:44:21+00:00,117.77760416666666,112.61677083333333,5.160833333333334,1.337633101851852,0.3956365740740741,33,4,673,199,872,295,199,494,23,9,8,0,0,2,39,0,2,38
github/gh-aw:.github/workflows/designer-drift-audit.md,github/gh-aw,.github/workflows/designer-drift-audit.md,github__gh-aw__ef6a297b257d/history.json,10,9,0,2026-06-04T04:21:57+00:00,2026-08-02T00:18:42+00:00,2026-08-04T11:44:05+00:00,61.307037037037034,58.83107638888889,2.475960648148148,4.430219907407407,3.485775462962963,10,3,232,10,242,28,10,38,7,2,0,0,0,1,9,0,0,9
github/gh-aw:.github/workflows/detection-analysis-report.md,github/gh-aw,.github/workflows/detection-analysis-report.md,github__gh-aw__43a12fd770ca/history.json,8,7,0,2026-06-26T22:04:49+00:00,2026-07-30T07:02:05+00:00,2026-08-04T11:44:04+00:00,38.56892361111111,33.37310185185185,5.1958217592592595,4.468981481481482,7.212256944444444,8,2,280,71,351,80,71,151,3,4,0,0,0,0,8,0,0,7
github/gh-aw:.github/workflows/dev-hawk.md,github/gh-aw,.github/workflows/dev-hawk.md,github__gh-aw__b1cc5fd8eb07/history.json,37,36,0,2025-10-19T19:56:40+00:00,2026-07-28T21:46:02+00:00,2026-08-04T11:44:28+00:00,288.65819444444446,282.07594907407406,6.58224537037037,5.399693287037037,8.200428240740742,35,9,422,158,580,287,158,445,26,7,3,0,0,4,33,0,4,32
github/gh-aw:.github/workflows/dev.md,github/gh-aw,.github/workflows/dev.md,github__gh-aw__2442461b397b/history.json,132,131,0,2025-09-14T15:57:39+00:00,2026-07-30T07:02:05+00:00,2026-08-04T11:45:18+00:00,323.82475694444446,318.6280787037037,5.196678240740741,0.9344675925925926,0.054293981481481485,90,11,1432,1364,2796,1427,1362,2789,63,9,59,0,0,31,100,0,30,100
github/gh-aw:.github/workflows/developer-docs-consolidator.md,github/gh-aw,.github/workflows/developer-docs-consolidator.md,github__gh-aw__54f1f612eecc/history.json,49,48,0,2025-11-06T17:32:35+00:00,2026-07-30T07:02:05+00:00,2026-08-04T11:44:34+00:00,270.7583217592593,265.5621527777778,5.196168981481481,3.190590277777778,0.5681481481481482,47,9,832,253,1085,252,253,505,32,11,5,0,0,3,46,0,3,45
github/gh-aw:.github/workflows/dictation-prompt.md,github/gh-aw,.github/workflows/dictation-prompt.md,github__gh-aw__5c49731a39e6/history.json,49,48,0,2025-10-22T18:44:27+00:00,2026-07-30T07:02:05+00:00,2026-08-04T11:44:39+00:00,285.7084722222222,280.51224537037035,5.1962268518518515,4.030439814814814,0.025833333333333333,45,10,544,363,907,283,363,646,25,21,2,0,0,5,44,0,5,43
github/gh-aw:.github/workflows/discussion-task-miner.md,github/gh-aw,.github/workflows/discussion-task-miner.md,github__gh-aw__7aadfaf52c49/history.json,39,38,0,2026-01-09T00:04:18+00:00,2026-07-28T21:46:02+00:00,2026-08-04T11:44:37+00:00,207.4863310185185,200.90398148148148,6.582349537037037,3.1395601851851853,12.61417824074074,34,7,431,86,517,110,86,196,29,4,5,0,0,3,36,0,3,35
github/gh-aw:.github/workflows/docs-noob-tester.md,github/gh-aw,.github/workflows/docs-noob-tester.md,github__gh-aw__25d4ea8cd1cf/history.json,51,50,0,2025-11-15T23:41:53+00:00,2026-08-03T11:03:35+00:00,2026-08-04T11:44:40+00:00,261.50193287037035,260.4734027777778,1.0285300925925926,3.459716435185185,0.7579050925925926,50,10,473,211,684,284,211,495,34,6,10,0,0,3,48,0,3,47
github/gh-aw:.github/workflows/draft-pr-cleanup.md,github/gh-aw,.github/workflows/draft-pr-cleanup.md,github__gh-aw__cf5fe17ff2df/history.json,23,22,0,2026-01-28T05:36:55+00:00,2026-07-27T06:18:51+00:00,2026-08-04T11:44:30+00:00,188.2552662037037,180.02912037037038,8.226145833333334,7.740538194444445,10.430266203703704,23,6,310,30,340,60,30,90,15,7,0,0,0,1,22,0,1,21
github/gh-aw:.github/workflows/duplicate-code-detector.md,github/gh-aw,.github/workflows/duplicate-code-detector.md,github__gh-aw__f44b26568533/history.json,44,43,0,2025-10-07T06:29:50+00:00,2026-08-02T15:25:17+00:00,2026-08-04T11:44:41+00:00,301.2186458333333,299.3718402777778,1.8468055555555556,3.9765972222222223,0.48899305555555556,35,11,429,141,570,187,141,328,33,9,1,0,0,5,39,0,5,38
github/gh-aw:.github/workflows/eslint-miner.md,github/gh-aw,.github/workflows/eslint-miner.md,github__gh-aw__1df25a019051/history.json,5,4,0,2026-06-27T22:21:12+00:00,2026-07-30T07:02:05+00:00,2026-08-04T11:44:24+00:00,37.55777777777778,32.361724537037034,5.196053240740741,1.8538136574074076,0.17315972222222223,4,2,119,9,128,20,9,29,3,0,1,0,0,0,5,0,0,4
github/gh-aw:.github/workflows/eslint-monster.md,github/gh-aw,.github/workflows/eslint-monster.md,github__gh-aw__5ffca795e8d3/history.json,7,6,0,2026-06-27T22:21:12+00:00,2026-08-02T15:25:17+00:00,2026-08-04T11:44:24+00:00,37.55777777777778,35.71116898148148,1.8466087962962963,4.919826388888889,0.17315972222222223,6,3,137,7,144,15,7,22,6,0,0,0,0,0,7,0,0,6
github/gh-aw:.github/workflows/eslint-refiner.md,github/gh-aw,.github/workflows/eslint-refiner.md,github__gh-aw__81819671d15e/history.json,5,4,0,2026-06-27T22:21:12+00:00,2026-07-30T07:02:05+00:00,2026-08-04T11:44:25+00:00,37.55778935185185,32.361724537037034,5.1960648148148145,4.575700231481481,0.17315972222222223,4,2,108,7,115,15,7,22,2,1,1,0,0,0,5,0,0,4
github/gh-aw:.github/workflows/evoskill-evolver.md,github/gh-aw,.github/workflows/evoskill-evolver.md,github__gh-aw__ea59781b7791/history.json,1,0,1,2026-07-28T20:21:03+00:00,2026-07-28T20:21:03+00:00,2026-08-04T11:44:22+00:00,6.64119212962963,0.0,6.64119212962963,,,1,1,196,0,196,0,0,0,0,0,0,0,0,0,1,0,0,0
github/gh-aw:.github/workflows/example-failure-category-filter.md,github/gh-aw,.github/workflows/example-failure-category-filter.md,github__gh-aw__0b90e1f4006c/history.json,3,2,0,2026-06-17T14:38:55+00:00,2026-06-28T18:46:18+00:00,2026-08-04T11:44:25+00:00,47.878819444444446,11.171793981481482,36.70702546296296,5.58589699074074,0.9304282407407407,3,1,79,0,79,6,0,6,2,0,0,0,0,0,3,0,0,2
github/gh-aw:.github/workflows/example-permissions-warning.md,github/gh-aw,.github/workflows/example-permissions-warning.md,github__gh-aw__e5583d21b4cb/history.json,18,17,0,2025-10-31T04:13:41+00:00,2026-06-28T18:46:18+00:00,2026-08-04T11:44:37+00:00,277.3131481481482,240.6059837962963,36.70716435185185,10.24136574074074,14.779143518518518,16,8,68,30,98,42,30,72,15,0,2,0,0,2,16,0,2,15
github/gh-aw:.github/workflows/example-workflow-analyzer.md,github/gh-aw,.github/workflows/example-workflow-analyzer.md,github__gh-aw__aa536b6649b6/history.json,36,35,0,2025-10-14T06:57:25+00:00,2026-07-15T03:24:58+00:00,2026-08-04T11:44:45+00:00,294.19953703703703,273.85246527777775,20.347071759259258,4.351655092592592,12.135324074074074,33,9,112,45,157,65,45,110,28,5,2,0,0,3,33,0,3,32
github/gh-aw:.github/workflows/firewall-escape.md,github/gh-aw,.github/workflows/firewall-escape.md,github__gh-aw__af52fb094161/history.json,37,36,0,2025-12-02T23:57:42+00:00,2026-08-03T00:59:12+00:00,2026-08-04T11:44:53+00:00,244.49109953703703,243.04270833333334,1.4483912037037037,5.418362268518519,0.2526736111111111,36,8,286,90,376,235,63,298,25,7,4,0,0,5,32,0,5,31
github/gh-aw:.github/workflows/firewall.md,github/gh-aw,.github/workflows/firewall.md,github__gh-aw__6dd1385b7e29/history.json,23,22,0,2025-10-24T22:05:54+00:00,2026-07-27T06:18:51+00:00,2026-08-04T11:44:41+00:00,283.568599537037,275.34232638888886,8.226273148148149,6.4771932870370375,0.0059953703703703705,21,8,75,18,93,35,18,53,20,2,0,0,0,4,19,0,4,18
github/gh-aw:.github/workflows/functional-pragmatist.md,github/gh-aw,.github/workflows/functional-pragmatist.md,github__gh-aw__3e2d8fcddc8a/history.json,24,23,0,2026-01-31T16:50:26+00:00,2026-07-30T07:02:05+00:00,2026-08-04T11:44:46+00:00,184.78773148148147,179.5914236111111,5.1963078703703705,3.5580555555555557,0.012743055555555556,20,7,244,909,1153,242,907,1149,15,7,1,0,0,5,19,0,4,19
github/gh-aw:.github/workflows/github-mcp-structural-analysis.md,github/gh-aw,.github/workflows/github-mcp-structural-analysis.md,github__gh-aw__7e8fb94a95ab/history.json,33,32,0,2025-11-25T14:28:34+00:00,2026-07-30T06:32:15+00:00,2026-08-04T11:44:50+00:00,251.8862962962963,246.66922453703702,5.21707175925926,3.703420138888889,0.16850694444444445,29,7,437,52,489,75,52,127,21,10,1,0,0,1,32,0,1,31
github/gh-aw:.github/workflows/github-mcp-tools-report.md,github/gh-aw,.github/workflows/github-mcp-tools-report.md,github__gh-aw__f6be66740a7e/history.json,47,46,0,2025-10-11T23:00:59+00:00,2026-07-07T06:08:34+00:00,2026-08-04T11:45:05+00:00,296.530625,268.29693287037037,28.23369212962963,2.9864293981481485,0.16778935185185184,41,10,786,210,996,607,210,817,26,15,5,0,0,2,44,0,2,43
github/gh-aw:.github/workflows/github-remote-mcp-auth-test.md,github/gh-aw,.github/workflows/github-remote-mcp-auth-test.md,github__gh-aw__4d4d7b455cab/history.json,27,26,0,2026-01-07T15:47:11+00:00,2026-07-19T09:39:37+00:00,2026-08-04T11:44:59+00:00,208.83180555555555,192.74474537037037,16.087060185185184,2.7711400462962965,13.330671296296297,26,6,298,100,398,186,100,286,17,7,2,0,0,1,26,0,1,25
github/gh-aw:.github/workflows/glossary-maintainer.md,github/gh-aw,.github/workflows/glossary-maintainer.md,github__gh-aw__0fc733c30a55/history.json,42,41,0,2025-11-19T16:31:30+00:00,2026-07-22T16:45:52+00:00,2026-08-04T11:45:06+00:00,257.8011111111111,245.00997685185186,12.791134259259259,3.2301967592592593,4.2334606481481485,38,9,483,155,638,192,155,347,29,8,4,0,0,3,39,0,3,38
github/gh-aw:.github/workflows/go-fan.md,github/gh-aw,.github/workflows/go-fan.md,github__gh-aw__ba94aecad6a0/history.json,33,32,0,2025-11-29T18:31:20+00:00,2026-07-07T06:08:34+00:00,2026-08-04T11:45:04+00:00,247.71787037037038,219.4841898148148,28.233680555555555,3.220092592592593,2.3228819444444446,27,8,468,125,593,152,125,277,23,5,4,0,0,1,32,0,1,31
github/gh-aw:.github/workflows/go-logger.md,github/gh-aw,.github/workflows/go-logger.md,github__gh-aw__2762950288f7/history.json,52,51,0,2025-10-21T13:17:09+00:00,2026-08-03T00:59:12+00:00,2026-08-04T11:45:18+00:00,286.93621527777776,285.4875347222222,1.4486805555555555,4.142037037037037,0.6567476851851852,47,11,624,333,957,325,333,658,38,8,5,0,0,9,42,0,9,41
github/gh-aw:.github/workflows/go-pattern-detector.md,github/gh-aw,.github/workflows/go-pattern-detector.md,github__gh-aw__1cace5f6b0a4/history.json,34,33,0,2025-10-07T13:01:17+00:00,2026-07-24T05:48:33+00:00,2026-08-04T11:45:08+00:00,300.94711805555556,289.6994907407407,11.247627314814816,7.024375,0.21715277777777778,32,10,214,35,249,85,35,120,27,6,0,0,0,8,26,0,8,25
github/gh-aw:.github/workflows/gpclean.md,github/gh-aw,.github/workflows/gpclean.md,github__gh-aw__f1a27b801dc7/history.json,24,23,0,2026-02-11T15:18:10+00:00,2026-07-29T07:38:16+00:00,2026-08-04T11:45:04+00:00,173.85201388888888,167.680625,6.171388888888889,6.030706018518519,0.36150462962962965,22,6,517,59,576,149,59,208,14,5,4,0,0,1,23,0,1,22
github/gh-aw:.github/workflows/grumpy-reviewer.md,github/gh-aw,.github/workflows/grumpy-reviewer.md,github__gh-aw__5eadf44bac2b/history.json,35,34,0,2025-11-06T04:39:38+00:00,2026-07-07T06:08:34+00:00,2026-08-04T11:45:14+00:00,271.29555555555555,243.06175925925925,28.233796296296298,3.416851851851852,1.1049189814814815,32,8,220,49,269,73,49,122,26,5,3,0,0,4,31,0,4,30
github/gh-aw:.github/workflows/hippo-embed.md,github/gh-aw,.github/workflows/hippo-embed.md,github__gh-aw__e3fff5432f59/history.json,12,11,0,2026-04-24T02:11:56+00:00,2026-07-19T09:39:37+00:00,2026-08-04T11:44:58+00:00,102.39793981481482,86.3108912037037,16.08704861111111,6.381180555555556,4.125231481481482,12,4,121,17,138,25,17,42,10,1,0,0,0,1,11,0,1,10
github/gh-aw:.github/workflows/hourly-ci-cleaner.md,github/gh-aw,.github/workflows/hourly-ci-cleaner.md,github__gh-aw__4c00282e491b/history.json,52,51,0,2025-12-11T05:32:58+00:00,2026-08-03T00:59:12+00:00,2026-08-04T11:45:25+00:00,236.25864583333333,234.80988425925926,1.448761574074074,2.7105439814814813,0.30387731481481484,42,9,377,107,484,278,107,385,41,4,6,0,0,9,42,0,9,41
github/gh-aw:.github/workflows/impeccable-skills-reviewer.md,github/gh-aw,.github/workflows/impeccable-skills-reviewer.md,github__gh-aw__dc421c087d1f/history.json,15,14,0,2026-06-28T00:14:31+00:00,2026-07-30T07:52:45+00:00,2026-08-04T11:45:05+00:00,37.479560185185186,32.318217592592596,5.161342592592592,1.700503472222222,0.41100694444444447,9,2,236,109,345,84,109,193,8,2,4,0,0,0,15,0,0,14
github/gh-aw:.github/workflows/instructions-janitor.md,github/gh-aw,.github/workflows/instructions-janitor.md,github__gh-aw__40c9e862025d/history.json,37,36,0,2025-10-23T14:54:52+00:00,2026-07-29T22:21:20+00:00,2026-08-04T11:45:25+00:00,284.8684375,279.3100462962963,5.558391203703704,5.320711805555556,1.3752314814814814,34,9,504,333,837,298,333,631,24,5,7,0,0,3,34,0,3,33
github/gh-aw:.github/workflows/issue-arborist.md,github/gh-aw,.github/workflows/issue-arborist.md,github__gh-aw__291473d28b71/history.json,56,55,0,2025-11-27T19:01:33+00:00,2026-08-03T12:50:39+00:00,2026-08-04T11:45:37+00:00,249.6972685185185,248.74243055555556,0.954837962962963,2.7104050925925924,0.0309375,46,10,476,227,703,362,227,589,32,10,13,0,0,6,50,0,6,49
github/gh-aw:.github/workflows/issue-monster.md,github/gh-aw,.github/workflows/issue-monster.md,github__gh-aw__f2b55303c668/history.json,78,77,0,2025-11-24T18:02:26+00:00,2026-08-03T22:35:35+00:00,2026-08-04T11:45:46+00:00,252.73842592592592,252.1896875,0.5487384259259259,2.0818287037037035,0.035138888888888886,58,10,1558,771,2329,1431,771,2202,48,10,19,0,0,8,69,0,8,68
github/gh-aw:.github/workflows/issue-triage-agent.md,github/gh-aw,.github/workflows/issue-triage-agent.md,github__gh-aw__94262a919c21/history.json,32,31,0,2025-11-25T05:59:16+00:00,2026-07-28T02:07:34+00:00,2026-08-04T11:45:26+00:00,252.24039351851852,244.83909722222222,7.401296296296296,4.807905092592593,1.4908101851851852,30,9,128,27,155,110,27,137,21,8,2,0,0,4,28,0,4,27
github/gh-aw:.github/workflows/jsweep.md,github/gh-aw,.github/workflows/jsweep.md,github__gh-aw__ee853af3dc58/history.json,43,42,0,2025-12-18T13:25:50+00:00,2026-07-27T06:18:51+00:00,2026-08-04T11:45:32+00:00,228.93034722222222,220.7034837962963,8.226863425925925,3.46525462962963,8.313715277777778,35,8,681,321,1002,501,321,822,24,14,4,0,0,1,41,0,1,40
github/gh-aw:.github/workflows/layout-spec-maintainer.md,github/gh-aw,.github/workflows/layout-spec-maintainer.md,github__gh-aw__f8c839e67ae6/history.json,29,28,0,2025-12-09T12:19:49+00:00,2026-08-03T13:03:22+00:00,2026-08-04T11:45:28+00:00,237.97614583333333,237.03024305555556,0.9459027777777778,5.715630787037037,28.28986111111111,29,8,424,82,506,105,82,187,21,5,2,0,0,1,28,0,1,27
github/gh-aw:.github/workflows/lint-monster.md,github/gh-aw,.github/workflows/lint-monster.md,github__gh-aw__9da3c8a06d3e/history.json,10,9,0,2026-05-16T19:21:56+00:00,2026-08-03T19:17:54+00:00,2026-08-04T11:45:12+00:00,79.68282407407408,78.99719907407408,0.685625,8.791608796296297,0.7951736111111111,10,4,169,20,189,41,20,61,7,0,2,0,0,1,9,0,1,8
github/gh-aw:.github/workflows/linter-miner.md,github/gh-aw,.github/workflows/linter-miner.md,github__gh-aw__c5cabf6362c1/history.json,17,16,0,2026-05-15T03:09:19+00:00,2026-07-27T06:18:51+00:00,2026-08-04T11:45:19+00:00,81.35833333333333,73.13162037037037,8.226712962962964,2.8637557870370367,0.0948611111111111,13,3,374,90,464,73,90,163,9,5,2,0,0,1,16,0,1,15
github/gh-aw:.github/workflows/lockfile-stats.md,github/gh-aw,.github/workflows/lockfile-stats.md,github__gh-aw__4ac970260fc2/history.json,32,31,0,2025-10-11T18:54:39+00:00,2026-07-07T06:08:34+00:00,2026-08-04T11:45:33+00:00,296.70201388888887,268.4679976851852,28.234016203703703,6.4011458333333335,10.869641203703704,30,9,469,347,816,117,347,464,21,8,2,0,0,2,30,0,2,29
github/gh-aw:.github/workflows/mattpocock-skills-reviewer.md,github/gh-aw,.github/workflows/mattpocock-skills-reviewer.md,github__gh-aw__33472252c2f9/history.json,40,39,0,2026-05-04T13:43:41+00:00,2026-08-03T00:59:12+00:00,2026-08-04T11:45:36+00:00,91.91799768518518,90.4691087962963,1.448888888888889,1.6944212962962963,1.3435416666666666,32,4,573,258,831,362,258,620,23,7,9,0,0,5,35,0,5,34
github/gh-aw:.github/workflows/mcp-inspector.md,github/gh-aw,.github/workflows/mcp-inspector.md,github__gh-aw__5bab5033830c/history.json,44,43,0,2025-10-17T10:40:04+00:00,2026-08-02T17:04:36+00:00,2026-08-04T11:45:41+00:00,291.0455671296296,289.267037037037,1.7785300925925926,4.351655092592592,4.765833333333333,40,10,155,53,208,76,53,129,38,4,1,0,0,5,39,0,5,38
github/gh-aw:.github/workflows/mergefest.md,github/gh-aw,.github/workflows/mergefest.md,github__gh-aw__200bf4013c3c/history.json,35,34,0,2025-10-24T22:39:53+00:00,2026-07-27T06:18:51+00:00,2026-08-04T11:45:41+00:00,283.54569444444445,275.31872685185186,8.226967592592592,3.815185185185185,0.3045717592592593,32,9,396,34,430,48,34,82,25,9,0,0,0,3,32,0,3,31
github/gh-aw:.github/workflows/metrics-collector.md,github/gh-aw,.github/workflows/metrics-collector.md,github__gh-aw__b9197707acb5/history.json,27,26,0,2025-12-24T23:01:13+00:00,2026-08-03T15:12:47+00:00,2026-08-04T11:45:37+00:00,222.53083333333333,221.67469907407408,0.8561342592592592,5.012384259259259,1.2702314814814815,25,9,429,43,472,168,43,211,19,4,3,0,0,1,26,0,1,25
github/gh-aw:.github/workflows/necromancer.md,github/gh-aw,.github/workflows/necromancer.md,github__gh-aw__e0eb751f3593/history.json,9,8,0,2026-05-09T02:14:48+00:00,2026-08-02T15:25:17+00:00,2026-08-04T11:45:33+00:00,87.39635416666667,85.54894675925927,1.8474074074074074,8.910318287037036,4.6549652777777775,9,4,160,25,185,17,25,42,7,1,0,0,0,2,7,0,2,6
github/gh-aw:.github/workflows/notion-issue-summary.md,github/gh-aw,.github/workflows/notion-issue-summary.md,github__gh-aw__24448106415a/history.json,18,17,0,2025-10-07T15:21:59+00:00,2026-06-29T19:41:06+00:00,2026-08-04T11:45:37+00:00,300.8497453703704,265.17994212962964,35.66980324074074,10.253310185185185,0.11944444444444445,16,6,79,34,113,41,34,75,14,2,1,0,0,4,14,0,4,13
github/gh-aw:.github/workflows/objective-impact-report.md,github/gh-aw,.github/workflows/objective-impact-report.md,github__gh-aw__d21de971248e/history.json,14,13,0,2026-06-08T19:13:58+00:00,2026-08-03T00:59:12+00:00,2026-08-04T11:45:35+00:00,56.68862268518519,55.23974537037037,1.4488773148148149,0.9620717592592593,0.044444444444444446,8,3,688,167,855,573,167,740,4,5,4,0,0,4,10,0,3,10
github/gh-aw:.github/workflows/org-health-report.md,github/gh-aw,.github/workflows/org-health-report.md,github__gh-aw__e720f12547c3/history.json,40,39,0,2025-12-03T08:06:38+00:00,2026-07-30T06:32:15+00:00,2026-08-04T11:45:54+00:00,244.15226851851853,238.93445601851852,5.2178125,4.323449074074074,7.253819444444445,36,8,621,87,708,132,87,219,27,11,0,1,0,1,39,0,1,38
github/gh-aw:.github/workflows/outcome-collector.md,github/gh-aw,.github/workflows/outcome-collector.md,github__gh-aw__d2bf550425ac/history.json,19,18,0,2026-05-12T20:35:38+00:00,2026-07-19T09:39:37+00:00,2026-08-04T11:45:44+00:00,83.63201388888889,67.54443287037037,16.08758101851852,0.5609375,0.4630902777777778,13,3,553,312,865,363,312,675,10,4,4,0,0,8,11,0,7,11
github/gh-aw:.github/workflows/pdf-summary.md,github/gh-aw,.github/workflows/pdf-summary.md,github__gh-aw__7e715d8b32d6/history.json,39,38,0,2025-10-07T06:16:46+00:00,2026-08-02T15:48:56+00:00,2026-08-04T11:45:58+00:00,301.2286111111111,299.397337962963,1.8312731481481481,4.892592592592592,0.4980671296296296,35,11,275,38,313,94,38,132,26,10,2,0,0,4,35,0,4,34
github/gh-aw:.github/workflows/plan.md,github/gh-aw,.github/workflows/plan.md,github__gh-aw__cf4a02bcb195/history.json,41,40,0,2025-10-10T04:23:52+00:00,2026-07-27T06:18:51+00:00,2026-08-04T11:45:56+00:00,298.30699074074073,290.07984953703703,8.227141203703704,4.370069444444445,0.5005324074074075,37,10,393,197,590,271,197,468,26,8,6,0,0,5,36,0,5,35
github/gh-aw:.github/workflows/poem-bot.md,github/gh-aw,.github/workflows/poem-bot.md,github__gh-aw__a25589c8b96f/history.json,54,53,0,2025-10-05T17:56:57+00:00,2026-08-02T15:25:17+00:00,2026-08-04T11:46:03+00:00,302.74243055555553,300.8946759259259,1.8477546296296297,3.213622685185185,2.0118287037037037,50,11,258,54,312,113,54,167,45,8,0,0,0,4,49,0,4,48
github/gh-aw:.github/workflows/portfolio-analyst.md,github/gh-aw,.github/workflows/portfolio-analyst.md,github__gh-aw__7da2617f8306/history.json,39,38,0,2025-12-09T18:39:39+00:00,2026-08-03T23:40:47+00:00,2026-08-04T11:45:54+00:00,237.71267361111111,237.20912037037036,0.5035532407407407,1.4131192129629628,0.6620717592592592,29,6,1219,868,2087,885,868,1753,26,6,6,0,0,4,35,0,4,34
github/gh-aw:.github/workflows/pr-code-quality-reviewer.md,github/gh-aw,.github/workflows/pr-code-quality-reviewer.md,github__gh-aw__7e6149295215/history.json,33,32,0,2026-05-07T01:18:11+00:00,2026-08-02T17:47:42+00:00,2026-08-04T11:45:55+00:00,89.43592592592593,87.68716435185185,1.748761574074074,1.6806712962962962,1.4158680555555556,25,4,381,183,564,250,183,433,17,10,5,0,0,1,32,0,1,31
github/gh-aw:.github/workflows/pr-description-caveman.md,github/gh-aw,.github/workflows/pr-description-caveman.md,github__gh-aw__93ffc1841cf3/history.json,10,9,0,2026-05-18T16:22:24+00:00,2026-08-01T05:31:32+00:00,2026-08-04T11:45:43+00:00,77.8078587962963,74.54800925925926,3.259849537037037,7.6871875,7.037511574074074,9,4,239,26,265,45,26,71,5,2,2,0,0,0,10,0,0,9
github/gh-aw:.github/workflows/pr-nitpick-reviewer.md,github/gh-aw,.github/workflows/pr-nitpick-reviewer.md,github__gh-aw__eeed028edbfe/history.json,36,35,0,2025-11-06T17:30:33+00:00,2026-07-27T06:18:51+00:00,2026-08-04T11:46:03+00:00,270.7607638888889,262.5335416666667,8.227222222222222,4.332835648148148,0.5695601851851851,32,8,460,65,525,79,65,144,27,6,2,0,0,4,32,0,4,31
github/gh-aw:.github/workflows/pr-sous-chef.md,github/gh-aw,.github/workflows/pr-sous-chef.md,github__gh-aw__5a246aa83ce7/history.json,61,60,0,2026-05-13T11:06:28+00:00,2026-08-03T00:59:12+00:00,2026-08-04T11:46:13+00:00,83.02760416666666,81.57828703703704,1.4493171296296297,0.5061747685185185,0.7811111111111111,31,4,807,356,1163,605,356,961,23,22,15,0,0,3,57,0,3,56
github/gh-aw:.github/workflows/pr-triage-agent.md,github/gh-aw,.github/workflows/pr-triage-agent.md,github__gh-aw__2d63d7202d79/history.json,38,37,0,2026-01-24T01:43:49+00:00,2026-07-28T21:46:02+00:00,2026-08-04T11:46:04+00:00,192.41822916666666,185.8348726851852,6.583356481481482,3.2756481481481483,3.8077199074074075,33,7,593,433,1026,167,433,600,24,11,2,0,0,2,36,0,2,35
github/gh-aw:.github/workflows/prompt-clustering-analysis.md,github/gh-aw,.github/workflows/prompt-clustering-analysis.md,github__gh-aw__73e76f10e6fe/history.json,55,54,0,2025-10-29T12:52:45+00:00,2026-08-02T12:55:07+00:00,2026-08-04T11:46:13+00:00,278.9537962962963,277.0016435185185,1.9521527777777778,3.2260127314814815,0.14460648148148147,44,10,842,184,1026,256,184,440,40,9,4,1,0,4,51,0,4,50
github/gh-aw:.github/workflows/python-data-charts.md,github/gh-aw,.github/workflows/python-data-charts.md,github__gh-aw__358bf2b9a3de/history.json,24,23,0,2025-10-31T22:19:23+00:00,2026-07-27T06:18:51+00:00,2026-08-04T11:46:03+00:00,276.56018518518516,268.33296296296294,8.227222222222222,3.08724537037037,0.04842592592592593,22,8,308,123,431,144,123,267,16,4,3,0,0,1,23,0,1,22
github/gh-aw:.github/workflows/q.md,github/gh-aw,.github/workflows/q.md,github__gh-aw__c2910f9d2ebe/history.json,58,57,0,2025-10-12T16:27:46+00:00,2026-07-27T06:18:51+00:00,2026-08-04T11:46:19+00:00,295.8045486111111,287.5771412037037,8.227407407407407,3.4081712962962962,0.06978009259259259,55,10,692,178,870,353,178,531,31,16,10,0,0,5,53,0,5,52
github/gh-aw:.github/workflows/refactoring-cadence.md,github/gh-aw,.github/workflows/refactoring-cadence.md,github__gh-aw__e2f295f48aea/history.json,12,11,0,2026-04-08T18:24:57+00:00,2026-06-28T18:46:18+00:00,2026-08-04T11:46:07+00:00,117.7230324074074,81.01482638888889,36.70820601851852,6.495590277777778,7.239340277777778,10,3,398,14,412,28,14,42,10,0,1,0,0,1,11,0,1,10
github/gh-aw:.github/workflows/refiner.md,github/gh-aw,.github/workflows/refiner.md,github__gh-aw__c11950299c86/history.json,19,18,0,2026-02-13T06:48:27+00:00,2026-07-16T12:17:42+00:00,2026-08-04T11:46:12+00:00,172.20677083333334,153.22864583333333,18.978125,5.450306712962963,7.342557870370371,16,6,439,22,461,37,22,59,13,4,1,0,0,0,19,0,0,18
github/gh-aw:.github/workflows/release.md,github/gh-aw,.github/workflows/release.md,github__gh-aw__891afa594390/history.json,107,106,0,2025-11-25T22:21:19+00:00,2026-08-03T00:59:12+00:00,2026-08-04T11:46:50+00:00,251.55938657407407,250.10964120370372,1.4497453703703704,1.2186458333333334,6.691099537037037,75,10,1669,762,2431,1669,762,2431,92,9,5,0,0,22,84,0,21,84
github/gh-aw:.github/workflows/repo-audit-analyzer.md,github/gh-aw,.github/workflows/repo-audit-analyzer.md,github__gh-aw__fcc73fb6b9e7/history.json,25,24,0,2026-01-16T07:04:45+00:00,2026-08-02T00:18:42+00:00,2026-08-04T11:46:15+00:00,200.1954861111111,197.71802083333333,2.4774652777777777,3.773107638888889,0.3518287037037037,23,7,854,60,914,816,60,876,12,10,2,0,0,1,24,0,1,23
github/gh-aw:.github/workflows/repo-tree-map.md,github/gh-aw,.github/workflows/repo-tree-map.md,github__gh-aw__cfa8af4ebba3/history.json,24,23,0,2025-10-10T20:15:40+00:00,2026-07-07T06:08:34+00:00,2026-08-04T11:46:15+00:00,297.6462384259259,269.4117361111111,28.234502314814815,7.503854166666667,0.19582175925925926,23,9,219,67,286,47,67,114,18,4,1,0,0,1,23,0,1,22
github/gh-aw:.github/workflows/repository-quality-improver.md,github/gh-aw,.github/workflows/repository-quality-improver.md,github__gh-aw__9e7933300f18/history.json,33,32,0,2025-11-11T22:23:12+00:00,2026-08-02T11:20:24+00:00,2026-08-04T11:46:25+00:00,265.55778935185185,263.5397222222222,2.0180671296296295,1.961429398148148,1.8268055555555556,27,8,782,575,1357,317,575,892,19,11,2,0,0,3,30,0,3,29
github/gh-aw:.github/workflows/research.md,github/gh-aw,.github/workflows/research.md,github__gh-aw__ecdf2f95d5de/history.json,24,23,0,2025-10-17T10:04:23+00:00,2026-07-28T21:46:02+00:00,2026-08-04T11:46:23+00:00,291.0708333333333,284.4872569444444,6.583576388888889,4.5153125,7.577685185185185,22,8,99,22,121,46,22,68,17,6,0,0,0,2,22,0,2,21
github/gh-aw:.github/workflows/ruflo-backed-task.md,github/gh-aw,.github/workflows/ruflo-backed-task.md,github__gh-aw__d7f2c972f078/history.json,4,3,0,2026-05-31T05:43:50+00:00,2026-07-07T06:08:34+00:00,2026-08-04T11:46:08+00:00,65.25159722222222,37.017175925925926,28.234421296296297,8.473796296296296,7.7818402777777775,4,3,256,5,261,7,5,12,2,1,0,0,0,1,3,0,1,2
github/gh-aw:.github/workflows/safe-output-health.md,github/gh-aw,.github/workflows/safe-output-health.md,github__gh-aw__3918fe5718fe/history.json,26,25,0,2025-10-26T10:50:17+00:00,2026-07-15T18:05:39+00:00,2026-08-04T11:46:21+00:00,282.0389351851852,262.30233796296295,19.736597222222223,7.771319444444444,4.136712962962963,24,9,415,37,452,49,37,86,19,4,2,0,0,3,23,0,3,22
github/gh-aw:.github/workflows/schema-consistency-checker.md,github/gh-aw,.github/workflows/schema-consistency-checker.md,github__gh-aw__9a1eef69dae4/history.json,36,35,0,2025-10-23T02:57:38+00:00,2026-07-19T09:39:37+00:00,2026-08-04T11:46:30+00:00,285.36726851851853,269.2791550925926,16.088113425925926,4.202268518518519,4.908090277777778,32,9,702,91,793,342,91,433,24,7,4,0,0,2,34,0,2,33
github/gh-aw:.github/workflows/schema-feature-coverage.md,github/gh-aw,.github/workflows/schema-feature-coverage.md,github__gh-aw__6cd348ba5cb9/history.json,8,7,0,2026-03-19T21:40:26+00:00,2026-06-28T18:46:18+00:00,2026-08-04T11:46:18+00:00,137.5874074074074,100.87907407407407,36.708333333333336,10.253310185185185,17.767592592592592,6,4,205,11,216,24,11,35,6,1,0,0,0,0,8,0,0,7
github/gh-aw:.github/workflows/scout.md,github/gh-aw,.github/workflows/scout.md,github__gh-aw__a4e5eeab2e68/history.json,55,54,0,2025-10-03T14:13:44+00:00,2026-08-02T15:48:56+00:00,2026-08-04T11:46:43+00:00,304.89790509259257,303.0661111111111,1.8317939814814814,2.4478935185185184,3.1730324074074074,45,11,308,75,383,172,75,247,35,11,8,0,0,9,46,0,9,45
github/gh-aw:.github/workflows/security-compliance.md,github/gh-aw,.github/workflows/security-compliance.md,github__gh-aw__16f49da0e6c2/history.json,19,18,0,2025-12-11T17:20:37+00:00,2026-07-07T06:08:34+00:00,2026-08-04T11:46:28+00:00,235.7679513888889,207.53329861111112,28.23465277777778,8.051701388888889,19.502627314814816,16,7,322,18,340,29,18,47,14,4,0,0,0,1,18,0,0,18
github/gh-aw:.github/workflows/security-review.md,github/gh-aw,.github/workflows/security-review.md,github__gh-aw__5c39c5d414ee/history.json,24,23,0,2026-01-17T00:55:13+00:00,2026-07-28T02:07:34+00:00,2026-08-04T11:46:33+00:00,199.45231481481483,192.05024305555557,7.402071759259259,7.382361111111111,21.625891203703702,22,7,285,32,317,46,32,78,16,6,1,0,0,2,22,0,2,21
github/gh-aw:.github/workflows/semantic-function-refactor.md,github/gh-aw,.github/workflows/semantic-function-refactor.md,github__gh-aw__a3469aadb4da/history.json,31,30,0,2025-10-22T09:23:43+00:00,2026-08-03T04:08:31+00:00,2026-08-04T11:46:33+00:00,286.0991898148148,284.7811111111111,1.3180787037037036,6.709282407407407,0.0,29,10,597,70,667,159,70,229,22,6,2,0,0,2,29,0,2,28
github/gh-aw:.github/workflows/sergo.md,github/gh-aw,.github/workflows/sergo.md,github__gh-aw__98146ac7ec4f/history.json,23,22,0,2026-01-15T13:19:21+00:00,2026-07-22T20:34:48+00:00,2026-08-04T11:46:33+00:00,200.93555555555557,188.30239583333332,12.633159722222222,4.910358796296297,17.39296296296296,22,6,798,658,1456,206,658,864,12,7,3,0,0,0,23,0,0,22
github/gh-aw:.github/workflows/sighthound-security-scan.md,github/gh-aw,.github/workflows/sighthound-security-scan.md,github__gh-aw__c3015e2ca69b/history.json,7,6,0,2026-07-13T06:29:47+00:00,2026-07-28T11:54:57+00:00,2026-08-04T11:46:23+00:00,22.21986111111111,15.225810185185185,6.994050925925926,0.9982233796296296,1.0204398148148148,6,1,193,30,223,74,30,104,4,0,2,0,0,2,5,0,2,4
github/gh-aw:.github/workflows/skillet.md,github/gh-aw,.github/workflows/skillet.md,github__gh-aw__d0f5c75e962e/history.json,10,9,0,2026-06-20T02:02:16+00:00,2026-08-03T00:59:12+00:00,2026-08-04T11:46:26+00:00,45.4056712962963,43.95620370370371,1.4494675925925926,1.1170949074074075,0.6504166666666666,7,3,210,12,222,12,12,24,8,1,0,0,0,2,8,0,2,7
github/gh-aw:.github/workflows/slide-deck-maintainer.md,github/gh-aw,.github/workflows/slide-deck-maintainer.md,github__gh-aw__0ab3d5e8141d/history.json,34,33,0,2025-12-16T12:30:17+00:00,2026-08-03T00:59:12+00:00,2026-08-04T11:46:44+00:00,230.96975694444444,229.5200810185185,1.449675925925926,3.756990740740741,0.14905092592592592,29,9,463,90,553,203,90,293,25,5,2,1,0,5,29,0,5,28
github/gh-aw:.github/workflows/smoke-agent-all-merged.md,github/gh-aw,.github/workflows/smoke-agent-all-merged.md,github__gh-aw__4a23fd345107/history.json,13,12,0,2026-03-13T20:58:55+00:00,2026-07-03T02:32:04+00:00,2026-08-04T11:46:34+00:00,143.61642361111112,111.23135416666666,32.38506944444445,4.729050925925926,1.8997337962962964,12,4,113,11,124,25,11,36,11,1,0,0,0,2,11,0,1,11
github/gh-aw:.github/workflows/smoke-agent-all-none.md,github/gh-aw,.github/workflows/smoke-agent-all-none.md,github__gh-aw__dc08202ecff9/history.json,13,12,0,2026-03-13T20:58:55+00:00,2026-07-03T02:32:04+00:00,2026-08-04T11:46:36+00:00,143.61644675925925,111.23135416666666,32.38509259259259,4.729050925925926,1.8997337962962964,12,4,108,11,119,25,11,36,11,1,0,0,0,2,11,0,1,11
github/gh-aw:.github/workflows/smoke-agent-public-approved.md,github/gh-aw,.github/workflows/smoke-agent-public-approved.md,github__gh-aw__ad9330a81882/history.json,21,20,0,2026-03-13T20:58:55+00:00,2026-06-28T18:46:18+00:00,2026-08-04T11:46:41+00:00,143.61650462962962,106.90790509259259,36.70859953703704,2.392297453703704,1.8997337962962964,15,3,36,17,53,32,16,48,20,0,0,0,0,2,19,0,1,19
github/gh-aw:.github/workflows/smoke-agent-public-none.md,github/gh-aw,.github/workflows/smoke-agent-public-none.md,github__gh-aw__865f88ff065d/history.json,13,12,0,2026-03-13T20:58:55+00:00,2026-07-03T02:32:04+00:00,2026-08-04T11:46:36+00:00,143.61644675925925,111.23135416666666,32.38509259259259,4.729050925925926,1.8997337962962964,12,4,114,11,125,25,11,36,11,1,0,0,0,2,11,0,1,11
github/gh-aw:.github/workflows/smoke-agent-scoped-approved.md,github/gh-aw,.github/workflows/smoke-agent-scoped-approved.md,github__gh-aw__2078d8838e5c/history.json,14,13,0,2026-03-13T20:58:55+00:00,2026-07-03T02:32:04+00:00,2026-08-04T11:46:38+00:00,143.6164699074074,111.23135416666666,32.385115740740744,5.134652777777778,1.8997337962962964,12,4,112,12,124,22,12,34,12,1,0,0,0,2,12,0,1,12
github/gh-aw:.github/workflows/smoke-antigravity.md,github/gh-aw,.github/workflows/smoke-antigravity.md,github__gh-aw__042b05dce0ea/history.json,11,10,0,2026-05-25T17:23:16+00:00,2026-07-29T07:38:16+00:00,2026-08-04T11:46:38+00:00,70.76622685185185,64.59375,6.172476851851852,4.700960648148149,8.161469907407408,8,3,143,12,155,19,12,31,9,1,0,0,0,1,10,0,1,9
github/gh-aw:.github/workflows/smoke-call-workflow.md,github/gh-aw,.github/workflows/smoke-call-workflow.md,github__gh-aw__64db6ae57c7b/history.json,13,12,0,2026-03-13T20:15:06+00:00,2026-07-19T09:39:37+00:00,2026-08-04T11:46:44+00:00,143.6469675925926,127.55869212962963,16.08827546296296,6.6725868055555555,1.930162037037037,10,4,63,11,74,22,11,33,11,1,0,0,0,0,13,0,0,12
github/gh-aw:.github/workflows/smoke-checkout-pr-dispatch.md,github/gh-aw,.github/workflows/smoke-checkout-pr-dispatch.md,github__gh-aw__3254e4768a2f/history.json,1,0,1,2026-08-01T19:43:53+00:00,2026-08-01T19:43:53+00:00,2026-08-04T11:46:34+00:00,2.6685300925925928,0.0,2.6685300925925928,,,1,1,83,0,83,0,0,0,0,0,0,0,0,0,1,0,0,0
github/gh-aw:.github/workflows/smoke-ci.md,github/gh-aw,.github/workflows/smoke-ci.md,github__gh-aw__e51858bcfcb2/history.json,15,14,0,2026-04-18T11:23:19+00:00,2026-07-11T11:32:39+00:00,2026-08-04T11:46:45+00:00,108.01627314814814,84.00648148148149,24.00979166666667,0.8726793981481482,0.5194791666666667,10,4,150,46,196,115,46,161,8,1,5,0,0,0,15,0,0,14
github/gh-aw:.github/workflows/smoke-claude-on-copilot.md,github/gh-aw,.github/workflows/smoke-claude-on-copilot.md,github__gh-aw__148cbb513f51/history.json,7,6,0,2026-06-23T03:15:08+00:00,2026-07-19T09:39:37+00:00,2026-08-04T11:46:40+00:00,42.35523148148148,26.267002314814814,16.088229166666668,1.0744155092592593,1.8064236111111112,5,2,54,9,63,7,9,16,5,1,0,0,0,0,7,0,0,6
github/gh-aw:.github/workflows/smoke-claude.md,github/gh-aw,.github/workflows/smoke-claude.md,github__gh-aw__1f3bba43bbe1/history.json,111,110,0,2025-10-09T05:23:43+00:00,2026-07-21T14:10:44+00:00,2026-08-04T11:47:30+00:00,299.2665162037037,285.3659837962963,13.900532407407407,1.5168344907407407,0.5352430555555555,91,10,475,231,706,459,231,690,73,18,19,0,0,8,103,0,8,102
github/gh-aw:.github/workflows/smoke-codex.md,github/gh-aw,.github/workflows/smoke-codex.md,github__gh-aw__01471b5294f8/history.json,101,100,0,2025-10-09T05:23:43+00:00,2026-08-03T20:48:50+00:00,2026-08-04T11:47:29+00:00,299.26650462962965,298.6424421296296,0.6240625,1.4835648148148148,0.5352430555555555,80,11,319,172,491,303,172,475,63,19,18,0,0,7,94,0,7,93
github/gh-aw:.github/workflows/smoke-copilot-aoai-apikey.md,github/gh-aw,.github/workflows/smoke-copilot-aoai-apikey.md,github__gh-aw__5dc5118c21cb/history.json,12,11,0,2026-06-05T22:27:19+00:00,2026-07-29T07:38:16+00:00,2026-08-04T11:46:43+00:00,59.55513888888889,53.38260416666667,6.172534722222222,2.0836805555555555,0.7698842592592593,10,2,263,14,277,24,14,38,8,3,0,0,0,1,11,0,1,10
github/gh-aw:.github/workflows/smoke-copilot-aoai-entra.md,github/gh-aw,.github/workflows/smoke-copilot-aoai-entra.md,github__gh-aw__0588263364c6/history.json,15,14,0,2026-06-12T02:13:53+00:00,2026-07-29T07:38:16+00:00,2026-08-04T11:46:47+00:00,53.397847222222225,47.225266203703704,6.172581018518518,1.4236458333333335,8.581689814814816,11,2,286,38,324,34,38,72,10,3,1,0,0,0,15,0,0,14
github/gh-aw:.github/workflows/smoke-copilot-arm.md,github/gh-aw,.github/workflows/smoke-copilot-arm.md,github__gh-aw__72c66cd3e1db/history.json,33,32,0,2026-02-21T00:55:26+00:00,2026-07-07T06:08:34+00:00,2026-08-04T11:47:02+00:00,164.4525,136.2174537037037,28.235046296296296,2.1561631944444444,0.09981481481481481,26,6,213,44,257,48,44,92,24,5,3,0,0,1,32,0,1,31
github/gh-aw:.github/workflows/smoke-copilot-auto.md,github/gh-aw,.github/workflows/smoke-copilot-auto.md,github__gh-aw__0cfd5737d858/history.json,1,0,1,2026-07-27T20:53:29+00:00,2026-07-27T20:53:29+00:00,2026-08-04T11:46:41+00:00,7.620277777777778,0.0,7.620277777777778,,,1,1,48,0,48,0,0,0,0,0,0,0,0,0,1,0,0,0
github/gh-aw:.github/workflows/smoke-copilot-mai.md,github/gh-aw,.github/workflows/smoke-copilot-mai.md,github__gh-aw__bbe3008438d1/history.json,4,3,0,2026-07-16T16:38:31+00:00,2026-07-19T09:39:37+00:00,2026-08-04T11:46:44+00:00,18.797372685185184,2.7090972222222223,16.08827546296296,1.121388888888889,0.42412037037037037,4,1,89,9,98,9,9,18,3,0,0,0,0,0,4,0,0,3
github/gh-aw:.github/workflows/smoke-copilot-sdk.md,github/gh-aw,.github/workflows/smoke-copilot-sdk.md,github__gh-aw__4261c1776624/history.json,9,8,0,2026-02-14T17:16:36+00:00,2026-07-27T06:18:51+00:00,2026-08-04T11:46:48+00:00,170.7709722222222,162.54322916666666,8.227743055555555,6.582320601851851,0.890462962962963,9,3,131,71,202,64,71,135,6,0,2,0,0,0,9,0,0,8
github/gh-aw:.github/workflows/smoke-copilot-small.md,github/gh-aw,.github/workflows/smoke-copilot-small.md,github__gh-aw__9dfb53c44496/history.json,2,1,0,2026-07-08T13:46:46+00:00,2026-07-19T09:39:37+00:00,2026-08-04T11:46:45+00:00,26.916655092592592,10.828368055555556,16.088287037037038,10.828368055555556,10.828368055555556,2,1,58,2,60,2,2,4,1,0,0,0,0,0,2,0,0,1
github/gh-aw:.github/workflows/smoke-copilot-sub-agents.md,github/gh-aw,.github/workflows/smoke-copilot-sub-agents.md,github__gh-aw__6d4ae88dcceb/history.json,6,5,0,2026-07-01T06:29:45+00:00,2026-07-29T07:38:16+00:00,2026-08-04T11:46:46+00:00,34.22015046296296,28.047581018518517,6.172569444444444,4.245995370370371,7.809780092592592,6,1,130,3,133,49,3,52,4,0,1,0,0,0,6,0,0,5
github/gh-aw:.github/workflows/smoke-copilot.md,github/gh-aw,.github/workflows/smoke-copilot.md,github__gh-aw__fafd4bc98677/history.json,164,163,0,2025-10-09T05:23:43+00:00,2026-08-03T20:30:18+00:00,2026-08-04T11:48:05+00:00,299.2669212962963,298.62957175925925,0.637349537037037,1.1421643518518518,0.5352430555555555,116,11,680,434,1114,664,434,1098,92,32,39,0,0,14,150,0,14,149
github/gh-aw:.github/workflows/smoke-create-cross-repo-pr.md,github/gh-aw,.github/workflows/smoke-create-cross-repo-pr.md,github__gh-aw__0781de76cb5b/history.json,16,15,0,2026-03-02T01:25:35+00:00,2026-06-25T23:29:22+00:00,2026-08-04T11:46:55+00:00,155.43148148148148,115.91929398148149,39.5121875,5.3040625,0.9601041666666666,14,4,141,25,166,32,25,57,15,0,0,0,0,3,13,0,2,13
github/gh-aw:.github/workflows/smoke-gemini.md,github/gh-aw,.github/workflows/smoke-gemini.md,github__gh-aw__b1e0244703cd/history.json,30,29,0,2026-02-19T20:16:00+00:00,2026-07-29T07:38:16+00:00,2026-08-04T11:47:03+00:00,165.6465625,159.47379629629629,6.172766203703704,3.082002314814815,1.1258449074074075,25,6,163,36,199,96,36,132,20,7,2,0,0,3,27,0,3,26
github/gh-aw:.github/workflows/smoke-github-claude.md,github/gh-aw,.github/workflows/smoke-github-claude.md,github__gh-aw__03aeb4db4cea/history.json,2,1,0,2026-07-15T06:00:38+00:00,2026-07-19T09:39:37+00:00,2026-08-04T11:46:46+00:00,20.24037037037037,4.152071759259259,16.08829861111111,4.152071759259259,4.152071759259259,2,1,47,2,49,2,2,4,1,0,0,0,0,0,2,0,0,1
github/gh-aw:.github/workflows/smoke-goose.md,github/gh-aw,.github/workflows/smoke-goose.md,github__gh-aw__7317742cc75e/history.json,1,0,1,2026-08-04T05:10:51+00:00,2026-08-04T05:10:51+00:00,2026-08-04T11:46:46+00:00,0.2749421296296296,0.0,0.2749421296296296,,,1,1,94,0,94,0,0,0,0,0,0,0,0,0,1,0,0,0
github/gh-aw:.github/workflows/smoke-multi-pr.md,github/gh-aw,.github/workflows/smoke-multi-pr.md,github__gh-aw__5ab08d899926/history.json,18,17,0,2026-02-21T02:35:50+00:00,2026-07-07T06:08:34+00:00,2026-08-04T11:47:01+00:00,164.3827662037037,136.1477314814815,28.235034722222224,5.3040625,3.0238425925925925,15,5,125,26,151,39,26,65,12,3,2,0,0,1,17,0,1,16
github/gh-aw:.github/workflows/smoke-opencode.md,github/gh-aw,.github/workflows/smoke-opencode.md,github__gh-aw__18593184d0d4/history.json,41,40,0,2025-10-12T14:43:27+00:00,2026-08-04T04:26:41+00:00,2026-08-04T11:47:16+00:00,295.87765046296295,295.5716898148148,0.30596064814814816,2.6034027777777777,9.59681712962963,35,9,337,168,505,315,168,483,25,5,8,0,2,3,38,0,3,37
github/gh-aw:.github/workflows/smoke-otel-backends.md,github/gh-aw,.github/workflows/smoke-otel-backends.md,github__gh-aw__87cc90d9d488/history.json,16,15,0,2026-05-14T12:14:03+00:00,2026-06-25T23:29:22+00:00,2026-08-04T11:46:58+00:00,81.98119212962963,42.468969907407406,39.51222222222222,0.49211805555555554,0.2514814814814815,10,2,341,76,417,128,76,204,7,6,2,0,0,8,8,0,7,8
github/gh-aw:.github/workflows/smoke-pi.md,github/gh-aw,.github/workflows/smoke-pi.md,github__gh-aw__94f6311a2235/history.json,15,14,0,2026-05-02T23:49:21+00:00,2026-07-19T09:39:37+00:00,2026-08-04T11:47:01+00:00,93.49837962962962,77.4099074074074,16.088472222222222,3.7804976851851855,0.864363425925926,13,3,151,43,194,64,43,107,9,3,2,0,0,2,13,0,2,12
github/gh-aw:.github/workflows/smoke-project.md,github/gh-aw,.github/workflows/smoke-project.md,github__gh-aw__f7d514d00395/history.json,34,33,0,2026-02-01T12:30:52+00:00,2026-07-29T07:38:16+00:00,2026-08-04T11:47:08+00:00,183.96962962962962,177.79680555555555,6.172824074074074,2.0836805555555555,0.18689814814814815,23,5,392,197,589,232,197,429,22,7,4,0,0,10,24,0,10,23
github/gh-aw:.github/workflows/smoke-service-ports.md,github/gh-aw,.github/workflows/smoke-service-ports.md,github__gh-aw__4786039b8521/history.json,14,13,0,2026-04-01T04:33:59+00:00,2026-07-16T04:53:03+00:00,2026-08-04T11:47:02+00:00,125.30072916666667,106.01324074074074,19.287488425925925,4.267268518518518,1.6105787037037036,11,3,108,11,119,22,11,33,12,0,1,0,0,3,11,0,2,11
github/gh-aw:.github/workflows/smoke-temporary-id.md,github/gh-aw,.github/workflows/smoke-temporary-id.md,github__gh-aw__c262a5cb0608/history.json,25,24,0,2026-02-13T15:36:25+00:00,2026-07-29T07:38:16+00:00,2026-08-04T11:47:14+00:00,171.84084490740742,165.6679513888889,6.172893518518518,5.124947916666667,0.14814814814814814,20,6,219,32,251,108,32,140,18,4,2,0,0,3,22,0,3,21
github/gh-aw:.github/workflows/smoke-test-tools.md,github/gh-aw,.github/workflows/smoke-test-tools.md,github__gh-aw__729d2a6647a7/history.json,19,18,0,2026-01-29T01:17:24+00:00,2026-07-07T06:08:34+00:00,2026-08-04T11:47:13+00:00,187.43737268518518,159.2021990740741,28.23517361111111,8.106684027777778,9.610486111111111,18,6,144,18,162,28,18,46,14,4,0,0,0,1,18,0,1,17
github/gh-aw:.github/workflows/smoke-update-cross-repo-pr.md,github/gh-aw,.github/workflows/smoke-update-cross-repo-pr.md,github__gh-aw__400ed26a4799/history.json,19,18,0,2026-03-02T01:25:35+00:00,2026-06-25T23:29:22+00:00,2026-08-04T11:47:13+00:00,155.4316898148148,115.91929398148149,39.512395833333336,3.7230729166666667,0.9435069444444445,16,4,127,24,151,31,24,55,18,0,0,0,0,3,16,0,2,16
github/gh-aw:.github/workflows/smoke-workflow-call-with-inputs.md,github/gh-aw,.github/workflows/smoke-workflow-call-with-inputs.md,github__gh-aw__532dd8143689/history.json,11,10,0,2026-03-12T18:42:05+00:00,2026-06-25T23:29:22+00:00,2026-08-04T11:47:15+00:00,144.7119212962963,105.19950231481481,39.51241898148148,0.6184837962962964,2.9947569444444446,6,3,65,8,73,13,8,21,10,0,0,0,0,0,11,0,0,10
github/gh-aw:.github/workflows/smoke-workflow-call.md,github/gh-aw,.github/workflows/smoke-workflow-call.md,github__gh-aw__1ee2664c6605/history.json,13,12,0,2026-02-27T01:34:00+00:00,2026-07-07T06:08:34+00:00,2026-08-04T11:47:15+00:00,158.42586805555555,130.1906712962963,28.23519675925926,11.923559027777777,4.13880787037037,11,6,89,15,104,30,15,45,8,3,1,0,0,2,11,0,2,10
github/gh-aw:.github/workflows/spec-enforcer.md,github/gh-aw,.github/workflows/spec-enforcer.md,github__gh-aw__5344f92231ab/history.json,17,16,0,2026-04-13T20:33:14+00:00,2026-08-02T15:25:17+00:00,2026-08-04T11:47:16+00:00,112.63474537037037,110.78614583333334,1.848599537037037,4.808969907407407,4.1028472222222225,17,5,584,146,730,215,146,361,5,6,5,0,0,0,17,0,0,16
github/gh-aw:.github/workflows/spec-extractor.md,github/gh-aw,.github/workflows/spec-extractor.md,github__gh-aw__0432bd768c51/history.json,15,14,0,2026-04-13T20:33:14+00:00,2026-08-02T11:20:24+00:00,2026-08-04T11:47:18+00:00,112.63476851851851,110.61608796296296,2.0186805555555556,2.916215277777778,2.1502546296296297,14,5,554,247,801,180,247,427,8,3,3,0,0,0,15,0,0,14
github/gh-aw:.github/workflows/spec-librarian.md,github/gh-aw,.github/workflows/spec-librarian.md,github__gh-aw__a13c5d4a9433/history.json,21,20,0,2026-04-13T20:33:14+00:00,2026-07-07T06:08:34+00:00,2026-08-04T11:47:24+00:00,112.63483796296296,84.39953703703704,28.235300925925927,2.4027604166666663,4.187164351851852,19,4,578,312,890,231,312,543,8,8,4,0,0,1,20,0,1,19
github/gh-aw:.github/workflows/squad-game-planner.md,github/gh-aw,.github/workflows/squad-game-planner.md,github__gh-aw__0bd623cf9a58/history.json,1,0,1,2026-08-03T21:32:43+00:00,2026-08-03T21:32:43+00:00,2026-08-04T11:47:14+00:00,0.5934143518518519,0.0,0.5934143518518519,,,1,1,68,0,68,0,0,0,0,0,0,0,0,0,1,0,0,0
github/gh-aw:.github/workflows/stale-pr-cleanup.md,github/gh-aw,.github/workflows/stale-pr-cleanup.md,github__gh-aw__40fec89fe1ea/history.json,3,2,0,2026-05-05T12:28:50+00:00,2026-07-15T14:47:08+00:00,2026-08-04T11:47:19+00:00,90.97116898148148,71.09604166666666,19.875127314814815,35.54802083333333,24.141574074074075,3,2,267,4,271,7,4,11,1,0,1,0,0,0,3,0,0,2
github/gh-aw:.github/workflows/stale-repo-identifier.md,github/gh-aw,.github/workflows/stale-repo-identifier.md,github__gh-aw__bb8efcde0529/history.json,50,49,0,2025-12-03T08:07:35+00:00,2026-07-30T06:32:15+00:00,2026-08-04T11:47:46+00:00,244.1529050925926,238.9337962962963,5.219108796296296,2.875798611111111,0.2487962962962963,40,8,454,72,526,111,72,183,42,3,4,0,0,6,44,0,6,43
github/gh-aw:.github/workflows/static-analysis-report.md,github/gh-aw,.github/workflows/static-analysis-report.md,github__gh-aw__157ca1e3a679/history.json,42,41,0,2025-11-03T14:54:13+00:00,2026-08-04T04:04:54+00:00,2026-08-04T11:47:42+00:00,273.870474537037,273.54908564814815,0.3213888888888889,3.678125,3.678125,36,10,595,291,886,501,244,745,24,6,11,0,0,5,37,0,5,36
github/gh-aw:.github/workflows/step-name-alignment.md,github/gh-aw,.github/workflows/step-name-alignment.md,github__gh-aw__27fb83867632/history.json,25,24,0,2026-01-13T14:26:57+00:00,2026-07-22T16:45:52+00:00,2026-08-04T11:47:33+00:00,202.88930555555555,190.0964699074074,12.792835648148149,6.580144675925927,8.35238425925926,24,7,607,96,703,161,96,257,8,8,8,0,0,1,24,0,1,23
github/gh-aw:.github/workflows/sub-issue-closer.md,github/gh-aw,.github/workflows/sub-issue-closer.md,github__gh-aw__3b5550b804f2/history.json,9,8,0,2025-12-17T22:01:09+00:00,2026-07-16T12:17:42+00:00,2026-08-04T11:47:26+00:00,229.57380787037036,210.5948263888889,18.978981481481483,20.426221064814815,51.746770833333336,9,5,167,11,178,23,11,34,2,3,3,0,0,0,9,0,0,8
github/gh-aw:.github/workflows/super-linter.md,github/gh-aw,.github/workflows/super-linter.md,github__gh-aw__8f7d5fd0c5b8/history.json,39,38,0,2025-11-08T23:03:15+00:00,2026-08-03T20:48:50+00:00,2026-08-04T11:47:47+00:00,268.53092592592594,267.9066550925926,0.6242708333333333,3.6351157407407406,2.853287037037037,35,10,95,78,173,78,46,124,31,2,5,0,0,8,31,0,8,30
github/gh-aw:.github/workflows/technical-doc-writer.md,github/gh-aw,.github/workflows/technical-doc-writer.md,github__gh-aw__0d52888619ef/history.json,51,50,0,2025-10-03T14:04:38+00:00,2026-08-03T00:59:12+00:00,2026-08-04T11:47:43+00:00,304.9049189814815,303.4545601851852,1.4503587962962963,3.5099131944444446,0.3749884259259259,46,11,371,203,574,155,203,358,39,7,4,0,0,8,42,0,8,41
github/gh-aw:.github/workflows/terminal-stylist.md,github/gh-aw,.github/workflows/terminal-stylist.md,github__gh-aw__d3c5f5ff5a39/history.json,16,15,0,2025-12-27T01:10:40+00:00,2026-06-25T02:44:09+00:00,2026-08-04T11:47:31+00:00,220.44225694444444,180.06491898148147,40.37733796296296,7.101111111111111,36.89899305555556,16,6,194,21,215,46,21,67,9,3,2,1,0,0,16,0,0,15
github/gh-aw:.github/workflows/test-quality-sentinel.md,github/gh-aw,.github/workflows/test-quality-sentinel.md,github__gh-aw__5cba846b31a9/history.json,34,33,0,2026-04-08T19:14:47+00:00,2026-07-29T07:38:16+00:00,2026-08-04T11:47:39+00:00,117.68949074074074,111.51630787037037,6.17318287037037,1.7518287037037037,0.3052314814814815,29,4,1003,583,1586,569,583,1152,17,11,5,0,0,1,33,0,1,32
github/gh-aw:.github/workflows/tidy.md,github/gh-aw,.github/workflows/tidy.md,github__gh-aw__10411c78cf7e/history.json,49,48,0,2025-09-26T11:14:38+00:00,2026-08-03T00:59:12+00:00,2026-08-04T11:47:53+00:00,312.0230902777778,310.57261574074073,1.450474537037037,3.5431597222222226,0.0075,43,12,201,57,258,113,57,170,42,3,3,0,0,15,33,0,15,32
github/gh-aw:.github/workflows/typist.md,github/gh-aw,.github/workflows/typist.md,github__gh-aw__1bdcaf23f968/history.json,33,32,0,2025-11-07T04:09:22+00:00,2026-07-29T07:38:16+00:00,2026-08-04T11:47:50+00:00,270.31837962962965,264.14506944444446,6.173310185185185,5.396753472222223,0.1259375,27,7,688,133,821,184,133,317,23,4,5,0,0,1,32,0,1,31
github/gh-aw:.github/workflows/ubuntu-image-analyzer.md,github/gh-aw,.github/workflows/ubuntu-image-analyzer.md,github__gh-aw__698663165206/history.json,19,18,0,2026-01-04T14:53:01+00:00,2026-07-05T13:29:41+00:00,2026-08-04T11:47:46+00:00,211.87135416666666,181.94212962962962,29.929224537037037,6.991168981481481,0.26059027777777777,17,7,608,106,714,163,106,269,7,6,4,1,0,0,19,0,0,18
github/gh-aw:.github/workflows/uk-ai-operational-resilience.md,github/gh-aw,.github/workflows/uk-ai-operational-resilience.md,github__gh-aw__b5590cc3a969/history.json,5,4,0,2026-05-17T21:19:04+00:00,2026-07-30T06:32:15+00:00,2026-08-04T11:47:34+00:00,78.603125,73.3841550925926,5.218969907407407,14.537309027777777,0.6697106481481482,5,2,307,3,310,21,3,24,2,0,2,0,0,0,5,0,0,4
github/gh-aw:.github/workflows/unbloat-docs.md,github/gh-aw,.github/workflows/unbloat-docs.md,github__gh-aw__03f6389f8f22/history.json,91,90,0,2025-10-10T15:25:22+00:00,2026-08-03T00:59:12+00:00,2026-08-04T11:48:18+00:00,297.84925925925927,296.39849537037037,1.450763888888889,1.8897685185185185,1.0299652777777777,75,11,959,499,1458,748,499,1247,57,17,16,0,0,12,79,0,12,78
github/gh-aw:.github/workflows/update-astro.md,github/gh-aw,.github/workflows/update-astro.md,github__gh-aw__116872108fb6/history.json,14,13,0,2026-03-17T13:10:10+00:00,2026-08-03T00:59:12+00:00,2026-08-04T11:47:50+00:00,139.94282407407408,138.49238425925927,1.4504398148148148,8.676909722222222,0.05986111111111111,11,6,197,17,214,23,17,40,13,0,0,0,0,5,8,0,5,7
github/gh-aw:.github/workflows/video-analyzer.md,github/gh-aw,.github/workflows/video-analyzer.md,github__gh-aw__dae8f0a438e5/history.json,16,15,0,2025-10-18T12:57:14+00:00,2026-07-05T13:29:41+00:00,2026-08-04T11:47:48+00:00,289.9517824074074,260.02253472222225,29.929247685185185,7.771319444444444,9.528043981481481,16,7,194,17,211,27,17,44,8,5,2,0,0,3,13,0,3,12
github/gh-aw:.github/workflows/visual-regression-checker.md,github/gh-aw,.github/workflows/visual-regression-checker.md,github__gh-aw__3feaa1b87388/history.json,13,12,0,2026-04-26T11:42:28+00:00,2026-08-03T00:59:12+00:00,2026-08-04T11:47:52+00:00,100.00375,98.55328703703704,1.450462962962963,5.1866261574074075,4.623784722222222,12,5,152,37,189,62,37,99,8,0,4,0,0,5,8,0,5,7
github/gh-aw:.github/workflows/weekly-blog-post-writer.md,github/gh-aw,.github/workflows/weekly-blog-post-writer.md,github__gh-aw__1af22f5a7996/history.json,20,19,0,2026-03-18T12:58:27+00:00,2026-07-30T06:32:15+00:00,2026-08-04T11:47:56+00:00,138.9510300925926,133.73180555555555,5.219224537037037,6.460150462962963,0.055625,18,5,494,31,525,126,31,157,14,2,3,0,0,0,19,0,0,18
github/gh-aw:.github/workflows/weekly-editors-health-check.md,github/gh-aw,.github/workflows/weekly-editors-health-check.md,github__gh-aw__57bcb8e8de0f/history.json,15,14,0,2026-02-21T22:11:11+00:00,2026-07-05T13:29:41+00:00,2026-08-04T11:48:00+00:00,163.5672337962963,133.63784722222223,29.929386574074073,2.1927488425925925,0.016296296296296295,13,5,175,27,202,40,27,67,3,4,7,0,0,2,13,0,1,13
github/gh-aw:.github/workflows/weekly-issue-summary.md,github/gh-aw,.github/workflows/weekly-issue-summary.md,github__gh-aw__b28f3c2471bb/history.json,40,39,0,2025-10-21T19:39:09+00:00,2026-06-26T11:25:32+00:00,2026-08-04T11:48:09+00:00,286.67291666666665,247.65721064814815,39.01570601851852,3.6353819444444446,0.3914699074074074,36,9,254,93,347,223,93,316,31,6,2,0,0,3,37,0,2,37
github/gh-aw:.github/workflows/weekly-safe-outputs-spec-review.md,github/gh-aw,.github/workflows/weekly-safe-outputs-spec-review.md,github__gh-aw__8e89b107dccb/history.json,16,15,0,2026-02-14T18:30:39+00:00,2026-07-05T13:29:41+00:00,2026-08-04T11:48:01+00:00,170.7203935185185,140.79099537037038,29.92939814814815,9.412974537037037,9.412974537037037,14,6,294,23,317,42,23,65,7,7,1,0,0,0,16,0,0,15
github/gh-aw:.github/workflows/workflow-generator.md,github/gh-aw,.github/workflows/workflow-generator.md,github__gh-aw__e01d7da0d9e0/history.json,24,23,0,2025-12-19T17:55:45+00:00,2026-06-25T02:44:09+00:00,2026-08-04T11:48:08+00:00,227.74471064814816,187.36694444444444,40.3777662037037,3.5580555555555557,0.05589120370370371,21,7,155,41,196,68,41,109,14,4,4,1,0,1,23,0,1,22
github/gh-aw:.github/workflows/workflow-health-manager.md,github/gh-aw,.github/workflows/workflow-health-manager.md,github__gh-aw__67a4aec78020/history.json,34,33,0,2025-12-20T02:17:58+00:00,2026-07-29T10:39:07+00:00,2026-08-04T11:48:10+00:00,227.3959722222222,221.34802083333332,6.0479513888888885,3.1851273148148147,2.2059375,29,8,575,190,765,162,190,352,18,11,3,1,0,2,32,0,2,31
github/gh-aw:.github/workflows/workflow-normalizer.md,github/gh-aw,.github/workflows/workflow-normalizer.md,github__gh-aw__24db678a9172/history.json,15,14,0,2026-01-18T20:05:38+00:00,2026-06-05T19:30:28+00:00,2026-08-04T11:48:02+00:00,197.65444444444444,137.9755787037037,59.67886574074074,2.7855671296296296,2.047326388888889,14,4,281,92,373,50,92,142,7,5,2,0,0,1,14,0,1,13
github/gh-aw:.github/workflows/workflow-skill-extractor.md,github/gh-aw,.github/workflows/workflow-skill-extractor.md,github__gh-aw__0e78cd4c9aa6/history.json,19,18,0,2026-01-16T20:51:00+00:00,2026-08-03T00:59:12+00:00,2026-08-04T11:48:10+00:00,199.6230324074074,198.17236111111112,1.4506712962962962,8.35490162037037,4.748414351851852,15,7,278,557,835,221,500,721,8,6,4,0,0,2,17,0,2,16
github/spec-kit:.github/workflows/add-community-bundle.md,github/spec-kit,.github/workflows/add-community-bundle.md,github__spec-kit__cae2aecf93e1/history.json,1,0,1,2026-07-21T17:28:40+00:00,2026-07-21T17:28:40+00:00,2026-08-04T11:48:47+00:00,13.763969907407407,0.0,13.763969907407407,,,1,1,288,0,288,0,0,0,0,0,0,0,0,1,0,0,0,0
github/spec-kit:.github/workflows/add-community-extension.md,github/spec-kit,.github/workflows/add-community-extension.md,github__spec-kit__cc9bed260158/history.json,4,3,0,2026-05-21T12:13:11+00:00,2026-06-17T23:00:09+00:00,2026-08-04T11:48:48+00:00,74.98306712962963,27.449282407407406,47.53378472222222,7.298391203703703,7.298391203703703,3,2,300,11,311,12,11,23,1,0,2,0,0,4,0,0,3,0
github/spec-kit:.github/workflows/add-community-preset.md,github/spec-kit,.github/workflows/add-community-preset.md,github__spec-kit__4f1dcfd7a607/history.json,5,4,0,2026-05-21T12:13:11+00:00,2026-06-24T22:06:51+00:00,2026-08-04T11:48:48+00:00,74.98306712962963,34.412268518518516,40.57079861111111,7.130688657407408,7.298391203703703,4,2,352,15,367,70,15,85,1,1,2,0,0,5,0,0,4,0
github/spec-kit:.github/workflows/bug-assess.md,github/spec-kit,.github/workflows/bug-assess.md,github__spec-kit__c6a7502936ef/history.json,2,1,0,2026-06-17T20:01:34+00:00,2026-06-17T21:26:17+00:00,2026-08-04T11:48:47+00:00,47.657789351851854,0.05883101851851852,47.598958333333336,0.05883101851851852,0.05883101851851852,1,1,239,0,239,1,0,1,1,0,0,0,0,1,1,0,0,1
github/spec-kit:.github/workflows/bug-fix.md,github/spec-kit,.github/workflows/bug-fix.md,github__spec-kit__494318d9dbba/history.json,1,0,1,2026-07-01T17:52:35+00:00,2026-07-01T17:52:35+00:00,2026-08-04T11:48:47+00:00,33.74736111111111,0.0,33.74736111111111,,,1,1,312,0,312,0,0,0,0,0,0,0,0,1,0,0,0,0
github/spec-kit:.github/workflows/bug-test.md,github/spec-kit,.github/workflows/bug-test.md,github__spec-kit__faae720de969/history.json,1,0,1,2026-07-01T17:13:09+00:00,2026-07-01T17:13:09+00:00,2026-08-04T11:48:47+00:00,33.77474537037037,0.0,33.77474537037037,,,1,1,344,0,344,0,0,0,0,0,0,0,0,1,0,0,0,0
githubnext/ado-aw:.github/workflows/ado-task-ir-contributor.md,githubnext/ado-aw,.github/workflows/ado-task-ir-contributor.md,githubnext__ado-aw__d7a26147d489/history.json,5,4,0,2026-06-14T13:19:06+00:00,2026-07-02T09:30:40+00:00,2026-08-04T11:48:50+00:00,50.93731481481481,17.84136574074074,33.09594907407408,3.014768518518519,0.19341435185185185,4,2,463,63,526,156,63,219,2,1,1,0,0,3,2,0,3,1
githubnext/ado-aw:.github/workflows/bash-lint-auditor.md,githubnext/ado-aw,.github/workflows/bash-lint-auditor.md,githubnext__ado-aw__4df9a3cb9e3d/history.json,7,6,0,2026-05-10T20:49:43+00:00,2026-07-29T13:18:10+00:00,2026-08-04T11:48:50+00:00,85.62438657407408,79.68642361111111,5.937962962962963,11.56892361111111,13.875590277777778,7,3,218,3,221,12,3,15,6,0,0,0,0,5,2,0,4,2
githubnext/ado-aw:.github/workflows/clippy-fixer.md,githubnext/ado-aw,.github/workflows/clippy-fixer.md,githubnext__ado-aw__a4b22eae131d/history.json,6,5,0,2026-05-16T20:58:55+00:00,2026-07-02T09:30:40+00:00,2026-08-04T11:48:50+00:00,79.61799768518519,46.52204861111111,33.09594907407408,7.690081018518518,1.516701388888889,6,3,253,3,256,8,3,11,5,0,0,0,0,4,2,0,3,2
githubnext/ado-aw:.github/workflows/cyclomatic-complexity-reducer.md,githubnext/ado-aw,.github/workflows/cyclomatic-complexity-reducer.md,githubnext__ado-aw__3743d686d395/history.json,5,4,0,2026-04-22T07:50:30+00:00,2026-07-02T09:30:40+00:00,2026-08-04T11:48:50+00:00,104.16550925925925,71.06956018518518,33.09594907407408,15.48138310185185,32.41671296296296,5,4,157,2,159,7,2,9,4,0,0,0,0,3,2,0,2,2
githubnext/ado-aw:.github/workflows/deps-notes-consolidator.md,githubnext/ado-aw,.github/workflows/deps-notes-consolidator.md,githubnext__ado-aw__0399f13c9d37/history.json,1,0,1,2026-07-02T12:29:15+00:00,2026-07-02T12:29:15+00:00,2026-08-04T11:48:48+00:00,32.97190972222222,0.0,32.97190972222222,,,1,1,190,0,190,0,0,0,0,0,0,0,0,1,0,0,0,0
githubnext/ado-aw:.github/workflows/doc-freshness-check.md,githubnext/ado-aw,.github/workflows/doc-freshness-check.md,githubnext__ado-aw__16508430bca6/history.json,19,18,0,2026-03-06T14:29:31+00:00,2026-07-15T14:38:52+00:00,2026-08-04T11:48:56+00:00,150.8884837962963,131.00649305555555,19.88199074074074,6.7234490740740736,0.3544791666666667,15,5,410,145,555,294,145,439,9,7,2,0,0,10,9,0,9,9
githubnext/ado-aw:.github/workflows/docs-writer.md,githubnext/ado-aw,.github/workflows/docs-writer.md,githubnext__ado-aw__6c9dd4b295d6/history.json,7,6,0,2026-05-18T21:46:53+00:00,2026-07-02T09:30:40+00:00,2026-08-04T11:48:52+00:00,77.58471064814815,44.48873842592592,33.09597222222222,5.403547453703704,2.7188773148148146,7,3,235,24,259,68,24,92,4,1,1,0,0,3,4,0,3,3
githubnext/ado-aw:.github/workflows/frontmatter-aligner.md,githubnext/ado-aw,.github/workflows/frontmatter-aligner.md,githubnext__ado-aw__2ec5fe8e3d12/history.json,4,3,0,2026-05-07T20:46:04+00:00,2026-07-02T09:30:40+00:00,2026-08-04T11:48:50+00:00,88.6269212962963,55.530972222222225,33.09594907407408,17.647951388888888,16.878125,4,3,177,1,178,6,1,7,3,0,0,0,0,2,2,0,2,1
githubnext/ado-aw:.github/workflows/issue-arborist.md,githubnext/ado-aw,.github/workflows/issue-arborist.md,githubnext__ado-aw__5fd225765614/history.json,2,1,0,2026-07-01T15:58:59+00:00,2026-07-02T09:30:40+00:00,2026-08-04T11:48:50+00:00,33.82628472222222,0.7303356481481481,33.09594907407408,0.7303356481481481,0.7303356481481481,2,1,140,0,140,2,0,2,1,0,0,0,0,2,0,0,1,0
githubnext/ado-aw:.github/workflows/issue-plan-maker.md,githubnext/ado-aw,.github/workflows/issue-plan-maker.md,githubnext__ado-aw__669f6dabe647/history.json,7,6,0,2026-04-18T14:40:22+00:00,2026-07-31T20:01:52+00:00,2026-08-04T11:48:54+00:00,107.88092592592592,104.2232638888889,3.657662037037037,17.213802083333334,10.079814814814815,7,4,73,3,76,13,3,16,5,0,1,0,0,4,3,0,4,2
githubnext/ado-aw:.github/workflows/issue-triage.md,githubnext/ado-aw,.github/workflows/issue-triage.md,githubnext__ado-aw__39e15f30c6b2/history.json,2,1,0,2026-07-01T15:58:59+00:00,2026-07-02T09:30:40+00:00,2026-08-04T11:48:51+00:00,33.8262962962963,0.7303356481481481,33.09596064814815,0.7303356481481481,0.7303356481481481,2,1,136,0,136,2,0,2,1,0,0,0,0,2,0,0,1,0
githubnext/ado-aw:.github/workflows/pr-sous-chef.md,githubnext/ado-aw,.github/workflows/pr-sous-chef.md,githubnext__ado-aw__9c5d4de98b6e/history.json,1,0,1,2026-07-31T20:01:52+00:00,2026-07-31T20:01:52+00:00,2026-08-04T11:48:51+00:00,3.657627314814815,0.0,3.657627314814815,,,1,1,405,0,405,0,0,0,0,0,0,0,0,1,0,0,0,0
githubnext/ado-aw:.github/workflows/prompt-evaluator.md,githubnext/ado-aw,.github/workflows/prompt-evaluator.md,githubnext__ado-aw__6d56239c8dd9/history.json,1,0,1,2026-07-29T13:42:42+00:00,2026-07-29T13:42:42+00:00,2026-08-04T11:48:51+00:00,5.9209375,0.0,5.9209375,,,1,1,181,0,181,0,0,0,0,0,0,0,0,1,0,0,0,0
githubnext/ado-aw:.github/workflows/red-team-security.md,githubnext/ado-aw,.github/workflows/red-team-security.md,githubnext__ado-aw__28a1c3e3f96b/history.json,7,6,0,2026-04-14T09:41:44+00:00,2026-07-02T09:30:40+00:00,2026-08-04T11:48:54+00:00,112.08831018518518,78.99231481481482,33.09599537037037,15.779496527777777,2.5133680555555555,7,4,256,14,270,21,14,35,3,3,0,0,0,4,3,0,3,3
githubnext/ado-aw:.github/workflows/review-compiler-contract.md,githubnext/ado-aw,.github/workflows/review-compiler-contract.md,githubnext__ado-aw__06cf33e5af7d/history.json,7,6,0,2026-07-31T20:01:52+00:00,2026-08-03T15:23:42+00:00,2026-08-04T11:48:54+00:00,3.657662037037037,2.8068287037037036,0.8508333333333333,0.11827546296296297,1.8269097222222221,3,2,243,39,282,33,39,72,3,1,2,0,0,5,2,0,4,2
githubnext/ado-aw:.github/workflows/review-rust.md,githubnext/ado-aw,.github/workflows/review-rust.md,githubnext__ado-aw__ba7b6881bdf9/history.json,4,3,0,2026-07-31T20:01:52+00:00,2026-08-03T13:18:54+00:00,2026-08-04T11:48:53+00:00,3.657650462962963,2.720162037037037,0.937488425925926,0.8126736111111111,1.8269097222222221,3,2,195,7,202,7,7,14,2,0,1,0,0,4,0,0,3,0
githubnext/ado-aw:.github/workflows/review-security.md,githubnext/ado-aw,.github/workflows/review-security.md,githubnext__ado-aw__0f7040c743f0/history.json,5,4,0,2026-07-31T20:01:52+00:00,2026-08-03T13:18:54+00:00,2026-08-04T11:48:54+00:00,3.657662037037037,2.720162037037037,0.9375,0.4063368055555555,1.8269097222222221,3,2,183,7,190,15,7,22,3,0,1,0,0,4,1,0,3,1
githubnext/ado-aw:.github/workflows/review-tests.md,githubnext/ado-aw,.github/workflows/review-tests.md,githubnext__ado-aw__43fa0b1bd600/history.json,5,4,0,2026-07-31T20:01:52+00:00,2026-08-03T15:23:42+00:00,2026-08-04T11:48:54+00:00,3.657662037037037,2.8068287037037036,0.8508333333333333,0.4496701388888889,1.8269097222222221,3,2,157,10,167,13,10,23,2,1,1,0,0,5,0,0,4,0
githubnext/ado-aw:.github/workflows/review-typescript.md,githubnext/ado-aw,.github/workflows/review-typescript.md,githubnext__ado-aw__dd9668ed7069/history.json,5,4,0,2026-07-31T20:01:52+00:00,2026-08-03T13:57:08+00:00,2026-08-04T11:48:54+00:00,3.657662037037037,2.7467129629629627,0.9109490740740741,0.4466261574074074,1.8269097222222221,3,2,198,12,210,12,12,24,2,1,1,0,0,4,1,0,3,1
githubnext/ado-aw:.github/workflows/risk.md,githubnext/ado-aw,.github/workflows/risk.md,githubnext__ado-aw__361e0959c9e7/history.json,1,0,1,2026-07-31T20:01:52+00:00,2026-07-31T20:01:52+00:00,2026-08-04T11:48:52+00:00,3.657638888888889,0.0,3.657638888888889,,,1,1,3,2,5,0,0,0,0,0,0,0,0,1,0,0,0,0
githubnext/ado-aw:.github/workflows/scout-command.md,githubnext/ado-aw,.github/workflows/scout-command.md,githubnext__ado-aw__e2d447d50070/history.json,6,5,0,2026-04-18T14:37:29+00:00,2026-07-31T20:01:52+00:00,2026-08-04T11:48:55+00:00,107.88293981481482,104.2252662037037,3.657673611111111,21.004895833333332,10.081817129629629,6,4,88,3,91,7,3,10,5,0,0,0,0,3,3,0,3,2
githubnext/ado-aw:.github/workflows/stale-bot-issue-janitor.md,githubnext/ado-aw,.github/workflows/stale-bot-issue-janitor.md,githubnext__ado-aw__35f546c4e2f8/history.json,2,1,0,2026-07-02T12:29:15+00:00,2026-08-03T15:23:42+00:00,2026-08-04T11:48:54+00:00,32.971979166666664,32.12114583333334,0.8508333333333333,32.12114583333334,32.12114583333334,2,2,147,3,150,9,3,12,0,1,0,0,0,2,0,0,1,0
githubnext/ado-aw:.github/workflows/test-gap-finder.md,githubnext/ado-aw,.github/workflows/test-gap-finder.md,githubnext__ado-aw__ee30a9a28ecf/history.json,8,7,0,2026-03-06T14:29:31+00:00,2026-07-15T14:38:52+00:00,2026-08-04T11:48:56+00:00,150.8884837962963,131.00649305555555,19.88199074074074,13.214027777777778,0.3544791666666667,7,4,212,42,254,59,42,101,4,2,1,0,0,4,4,0,3,4
githubnext/ado-aw:.github/workflows/test-reducer.md,githubnext/ado-aw,.github/workflows/test-reducer.md,githubnext__ado-aw__ba87173951ec/history.json,4,3,0,2026-05-18T18:14:08+00:00,2026-07-02T09:30:40+00:00,2026-08-04T11:48:56+00:00,77.7325,44.63648148148148,33.09601851851852,17.647951388888888,5.983634259259259,4,3,296,1,297,6,1,7,3,0,0,0,0,2,2,0,2,1
githubnext/ado-aw:.github/workflows/update-awf-version.md,githubnext/ado-aw,.github/workflows/update-awf-version.md,githubnext__ado-aw__689303cafc99/history.json,13,12,0,2026-03-19T10:46:58+00:00,2026-07-15T14:38:52+00:00,2026-08-04T11:48:59+00:00,138.04306712962963,118.16104166666666,19.882025462962964,7.456840277777777,19.966354166666665,11,5,446,81,527,378,81,459,5,1,6,0,0,9,4,0,9,3
githubnext/ado-aw:.github/workflows/update-copilot-models.md,githubnext/ado-aw,.github/workflows/update-copilot-models.md,githubnext__ado-aw__1ab49cd8dfc8/history.json,2,1,0,2026-07-06T19:30:06+00:00,2026-07-31T21:49:31+00:00,2026-08-04T11:48:55+00:00,28.679733796296297,25.09681712962963,3.5829166666666667,25.09681712962963,25.09681712962963,2,1,336,83,419,114,83,197,0,0,1,0,0,1,1,0,1,0
githubnext/agentic-ops:.github/workflows/agentic-token-audit.md,githubnext/agentic-ops,.github/workflows/agentic-token-audit.md,githubnext__agentic-ops__fb3d23c70ed0/history.json,9,8,0,2026-05-14T18:06:16+00:00,2026-06-14T06:18:16+00:00,2026-08-04T11:48:58+00:00,81.73798611111111,30.508333333333333,51.22965277777778,0.42844328703703705,18.080300925925926,5,2,133,94,227,117,76,193,3,3,2,0,0,2,7,0,2,6
githubnext/agentic-ops:.github/workflows/agentic-token-optimizer.md,githubnext/agentic-ops,.github/workflows/agentic-token-optimizer.md,githubnext__agentic-ops__97f7e7f69681/history.json,15,14,0,2026-05-14T18:06:16+00:00,2026-06-18T07:01:54+00:00,2026-08-04T11:49:00+00:00,81.73800925925926,34.53863425925926,47.199375,0.05501736111111111,5.580810185185185,7,2,262,136,398,253,125,378,5,1,8,0,0,5,10,0,5,9
githubnext/agentic-ops:.github/workflows/daily-agentic-research.md,githubnext/agentic-ops,.github/workflows/daily-agentic-research.md,githubnext__agentic-ops__65d26e05d91e/history.json,2,1,0,2026-06-18T05:50:08+00:00,2026-06-18T05:57:07+00:00,2026-08-04T11:48:56+00:00,47.24916666666667,0.004849537037037037,47.24431712962963,0.004849537037037037,0.004849537037037037,1,1,90,1,91,1,1,2,1,0,0,0,0,1,1,0,1,0
githubnext/agentic-ops:.github/workflows/daily-ai-poem.md,githubnext/agentic-ops,.github/workflows/daily-ai-poem.md,githubnext__agentic-ops__cd913987bbca/history.json,3,2,0,2026-06-18T05:50:08+00:00,2026-06-18T05:57:38+00:00,2026-08-04T11:48:56+00:00,47.24916666666667,0.005208333333333333,47.24395833333333,0.0026041666666666665,0.004131944444444444,1,1,60,2,62,2,2,4,2,0,0,0,0,2,1,0,2,0
githubnext/agentic-ops:.github/workflows/daily-xkcd.md,githubnext/agentic-ops,.github/workflows/daily-xkcd.md,githubnext__agentic-ops__30258417a9ef/history.json,2,1,0,2026-06-18T05:50:08+00:00,2026-06-18T05:55:10+00:00,2026-08-04T11:48:56+00:00,47.24916666666667,0.0034953703703703705,47.245671296296294,0.0034953703703703705,0.0034953703703703705,1,1,87,1,88,1,1,2,1,0,0,0,0,1,1,0,1,0
githubnext/agentic-ops:.github/workflows/release.md,githubnext/agentic-ops,.github/workflows/release.md,githubnext__agentic-ops__e635b5b02c20/history.json,12,11,0,2026-05-08T07:10:58+00:00,2026-06-14T08:46:25+00:00,2026-08-04T11:49:00+00:00,88.1930787037037,37.06628472222222,51.126793981481484,0.09002314814814814,6.061203703703704,5,2,334,74,408,185,74,259,8,1,2,0,0,8,4,0,8,3
githubnext/agentics:.github/workflows/daily-repo-goals.md,githubnext/agentics,.github/workflows/daily-repo-goals.md,githubnext__agentics__c8d4dd7de15e/history.json,9,8,0,2026-02-13T01:55:08+00:00,2026-06-26T05:45:50+00:00,2026-08-04T11:48:59+00:00,172.41239583333333,133.16020833333334,39.2521875,5.471631944444445,0.0648611111111111,7,4,85,9,94,83,7,90,3,3,2,0,0,8,1,0,7,1
githubnext/agentics:.github/workflows/daily-workflow-sync.md,githubnext/agentics,.github/workflows/daily-workflow-sync.md,githubnext__agentics__10838913dc43/history.json,10,9,0,2025-12-09T17:48:57+00:00,2026-06-26T05:45:50+00:00,2026-08-04T11:48:59+00:00,237.75002314814816,198.49783564814814,39.2521875,7.039363425925926,55.27965277777778,10,5,166,16,182,20,16,36,8,0,1,0,0,6,4,0,6,3
githubnext/agentics:.github/workflows/import-workflow.md,githubnext/agentics,.github/workflows/import-workflow.md,githubnext__agentics__b80bb6035e5d/history.json,7,6,0,2026-02-17T04:14:13+00:00,2026-06-26T05:45:50+00:00,2026-08-04T11:48:58+00:00,168.31579861111112,129.06362268518518,39.252175925925926,3.4207986111111115,0.0022800925925925927,4,3,206,8,214,38,8,46,3,3,0,0,0,4,3,0,3,3
githubnext/agentics:.github/workflows/link-checker.md,githubnext/agentics,.github/workflows/link-checker.md,githubnext__agentics__2e591bc5000d/history.json,6,5,0,2026-02-17T04:18:47+00:00,2026-06-26T05:45:50+00:00,2026-08-04T11:48:58+00:00,168.31262731481482,129.06045138888888,39.252175925925926,6.524386574074074,3.361111111111111,5,3,262,27,289,32,27,59,4,0,1,0,0,3,3,0,3,2
githubnext/agentics:.github/workflows/maintainer.md,githubnext/agentics,.github/workflows/maintainer.md,githubnext__agentics__78f041943fe7/history.json,12,11,0,2025-10-22T18:14:56+00:00,2026-06-26T05:45:50+00:00,2026-08-04T11:49:00+00:00,285.73199074074074,246.47979166666667,39.25219907407408,8.392650462962964,0.034513888888888886,11,6,36,19,55,36,19,55,9,1,1,0,0,9,3,0,9,2
githubnext/agentics:workflows/agentic-wiki-writer.md,githubnext/agentics,workflows/agentic-wiki-writer.md,githubnext__agentics__c6daea6e6196/history.json,15,14,0,2026-03-03T02:19:06+00:00,2026-05-08T20:56:58+00:00,2026-08-04T11:49:01+00:00,154.39577546296297,66.7762962962963,87.61947916666666,0.629375,5.006655092592593,8,3,849,34,883,122,34,156,9,4,1,0,0,6,9,0,5,9
githubnext/agentics:workflows/ci-doctor.md,githubnext/agentics,workflows/ci-doctor.md,githubnext__agentics__bd9e11c38184/history.json,27,26,0,2025-08-25T15:29:17+00:00,2026-05-08T20:56:58+00:00,2026-08-04T11:49:05+00:00,343.84708333333333,256.2275578703704,87.61952546296297,1.7870775462962962,0.002476851851851852,18,8,272,74,346,52,74,126,16,9,1,0,0,24,2,0,23,2
githubnext/agentics:workflows/code-simplifier.md,githubnext/agentics,workflows/code-simplifier.md,githubnext__agentics__ec1da453b797/history.json,8,7,0,2026-02-13T03:25:44+00:00,2026-06-26T05:31:45+00:00,2026-08-04T11:48:59+00:00,172.34947916666667,133.08751157407409,39.26196759259259,8.402824074074074,8.402824074074074,7,3,316,8,324,13,8,21,6,1,0,0,0,6,1,0,6,1
githubnext/agentics:workflows/contribution-guidelines-checker.md,githubnext/agentics,workflows/contribution-guidelines-checker.md,githubnext__agentics__ac1bc2e829fd/history.json,9,8,0,2026-02-09T13:23:00+00:00,2026-05-08T20:56:58+00:00,2026-08-04T11:49:02+00:00,175.93474537037036,88.31525462962964,87.61949074074074,5.461655092592593,3.124861111111111,8,3,105,11,116,15,11,26,7,1,0,0,0,8,1,0,7,1
githubnext/agentics:workflows/daily-issue-triage.md,githubnext/agentics,workflows/daily-issue-triage.md,githubnext__agentics__0c6470ca5348/history.json,1,0,1,2026-05-29T16:23:59+00:00,2026-05-29T16:23:59+00:00,2026-08-04T11:48:59+00:00,66.80902777777777,0.0,66.80902777777777,,,1,1,165,0,165,0,0,0,0,0,0,0,0,1,0,0,0,0
githubnext/agentics:workflows/dependabot-pr-bundler.md,githubnext/agentics,workflows/dependabot-pr-bundler.md,githubnext__agentics__10d9db80a966/history.json,7,6,0,2026-02-13T01:11:24+00:00,2026-06-19T16:58:37+00:00,2026-08-04T11:49:02+00:00,172.44280092592592,126.65778935185185,45.785011574074076,11.76208912037037,0.03037037037037037,6,4,17,64,81,16,63,79,4,0,2,0,0,7,0,0,6,0
githubnext/agentics:workflows/doc-updater.md,githubnext/agentics,workflows/doc-updater.md,githubnext__agentics__9f74c9899f0a/history.json,3,2,0,2026-05-08T20:56:58+00:00,2026-07-29T14:02:29+00:00,2026-08-04T11:49:01+00:00,87.61947916666666,81.71216435185185,5.907314814814815,40.85608217592593,10.81292824074074,3,2,201,2,203,4,2,6,2,0,0,0,0,3,0,0,2,0
githubnext/agentics:workflows/duplicate-code-detector.md,githubnext/agentics,workflows/duplicate-code-detector.md,githubnext__agentics__bb1a5f12e219/history.json,3,2,0,2026-02-18T02:39:55+00:00,2026-03-19T03:06:45+00:00,2026-08-04T11:49:02+00:00,167.38133101851852,29.018634259259258,138.36269675925925,14.509317129629629,8.426770833333334,3,2,227,2,229,4,2,6,2,0,0,0,0,2,0,0,2,0
githubnext/agentics:workflows/efficiency-improver.md,githubnext/agentics,workflows/efficiency-improver.md,githubnext__agentics__e93203da4932/history.json,5,4,0,2026-05-08T20:56:58+00:00,2026-07-29T14:02:29+00:00,2026-08-04T11:49:03+00:00,87.61950231481481,81.71216435185185,5.907337962962963,11.835896990740741,10.81292824074074,5,3,412,4,416,6,4,10,4,0,0,0,0,4,1,0,3,1
githubnext/agentics:workflows/grumpy-reviewer.md,githubnext/agentics,workflows/grumpy-reviewer.md,githubnext__agentics__e7658c9281c9/history.json,4,3,0,2026-02-22T06:49:21+00:00,2026-03-23T00:38:53+00:00,2026-08-04T11:49:04+00:00,163.20813657407408,28.74273148148148,134.4654050925926,3.897314814814815,1.893761574074074,4,2,169,2,171,7,2,9,2,1,0,0,0,3,0,0,3,0
githubnext/agentics:workflows/issue-triage.md,githubnext/agentics,workflows/issue-triage.md,githubnext__agentics__9ac85c9fe49a/history.json,47,46,0,2025-07-31T15:45:45+00:00,2026-05-12T13:58:09+00:00,2026-08-04T11:49:17+00:00,368.83578703703705,284.92527777777775,83.91050925925926,0.794513888888889,0.09899305555555556,31,9,194,133,327,193,133,326,24,18,4,0,0,45,1,0,44,1
githubnext/agentics:workflows/large-file-simplifier.md,githubnext/agentics,workflows/large-file-simplifier.md,githubnext__agentics__2dcac7e75432/history.json,1,0,1,2026-05-05T14:57:37+00:00,2026-05-05T14:57:37+00:00,2026-08-04T11:49:03+00:00,90.86905092592593,0.0,90.86905092592593,,,1,1,205,0,205,0,0,0,0,0,0,0,0,1,0,0,0,0
githubnext/agentics:workflows/malicious-code-scan.md,githubnext/agentics,workflows/malicious-code-scan.md,githubnext__agentics__e7ca7545f944/history.json,2,1,0,2026-05-08T20:56:58+00:00,2026-06-06T12:32:28+00:00,2026-08-04T11:49:03+00:00,87.61950231481481,28.649652777777778,58.969849537037035,28.649652777777778,28.649652777777778,2,2,297,6,303,8,6,14,0,1,0,0,0,2,0,0,1,0
githubnext/agentics:workflows/perf-improver.md,githubnext/agentics,workflows/perf-improver.md,githubnext__agentics__c65c72670525/history.json,6,5,0,2026-05-08T20:56:58+00:00,2026-07-29T14:02:29+00:00,2026-08-04T11:49:05+00:00,87.61952546296297,81.71216435185185,5.907361111111111,12.858865740740741,10.81292824074074,6,3,342,4,346,7,4,11,5,0,0,0,0,4,2,0,3,2
githubnext/agentics:workflows/pr-fix.md,githubnext/agentics,workflows/pr-fix.md,githubnext__agentics__da5130c83cb4/history.json,53,52,0,2025-08-25T23:24:57+00:00,2026-06-26T05:31:15+00:00,2026-08-04T11:49:18+00:00,343.51690972222224,304.254375,39.26253472222222,1.030653935185185,0.0010763888888888889,36,10,204,144,348,127,144,271,33,14,5,0,0,47,5,0,46,5
githubnext/agentics:workflows/q.md,githubnext/agentics,workflows/q.md,githubnext__agentics__e24ec84fe045/history.json,13,12,0,2025-11-21T14:47:53+00:00,2026-03-25T14:30:08+00:00,2026-08-04T11:49:08+00:00,255.87586805555554,123.9876736111111,131.88819444444445,4.663153935185186,29.168865740740742,13,5,401,17,418,23,17,40,6,4,2,0,0,8,5,0,8,4
githubnext/agentics:workflows/repo-assist.md,githubnext/agentics,workflows/repo-assist.md,githubnext__agentics__d31b170084a7/history.json,39,38,0,2026-02-21T13:36:20+00:00,2026-07-29T14:02:29+00:00,2026-08-04T11:49:16+00:00,163.92564814814816,158.0181597222222,5.9074884259259255,0.33858796296296295,0.005393518518518519,21,5,881,451,1332,521,451,972,14,13,11,0,0,36,3,0,35,3
githubnext/agentics:workflows/repo-status.md,githubnext/agentics,workflows/repo-status.md,githubnext__agentics__3fc9d80ba114/history.json,1,0,1,2026-05-08T20:56:58+00:00,2026-05-08T20:56:58+00:00,2026-08-04T11:49:05+00:00,87.61952546296297,0.0,87.61952546296297,,,1,1,57,0,57,0,0,0,0,0,0,0,0,1,0,0,0,0
githubnext/agentics:workflows/test-improver.md,githubnext/agentics,workflows/test-improver.md,githubnext__agentics__76f4845b67d3/history.json,6,5,0,2026-05-08T20:56:58+00:00,2026-07-29T14:02:29+00:00,2026-08-04T11:49:07+00:00,87.61954861111111,81.71216435185185,5.907384259259259,12.858865740740741,10.81292824074074,6,3,363,4,367,7,4,11,5,0,0,0,0,4,2,0,3,2
githubnext/agentics:workflows/unbloat-docs.md,githubnext/agentics,workflows/unbloat-docs.md,githubnext__agentics__d02b9976bcb6/history.json,9,8,0,2026-02-18T17:30:40+00:00,2026-07-29T14:02:29+00:00,2026-08-04T11:49:08+00:00,166.76282407407408,160.85542824074074,5.907395833333333,10.3078125,5.094884259259259,9,4,304,11,315,18,11,29,8,0,0,0,0,8,0,0,8,0
githubnext/agentics:workflows/update-docs.md,githubnext/agentics,workflows/update-docs.md,githubnext__agentics__8bd426e3d7e6/history.json,43,42,0,2025-07-31T16:47:12+00:00,2026-05-08T20:56:58+00:00,2026-08-04T11:49:19+00:00,368.7931365740741,281.1734490740741,87.6196875,1.236701388888889,0.05631944444444444,31,9,113,136,249,113,136,249,21,18,3,0,0,41,2,0,40,2
githubnext/agentics:workflows/weekly-research.md,githubnext/agentics,workflows/weekly-research.md,githubnext__agentics__5474b5ad4f6e/history.json,45,44,0,2025-07-31T17:10:48+00:00,2026-05-08T20:56:58+00:00,2026-08-04T11:49:19+00:00,368.77674768518517,281.1570601851852,87.6196875,0.9955439814814815,0.03993055555555555,29,10,88,82,170,88,82,170,19,20,5,0,0,41,4,0,40,4
githubnext/autoloop:.github/workflows/autoloop.md,githubnext/autoloop,.github/workflows/autoloop.md,githubnext__autoloop__e2eb3da88003/history.json,8,7,0,2026-04-03T06:23:35+00:00,2026-04-25T14:55:20+00:00,2026-08-04T11:49:11+00:00,123.22611111111111,22.355381944444446,100.87072916666666,0.48202546296296295,0.45731481481481484,5,1,1218,542,1760,113,542,655,2,2,3,0,0,2,6,0,1,6
githubnext/gh-aw-workshop:.github/workflows/aw-accuracy-reviewer.md,githubnext/gh-aw-workshop,.github/workflows/aw-accuracy-reviewer.md,githubnext__gh-aw-workshop__6f90c94e2bab/history.json,1,0,1,2026-07-17T07:32:59+00:00,2026-07-17T07:32:59+00:00,2026-08-04T11:49:10+00:00,18.177905092592592,0.0,18.177905092592592,,,1,1,65,0,65,0,0,0,0,0,0,0,0,0,1,0,0,0
githubnext/gh-aw-workshop:.github/workflows/curriculum-evaluator.md,githubnext/gh-aw-workshop,.github/workflows/curriculum-evaluator.md,githubnext__gh-aw-workshop__365de2cde49d/history.json,15,14,0,2026-07-13T18:05:54+00:00,2026-07-29T09:13:14+00:00,2026-08-04T11:49:15+00:00,21.7384375,15.630092592592593,6.108344907407408,0.1346412037037037,0.05982638888888889,6,1,843,367,1210,454,367,821,7,3,4,0,0,0,15,0,0,14
githubnext/gh-aw-workshop:.github/workflows/docs-linker.md,githubnext/gh-aw-workshop,.github/workflows/docs-linker.md,githubnext__gh-aw-workshop__3d934b92ab67/history.json,15,14,0,2026-07-11T17:59:24+00:00,2026-07-30T09:57:38+00:00,2026-08-04T11:49:16+00:00,23.742962962962963,18.665439814814814,5.077523148148148,0.6960358796296297,0.5788078703703704,10,1,679,228,907,397,228,625,2,8,4,0,0,0,15,0,0,14
githubnext/gh-aw-workshop:.github/workflows/guidelines-enforcer.md,githubnext/gh-aw-workshop,.github/workflows/guidelines-enforcer.md,githubnext__gh-aw-workshop__965cd511f048/history.json,8,7,0,2026-07-15T04:57:13+00:00,2026-08-01T02:00:04+00:00,2026-08-04T11:49:15+00:00,20.28613425925926,16.87697916666667,3.4091550925925924,2.091365740740741,5.286666666666667,8,2,339,37,376,64,37,101,1,5,1,0,0,0,7,0,0,6
githubnext/gh-aw-workshop:.github/workflows/manual-semver-release.md,githubnext/gh-aw-workshop,.github/workflows/manual-semver-release.md,githubnext__gh-aw-workshop__1681a1d801c8/history.json,3,2,0,2026-07-14T04:03:43+00:00,2026-07-20T12:07:52+00:00,2026-08-04T11:49:13+00:00,21.32326388888889,6.336215277777778,14.987048611111112,3.168107638888889,0.011597222222222222,2,1,558,169,727,44,169,213,1,0,1,0,0,1,2,0,1,1
githubnext/gh-aw-workshop:.github/workflows/markdown-dedup.md,githubnext/gh-aw-workshop,.github/workflows/markdown-dedup.md,githubnext__gh-aw-workshop__f8f2213d7e10/history.json,5,4,0,2026-07-11T16:18:29+00:00,2026-07-20T12:07:52+00:00,2026-08-04T11:49:15+00:00,23.81303240740741,8.825960648148149,14.987071759259258,1.5933333333333333,0.6604513888888889,4,1,478,15,493,16,15,31,2,1,1,0,0,1,4,0,1,3
githubnext/gh-aw-workshop:.github/workflows/q.md,githubnext/gh-aw-workshop,.github/workflows/q.md,githubnext__gh-aw-workshop__7dd34e939f4b/history.json,10,9,0,2026-07-11T09:30:27+00:00,2026-08-02T10:18:36+00:00,2026-08-04T11:49:18+00:00,24.09642361111111,22.0334375,2.062986111111111,0.353125,0.04791666666666667,5,2,613,309,922,229,309,538,2,7,0,0,0,0,10,0,0,9
githubnext/gh-aw-workshop:.github/workflows/security-side-quest.md,githubnext/gh-aw-workshop,.github/workflows/security-side-quest.md,githubnext__gh-aw-workshop__36c4a9755df8/history.json,4,3,0,2026-07-13T06:08:07+00:00,2026-07-29T09:13:14+00:00,2026-08-04T11:49:17+00:00,22.236921296296295,16.12855324074074,6.108368055555555,4.667268518518519,1.6925231481481482,4,1,348,2,350,3,2,5,1,2,0,0,0,0,4,0,0,3
githubnext/gh-aw-workshop:.github/workflows/side-quest.md,githubnext/gh-aw-workshop,.github/workflows/side-quest.md,githubnext__gh-aw-workshop__87f8f4e0d979/history.json,9,8,0,2026-07-11T15:13:14+00:00,2026-07-29T09:13:14+00:00,2026-08-04T11:49:18+00:00,23.85837962962963,17.75,6.1083796296296295,0.07925925925925925,0.023194444444444445,4,1,248,44,292,21,44,65,3,5,0,0,0,0,9,0,0,8
githubnext/gh-aw-workshop:.github/workflows/title-similarity-review.md,githubnext/gh-aw-workshop,.github/workflows/title-similarity-review.md,githubnext__gh-aw-workshop__3fc7ea29cf46/history.json,6,5,0,2026-07-12T08:35:50+00:00,2026-07-29T09:13:14+00:00,2026-08-04T11:49:18+00:00,23.134351851851854,17.025972222222222,6.1083796296296295,0.22446759259259258,0.06372685185185185,3,1,328,46,374,58,46,104,3,2,0,0,0,0,6,0,0,5
githubnext/gh-aw-workshop:.github/workflows/training-plan-research.md,githubnext/gh-aw-workshop,.github/workflows/training-plan-research.md,githubnext__gh-aw-workshop__784c7c318a89/history.json,5,4,0,2026-07-12T21:18:18+00:00,2026-07-29T09:13:14+00:00,2026-08-04T11:49:18+00:00,22.604861111111113,16.49648148148148,6.1083796296296295,3.713616898148148,2.0604513888888887,4,1,148,3,151,4,3,7,1,3,0,0,0,0,5,0,0,4
githubnext/gh-aw-workshop:.github/workflows/workflow-skills-editor.md,githubnext/gh-aw-workshop,.github/workflows/workflow-skills-editor.md,githubnext__gh-aw-workshop__b81a7909fe9a/history.json,4,3,0,2026-07-11T15:41:33+00:00,2026-07-14T22:45:21+00:00,2026-08-04T11:49:18+00:00,23.838715277777776,3.2943055555555554,20.544409722222223,0.03666666666666667,0.03666666666666667,2,1,177,0,177,6,0,6,1,2,0,0,0,0,4,0,0,3
githubnext/gh-aw-workshop:.github/workflows/workshop-author.md,githubnext/gh-aw-workshop,.github/workflows/workshop-author.md,githubnext__gh-aw-workshop__8b8b567c196c/history.json,26,25,0,2026-07-10T10:03:04+00:00,2026-07-29T09:13:14+00:00,2026-08-04T11:49:25+00:00,25.073854166666667,18.965393518518518,6.1084606481481485,0.07125,0.0006828703703703704,9,1,430,152,582,225,152,377,8,11,6,0,0,1,24,0,1,23
githubnext/gh-aw-workshop:.github/workflows/workshop-builder.md,githubnext/gh-aw-workshop,.github/workflows/workshop-builder.md,githubnext__gh-aw-workshop__52a48af083fc/history.json,20,19,0,2026-07-11T14:57:49+00:00,2026-07-27T05:02:39+00:00,2026-08-04T11:49:25+00:00,23.86916666666667,15.586689814814815,8.282476851851852,0.21833333333333332,0.01070601851851852,7,1,585,149,734,253,149,402,3,9,7,0,0,0,20,0,0,19
githubnext/gh-aw-workshop:.github/workflows/workshop-explanatory-diagrams.md,githubnext/gh-aw-workshop,.github/workflows/workshop-explanatory-diagrams.md,githubnext__gh-aw-workshop__8f28b319f3f7/history.json,9,8,0,2026-07-12T21:09:04+00:00,2026-07-31T00:02:58+00:00,2026-08-04T11:49:21+00:00,22.61130787037037,18.120763888888888,4.490543981481482,1.420017361111111,1.7211921296296295,7,1,471,97,568,195,97,292,2,3,3,0,0,1,8,0,1,7
githubnext/gh-aw-workshop:.github/workflows/workshop-link-checker.md,githubnext/gh-aw-workshop,.github/workflows/workshop-link-checker.md,githubnext__gh-aw-workshop__dae32e7d7489/history.json,4,3,0,2026-07-11T21:11:40+00:00,2026-07-14T22:45:21+00:00,2026-08-04T11:49:19+00:00,23.609479166666667,3.0650578703703704,20.544421296296296,0.5388425925925926,0.5388425925925926,3,1,205,34,239,30,34,64,1,1,1,0,0,0,4,0,0,3
githubnext/gh-aw-workshop:.github/workflows/workshop-order-review.md,githubnext/gh-aw-workshop,.github/workflows/workshop-order-review.md,githubnext__gh-aw-workshop__5c1e55c5c3dd/history.json,9,8,0,2026-07-11T11:06:14+00:00,2026-07-29T09:13:14+00:00,2026-08-04T11:49:22+00:00,24.029953703703704,17.92152777777778,6.108425925925926,1.7427488425925926,0.8570023148148148,6,1,721,54,775,395,54,449,5,0,3,0,0,1,8,0,1,7
githubnext/gh-aw-workshop:.github/workflows/workshop-playwright-qa.md,githubnext/gh-aw-workshop,.github/workflows/workshop-playwright-qa.md,githubnext__gh-aw-workshop__a2bc8f28ec60/history.json,8,7,0,2026-07-21T07:26:31+00:00,2026-07-31T00:02:58+00:00,2026-08-04T11:49:21+00:00,14.182523148148148,9.691979166666666,4.490543981481482,1.3527199074074074,0.028530092592592593,7,1,325,50,375,73,50,123,2,1,4,0,0,0,8,0,0,7
githubnext/gh-aw-workshop:.github/workflows/workshop-skill-activity-author.md,githubnext/gh-aw-workshop,.github/workflows/workshop-skill-activity-author.md,githubnext__gh-aw-workshop__c715f7329148/history.json,12,11,0,2026-07-11T10:33:29+00:00,2026-07-24T17:12:22+00:00,2026-08-04T11:49:22+00:00,24.05269675925926,13.277002314814816,10.775694444444444,0.16326388888888888,0.16326388888888888,5,1,154,18,172,62,18,80,2,6,3,0,0,1,10,0,1,9
githubnext/gh-aw-workshop:.github/workflows/workshop-student-simulator.md,githubnext/gh-aw-workshop,.github/workflows/workshop-student-simulator.md,githubnext__gh-aw-workshop__8294c99b9e5e/history.json,50,49,0,2026-07-10T16:22:03+00:00,2026-08-03T02:52:51+00:00,2026-08-04T11:49:36+00:00,24.81079861111111,23.438055555555554,1.3727430555555555,0.043402777777777776,0.0005787037037037037,15,2,1390,843,2233,1056,843,1899,4,24,21,0,0,0,50,0,0,49
githubnext/gh-aw-workshop:.github/workflows/workshop-sync-check.md,githubnext/gh-aw-workshop,.github/workflows/workshop-sync-check.md,githubnext__gh-aw-workshop__0ce0e6705a96/history.json,13,12,0,2026-07-11T10:46:08+00:00,2026-07-31T00:12:53+00:00,2026-08-04T11:49:23+00:00,24.04392361111111,19.560243055555556,4.483680555555556,0.8334895833333333,0.8625347222222223,7,1,599,175,774,361,175,536,2,4,6,0,0,0,13,0,0,12
githubnext/gh-aw-workshop:.github/workflows/workshop-ui-screenshots.md,githubnext/gh-aw-workshop,.github/workflows/workshop-ui-screenshots.md,githubnext__gh-aw-workshop__1832432c4adf/history.json,10,9,0,2026-07-12T06:57:50+00:00,2026-07-31T00:02:58+00:00,2026-08-04T11:49:23+00:00,23.202465277777776,18.711898148148148,4.490567129629629,0.4298263888888889,0.013842592592592592,6,1,574,192,766,341,192,533,4,2,3,0,0,1,9,0,1,8
globalbao/awesome-azure-policy:.github/workflows/update-azure-policy-content.md,globalbao/awesome-azure-policy,.github/workflows/update-azure-policy-content.md,globalbao__awesome-azure-policy__4982d3480b3c/history.json,9,8,0,2026-04-04T01:25:58+00:00,2026-05-30T07:05:01+00:00,2026-08-04T11:49:23+00:00,122.43292824074074,56.23545138888889,66.19747685185185,0.029884259259259256,0.03944444444444444,3,2,492,64,556,193,64,257,2,5,1,0,0,9,0,0,8,0
guitarrapc/githubactions-lab:.github/workflows/monthly-oss-repo-status.md,guitarrapc/githubactions-lab,.github/workflows/monthly-oss-repo-status.md,guitarrapc__githubactions-lab__4b4d2871a981/history.json,3,2,0,2026-04-01T08:01:37+00:00,2026-04-01T10:45:46+00:00,2026-08-04T11:49:22+00:00,125.15815972222222,0.11399305555555556,125.04416666666667,0.05699652777777778,0.020289351851851854,1,1,37,0,37,5,0,5,2,0,0,0,0,3,0,0,2,0
GuyKh/iec-custom-component:.github/workflows/issue-duplicate-finder.md,GuyKh/iec-custom-component,.github/workflows/issue-duplicate-finder.md,GuyKh__iec-custom-component__682fb7acc97d/history.json,1,0,1,2026-02-15T16:01:23+00:00,2026-02-15T16:01:23+00:00,2026-08-04T11:49:22+00:00,169.82498842592594,0.0,169.82498842592594,,,1,1,114,0,114,0,0,0,0,0,0,0,0,1,0,0,0,0
Hack23/euparliamentmonitor:.github/workflows/news-breaking.md,Hack23/euparliamentmonitor,.github/workflows/news-breaking.md,Hack23__euparliamentmonitor__be1c5320bf65/history.json,263,262,0,2026-03-03T16:18:04+00:00,2026-06-23T08:07:23+00:00,2026-08-04T11:55:47+00:00,153.8178587962963,111.65924768518518,42.158611111111114,0.07241319444444444,0.033761574074074076,71,4,3475,3238,6713,3103,3238,6341,100,126,36,0,0,14,248,0,14,247
Hack23/euparliamentmonitor:.github/workflows/news-committee-reports.md,Hack23/euparliamentmonitor,.github/workflows/news-committee-reports.md,Hack23__euparliamentmonitor__e33b9e6b70be/history.json,329,328,0,2026-02-23T07:46:33+00:00,2026-06-23T08:07:23+00:00,2026-08-04T11:56:51+00:00,162.17381944444443,120.0144675925926,42.15935185185185,0.057748842592592595,0.094375,77,5,4424,3686,8110,4192,3686,7878,70,177,80,1,0,21,307,0,21,306
Hack23/euparliamentmonitor:.github/workflows/news-election-cycle.md,Hack23/euparliamentmonitor,.github/workflows/news-election-cycle.md,Hack23__euparliamentmonitor__45c8f7921393/history.json,47,46,0,2026-05-01T11:11:28+00:00,2026-06-23T08:07:23+00:00,2026-08-04T11:49:47+00:00,95.0266087962963,52.87216435185185,42.154444444444444,0.43270833333333336,0.05962962962962963,23,2,942,714,1656,406,714,1120,36,3,7,0,0,1,45,0,1,44
Hack23/euparliamentmonitor:.github/workflows/news-month-ahead.md,Hack23/euparliamentmonitor,.github/workflows/news-month-ahead.md,Hack23__euparliamentmonitor__562756affdbf/history.json,280,279,0,2026-02-26T02:06:14+00:00,2026-06-23T08:07:23+00:00,2026-08-04T11:55:54+00:00,159.40949074074075,117.25079861111111,42.15869212962963,0.07819444444444444,0.4018171296296296,75,5,3516,3196,6712,3228,3196,6424,63,147,69,0,0,12,267,0,12,266
Hack23/euparliamentmonitor:.github/workflows/news-month-in-review.md,Hack23/euparliamentmonitor,.github/workflows/news-month-in-review.md,Hack23__euparliamentmonitor__ba386bd8073f/history.json,67,66,0,2026-04-24T10:34:59+00:00,2026-06-23T08:07:23+00:00,2026-08-04T11:49:48+00:00,102.05195601851852,59.8975,42.154456018518516,0.1956886574074074,0.050150462962962966,28,3,1072,871,1943,738,871,1609,44,10,12,0,0,1,65,0,1,64
Hack23/euparliamentmonitor:.github/workflows/news-motions.md,Hack23/euparliamentmonitor,.github/workflows/news-motions.md,Hack23__euparliamentmonitor__0631d272b403/history.json,330,329,0,2026-02-23T07:58:00+00:00,2026-06-23T08:07:23+00:00,2026-08-04T11:55:29+00:00,162.1649189814815,120.0065162037037,42.15840277777778,0.055810185185185185,0.09086805555555555,77,5,4816,4063,8879,4561,4063,8624,71,180,78,0,0,20,309,0,20,308
Hack23/euparliamentmonitor:.github/workflows/news-propositions.md,Hack23/euparliamentmonitor,.github/workflows/news-propositions.md,Hack23__euparliamentmonitor__2b2b24abd974/history.json,319,318,0,2026-02-23T07:58:03+00:00,2026-06-23T08:07:23+00:00,2026-08-04T11:56:57+00:00,162.16590277777777,120.00648148148149,42.159421296296294,0.05946180555555555,0.09083333333333334,77,5,4372,3694,8066,4147,3694,7841,67,167,84,0,0,19,299,0,19,298
Hack23/euparliamentmonitor:.github/workflows/news-quarter-ahead.md,Hack23/euparliamentmonitor,.github/workflows/news-quarter-ahead.md,Hack23__euparliamentmonitor__329481b4e732/history.json,46,45,0,2026-05-01T11:11:28+00:00,2026-06-23T08:07:23+00:00,2026-08-04T11:49:47+00:00,95.0266087962963,52.87216435185185,42.154444444444444,0.40024305555555556,1.0055555555555555,22,2,938,713,1651,402,713,1115,35,4,6,0,0,0,45,0,0,44
Hack23/euparliamentmonitor:.github/workflows/news-quarter-in-review.md,Hack23/euparliamentmonitor,.github/workflows/news-quarter-in-review.md,Hack23__euparliamentmonitor__8bf0f3d0fc31/history.json,46,45,0,2026-05-01T11:11:28+00:00,2026-06-23T08:07:23+00:00,2026-08-04T11:49:47+00:00,95.0266087962963,52.87216435185185,42.154444444444444,0.40024305555555556,1.0055555555555555,22,2,936,712,1648,401,712,1113,36,3,6,0,0,0,45,0,0,44
Hack23/euparliamentmonitor:.github/workflows/news-term-outlook.md,Hack23/euparliamentmonitor,.github/workflows/news-term-outlook.md,Hack23__euparliamentmonitor__32179b842eea/history.json,47,46,0,2026-05-01T11:11:28+00:00,2026-06-23T08:07:23+00:00,2026-08-04T11:49:47+00:00,95.0266087962963,52.87216435185185,42.154444444444444,0.43270833333333336,1.0055555555555555,23,2,938,713,1651,402,713,1115,37,3,6,0,0,1,45,0,1,44
Hack23/euparliamentmonitor:.github/workflows/news-translate.md,Hack23/euparliamentmonitor,.github/workflows/news-translate.md,Hack23__euparliamentmonitor__deef1569be4c/history.json,311,310,0,2026-03-10T01:00:56+00:00,2026-06-23T08:07:23+00:00,2026-08-04T11:55:48+00:00,147.4547685185185,105.29614583333333,42.158622685185186,0.04241319444444444,0.001238425925925926,70,4,7091,5635,12726,6635,5635,12270,71,163,76,0,0,17,294,0,17,293
Hack23/euparliamentmonitor:.github/workflows/news-week-ahead.md,Hack23/euparliamentmonitor,.github/workflows/news-week-ahead.md,Hack23__euparliamentmonitor__8bd82baa9a5e/history.json,324,323,0,2026-02-23T07:47:26+00:00,2026-06-23T08:07:23+00:00,2026-08-04T11:56:48+00:00,162.1731712962963,120.01385416666666,42.15931712962963,0.06364583333333333,0.09820601851851851,79,5,4652,3630,8282,4403,3630,8033,71,174,77,1,0,23,300,0,23,299
Hack23/euparliamentmonitor:.github/workflows/news-week-in-review.md,Hack23/euparliamentmonitor,.github/workflows/news-week-in-review.md,Hack23__euparliamentmonitor__f1bb3c753fe6/history.json,67,66,0,2026-04-24T10:34:59+00:00,2026-06-23T08:07:23+00:00,2026-08-04T11:53:58+00:00,102.05484953703704,59.8975,42.157349537037035,0.24788773148148147,0.050150462962962966,29,3,1173,910,2083,840,910,1750,46,10,10,0,0,2,64,0,2,63
Hack23/euparliamentmonitor:.github/workflows/news-year-ahead.md,Hack23/euparliamentmonitor,.github/workflows/news-year-ahead.md,Hack23__euparliamentmonitor__37d4789e6445/history.json,47,46,0,2026-05-01T11:11:28+00:00,2026-06-23T08:07:23+00:00,2026-08-04T11:54:57+00:00,95.03019675925925,52.87216435185185,42.158032407407404,0.30819444444444444,1.0055555555555555,22,2,938,713,1651,402,713,1115,36,4,6,0,0,0,46,0,0,45
Hack23/euparliamentmonitor:.github/workflows/news-year-in-review.md,Hack23/euparliamentmonitor,.github/workflows/news-year-in-review.md,Hack23__euparliamentmonitor__33d2ad0fe152/history.json,46,45,0,2026-05-01T11:11:28+00:00,2026-06-23T08:07:23+00:00,2026-08-04T11:53:56+00:00,95.02949074074074,52.87216435185185,42.15732638888889,0.40024305555555556,1.0055555555555555,22,2,936,712,1648,401,712,1113,36,3,6,0,0,0,45,0,0,44
Hack23/riksdagsmonitor:.github/workflows/news-committee-reports.md,Hack23/riksdagsmonitor,.github/workflows/news-committee-reports.md,Hack23__riksdagsmonitor__384dc29ee6f6/history.json,237,236,0,2026-02-22T02:24:44+00:00,2026-07-23T18:25:01+00:00,2026-08-04T11:55:55+00:00,163.3966550925926,151.66686342592592,11.729791666666667,0.07113425925925926,0.06815972222222222,68,6,2379,1962,4341,2191,1962,4153,65,145,26,0,0,12,225,0,12,224
Hack23/riksdagsmonitor:.github/workflows/news-election-cycle.md,Hack23/riksdagsmonitor,.github/workflows/news-election-cycle.md,Hack23__riksdagsmonitor__854040733a7e/history.json,42,41,0,2026-05-01T10:45:00+00:00,2026-07-23T18:25:01+00:00,2026-08-04T11:53:39+00:00,95.04767361111111,83.31945601851852,11.728217592592593,0.4278240740740741,1.0199189814814815,21,3,492,108,600,247,108,355,27,7,7,0,0,4,38,0,4,37
Hack23/riksdagsmonitor:.github/workflows/news-evening-analysis.md,Hack23/riksdagsmonitor,.github/workflows/news-evening-analysis.md,Hack23__riksdagsmonitor__e09ab9cd3739/history.json,386,385,0,2026-02-13T13:59:59+00:00,2026-07-23T18:25:01+00:00,2026-08-04T11:58:16+00:00,171.91547453703703,160.18405092592593,11.731423611111111,0.03480324074074074,0.04290509259259259,78,6,6504,4835,11339,6226,4835,11061,72,253,60,0,0,68,318,0,67,318
Hack23/riksdagsmonitor:.github/workflows/news-interpellations.md,Hack23/riksdagsmonitor,.github/workflows/news-interpellations.md,Hack23__riksdagsmonitor__c4ab9254f78a/history.json,201,200,0,2026-03-13T11:56:21+00:00,2026-07-23T18:25:01+00:00,2026-08-04T11:57:08+00:00,144.00054398148148,132.2699074074074,11.730636574074074,0.06892361111111112,0.27109953703703704,57,5,2204,1796,4000,1851,1796,3647,59,115,26,0,0,7,194,0,7,193
Hack23/riksdagsmonitor:.github/workflows/news-month-ahead.md,Hack23/riksdagsmonitor,.github/workflows/news-month-ahead.md,Hack23__riksdagsmonitor__524ed84d7664/history.json,199,198,0,2026-02-22T02:24:44+00:00,2026-07-23T18:25:01+00:00,2026-08-04T11:56:49+00:00,163.39728009259258,151.66686342592592,11.730416666666667,0.0933449074074074,0.06815972222222222,68,6,1677,1296,2973,1489,1296,2785,64,111,23,0,0,10,189,0,10,188
Hack23/riksdagsmonitor:.github/workflows/news-monthly-review.md,Hack23/riksdagsmonitor,.github/workflows/news-monthly-review.md,Hack23__riksdagsmonitor__d2060081d19e/history.json,201,200,0,2026-02-22T02:24:44+00:00,2026-07-23T18:25:01+00:00,2026-08-04T11:58:18+00:00,163.39831018518518,151.66686342592592,11.73144675925926,0.08751157407407407,0.06815972222222222,65,6,1702,1324,3026,1509,1324,2833,62,115,23,0,0,10,191,0,10,190
Hack23/riksdagsmonitor:.github/workflows/news-motions.md,Hack23/riksdagsmonitor,.github/workflows/news-motions.md,Hack23__riksdagsmonitor__eb13ba9a1364/history.json,235,234,0,2026-02-22T02:24:44+00:00,2026-07-23T18:25:01+00:00,2026-08-04T11:58:29+00:00,163.3984375,151.66686342592592,11.731574074074073,0.07113425925925926,0.06815972222222222,68,6,2262,1835,4097,2091,1835,3926,64,142,28,0,0,13,222,0,13,221
Hack23/riksdagsmonitor:.github/workflows/news-propositions.md,Hack23/riksdagsmonitor,.github/workflows/news-propositions.md,Hack23__riksdagsmonitor__d67f6d3c0052/history.json,239,238,0,2026-02-22T02:24:44+00:00,2026-07-23T18:25:01+00:00,2026-08-04T11:58:18+00:00,163.39831018518518,151.66686342592592,11.73144675925926,0.07017939814814815,0.06815972222222222,68,6,2303,1883,4186,2129,1883,4012,60,148,30,0,0,12,227,0,12,226
Hack23/riksdagsmonitor:.github/workflows/news-quarter-ahead.md,Hack23/riksdagsmonitor,.github/workflows/news-quarter-ahead.md,Hack23__riksdagsmonitor__04f36ae015e2/history.json,39,38,0,2026-05-01T10:45:00+00:00,2026-07-23T18:25:01+00:00,2026-08-04T11:56:47+00:00,95.04984953703703,83.31945601851852,11.730393518518518,0.46638310185185183,1.0199189814814815,20,3,464,104,568,240,104,344,25,7,6,0,0,3,36,0,3,35
Hack23/riksdagsmonitor:.github/workflows/news-realtime-monitor.md,Hack23/riksdagsmonitor,.github/workflows/news-realtime-monitor.md,Hack23__riksdagsmonitor__fc05b8e5062e/history.json,287,286,0,2026-02-13T13:59:59+00:00,2026-07-23T18:25:01+00:00,2026-08-04T12:43:59+00:00,171.94722222222222,160.18405092592593,11.763171296296296,0.06615162037037037,0.04290509259259259,78,6,4585,4096,8681,4355,4096,8451,80,172,34,0,0,30,257,0,29,257
Hack23/riksdagsmonitor:.github/workflows/news-translate.md,Hack23/riksdagsmonitor,.github/workflows/news-translate.md,Hack23__riksdagsmonitor__d40f7a08d56b/history.json,186,185,0,2026-03-10T01:02:12+00:00,2026-07-23T18:25:01+00:00,2026-08-04T11:58:23+00:00,147.45568287037037,135.72417824074074,11.73150462962963,0.05524305555555555,0.4025,54,5,3133,2495,5628,2727,2495,5222,64,78,43,0,0,5,181,0,5,180
Hack23/riksdagsmonitor:.github/workflows/news-week-ahead.md,Hack23/riksdagsmonitor,.github/workflows/news-week-ahead.md,Hack23__riksdagsmonitor__a007c83a03b4/history.json,206,205,0,2026-02-22T02:24:44+00:00,2026-07-23T18:25:01+00:00,2026-08-04T12:43:36+00:00,163.42976851851853,151.66686342592592,11.762905092592593,0.09189814814814815,0.06815972222222222,67,6,1715,1337,3052,1539,1337,2876,64,117,24,0,0,10,196,0,10,195
Hack23/riksdagsmonitor:.github/workflows/news-weekly-review.md,Hack23/riksdagsmonitor,.github/workflows/news-weekly-review.md,Hack23__riksdagsmonitor__ccd4d84a9509/history.json,202,201,0,2026-02-22T02:24:44+00:00,2026-07-23T18:25:01+00:00,2026-08-04T12:43:33+00:00,163.4297337962963,151.66686342592592,11.76287037037037,0.0855324074074074,0.06815972222222222,65,6,1694,1317,3011,1506,1317,2823,62,114,25,0,0,10,192,0,10,191
Hack23/riksdagsmonitor:.github/workflows/news-year-ahead.md,Hack23/riksdagsmonitor,.github/workflows/news-year-ahead.md,Hack23__riksdagsmonitor__c0b8b4ea4b3d/history.json,41,40,0,2026-05-01T10:45:00+00:00,2026-07-23T18:25:01+00:00,2026-08-04T11:57:39+00:00,95.05045138888889,83.31945601851852,11.73099537037037,0.46638310185185183,1.0199189814814815,21,3,465,107,572,247,107,354,24,7,9,0,0,4,37,0,4,36
harvester/harvester:.github/workflows/component-upgrade-risk-profile.md,harvester/harvester,.github/workflows/component-upgrade-risk-profile.md,harvester__harvester__98a07c91fb84/history.json,3,2,0,2026-06-25T23:24:20+00:00,2026-07-28T04:36:31+00:00,2026-08-04T11:56:53+00:00,39.52260416666667,32.21679398148148,7.3058101851851855,16.10839699074074,0.8117824074074074,3,2,342,24,366,79,24,103,0,1,1,0,0,3,0,0,2,0
hatch3r/hatch3r:.github/workflows/generate-docusaurus-docs.md,hatch3r/hatch3r,.github/workflows/generate-docusaurus-docs.md,hatch3r__hatch3r__2a6eb399a31c/history.json,1,0,1,2026-03-02T06:54:18+00:00,2026-03-02T06:54:18+00:00,2026-08-04T11:56:59+00:00,155.21019675925925,0.0,155.21019675925925,,,1,1,189,0,189,0,0,0,0,0,0,0,0,1,0,0,0,0
henrybravo/docker-sandbox-run-copilot:.github/workflows/check-copilot-version.md,henrybravo/docker-sandbox-run-copilot,.github/workflows/check-copilot-version.md,henrybravo__docker-sandbox-run-copilot__36b2449c4566/history.json,2,1,0,2026-03-12T14:04:34+00:00,2026-04-11T07:14:58+00:00,2026-08-04T11:57:00+00:00,144.91141203703702,29.715555555555557,115.19585648148148,29.715555555555557,29.715555555555557,2,2,81,1,82,1,1,2,0,1,0,0,0,0,2,0,0,1
home-assistant/core:.github/workflows/check-requirements.md,home-assistant/core,.github/workflows/check-requirements.md,home-assistant__core__d2132d9d962b/history.json,14,13,0,2026-05-18T14:59:49+00:00,2026-08-03T16:15:25+00:00,2026-08-04T11:57:05+00:00,77.87310185185186,77.0525,0.8206018518518519,0.8233564814814814,0.13943287037037036,9,3,1196,803,1999,793,803,1596,3,4,6,0,0,13,1,0,13,0
homeles/RunWatch:.github/workflows/metrics-collector.md,homeles/RunWatch,.github/workflows/metrics-collector.md,homeles__RunWatch__ed8139101c60/history.json,2,1,0,2026-03-02T22:59:49+00:00,2026-03-04T21:45:57+00:00,2026-08-04T11:57:06+00:00,154.5397800925926,1.9487037037037036,152.5910763888889,1.9487037037037036,1.9487037037037036,2,1,262,2,264,0,2,2,1,0,0,0,0,1,1,0,1,0
htekdev/vidpipe:.github/workflows/issue-triage.md,htekdev/vidpipe,.github/workflows/issue-triage.md,htekdev__vidpipe__971dfdbda77f/history.json,1,0,1,2026-03-11T20:52:32+00:00,2026-03-11T20:52:32+00:00,2026-08-04T11:57:11+00:00,145.62822916666667,0.0,145.62822916666667,,,1,1,172,0,172,0,0,0,0,0,0,0,0,0,1,0,0,0
htekdev/vidpipe:.github/workflows/pr-triage.md,htekdev/vidpipe,.github/workflows/pr-triage.md,htekdev__vidpipe__0720502dc9b0/history.json,1,0,1,2026-03-11T20:56:11+00:00,2026-03-11T20:56:11+00:00,2026-08-04T11:57:06+00:00,145.62563657407406,0.0,145.62563657407406,,,1,1,134,0,134,0,0,0,0,0,0,0,0,1,0,0,0,0
iamnbutler/gpui-unofficial:.github/workflows/ci-fix.md,iamnbutler/gpui-unofficial,.github/workflows/ci-fix.md,iamnbutler__gpui-unofficial__01f82c30ed49/history.json,3,2,0,2026-04-03T01:30:15+00:00,2026-04-17T14:18:05+00:00,2026-08-04T11:57:09+00:00,123.43534722222222,14.533217592592592,108.90212962962963,7.266608796296296,0.02153935185185185,2,1,92,6,98,11,6,17,0,1,1,0,0,3,0,0,2,0
iamnbutler/sol-ui:.github/workflows/daily-perf-improver.md,iamnbutler/sol-ui,.github/workflows/daily-perf-improver.md,iamnbutler__sol-ui__7b608e9007d6/history.json,3,2,0,2025-08-26T16:22:26+00:00,2025-08-26T19:41:50+00:00,2026-08-04T11:57:10+00:00,342.815787037037,0.13847222222222222,342.6773148148148,0.06923611111111111,0.01884259259259259,1,1,221,9,230,11,9,20,1,0,1,0,0,3,0,0,2,0
iamnbutler/sol-ui:.github/workflows/daily-test-improver.md,iamnbutler/sol-ui,.github/workflows/daily-test-improver.md,iamnbutler__sol-ui__267790904f90/history.json,3,2,0,2025-08-26T16:22:26+00:00,2025-08-26T19:41:50+00:00,2026-08-04T11:57:14+00:00,342.81583333333333,0.13847222222222222,342.6773611111111,0.06923611111111111,0.01884259259259259,1,1,215,33,248,54,33,87,1,0,1,0,0,3,0,0,2,0
inference-sh/shadcn-registry:.github/workflows/code-review.md,inference-sh/shadcn-registry,.github/workflows/code-review.md,inference-sh__shadcn-registry__9020f52edcd3/history.json,2,1,0,2026-05-19T08:11:51+00:00,2026-05-19T08:13:55+00:00,2026-08-04T11:57:11+00:00,77.15648148148148,0.0014351851851851852,77.15504629629629,0.0014351851851851852,0.0014351851851851852,1,1,87,1,88,1,1,2,1,0,0,0,0,2,0,0,1,0
intent-integrity-chain/kit:.github/workflows/review-anthropic.md,intent-integrity-chain/kit,.github/workflows/review-anthropic.md,intent-integrity-chain__kit__49b14b83c831/history.json,2,1,0,2026-05-22T16:45:51+00:00,2026-06-02T08:35:34+00:00,2026-08-04T11:57:13+00:00,73.79956018518519,10.659525462962963,63.140034722222225,10.659525462962963,10.659525462962963,2,2,195,9,204,9,9,18,0,1,0,0,0,1,1,0,0,1
intent-integrity-chain/kit:.github/workflows/review-openai.md,intent-integrity-chain/kit,.github/workflows/review-openai.md,intent-integrity-chain__kit__4400eafd39c5/history.json,2,1,0,2026-05-22T16:45:51+00:00,2026-06-02T08:35:34+00:00,2026-08-04T11:57:17+00:00,73.79960648148148,10.659525462962963,63.140081018518515,10.659525462962963,10.659525462962963,2,2,203,9,212,9,9,18,0,1,0,0,0,1,1,0,0,1
jamesmontemagno/ohmyposh-configurator:.github/workflows/create-theme-contribution-pr.md,jamesmontemagno/ohmyposh-configurator,.github/workflows/create-theme-contribution-pr.md,jamesmontemagno__ohmyposh-configurator__b09b5277ef5a/history.json,1,0,1,2026-08-03T00:05:38+00:00,2026-08-03T00:05:38+00:00,2026-08-04T11:57:14+00:00,1.4941666666666666,0.0,1.4941666666666666,,,1,1,93,0,93,0,0,0,0,0,0,0,0,1,0,0,0,0
jamesmontemagno/ohmyposh-configurator:.github/workflows/weekly-segment-sync.md,jamesmontemagno/ohmyposh-configurator,.github/workflows/weekly-segment-sync.md,jamesmontemagno__ohmyposh-configurator__3c3682439de2/history.json,1,0,1,2026-08-01T13:43:22+00:00,2026-08-01T13:43:22+00:00,2026-08-04T11:57:20+00:00,2.926365740740741,0.0,2.926365740740741,,,1,1,79,0,79,0,0,0,0,0,0,0,0,1,0,0,0,0
jamesmontemagno/tiny-clips:.github/workflows/weekly-feature-parity.md,jamesmontemagno/tiny-clips,.github/workflows/weekly-feature-parity.md,jamesmontemagno__tiny-clips__22e270877e33/history.json,2,1,0,2026-07-09T20:22:43+00:00,2026-07-10T05:38:00+00:00,2026-08-04T11:57:15+00:00,25.64898148148148,0.3856134259259259,25.263368055555556,0.3856134259259259,0.3856134259259259,2,1,65,0,65,1,0,1,1,0,0,0,0,2,0,0,1,0
JKamsker/JKToolKit.CodexSDK:.github/workflows/codex-sdk-parity-coderabbit-fix.md,JKamsker/JKToolKit.CodexSDK,.github/workflows/codex-sdk-parity-coderabbit-fix.md,JKamsker__JKToolKit.CodexSDK__13b7fd6685f0/history.json,2,1,0,2026-06-28T16:39:59+00:00,2026-06-28T17:47:15+00:00,2026-08-04T11:57:18+00:00,36.80369212962963,0.04671296296296296,36.75697916666667,0.04671296296296296,0.04671296296296296,1,1,234,11,245,48,11,59,0,0,1,0,0,2,0,0,1,0
JKamsker/JKToolKit.CodexSDK:.github/workflows/codex-sdk-parity-pass.md,JKamsker/JKToolKit.CodexSDK,.github/workflows/codex-sdk-parity-pass.md,JKamsker__JKToolKit.CodexSDK__e520cf886276/history.json,8,7,0,2026-06-27T19:41:41+00:00,2026-07-09T23:07:25+00:00,2026-08-04T11:57:26+00:00,37.67760416666667,12.142870370370371,25.534733796296297,0.13037037037037036,0.0026041666666666665,3,2,405,40,445,248,40,288,2,0,5,0,0,7,0,0,6,0
jonathanpeppers/dotnes:.github/workflows/dotnes-reviewer.md,jonathanpeppers/dotnes,.github/workflows/dotnes-reviewer.md,jonathanpeppers__dotnes__8f3aa919f04a/history.json,2,1,0,2026-05-01T22:07:10+00:00,2026-07-15T19:40:35+00:00,2026-08-04T11:57:22+00:00,94.57652777777778,74.89820601851852,19.67832175925926,74.89820601851852,74.89820601851852,2,2,68,1,69,1,1,2,1,0,0,0,0,2,0,0,1,0
Josverl/micropython-stubs:.github/workflows/quality-issue-triage.md,Josverl/micropython-stubs,.github/workflows/quality-issue-triage.md,Josverl__micropython-stubs__f47ea75d380f/history.json,3,2,0,2026-05-09T19:36:19+00:00,2026-05-10T17:36:01+00:00,2026-08-04T11:57:28+00:00,86.68135416666667,0.9164583333333334,85.76489583333333,0.4582291666666667,0.01726851851851852,2,1,114,3,117,13,3,16,1,0,1,0,0,3,0,0,2,0
jurre/huebar:.github/workflows/code-review.md,jurre/huebar,.github/workflows/code-review.md,jurre__huebar__99342769724d/history.json,1,0,1,2026-02-15T20:51:58+00:00,2026-02-15T20:51:58+00:00,2026-08-04T11:57:24+00:00,169.62877314814816,0.0,169.62877314814816,,,1,1,92,0,92,0,0,0,0,0,0,0,0,1,0,0,0,0
jurre/huebar:.github/workflows/release-notes.md,jurre/huebar,.github/workflows/release-notes.md,jurre__huebar__2c2ac0aa60fd/history.json,1,0,1,2026-02-15T20:51:58+00:00,2026-02-15T20:51:58+00:00,2026-08-04T11:57:25+00:00,169.62878472222224,0.0,169.62878472222224,,,1,1,90,0,90,0,0,0,0,0,0,0,0,1,0,0,0,0
kaito-tokyo/live-backgroundremoval-lite:.github/workflows/validate-pr.md,kaito-tokyo/live-backgroundremoval-lite,.github/workflows/validate-pr.md,kaito-tokyo__live-backgroundremoval-lite__9f345694fc83/history.json,1,0,1,2026-04-13T21:07:16+00:00,2026-04-13T21:07:16+00:00,2026-08-04T11:57:28+00:00,112.61819444444444,0.0,112.61819444444444,,,1,1,202,0,202,0,0,0,0,0,0,0,0,1,0,0,0,0
Keboo/DotnetTemplates:.github/workflows/update-dependencies.md,Keboo/DotnetTemplates,.github/workflows/update-dependencies.md,Keboo__DotnetTemplates__a6d32bda7e9c/history.json,6,5,0,2026-04-07T05:52:29+00:00,2026-07-23T05:29:09+00:00,2026-08-04T11:57:43+00:00,119.25363425925926,106.98379629629629,12.269837962962963,8.731631944444445,8.731631944444445,5,3,187,24,211,38,24,62,2,0,3,0,0,6,0,0,5,0
Kong/kongctl:.github/workflows/benchmark-regression-analysis.md,Kong/kongctl,.github/workflows/benchmark-regression-analysis.md,Kong__kongctl__436a430e7eec/history.json,2,1,0,2026-05-03T15:49:39+00:00,2026-05-26T17:12:18+00:00,2026-08-04T11:57:31+00:00,92.8387962962963,23.057395833333334,69.78140046296296,23.057395833333334,23.057395833333334,2,1,414,8,422,150,8,158,0,0,1,0,0,2,0,0,1,0
Kong/kongctl:.github/workflows/e2e-coverage-scanner.md,Kong/kongctl,.github/workflows/e2e-coverage-scanner.md,Kong__kongctl__b8bd24adc82d/history.json,5,4,0,2026-03-15T17:28:12+00:00,2026-06-05T15:41:02+00:00,2026-08-04T11:57:44+00:00,141.77050925925926,81.9255787037037,59.84493055555556,16.695109953703707,17.34572916666667,5,4,377,6,383,95,6,101,0,4,0,0,0,5,0,0,4,0
Kong/kongctl:.github/workflows/kongctl-feature-user-agent.md,Kong/kongctl,.github/workflows/kongctl-feature-user-agent.md,Kong__kongctl__9d3ac6ede2b6/history.json,11,10,0,2026-05-16T15:25:04+00:00,2026-07-08T14:38:51+00:00,2026-08-04T11:57:38+00:00,79.85594907407408,52.967905092592595,26.88804398148148,1.7440104166666666,2.9813425925925925,7,3,927,114,1041,704,114,818,3,2,5,0,0,11,0,0,10,0
Kong/kongctl:.github/workflows/release.md,Kong/kongctl,.github/workflows/release.md,Kong__kongctl__40a68688075d/history.json,17,16,0,2026-02-24T20:57:39+00:00,2026-07-16T18:49:52+00:00,2026-08-04T11:57:50+00:00,160.62512731481482,141.91126157407408,18.71386574074074,2.643755787037037,0.02295138888888889,12,6,677,55,732,90,55,145,10,6,0,0,0,17,0,0,16,0
kubestellar/console:.github/workflows/auto-triage.md,kubestellar/console,.github/workflows/auto-triage.md,kubestellar__console__e53158e4fc68/history.json,5,4,0,2026-01-27T21:19:09+00:00,2026-06-24T20:48:03+00:00,2026-08-04T11:57:41+00:00,188.6100925925926,147.97840277777777,40.63168981481481,45.47776620370371,0.019305555555555555,4,4,101,57,158,23,57,80,3,0,1,0,0,3,2,0,3,1
kubestellar/console:.github/workflows/implement-fix.md,kubestellar/console,.github/workflows/implement-fix.md,kubestellar__console__9d5c419dc270/history.json,10,9,0,2026-01-27T21:19:09+00:00,2026-06-24T20:48:03+00:00,2026-08-04T11:57:47+00:00,188.61016203703704,147.97840277777777,40.63175925925926,0.06559027777777778,0.009791666666666667,5,4,213,106,319,98,106,204,5,3,1,0,0,4,6,0,4,5
kubestellar/docs:.github/workflows/maintainer-metrics.md,kubestellar/docs,.github/workflows/maintainer-metrics.md,kubestellar__docs__78bba6b39c79/history.json,8,7,0,2025-12-10T01:16:31+00:00,2026-05-28T07:53:27+00:00,2026-08-04T11:57:48+00:00,237.44533564814816,169.27564814814815,68.1696875,17.016585648148148,10.688055555555556,6,4,609,68,677,44,68,112,0,2,5,0,0,5,1,0,4,1
kubestellar/docs:.github/workflows/technical-doc-writer.md,kubestellar/docs,.github/workflows/technical-doc-writer.md,kubestellar__docs__df50b3d7ac30/history.json,8,7,0,2025-12-16T19:44:32+00:00,2026-05-04T15:11:48+00:00,2026-08-04T11:57:53+00:00,230.6759375,138.81060185185186,91.86533564814815,0.009537037037037037,0.0012731481481481483,3,2,185,3,188,37,3,40,5,1,1,0,0,7,0,0,6,0
KunalSin9h/meltcd:.github/workflows/new.md,KunalSin9h/meltcd,.github/workflows/new.md,KunalSin9h__meltcd__df365e505b74/history.json,2,1,0,2026-02-27T06:20:44+00:00,2026-02-27T06:34:23+00:00,2026-08-04T11:57:49+00:00,158.23408564814815,0.009479166666666667,158.2246064814815,0.009479166666666667,0.009479166666666667,1,1,23,3,26,11,3,14,0,0,1,0,0,2,0,0,1,0
KunalSin9h/meltcd:.github/workflows/safedep-on-pr.md,KunalSin9h/meltcd,.github/workflows/safedep-on-pr.md,KunalSin9h__meltcd__6b62d68981f7/history.json,4,3,0,2026-02-26T18:45:35+00:00,2026-02-27T06:20:44+00:00,2026-08-04T11:57:52+00:00,158.71686342592594,0.4827430555555556,158.23412037037036,0.008310185185185184,0.008310185185185184,2,1,24,13,37,6,13,19,3,0,0,0,0,4,0,0,3,0
lablup/backend.ai-webui:.github/workflows/e2e-healer.md,lablup/backend.ai-webui,.github/workflows/e2e-healer.md,lablup__backend.ai-webui__55ecfb6b4214/history.json,4,3,0,2026-02-09T15:12:35+00:00,2026-06-14T11:28:53+00:00,2026-08-04T11:57:53+00:00,175.86479166666666,124.84465277777778,51.02013888888889,33.404710648148146,87.97846064814814,4,3,168,5,173,3,5,8,3,0,0,0,0,4,0,0,3,0
lablup/backend.ai-webui:.github/workflows/e2e-watchdog.md,lablup/backend.ai-webui,.github/workflows/e2e-watchdog.md,lablup__backend.ai-webui__4287406cedd1/history.json,4,3,0,2026-02-09T15:14:22+00:00,2026-06-14T11:28:53+00:00,2026-08-04T11:57:55+00:00,175.8635763888889,124.84341435185185,51.02016203703704,33.404710648148146,87.97722222222222,4,3,147,5,152,3,5,8,3,0,0,0,0,4,0,0,3,0
lablup/backend.ai-webui:.github/workflows/storybook-coverage-checker.md,lablup/backend.ai-webui,.github/workflows/storybook-coverage-checker.md,lablup__backend.ai-webui__1e745fd3807a/history.json,3,2,0,2026-02-04T07:07:34+00:00,2026-07-07T02:32:41+00:00,2026-08-04T11:58:04+00:00,181.2017361111111,152.8091087962963,28.392627314814813,76.40455439814814,148.00701388888888,3,2,170,3,173,7,3,10,1,1,0,0,0,2,1,0,1,1
langfuse/langfuse:.github/workflows/ci-runtime-analyst.md,langfuse/langfuse,.github/workflows/ci-runtime-analyst.md,langfuse__langfuse__f40241983de6/history.json,11,10,0,2026-07-07T18:00:38+00:00,2026-07-30T16:30:33+00:00,2026-08-04T11:57:58+00:00,27.748148148148147,22.93744212962963,4.810706018518519,0.053246527777777775,0.13199074074074074,3,1,950,134,1084,524,134,658,3,3,4,0,0,0,11,0,0,10
LionSR/TNLean:.github/workflows/docs-blueprint-sync.md,LionSR/TNLean,.github/workflows/docs-blueprint-sync.md,LionSR__TNLean__74b6439e2ad8/history.json,9,8,0,2026-03-22T08:54:59+00:00,2026-06-20T23:17:14+00:00,2026-08-04T11:58:05+00:00,135.12715277777778,90.59878472222222,44.52836805555555,5.044797453703704,0.0010763888888888889,7,4,124,6,130,27,6,33,4,2,2,0,0,7,2,0,7,1
lostindark/DriverStoreExplorer:.github/workflows/release-highlights.md,lostindark/DriverStoreExplorer,.github/workflows/release-highlights.md,lostindark__DriverStoreExplorer__50f3081eb0bd/history.json,18,17,0,2026-03-18T16:55:11+00:00,2026-03-31T06:53:41+00:00,2026-08-04T11:58:12+00:00,138.79376157407407,12.582291666666666,126.2114699074074,0.013206018518518518,12.319907407407408,2,1,316,195,511,130,195,325,5,7,5,0,0,18,0,0,17,0
MaggieAppleton/maggieappleton.com-V3:.github/workflows/code-quality-improver.md,MaggieAppleton/maggieappleton.com-V3,.github/workflows/code-quality-improver.md,MaggieAppleton__maggieappleton.com-V3__301e041b4fb1/history.json,3,2,0,2026-02-25T09:05:14+00:00,2026-02-25T10:22:01+00:00,2026-08-04T11:58:05+00:00,160.12003472222221,0.053321759259259256,160.06671296296295,0.02666087962962963,0.043506944444444445,1,1,83,7,90,7,7,14,0,2,0,0,0,2,1,0,1,1
MaggieAppleton/maggieappleton.com-V3:.github/workflows/draft-research.md,MaggieAppleton/maggieappleton.com-V3,.github/workflows/draft-research.md,MaggieAppleton__maggieappleton.com-V3__ce5c1f1d1b3e/history.json,2,1,0,2026-05-01T08:41:41+00:00,2026-05-01T08:45:22+00:00,2026-08-04T11:58:06+00:00,95.13640046296297,0.0025578703703703705,95.13384259259259,0.0025578703703703705,0.0025578703703703705,1,1,178,5,183,5,5,10,0,1,0,0,0,0,2,0,0,1
MaggieAppleton/maggieappleton.com-V3:.github/workflows/implementer.md,MaggieAppleton/maggieappleton.com-V3,.github/workflows/implementer.md,MaggieAppleton__maggieappleton.com-V3__de2a75e2379a/history.json,1,0,1,2026-04-25T14:29:45+00:00,2026-04-25T14:29:45+00:00,2026-08-04T11:58:06+00:00,100.8946875,0.0,100.8946875,,,1,1,118,0,118,0,0,0,0,0,0,0,0,0,1,0,0,0
MaggieAppleton/maggieappleton.com-V3:.github/workflows/planner.md,MaggieAppleton/maggieappleton.com-V3,.github/workflows/planner.md,MaggieAppleton__maggieappleton.com-V3__720e7f51cd1f/history.json,3,2,0,2026-04-25T14:29:45+00:00,2026-05-01T08:29:20+00:00,2026-08-04T11:58:07+00:00,100.89469907407407,5.749710648148148,95.14498842592593,2.874855324074074,1.803773148148148,3,2,130,6,136,9,6,15,1,0,1,0,0,1,2,0,1,1
meshery/meshery:.github/workflows/pull-request-reviewer.md,meshery/meshery,.github/workflows/pull-request-reviewer.md,meshery__meshery__f73d33a84104/history.json,5,4,0,2026-05-01T22:41:35+00:00,2026-05-15T00:19:43+00:00,2026-08-04T11:58:11+00:00,94.55319444444444,13.068148148148149,81.48504629629629,0.05967013888888889,0.0004050925925925926,3,1,81,47,128,22,47,69,2,0,2,0,0,2,3,0,2,2
meteostat/meteostat:.github/workflows/bug-reproducer.md,meteostat/meteostat,.github/workflows/bug-reproducer.md,meteostat__meteostat__95fe5e7b855d/history.json,2,1,0,2026-02-14T18:09:57+00:00,2026-02-14T18:12:12+00:00,2026-08-04T11:58:09+00:00,170.74180555555554,0.0015625,170.74024305555557,0.0015625,0.0015625,1,1,176,0,176,1,0,1,1,0,0,0,0,1,1,0,1,0
microsoft/agent-framework-go:.github/workflows/dotnet-code-portability-nightly.md,microsoft/agent-framework-go,.github/workflows/dotnet-code-portability-nightly.md,microsoft__agent-framework-go__75e42e1c8d8d/history.json,10,9,0,2026-06-09T12:29:49+00:00,2026-07-29T16:37:53+00:00,2026-08-04T11:58:15+00:00,55.9780787037037,50.17226851851852,5.8058101851851855,0.9670833333333333,0.043680555555555556,7,2,287,146,433,59,146,205,6,0,3,0,0,10,0,0,9,0
microsoft/agent-framework-go:.github/workflows/dotnet-port-api-nightly.md,microsoft/agent-framework-go,.github/workflows/dotnet-port-api-nightly.md,microsoft__agent-framework-go__44ec2c697f82/history.json,5,4,0,2026-06-25T08:21:38+00:00,2026-07-29T16:37:53+00:00,2026-08-04T11:58:17+00:00,40.15045138888889,34.34461805555556,5.805833333333333,3.2174016203703704,5.054849537037037,5,2,27,24,51,9,8,17,1,0,3,0,0,5,0,0,4,0
microsoft/agent-framework-go:.github/workflows/dotnet-port-fixes-nightly.md,microsoft/agent-framework-go,.github/workflows/dotnet-port-fixes-nightly.md,microsoft__agent-framework-go__7b8e811ba0b9/history.json,5,4,0,2026-06-25T08:21:38+00:00,2026-07-29T16:37:53+00:00,2026-08-04T11:58:15+00:00,40.15042824074074,34.34461805555556,5.8058101851851855,3.2174016203703704,5.054849537037037,5,2,213,9,222,10,9,19,1,0,3,0,0,5,0,0,4,0
microsoft/agent-framework-go:.github/workflows/go-api-consistency-review.md,microsoft/agent-framework-go,.github/workflows/go-api-consistency-review.md,microsoft__agent-framework-go__b4de7b7ee001/history.json,10,9,0,2026-04-15T14:23:27+00:00,2026-07-29T16:37:53+00:00,2026-08-04T11:58:19+00:00,110.89921296296296,105.09335648148148,5.805856481481482,1.1369791666666667,1.0380902777777778,8,4,198,11,209,43,11,54,7,0,2,0,0,10,0,0,9,0
microsoft/agentrc:.github/workflows/ci-doctor.md,microsoft/agentrc,.github/workflows/ci-doctor.md,microsoft__agentrc__c729090ff159/history.json,2,1,0,2026-02-27T23:58:53+00:00,2026-05-13T23:28:10+00:00,2026-08-04T11:58:17+00:00,157.49958333333333,74.97866898148148,82.52091435185186,74.97866898148148,74.97866898148148,2,2,238,1,239,1,1,2,1,0,0,0,0,2,0,0,1,0
microsoft/agentrc:.github/workflows/code-simplifier.md,microsoft/agentrc,.github/workflows/code-simplifier.md,microsoft__agentrc__a9e0f3e47d00/history.json,2,1,0,2026-02-27T23:58:53+00:00,2026-05-13T23:28:10+00:00,2026-08-04T11:58:18+00:00,157.4995949074074,74.97866898148148,82.52092592592592,74.97866898148148,74.97866898148148,2,2,347,1,348,1,1,2,1,0,0,0,0,2,0,0,1,0
microsoft/agentrc:.github/workflows/daily-doc-updater.md,microsoft/agentrc,.github/workflows/daily-doc-updater.md,microsoft__agentrc__761b5f76bdfe/history.json,3,2,0,2026-02-27T23:58:53+00:00,2026-05-13T23:28:10+00:00,2026-08-04T11:58:19+00:00,157.4996064814815,74.97866898148148,82.5209375,37.489334490740745,17.19878472222222,3,3,235,7,242,13,7,20,1,1,0,0,0,3,0,0,2,0
microsoft/apm-action:.github/workflows/apm-demo.md,microsoft/apm-action,.github/workflows/apm-demo.md,microsoft__apm-action__65aa133c53ab/history.json,1,0,1,2026-03-05T22:35:04+00:00,2026-03-05T22:35:04+00:00,2026-08-04T11:58:21+00:00,151.55783564814814,0.0,151.55783564814814,,,1,1,47,0,47,0,0,0,0,0,0,0,0,1,0,0,0,0
microsoft/apm:.github/workflows/cli-consistency-checker.md,microsoft/apm,.github/workflows/cli-consistency-checker.md,microsoft__apm__1ed3adf41567/history.json,2,1,0,2026-02-24T23:14:51+00:00,2026-02-26T22:20:21+00:00,2026-08-04T11:58:20+00:00,160.53019675925927,1.9621527777777779,158.56804398148148,1.9621527777777779,1.9621527777777779,2,1,249,1,250,1,1,2,0,1,0,0,0,2,0,0,1,0
microsoft/apm:.github/workflows/docs-sync.md,microsoft/apm,.github/workflows/docs-sync.md,microsoft__apm__f85b7c620f4e/history.json,1,0,1,2026-05-11T19:39:48+00:00,2026-05-11T19:39:48+00:00,2026-08-04T11:58:19+00:00,84.67952546296296,0.0,84.67952546296296,,,1,1,170,0,170,0,0,0,0,0,0,0,0,1,0,0,0,0
microsoft/apm:.github/workflows/perf-scan.md,microsoft/apm,.github/workflows/perf-scan.md,microsoft__apm__0cdc20ee2421/history.json,1,0,1,2026-07-17T12:47:09+00:00,2026-07-17T12:47:09+00:00,2026-08-04T11:58:20+00:00,17.96609953703704,0.0,17.96609953703704,,,1,1,250,0,250,0,0,0,0,0,0,0,0,1,0,0,0,0
microsoft/apm:.github/workflows/pr-review-panel.md,microsoft/apm,.github/workflows/pr-review-panel.md,microsoft__apm__14ded7157906/history.json,13,12,0,2026-04-21T23:31:50+00:00,2026-07-10T05:45:58+00:00,2026-08-04T11:58:28+00:00,104.51849537037037,79.25981481481482,25.258680555555557,1.096076388888889,0.007638888888888889,9,3,404,202,606,271,202,473,4,2,6,0,0,13,0,0,12,0
microsoft/apm:.github/workflows/triage-panel.md,microsoft/apm,.github/workflows/triage-panel.md,microsoft__apm__a3dd9fedee64/history.json,11,10,0,2026-04-26T15:30:42+00:00,2026-05-26T21:26:44+00:00,2026-08-04T11:58:26+00:00,99.85259259259259,30.247245370370372,69.60534722222222,0.11719907407407407,0.01337962962962963,5,2,721,165,886,337,165,502,2,3,5,0,0,11,0,0,10,0
microsoft/aspire:.github/workflows/analyze-ci-failure.md,microsoft/aspire,.github/workflows/analyze-ci-failure.md,microsoft__aspire__b39566204ad9/history.json,3,2,0,2026-06-29T14:20:00+00:00,2026-07-07T09:56:10+00:00,2026-08-04T11:58:29+00:00,35.90172453703704,7.816782407407407,28.08494212962963,3.9083912037037036,0.4994675925925926,3,2,1447,297,1744,760,297,1057,0,0,2,0,0,3,0,0,2,0
microsoft/aspire:.github/workflows/daily-repo-status.md,microsoft/aspire,.github/workflows/daily-repo-status.md,microsoft__aspire__35c376107345/history.json,8,7,0,2026-02-17T17:52:26+00:00,2026-07-15T18:36:22+00:00,2026-08-04T11:58:23+00:00,167.75413194444445,148.03050925925925,19.723622685185184,4.928125,1.3253935185185186,8,4,209,58,267,155,58,213,3,1,3,0,0,8,0,0,7,0
microsoft/aspire:.github/workflows/extension-changelog.md,microsoft/aspire,.github/workflows/extension-changelog.md,microsoft__aspire__98554f658653/history.json,6,5,0,2026-05-30T18:48:11+00:00,2026-06-18T02:43:47+00:00,2026-08-04T11:58:29+00:00,65.7154861111111,18.330277777777777,47.38520833333333,1.1155208333333333,1.1689814814814814,6,2,341,0,341,31,0,31,3,2,0,0,0,5,0,0,4,0
microsoft/aspire:.github/workflows/milestone-changelog.md,microsoft/aspire,.github/workflows/milestone-changelog.md,microsoft__aspire__ce46d7a2ec16/history.json,13,12,0,2026-04-23T13:38:35+00:00,2026-06-18T02:43:47+00:00,2026-08-04T11:58:30+00:00,102.93049768518519,55.54527777777778,47.38521990740741,1.6703761574074074,8.077060185185186,12,3,1654,311,1965,1443,311,1754,4,3,5,0,0,13,0,0,12,0
microsoft/aspire:.github/workflows/pr-docs-check.md,microsoft/aspire,.github/workflows/pr-docs-check.md,microsoft__aspire__324ba6a1dd24/history.json,16,15,0,2026-04-07T02:38:38+00:00,2026-06-26T22:49:41+00:00,2026-08-04T11:58:33+00:00,119.38883101851852,80.84100694444444,38.54782407407407,4.229305555555555,0.6272800925925925,13,3,1824,415,2239,1636,415,2051,6,1,8,0,0,16,0,0,15,0
microsoft/aspire:.github/workflows/release-notes-generate.md,microsoft/aspire,.github/workflows/release-notes-generate.md,microsoft__aspire__c4f71a35f91b/history.json,7,6,0,2026-05-15T02:16:04+00:00,2026-06-18T02:43:47+00:00,2026-08-04T11:58:29+00:00,81.40445601851852,34.019247685185185,47.38520833333333,2.4344502314814815,3.82244212962963,7,2,352,22,374,101,22,123,4,1,1,0,0,7,0,0,6,0
microsoft/aspire:.github/workflows/release-update-support-mdx.md,microsoft/aspire,.github/workflows/release-update-support-mdx.md,microsoft__aspire__1c40c9b918d0/history.json,5,4,0,2026-05-07T20:05:39+00:00,2026-06-18T02:43:47+00:00,2026-08-04T11:58:28+00:00,88.66167824074074,41.27648148148148,47.38519675925926,13.519508101851851,13.063981481481482,5,2,334,1,335,9,1,10,4,0,0,0,0,5,0,0,4,0
microsoft/aspire:.github/workflows/repo-pulse.md,microsoft/aspire,.github/workflows/repo-pulse.md,microsoft__aspire__f074c405bd50/history.json,5,4,0,2026-04-23T22:34:09+00:00,2026-07-15T18:36:22+00:00,2026-08-04T11:58:29+00:00,102.55856481481482,82.83487268518519,19.72369212962963,15.794143518518519,3.9267708333333333,5,3,600,146,746,356,146,502,3,0,1,0,0,5,0,0,4,0
microsoft/azure-pipelines-tasks:.github/workflows/copilot-issue-triage.md,microsoft/azure-pipelines-tasks,.github/workflows/copilot-issue-triage.md,microsoft__azure-pipelines-tasks__7477dcb44599/history.json,3,2,0,2026-07-10T10:49:29+00:00,2026-07-14T10:23:31+00:00,2026-08-04T11:58:34+00:00,25.04797453703704,3.981967592592593,21.066006944444446,1.9909837962962964,0.10291666666666667,2,1,786,235,1021,123,235,358,1,0,1,0,0,3,0,0,2,0
microsoft/finnts:.github/workflows/repo-improver.md,microsoft/finnts,.github/workflows/repo-improver.md,microsoft__finnts__f15bf0a4d6ad/history.json,3,2,0,2026-04-29T21:00:24+00:00,2026-04-29T21:08:06+00:00,2026-08-04T11:58:31+00:00,96.62369212962963,0.005347222222222222,96.6183449074074,0.002673611111111111,0.0025810185185185185,1,1,162,4,166,7,4,11,0,2,0,0,0,0,3,0,0,2
microsoft/gctoolkit:.github/workflows/relevance-check.md,microsoft/gctoolkit,.github/workflows/relevance-check.md,microsoft__gctoolkit__93c4bd2d757f/history.json,3,2,0,2026-02-26T14:16:58+00:00,2026-02-26T15:50:07+00:00,2026-08-04T11:58:36+00:00,158.90391203703703,0.0646875,158.83922453703704,0.032343750000000004,0.0146875,1,1,65,1,66,2,1,3,1,1,0,0,0,3,0,0,2,0
microsoft/gctoolkit:.github/workflows/relevance-summary.md,microsoft/gctoolkit,.github/workflows/relevance-summary.md,microsoft__gctoolkit__8d557a69062c/history.json,1,0,1,2026-02-26T18:10:59+00:00,2026-02-26T18:10:59+00:00,2026-08-04T11:58:34+00:00,158.74137731481483,0.0,158.74137731481483,,,1,1,73,0,73,0,0,0,0,0,0,0,0,1,0,0,0,0
microsoft/GitHub-Copilot-for-Azure:.github/workflows/issue-triage.md,microsoft/GitHub-Copilot-for-Azure,.github/workflows/issue-triage.md,microsoft__GitHub-Copilot-for-Azure__e068510e8326/history.json,7,6,0,2026-02-20T23:28:32+00:00,2026-07-22T20:50:45+00:00,2026-08-04T11:58:40+00:00,164.52092592592592,151.89042824074073,12.630497685185185,13.440763888888888,39.914375,7,3,156,30,186,50,30,80,4,1,1,0,0,7,0,0,6,0
microsoft/go-images:.github/workflows/docker-tools-review.md,microsoft/go-images,.github/workflows/docker-tools-review.md,microsoft__go-images__44a9d7cd4abb/history.json,2,1,0,2026-04-21T14:07:21+00:00,2026-07-21T09:43:26+00:00,2026-08-04T11:58:30+00:00,104.91052083333334,90.81672453703703,14.093796296296297,90.81672453703703,90.81672453703703,2,2,157,3,160,2,3,5,1,0,0,0,0,2,0,0,1,0
microsoft/hve-core:.github/workflows/dependency-pr-review.md,microsoft/hve-core,.github/workflows/dependency-pr-review.md,microsoft__hve-core__cd5d7aed82e1/history.json,6,5,0,2026-04-01T18:46:26+00:00,2026-06-12T17:55:17+00:00,2026-08-04T11:58:34+00:00,124.71675925925926,71.96447916666666,52.75228009259259,10.473969907407408,0.353287037037037,6,2,163,20,183,36,20,56,2,2,1,0,0,6,0,0,5,0
microsoft/hve-core:.github/workflows/doc-update-check.md,microsoft/hve-core,.github/workflows/doc-update-check.md,microsoft__hve-core__fef10468a50e/history.json,4,3,0,2026-04-01T18:46:26+00:00,2026-06-22T20:37:03+00:00,2026-08-04T11:58:49+00:00,124.71693287037037,82.07681712962963,42.64011574074074,14.064131944444444,57.90034722222222,4,3,117,16,133,13,16,29,0,2,1,0,0,4,0,0,3,0
microsoft/hve-core:.github/workflows/issue-implement.md,microsoft/hve-core,.github/workflows/issue-implement.md,microsoft__hve-core__c13decd2c4b1/history.json,3,2,0,2026-04-01T18:46:26+00:00,2026-07-27T02:29:00+00:00,2026-08-04T11:58:48+00:00,124.71692129629629,116.32122685185185,8.395694444444445,58.16061342592592,71.96447916666666,3,3,104,11,115,2,11,13,0,1,1,0,0,3,0,0,2,0
microsoft/hve-core:.github/workflows/issue-triage.md,microsoft/hve-core,.github/workflows/issue-triage.md,microsoft__hve-core__a89176cc0e60/history.json,3,2,0,2026-04-01T18:46:26+00:00,2026-06-29T18:25:10+00:00,2026-08-04T11:58:36+00:00,124.71678240740741,88.98523148148148,35.73155092592592,44.49261574074074,71.96447916666666,3,2,137,11,148,27,11,38,0,1,1,0,0,3,0,0,2,0
microsoft/hve-core:.github/workflows/pr-review.md,microsoft/hve-core,.github/workflows/pr-review.md,microsoft__hve-core__a00e949bc0e2/history.json,8,7,0,2026-04-01T18:46:26+00:00,2026-06-27T00:16:44+00:00,2026-08-04T11:58:49+00:00,124.71693287037037,86.229375,38.487557870370374,13.48318287037037,4.862280092592592,8,3,290,42,332,70,42,112,1,3,3,0,0,8,0,0,7,0
microsoft/hve-core:.github/workflows/vex-draft.md,microsoft/hve-core,.github/workflows/vex-draft.md,microsoft__hve-core__d3457c3768fb/history.json,5,4,0,2026-06-30T16:20:05+00:00,2026-07-03T17:40:18+00:00,2026-08-04T11:58:44+00:00,34.818506944444444,3.0557060185185185,31.762800925925927,0.8032754629629629,0.39314814814814814,4,2,303,83,386,145,83,228,3,0,1,0,0,5,0,0,4,0
microsoft/mcp:.github/workflows/doc-gap-detector.md,microsoft/mcp,.github/workflows/doc-gap-detector.md,microsoft__mcp__d063b37dc3c5/history.json,2,1,0,2026-05-06T21:16:07+00:00,2026-05-19T20:57:49+00:00,2026-08-04T11:58:36+00:00,89.61283564814815,12.987291666666666,76.62554398148148,12.987291666666666,12.987291666666666,2,1,209,1,210,1,1,2,0,1,0,0,0,2,0,0,1,0
microsoft/mcp:.github/workflows/issue-triage-agent.md,microsoft/mcp,.github/workflows/issue-triage-agent.md,microsoft__mcp__ff9a262aa8c6/history.json,2,1,0,2026-07-10T16:51:05+00:00,2026-07-20T15:41:42+00:00,2026-08-04T11:58:36+00:00,24.796886574074072,9.95181712962963,14.845069444444444,9.95181712962963,9.95181712962963,2,1,130,1,131,1,1,2,1,0,0,0,0,2,0,0,1,0
microsoft/Microsoft-AI-Decision-Framework:.github/workflows/link-checker.md,microsoft/Microsoft-AI-Decision-Framework,.github/workflows/link-checker.md,microsoft__Microsoft-AI-Decision-Framework__8dd7082adeb9/history.json,8,7,0,2026-02-27T21:40:24+00:00,2026-07-18T14:18:34+00:00,2026-08-04T11:58:40+00:00,157.59601851851852,140.6931712962963,16.90284722222222,0.028668981481481483,0.01556712962962963,4,3,206,75,281,154,75,229,4,1,2,0,0,8,0,0,7,0
microsoft/mxc:.github/workflows/issue-investigation.md,microsoft/mxc,.github/workflows/issue-investigation.md,microsoft__mxc__51545ce67344/history.json,1,0,1,2026-07-28T17:58:14+00:00,2026-07-28T17:58:14+00:00,2026-08-04T11:58:38+00:00,6.750277777777778,0.0,6.750277777777778,,,1,1,111,0,111,0,0,0,0,0,0,0,0,1,0,0,0,0
microsoft/mxc:.github/workflows/issue-triage.md,microsoft/mxc,.github/workflows/issue-triage.md,microsoft__mxc__eec0a6924e88/history.json,6,5,0,2026-07-07T01:06:18+00:00,2026-07-28T17:58:14+00:00,2026-08-04T11:58:39+00:00,28.453020833333333,21.702731481481482,6.750289351851852,0.8636111111111111,0.8075,4,1,151,8,159,54,8,62,2,0,3,0,0,5,1,0,5,0
microsoft/physical-ai-toolchain:.github/workflows/aw-dependabot-pr-review.md,microsoft/physical-ai-toolchain,.github/workflows/aw-dependabot-pr-review.md,microsoft__physical-ai-toolchain__7c8c03d5c6aa/history.json,11,10,0,2026-04-20T16:15:27+00:00,2026-06-23T07:26:13+00:00,2026-08-04T11:58:43+00:00,105.82171296296296,63.632476851851855,42.189236111111114,1.6232581018518517,6.828773148148148,7,3,458,219,677,325,219,544,5,1,4,0,0,11,0,0,10,0
microsoft/pxt-arcade:.github/workflows/documentation.md,microsoft/pxt-arcade,.github/workflows/documentation.md,microsoft__pxt-arcade__920d765c1267/history.json,3,2,0,2025-12-10T19:16:53+00:00,2026-02-12T23:22:51+00:00,2026-08-04T11:58:42+00:00,236.6957060185185,64.17081018518519,172.52489583333335,32.085405092592595,0.17105324074074074,2,2,117,3,120,6,3,9,1,0,1,0,0,3,0,0,2,0
microsoft/pxt-arcade:.github/workflows/triage.md,microsoft/pxt-arcade,.github/workflows/triage.md,microsoft__pxt-arcade__a04ecd0859da/history.json,12,11,0,2025-12-03T17:56:51+00:00,2026-02-12T23:22:51+00:00,2026-08-04T11:58:45+00:00,243.75131944444445,71.22638888888889,172.52493055555556,0.14962962962962964,0.05153935185185185,6,3,376,335,711,116,335,451,4,4,3,0,0,12,0,0,11,0
microsoft/pxt:.github/workflows/documentation.md,microsoft/pxt,.github/workflows/documentation.md,microsoft__pxt__4249c3d1a145/history.json,3,2,0,2025-12-10T19:41:01+00:00,2025-12-10T22:43:49+00:00,2026-08-04T11:58:41+00:00,236.6789351851852,0.12694444444444444,236.55199074074073,0.06347222222222222,0.024131944444444445,1,1,129,2,131,10,2,12,0,1,1,0,0,3,0,0,2,0
microsoft/pylance-release:.github/workflows/issue-assignment.md,microsoft/pylance-release,.github/workflows/issue-assignment.md,microsoft__pylance-release__52141cd98e2b/history.json,1,0,1,2026-02-13T21:49:25+00:00,2026-02-13T21:49:25+00:00,2026-08-04T11:58:45+00:00,171.58981481481482,0.0,171.58981481481482,,,1,1,87,0,87,0,0,0,0,0,0,0,0,1,0,0,0,0
microsoft/security-devops-action:.github/workflows/ci-doctor.md,microsoft/security-devops-action,.github/workflows/ci-doctor.md,microsoft__security-devops-action__4431368a8d5e/history.json,6,5,0,2026-03-16T15:21:02+00:00,2026-04-24T07:46:07+00:00,2026-08-04T11:58:45+00:00,140.85952546296295,38.68408564814815,102.17543981481481,0.1391550925925926,0.11549768518518519,3,2,110,6,116,13,6,19,5,0,0,0,0,6,0,0,5,0
microsoft/security-devops-action:.github/workflows/msdo-breach-monitor.md,microsoft/security-devops-action,.github/workflows/msdo-breach-monitor.md,microsoft__security-devops-action__6f1005a64bdc/history.json,6,5,0,2026-03-21T10:10:44+00:00,2026-04-24T07:46:07+00:00,2026-08-04T11:58:45+00:00,136.07501157407407,33.89957175925926,102.17543981481481,0.707025462962963,1.1910532407407408,4,2,278,63,341,151,63,214,3,1,1,0,0,6,0,0,5,0
microsoft/security-devops-action:.github/workflows/msdo-issue-assistant.md,microsoft/security-devops-action,.github/workflows/msdo-issue-assistant.md,microsoft__security-devops-action__76d4395aa39b/history.json,10,9,0,2026-02-19T06:00:48+00:00,2026-04-24T07:46:07+00:00,2026-08-04T11:58:48+00:00,166.2486111111111,64.07313657407407,102.17547453703703,4.544884259259259,4.544884259259259,7,3,248,23,271,113,23,136,3,1,5,0,0,10,0,0,9,0
microsoft/security-devops-azdevops:.github/workflows/msdo-issue-assistant.md,microsoft/security-devops-azdevops,.github/workflows/msdo-issue-assistant.md,microsoft__security-devops-azdevops__bd41dd95a715/history.json,5,4,0,2026-03-02T20:47:41+00:00,2026-03-25T13:26:15+00:00,2026-08-04T11:58:52+00:00,154.6327662037037,22.693449074074074,131.93931712962964,0.44092013888888887,0.7963425925925925,3,1,179,23,202,34,23,57,1,1,2,0,0,5,0,0,4,0
microsoft/skills:.github/workflows/update-llms-txt.md,microsoft/skills,.github/workflows/update-llms-txt.md,microsoft__skills__0589b8f59fcd/history.json,5,4,0,2026-01-19T18:07:27+00:00,2026-01-29T05:06:40+00:00,2026-08-04T11:58:47+00:00,196.74398148148148,9.457789351851853,187.28619212962963,1.0468576388888888,7.363171296296296,3,1,60,4,64,9,4,13,3,1,0,0,0,5,0,0,4,0
microsoft/testfx:.github/workflows/add-tests.md,microsoft/testfx,.github/workflows/add-tests.md,microsoft__testfx__159bc9a5f6f6/history.json,11,10,0,2026-04-13T11:38:38+00:00,2026-07-07T11:17:29+00:00,2026-08-04T12:42:27+00:00,113.04431712962963,84.9853125,28.05900462962963,4.001296296296296,15.184016203703704,10,4,117,4,121,15,4,19,9,1,0,0,0,11,0,0,10,0
microsoft/testfx:.github/workflows/adhoc-qa.md,microsoft/testfx,.github/workflows/adhoc-qa.md,microsoft__testfx__c0053b6b422d/history.json,13,12,0,2026-05-22T12:05:55+00:00,2026-08-04T09:37:10+00:00,2026-08-04T12:42:28+00:00,74.02538194444445,73.89670138888889,0.12868055555555555,3.1679803240740743,3.0427430555555555,11,4,66,29,95,40,9,49,11,0,0,1,0,13,0,0,12,0
microsoft/testfx:.github/workflows/code-simplifier.md,microsoft/testfx,.github/workflows/code-simplifier.md,microsoft__testfx__241b511ad119/history.json,17,16,0,2026-04-23T12:30:32+00:00,2026-07-07T11:17:29+00:00,2026-08-04T12:42:33+00:00,103.0083449074074,74.94927083333333,28.059074074074076,2.3441087962962963,0.044895833333333336,12,4,408,85,493,115,85,200,12,1,3,0,0,17,0,0,16,0
microsoft/testfx:.github/workflows/daily-file-diet.md,microsoft/testfx,.github/workflows/daily-file-diet.md,microsoft__testfx__8333e324ca02/history.json,7,6,0,2026-04-23T12:30:32+00:00,2026-07-07T11:17:29+00:00,2026-08-04T12:42:28+00:00,103.00828703703704,74.94927083333333,28.059016203703703,9.910810185185184,0.044895833333333336,6,4,198,11,209,14,11,25,6,0,0,0,0,7,0,0,6,0
microsoft/testfx:.github/workflows/dependabot-issue-bundler.md,microsoft/testfx,.github/workflows/dependabot-issue-bundler.md,microsoft__testfx__cb157b6e8cde/history.json,6,5,0,2026-05-22T12:05:55+00:00,2026-07-07T11:17:29+00:00,2026-08-04T12:42:33+00:00,74.02543981481482,45.96636574074074,28.059074074074076,4.821863425925926,4.821863425925926,6,3,37,3,40,8,3,11,4,0,1,0,0,6,0,0,5,0
microsoft/testfx:.github/workflows/dependabot-pr-bundler.md,microsoft/testfx,.github/workflows/dependabot-pr-bundler.md,microsoft__testfx__37eaaa2e3332/history.json,9,8,0,2026-05-22T12:05:55+00:00,2026-07-07T11:17:29+00:00,2026-08-04T12:42:34+00:00,74.02545138888888,45.96636574074074,28.059085648148148,3.551927083333333,3.176388888888889,8,3,86,8,94,31,8,39,7,0,1,0,0,9,0,0,8,0
microsoft/testfx:.github/workflows/duplicate-code-detector.md,microsoft/testfx,.github/workflows/duplicate-code-detector.md,microsoft__testfx__b2acc1bea4cb/history.json,11,10,0,2026-05-22T12:05:55+00:00,2026-08-04T09:37:10+00:00,2026-08-04T12:42:34+00:00,74.02545138888888,73.89670138888889,0.12875,3.5755497685185187,3.176388888888889,11,4,238,5,243,12,5,17,9,1,0,0,0,10,1,0,9,1
microsoft/testfx:.github/workflows/efficiency-improver.md,microsoft/testfx,.github/workflows/efficiency-improver.md,microsoft__testfx__0708f3965a2c/history.json,15,14,0,2026-05-22T12:05:55+00:00,2026-08-04T09:37:10+00:00,2026-08-04T12:42:36+00:00,74.02547453703704,73.89670138888889,0.12877314814814814,1.851701388888889,3.0427430555555555,12,4,117,73,190,49,19,68,13,1,0,0,0,15,0,0,14,0
microsoft/testfx:.github/workflows/glossary-maintainer.md,microsoft/testfx,.github/workflows/glossary-maintainer.md,microsoft__testfx__a7f51972726f/history.json,12,11,0,2026-04-23T12:30:57+00:00,2026-08-04T09:37:10+00:00,2026-08-04T12:42:35+00:00,103.0080787037037,102.87931712962963,0.12876157407407407,3.974710648148148,5.1476851851851855,11,5,311,35,346,48,35,83,9,1,1,0,0,12,0,0,11,0
microsoft/testfx:.github/workflows/link-checker.md,microsoft/testfx,.github/workflows/link-checker.md,microsoft__testfx__5fcb89073154/history.json,14,13,0,2026-05-22T12:05:55+00:00,2026-08-04T09:37:10+00:00,2026-08-04T12:42:40+00:00,74.02552083333333,73.89670138888889,0.12881944444444443,3.0427430555555555,3.0427430555555555,11,4,302,50,352,69,50,119,11,0,2,0,0,14,0,0,13,0
microsoft/testfx:.github/workflows/malicious-code-scan.md,microsoft/testfx,.github/workflows/malicious-code-scan.md,microsoft__testfx__baec8c70446f/history.json,9,8,0,2026-05-22T12:05:55+00:00,2026-08-04T09:37:10+00:00,2026-08-04T12:42:38+00:00,74.02549768518519,73.89670138888889,0.1287962962962963,4.398287037037037,4.821863425925926,9,4,26,28,54,16,10,26,7,1,0,0,0,9,0,0,8,0
microsoft/testfx:.github/workflows/markdown-linter.md,microsoft/testfx,.github/workflows/markdown-linter.md,microsoft__testfx__4030d4312e6b/history.json,12,11,0,2026-05-22T12:05:55+00:00,2026-07-23T14:42:42+00:00,2026-08-04T12:42:40+00:00,74.02552083333333,62.10887731481481,11.91664351851852,3.0427430555555555,3.0427430555555555,9,3,83,94,177,70,73,143,10,0,1,0,0,12,0,0,11,0
microsoft/testfx:.github/workflows/perf-improver.md,microsoft/testfx,.github/workflows/perf-improver.md,microsoft__testfx__e2292eefbfe4/history.json,16,15,0,2026-05-22T12:05:55+00:00,2026-08-04T09:37:10+00:00,2026-08-04T12:42:43+00:00,74.02555555555556,73.89670138888889,0.12885416666666666,2.0579282407407407,3.0427430555555555,12,4,109,66,175,57,26,83,13,2,0,0,0,16,0,0,15,0
microsoft/testfx:.github/workflows/pr-fix.md,microsoft/testfx,.github/workflows/pr-fix.md,microsoft__testfx__7eba0f9b566a/history.json,10,9,0,2026-05-22T12:05:55+00:00,2026-08-04T09:37:10+00:00,2026-08-04T12:42:41+00:00,74.02553240740741,73.89670138888889,0.12883101851851853,3.0427430555555555,3.0427430555555555,8,4,87,8,95,27,8,35,8,0,1,0,0,10,0,0,9,0
microsoft/testfx:.github/workflows/repository-quality-improver.md,microsoft/testfx,.github/workflows/repository-quality-improver.md,microsoft__testfx__063b9b518aaf/history.json,14,13,0,2026-04-23T12:30:32+00:00,2026-08-04T09:37:10+00:00,2026-08-04T12:42:42+00:00,103.00844907407408,102.87960648148149,0.1288425925925926,3.176388888888889,0.044895833333333336,13,5,465,63,528,151,63,214,9,3,1,0,0,13,1,0,12,1
microsoft/testfx:.github/workflows/sub-issue-closer.md,microsoft/testfx,.github/workflows/sub-issue-closer.md,microsoft__testfx__d816bbc15663/history.json,9,8,0,2026-05-22T12:05:55+00:00,2026-08-04T09:37:10+00:00,2026-08-04T12:42:43+00:00,74.02555555555556,73.89670138888889,0.12885416666666666,8.872488425925926,4.821863425925926,9,4,157,4,161,13,4,17,8,0,0,0,0,9,0,0,8,0
microsoft/testfx:.github/workflows/test-improver.md,microsoft/testfx,.github/workflows/test-improver.md,microsoft__testfx__5f745e58fb02/history.json,16,15,0,2026-05-22T12:05:55+00:00,2026-08-04T09:37:10+00:00,2026-08-04T12:42:47+00:00,74.02560185185185,73.89670138888889,0.12890046296296295,2.0579282407407407,3.0427430555555555,13,4,92,39,131,57,20,77,13,2,0,0,0,16,0,0,15,0
microsoft/testfx:.github/workflows/weekly-issue-activity.md,microsoft/testfx,.github/workflows/weekly-issue-activity.md,microsoft__testfx__eb69bf6f00a6/history.json,10,9,0,2026-05-22T12:05:55+00:00,2026-08-04T09:37:10+00:00,2026-08-04T12:42:48+00:00,74.02561342592593,73.89670138888889,0.12891203703703705,4.821863425925926,4.821863425925926,9,4,217,60,277,58,60,118,7,0,2,0,0,10,0,0,9,0
microsoft/typespec:.github/workflows/bump-tcgc-csharp.md,microsoft/typespec,.github/workflows/bump-tcgc-csharp.md,microsoft__typespec__ebf76bf1fec1/history.json,5,4,0,2026-04-27T20:50:06+00:00,2026-06-29T18:49:12+00:00,2026-08-04T12:42:43+00:00,98.66153935185186,62.916041666666665,35.745497685185185,2.816521990740741,0.7453703703703703,4,2,90,3,93,8,3,11,4,0,0,0,0,2,3,0,2,2
microsoft/vscode-azureresourcegroups:.github/workflows/info-needed-triage.md,microsoft/vscode-azureresourcegroups,.github/workflows/info-needed-triage.md,microsoft__vscode-azureresourcegroups__3b0802cca7ea/history.json,6,5,0,2026-07-24T16:19:40+00:00,2026-07-28T19:22:41+00:00,2026-08-04T12:42:44+00:00,10.849351851851852,4.1270949074074075,6.722256944444444,0.045752314814814815,0.02357638888888889,3,1,51,4,55,29,4,33,4,0,1,0,0,6,0,0,5,0
microsoft/vscode-black-formatter:.github/workflows/check-python-versions.md,microsoft/vscode-black-formatter,.github/workflows/check-python-versions.md,microsoft__vscode-black-formatter__587aa24a413c/history.json,3,2,0,2026-02-20T22:33:27+00:00,2026-06-23T19:17:50+00:00,2026-08-04T12:42:43+00:00,164.58976851851853,122.8641550925926,41.72561342592593,61.43207754629629,108.79164351851851,3,2,114,0,114,2,0,2,2,0,0,0,0,3,0,0,2,0
microsoft/vscode-black-formatter:.github/workflows/extension-template-sync.md,microsoft/vscode-black-formatter,.github/workflows/extension-template-sync.md,microsoft__vscode-black-formatter__0f3b0a068eba/history.json,7,6,0,2026-02-25T18:46:34+00:00,2026-06-23T19:17:50+00:00,2026-08-04T12:42:45+00:00,159.74734953703702,118.02171296296297,41.72563657407407,10.570497685185185,1.9490162037037038,7,3,207,79,286,55,79,134,2,3,1,0,0,7,0,0,6,0
microsoft/vscode-black-formatter:.github/workflows/issue-triage.md,microsoft/vscode-black-formatter,.github/workflows/issue-triage.md,microsoft__vscode-black-formatter__a92e28bd57bf/history.json,5,4,0,2026-02-25T17:54:32+00:00,2026-06-23T19:17:50+00:00,2026-08-04T12:42:45+00:00,159.7834837962963,118.05784722222222,41.72563657407407,9.00193287037037,2.0850810185185185,5,3,114,22,136,59,11,70,1,0,3,0,0,5,0,0,4,0
microsoft/vscode-flake8:.github/workflows/check-python-versions.md,microsoft/vscode-flake8,.github/workflows/check-python-versions.md,microsoft__vscode-flake8__903320f216cf/history.json,5,4,0,2026-02-17T19:54:12+00:00,2026-06-23T19:17:05+00:00,2026-08-04T12:42:46+00:00,167.70039351851852,125.97422453703703,41.72616898148148,10.124010416666668,0.02815972222222222,4,2,124,10,134,16,10,26,3,0,1,0,0,5,0,0,4,0
microsoft/vscode-flake8:.github/workflows/extension-template-sync.md,microsoft/vscode-flake8,.github/workflows/extension-template-sync.md,microsoft__vscode-flake8__80ec9a834817/history.json,7,6,0,2026-02-25T18:46:29+00:00,2026-06-23T19:17:05+00:00,2026-08-04T12:42:48+00:00,159.74744212962963,118.02125,41.72619212962963,10.06207175925926,1.9489699074074074,7,3,207,79,286,55,79,134,2,3,1,0,0,7,0,0,6,0
microsoft/vscode-flake8:.github/workflows/issue-triage.md,microsoft/vscode-flake8,.github/workflows/issue-triage.md,microsoft__vscode-flake8__469265038626/history.json,5,4,0,2026-02-25T17:55:13+00:00,2026-06-23T19:17:05+00:00,2026-08-04T12:42:48+00:00,159.78304398148148,118.05685185185185,41.72619212962963,9.002037037037038,2.0846643518518517,5,3,118,22,140,59,11,70,1,0,3,0,0,5,0,0,4,0
microsoft/vscode-isort:.github/workflows/check-python-versions.md,microsoft/vscode-isort,.github/workflows/check-python-versions.md,microsoft__vscode-isort__42e25eb86718/history.json,4,3,0,2026-02-17T21:32:22+00:00,2026-06-23T19:18:45+00:00,2026-08-04T12:42:46+00:00,167.63222222222223,125.90721064814815,41.725011574074074,14.07392361111111,2.1114236111111113,4,2,118,4,122,11,4,15,2,0,1,0,0,4,0,0,3,0
microsoft/vscode-isort:.github/workflows/extension-template-sync.md,microsoft/vscode-isort,.github/workflows/extension-template-sync.md,microsoft__vscode-isort__62202f05069b/history.json,7,6,0,2026-02-25T18:46:40+00:00,2026-06-23T19:18:45+00:00,2026-08-04T12:42:48+00:00,159.7473148148148,118.0222800925926,41.72503472222222,9.05257523148148,1.948761574074074,7,3,207,79,286,55,79,134,2,3,1,0,0,7,0,0,6,0
microsoft/vscode-isort:.github/workflows/issue-triage.md,microsoft/vscode-isort,.github/workflows/issue-triage.md,microsoft__vscode-isort__21c16840bbe5/history.json,5,4,0,2026-02-25T17:54:23+00:00,2026-06-23T19:18:45+00:00,2026-08-04T12:42:47+00:00,159.7836111111111,118.05858796296296,41.725023148148146,9.002430555555556,2.0853587962962963,5,3,118,22,140,59,11,70,1,0,3,0,0,5,0,0,4,0
microsoft/vscode-mypy:.github/workflows/check-python-versions.md,microsoft/vscode-mypy,.github/workflows/check-python-versions.md,microsoft__vscode-mypy__50442454377d/history.json,4,3,0,2026-02-17T21:37:12+00:00,2026-06-23T19:22:12+00:00,2026-08-04T12:42:48+00:00,167.6288888888889,125.90625,41.72263888888889,14.075208333333334,6.128229166666666,4,2,118,4,122,11,4,15,2,0,1,0,0,4,0,0,3,0
microsoft/vscode-mypy:.github/workflows/extension-template-sync.md,microsoft/vscode-mypy,.github/workflows/extension-template-sync.md,microsoft__vscode-mypy__d627089123be/history.json,7,6,0,2026-02-26T00:08:33+00:00,2026-06-23T19:22:12+00:00,2026-08-04T12:42:49+00:00,159.5237962962963,117.80114583333334,41.72265046296296,9.13587962962963,1.7251851851851852,7,3,207,79,286,55,79,134,2,3,1,0,0,7,0,0,6,0
microsoft/vscode-mypy:.github/workflows/issue-triage.md,microsoft/vscode-mypy,.github/workflows/issue-triage.md,microsoft__vscode-mypy__da2e4b8d516d/history.json,5,4,0,2026-02-25T17:55:18+00:00,2026-06-23T19:22:12+00:00,2026-08-04T12:42:48+00:00,159.78298611111111,118.06034722222222,41.72263888888889,9.003020833333334,2.0846643518518517,5,3,119,23,142,60,12,72,1,0,3,0,0,5,0,0,4,0
microsoft/vscode-pylint:.github/workflows/check-python-versions.md,microsoft/vscode-pylint,.github/workflows/check-python-versions.md,microsoft__vscode-pylint__105d81898c57/history.json,4,3,0,2026-02-17T21:42:37+00:00,2026-06-23T19:22:55+00:00,2026-08-04T12:42:49+00:00,167.6251388888889,125.9029861111111,41.72215277777778,14.075625,6.146921296296297,4,2,118,4,122,11,4,15,2,0,1,0,0,4,0,0,3,0
microsoft/vscode-pylint:.github/workflows/extension-template-sync.md,microsoft/vscode-pylint,.github/workflows/extension-template-sync.md,microsoft__vscode-pylint__55b774b841a9/history.json,7,6,0,2026-02-25T18:46:09+00:00,2026-06-23T19:22:55+00:00,2026-08-04T12:42:51+00:00,159.74770833333332,118.02553240740741,41.722175925925924,9.464988425925926,1.9490046296296297,7,3,207,79,286,55,79,134,2,3,1,0,0,7,0,0,6,0
microsoft/vscode-pylint:.github/workflows/issue-triage.md,microsoft/vscode-pylint,.github/workflows/issue-triage.md,microsoft__vscode-pylint__8dce6b3259c3/history.json,6,5,0,2026-02-25T01:01:26+00:00,2026-06-23T19:22:55+00:00,2026-08-04T12:42:51+00:00,160.4870949074074,118.76491898148149,41.722175925925924,3.9304976851851854,0.014270833333333333,5,3,118,23,141,63,11,74,2,0,3,0,0,6,0,0,5,0
microsoft/vstest:.github/workflows/code-simplifier.md,microsoft/vstest,.github/workflows/code-simplifier.md,microsoft__vstest__0ef88fa57667/history.json,2,1,0,2026-06-19T12:08:15+00:00,2026-07-07T12:25:41+00:00,2026-08-04T12:42:50+00:00,46.0240162037037,18.01210648148148,28.01190972222222,18.01210648148148,18.01210648148148,2,2,316,1,317,17,1,18,1,0,0,0,0,2,0,0,1,0
microsoft/vstest:.github/workflows/daily-file-diet.md,microsoft/vstest,.github/workflows/daily-file-diet.md,microsoft__vstest__35f024b82d27/history.json,2,1,0,2026-06-19T12:08:15+00:00,2026-07-07T12:25:41+00:00,2026-08-04T12:42:50+00:00,46.0240162037037,18.01210648148148,28.01190972222222,18.01210648148148,18.01210648148148,2,2,184,0,184,1,0,1,1,0,0,0,0,2,0,0,1,0
microsoft/vstest:.github/workflows/efficiency-improver.md,microsoft/vstest,.github/workflows/efficiency-improver.md,microsoft__vstest__e71168bdb887/history.json,3,2,0,2026-06-19T12:08:15+00:00,2026-07-07T12:54:34+00:00,2026-08-04T12:42:51+00:00,46.024027777777775,18.03216435185185,27.991863425925924,9.016082175925925,18.01210648148148,2,2,480,22,502,66,22,88,1,0,1,0,0,3,0,0,2,0
microsoft/vstest:.github/workflows/http-link-checker.md,microsoft/vstest,.github/workflows/http-link-checker.md,microsoft__vstest__7a182cdf33e9/history.json,3,2,0,2026-06-10T13:26:11+00:00,2026-07-07T12:25:41+00:00,2026-08-04T12:42:52+00:00,54.969918981481484,26.95798611111111,28.01193287037037,13.478993055555556,1.9203356481481482,3,2,68,102,170,19,3,22,2,0,0,0,0,3,0,0,2,0
microsoft/vstest:.github/workflows/issue-repro-triage.md,microsoft/vstest,.github/workflows/issue-repro-triage.md,microsoft__vstest__cb188b61c40d/history.json,12,11,0,2026-05-12T10:14:48+00:00,2026-07-07T12:25:41+00:00,2026-08-04T12:42:55+00:00,84.1028587962963,56.090891203703706,28.011967592592594,0.19967592592592592,0.19967592592592592,6,2,289,47,336,115,47,162,3,5,3,0,0,12,0,0,11,0
microsoft/vstest:.github/workflows/malicious-code-scan.md,microsoft/vstest,.github/workflows/malicious-code-scan.md,microsoft__vstest__e43511673e4f/history.json,2,1,0,2026-06-19T12:08:15+00:00,2026-07-07T12:25:41+00:00,2026-08-04T12:42:52+00:00,46.024039351851854,18.01210648148148,28.01193287037037,18.01210648148148,18.01210648148148,2,2,292,0,292,1,0,1,1,0,0,0,0,2,0,0,1,0
microsoft/vstest:.github/workflows/markdown-linter.md,microsoft/vstest,.github/workflows/markdown-linter.md,microsoft__vstest__a4b5efcc518a/history.json,2,1,0,2026-06-19T12:08:15+00:00,2026-07-07T12:25:41+00:00,2026-08-04T12:42:52+00:00,46.024039351851854,18.01210648148148,28.01193287037037,18.01210648148148,18.01210648148148,2,2,165,0,165,1,0,1,1,0,0,0,0,2,0,0,1,0
microsoft/vstest:.github/workflows/md-link-checker.md,microsoft/vstest,.github/workflows/md-link-checker.md,microsoft__vstest__1ccb6a4a0949/history.json,4,3,0,2026-06-10T13:26:11+00:00,2026-07-07T12:25:41+00:00,2026-08-04T12:42:53+00:00,54.96993055555556,26.95798611111111,28.011944444444445,8.805347222222222,0.21416666666666667,3,2,334,156,490,38,156,194,2,0,1,0,0,4,0,0,3,0
microsoft/vstest:.github/workflows/pr-expert-reviewer.md,microsoft/vstest,.github/workflows/pr-expert-reviewer.md,microsoft__vstest__51df85837e42/history.json,8,7,0,2026-05-12T10:14:48+00:00,2026-07-21T08:41:40+00:00,2026-08-04T12:42:55+00:00,84.1028587962963,69.93532407407407,14.167534722222221,3.9065393518518516,0.03824074074074074,6,2,290,60,350,51,60,111,3,2,2,0,0,8,0,0,7,0
microsoft/vstest:.github/workflows/pr-iteration.md,microsoft/vstest,.github/workflows/pr-iteration.md,microsoft__vstest__96c639cefbdd/history.json,10,9,0,2026-05-12T15:02:20+00:00,2026-07-07T12:25:41+00:00,2026-08-04T12:42:56+00:00,83.90319444444444,55.891215277777775,28.011979166666666,0.11837962962962963,0.7038888888888889,5,2,171,15,186,53,15,68,3,6,0,0,0,10,0,0,9,0
microsoft/vstest:.github/workflows/repository-quality-improver.md,microsoft/vstest,.github/workflows/repository-quality-improver.md,microsoft__vstest__ab6c6d00eb9e/history.json,2,1,0,2026-06-19T12:08:15+00:00,2026-07-07T12:25:41+00:00,2026-08-04T12:42:53+00:00,46.02405092592593,18.01210648148148,28.011944444444445,18.01210648148148,18.01210648148148,2,2,399,0,399,1,0,1,1,0,0,0,0,2,0,0,1,0
microsoft/wassette:.github/workflows/changelog-pr-link.md,microsoft/wassette,.github/workflows/changelog-pr-link.md,microsoft__wassette__8a36a489e5a4/history.json,1,0,1,2025-10-22T06:07:20+00:00,2025-10-22T06:07:20+00:00,2026-08-04T12:42:53+00:00,286.2746875,0.0,286.2746875,,,1,1,106,0,106,0,0,0,0,0,0,0,0,0,1,0,0,0
microsoft/wassette:.github/workflows/ci-doctor.md,microsoft/wassette,.github/workflows/ci-doctor.md,microsoft__wassette__8e111c34a177/history.json,1,0,1,2025-10-09T01:08:25+00:00,2025-10-09T01:08:25+00:00,2026-08-04T12:42:53+00:00,299.48226851851854,0.0,299.48226851851854,,,1,1,173,0,173,0,0,0,0,0,0,0,0,1,0,0,0,0
microsoft/wassette:.github/workflows/issue-triage.md,microsoft/wassette,.github/workflows/issue-triage.md,microsoft__wassette__80ea022930b4/history.json,2,1,0,2025-10-03T20:05:08+00:00,2025-10-22T03:17:53+00:00,2026-08-04T12:42:53+00:00,304.6928819444444,18.300520833333334,286.3923611111111,18.300520833333334,18.300520833333334,2,1,68,7,75,3,7,10,0,0,1,0,0,2,0,0,1,0
microsoft/wassette:.github/workflows/plan.md,microsoft/wassette,.github/workflows/plan.md,microsoft__wassette__f6dc21292639/history.json,1,0,1,2025-11-12T06:26:09+00:00,2025-11-12T06:26:09+00:00,2026-08-04T12:42:53+00:00,265.2616203703704,0.0,265.2616203703704,,,1,1,210,0,210,0,0,0,0,0,0,0,0,0,1,0,0,0
microsoft/wassette:.github/workflows/pr-triage.md,microsoft/wassette,.github/workflows/pr-triage.md,microsoft__wassette__5f628d77edd2/history.json,2,1,0,2025-10-22T06:06:27+00:00,2025-11-14T04:59:46+00:00,2026-08-04T12:42:54+00:00,286.2753125,22.95369212962963,263.3216203703704,22.95369212962963,22.95369212962963,2,2,64,2,66,0,2,2,1,0,0,0,0,0,2,0,0,1
microsoft/wassette:.github/workflows/release-doctor.md,microsoft/wassette,.github/workflows/release-doctor.md,microsoft__wassette__8a97b0ef7d36/history.json,1,0,1,2025-11-02T23:53:32+00:00,2025-11-02T23:53:32+00:00,2026-08-04T12:42:54+00:00,274.53428240740743,0.0,274.53428240740743,,,1,1,284,0,284,0,0,0,0,0,0,0,0,0,1,0,0,0
microsoft/wassette:.github/workflows/scout.md,microsoft/wassette,.github/workflows/scout.md,microsoft__wassette__79a3635bfc8c/history.json,1,0,1,2025-10-08T21:59:28+00:00,2025-10-08T21:59:28+00:00,2026-08-04T12:42:54+00:00,299.61349537037034,0.0,299.61349537037034,,,1,1,149,0,149,0,0,0,0,0,0,0,0,1,0,0,0,0
microsoft/winget-cli:.github/workflows/duplicate-surfacing.md,microsoft/winget-cli,.github/workflows/duplicate-surfacing.md,microsoft__winget-cli__7cf9de9490ad/history.json,4,3,0,2026-07-29T16:57:34+00:00,2026-07-30T19:44:55+00:00,2026-08-04T12:42:55+00:00,5.823159722222222,1.1162152777777778,4.706944444444445,0.04730324074074074,0.04730324074074074,2,1,118,8,126,28,8,36,1,1,1,0,0,4,0,0,3,0
microsoft/winget-cli:.github/workflows/issue-closure-recommendation.md,microsoft/winget-cli,.github/workflows/issue-closure-recommendation.md,microsoft__winget-cli__190b8bc65e9e/history.json,1,0,1,2026-08-03T21:48:49+00:00,2026-08-03T21:48:49+00:00,2026-08-04T12:42:54+00:00,0.6208912037037037,0.0,0.6208912037037037,,,1,1,916,0,916,0,0,0,0,0,0,0,0,1,0,0,0,0
microsoft/winget-create:.github/workflows/duplicate-surfacing.md,microsoft/winget-create,.github/workflows/duplicate-surfacing.md,microsoft__winget-create__3b25b791e127/history.json,2,1,0,2026-07-29T20:44:59+00:00,2026-07-30T19:45:06+00:00,2026-08-04T12:42:55+00:00,5.665231481481482,0.9584143518518519,4.70681712962963,0.9584143518518519,0.9584143518518519,2,1,118,8,126,10,8,18,0,0,1,0,0,2,0,0,1,0
microsoft/winget-dsc:.github/workflows/duplicate-surfacing.md,microsoft/winget-dsc,.github/workflows/duplicate-surfacing.md,microsoft__winget-dsc__44232f910df3/history.json,1,0,1,2026-07-30T19:56:07+00:00,2026-07-30T19:56:07+00:00,2026-08-04T12:42:54+00:00,4.6991550925925925,0.0,4.6991550925925925,,,1,1,110,0,110,0,0,0,0,0,0,0,0,1,0,0,0,0
modeled-information-format/MIF:.github/workflows/daily-docs-review.md,modeled-information-format/MIF,.github/workflows/daily-docs-review.md,modeled-information-format__MIF__3e708178df10/history.json,2,1,0,2026-02-23T04:45:37+00:00,2026-06-29T22:27:30+00:00,2026-08-04T12:42:55+00:00,162.33145833333333,126.73741898148148,35.594039351851855,126.73741898148148,126.73741898148148,2,2,69,3,72,4,3,7,1,0,0,0,0,2,0,0,1,0
moeru-ai/airi:.github/workflows/pr-triage.md,moeru-ai/airi,.github/workflows/pr-triage.md,moeru-ai__airi__353973e12280/history.json,4,3,0,2026-04-04T19:11:13+00:00,2026-04-13T08:24:15+00:00,2026-08-04T12:42:57+00:00,121.73037037037037,8.550717592592592,113.17965277777778,1.708275462962963,5.910995370370371,4,1,225,11,236,26,11,37,1,1,1,0,0,4,0,0,3,0
mono/SkiaSharp-API-docs:.github/workflows/auto-api-docs-writer.md,mono/SkiaSharp-API-docs,.github/workflows/auto-api-docs-writer.md,mono__SkiaSharp-API-docs__c8a7212d3dc5/history.json,4,3,0,2026-05-20T21:17:48+00:00,2026-06-30T12:41:32+00:00,2026-08-04T12:42:57+00:00,75.64246527777777,40.641481481481485,35.000983796296296,6.804131944444444,0.9384606481481481,4,2,397,124,521,175,124,299,1,0,2,0,0,4,0,0,3,0
mono/SkiaSharp:.github/workflows/auto-skia-sync.md,mono/SkiaSharp,.github/workflows/auto-skia-sync.md,mono__SkiaSharp__9229af25e2d4/history.json,10,9,0,2026-05-08T19:55:22+00:00,2026-07-02T10:48:37+00:00,2026-08-04T12:42:59+00:00,87.6997337962963,54.6203125,33.079421296296296,2.7971064814814817,3.0613194444444445,8,3,492,174,666,247,174,421,3,1,5,0,0,10,0,0,9,0
mono/SkiaSharp:.github/workflows/auto-triage.md,mono/SkiaSharp,.github/workflows/auto-triage.md,mono__SkiaSharp__5f8eb3688707/history.json,9,8,0,2026-04-21T00:24:36+00:00,2026-07-07T20:39:41+00:00,2026-08-04T12:42:58+00:00,105.51275462962963,77.84380787037037,27.66894675925926,1.498888888888889,0.013310185185185185,5,4,160,25,185,74,25,99,2,2,4,0,0,9,0,0,8,0
mono/SkiaSharp:.github/workflows/memory-leak-fixer.md,mono/SkiaSharp,.github/workflows/memory-leak-fixer.md,mono__SkiaSharp__1ed8986413a5/history.json,4,3,0,2026-07-06T23:02:53+00:00,2026-07-12T18:47:44+00:00,2026-08-04T12:42:57+00:00,28.56949074074074,5.8228125,22.746678240740742,0.7577662037037037,0.7577662037037037,3,1,243,18,261,35,18,53,1,0,2,0,0,4,0,0,3,0
mono/SkiaSharp:.github/workflows/performance-fixer.md,mono/SkiaSharp,.github/workflows/performance-fixer.md,mono__SkiaSharp__c0c3a2453ca4/history.json,2,1,0,2026-07-08T07:49:14+00:00,2026-07-12T18:47:44+00:00,2026-08-04T12:42:56+00:00,27.203958333333333,4.457291666666666,22.746666666666666,4.457291666666666,4.457291666666666,2,1,259,4,263,4,4,8,1,0,0,0,0,2,0,0,1,0
mono/SkiaSharp:.github/workflows/update-release-notes.md,mono/SkiaSharp,.github/workflows/update-release-notes.md,mono__SkiaSharp__1f0d2a44bd8e/history.json,21,20,0,2026-04-28T02:39:23+00:00,2026-07-13T22:16:53+00:00,2026-08-04T12:43:06+00:00,98.41924768518518,76.81770833333333,21.60153935185185,1.2926041666666666,0.4374652777777778,15,4,639,300,939,525,300,825,10,3,7,0,0,21,0,0,20,0
natnew/Awesome-Data-Science:.github/workflows/issue-triage-agent.md,natnew/Awesome-Data-Science,.github/workflows/issue-triage-agent.md,natnew__Awesome-Data-Science__7e33fc5b6d44/history.json,3,2,0,2026-02-18T09:37:05+00:00,2026-02-18T10:05:18+00:00,2026-08-04T12:42:57+00:00,167.12907407407408,0.019594907407407408,167.10947916666666,0.009797453703703704,0.008032407407407408,1,1,114,78,192,23,78,101,1,0,1,0,0,2,1,0,1,1
natnew/Awesome-Prompt-Engineering:.github/workflows/issue-triage-agent.md,natnew/Awesome-Prompt-Engineering,.github/workflows/issue-triage-agent.md,natnew__Awesome-Prompt-Engineering__5c69acaa9d68/history.json,5,4,0,2026-02-16T11:02:57+00:00,2026-02-16T17:33:24+00:00,2026-08-04T12:42:58+00:00,169.0694560185185,0.2711458333333333,168.7983101851852,0.02336226851851852,0.21957175925925926,1,1,238,108,346,144,108,252,1,0,3,0,0,4,1,0,4,0
navikt/copilot:.github/workflows/news-excerpts.md,navikt/copilot,.github/workflows/news-excerpts.md,navikt__copilot__bbeb4e863718/history.json,8,7,0,2026-03-09T07:45:02+00:00,2026-05-08T20:58:34+00:00,2026-08-04T12:42:59+00:00,148.20690972222224,60.551064814814815,87.65584490740741,3.2105092592592595,0.0071875,5,3,197,16,213,132,16,148,3,3,1,0,0,7,1,0,6,1
neurodesk/neurodesktop:.github/workflows/issue-investigator-review.md,neurodesk/neurodesktop,.github/workflows/issue-investigator-review.md,neurodesk__neurodesktop__199826c1da8a/history.json,3,2,0,2026-07-28T06:35:34+00:00,2026-07-31T16:23:08+00:00,2026-08-04T12:42:58+00:00,7.255138888888889,3.4080324074074073,3.8471064814814815,1.7040162037037037,0.7353587962962963,3,1,146,1,147,2,1,3,2,0,0,0,0,3,0,0,2,0
neurodesk/neurodesktop:.github/workflows/issue-investigator.md,neurodesk/neurodesktop,.github/workflows/issue-investigator.md,neurodesk__neurodesktop__172b9ac05870/history.json,13,12,0,2026-06-22T19:14:55+00:00,2026-08-04T01:39:26+00:00,2026-08-04T12:43:02+00:00,42.727858796296296,42.26702546296296,0.4608333333333333,2.5124305555555555,7.032013888888889,11,3,171,8,179,56,8,64,10,1,1,0,0,13,0,0,12,0
neurodesk/neurodesktop:.github/workflows/maintenance-abstraction-police.md,neurodesk/neurodesktop,.github/workflows/maintenance-abstraction-police.md,neurodesk__neurodesktop__ea6f997f2838/history.json,3,2,0,2026-07-28T06:33:19+00:00,2026-08-04T01:39:26+00:00,2026-08-04T12:42:58+00:00,7.256701388888889,6.795914351851851,0.46078703703703705,3.397957175925926,0.7369212962962963,3,2,61,2,63,4,2,6,2,0,0,0,0,3,0,0,2,0
neurodesk/neurodesktop:.github/workflows/maintenance-dead-code.md,neurodesk/neurodesktop,.github/workflows/maintenance-dead-code.md,neurodesk__neurodesktop__7e42d816690a/history.json,3,2,0,2026-07-28T06:33:19+00:00,2026-08-04T01:39:26+00:00,2026-08-04T12:42:59+00:00,7.256712962962963,6.795914351851851,0.4607986111111111,3.397957175925926,0.7369212962962963,3,2,62,2,64,4,2,6,2,0,0,0,0,3,0,0,2,0
neurodesk/neurodesktop:.github/workflows/maintenance-docs-drift.md,neurodesk/neurodesktop,.github/workflows/maintenance-docs-drift.md,neurodesk__neurodesktop__187b41ebe1bb/history.json,3,2,0,2026-07-28T06:33:19+00:00,2026-08-03T20:56:33+00:00,2026-08-04T12:42:59+00:00,7.256712962962963,6.5994675925925925,0.6572453703703703,3.2997337962962963,0.7369212962962963,3,2,62,2,64,4,2,6,2,0,0,0,0,3,0,0,2,0
neurodesk/neurodesktop:.github/workflows/maintenance-flaky-tests.md,neurodesk/neurodesktop,.github/workflows/maintenance-flaky-tests.md,neurodesk__neurodesktop__218409c90916/history.json,3,2,0,2026-07-28T06:33:19+00:00,2026-08-04T01:39:26+00:00,2026-08-04T12:42:59+00:00,7.256712962962963,6.795914351851851,0.4607986111111111,3.397957175925926,0.7369212962962963,3,2,61,2,63,4,2,6,2,0,0,0,0,3,0,0,2,0
neurodesk/neurodesktop:.github/workflows/maintenance-review.md,neurodesk/neurodesktop,.github/workflows/maintenance-review.md,neurodesk__neurodesktop__42a72db7d232/history.json,4,3,0,2026-07-28T06:33:19+00:00,2026-07-31T16:23:08+00:00,2026-08-04T12:43:01+00:00,7.2567361111111115,3.4095949074074072,3.847141203703704,0.7369212962962963,0.7369212962962963,3,1,158,4,162,5,4,9,2,1,0,0,0,4,0,0,3,0
neurodesk/neurodesktop:.github/workflows/maintenance-test-coverage.md,neurodesk/neurodesktop,.github/workflows/maintenance-test-coverage.md,neurodesk__neurodesktop__4a8ccb74d089/history.json,3,2,0,2026-07-28T06:33:19+00:00,2026-08-04T01:39:26+00:00,2026-08-04T12:43:00+00:00,7.256724537037037,6.795914351851851,0.4608101851851852,3.397957175925926,0.7369212962962963,3,2,61,2,63,4,2,6,2,0,0,0,0,3,0,0,2,0
neurodesk/neurodesktop:.github/workflows/maintenance-test-pruning.md,neurodesk/neurodesktop,.github/workflows/maintenance-test-pruning.md,neurodesk__neurodesktop__f5c11d8ab024/history.json,3,2,0,2026-07-28T06:33:19+00:00,2026-08-04T01:39:26+00:00,2026-08-04T12:43:00+00:00,7.256724537037037,6.795914351851851,0.4608101851851852,3.397957175925926,0.7369212962962963,3,2,63,2,65,4,2,6,2,0,0,0,0,3,0,0,2,0
neurodesk/neurodesktop:.github/workflows/maintenance-updates.md,neurodesk/neurodesktop,.github/workflows/maintenance-updates.md,neurodesk__neurodesktop__04b016f301b9/history.json,3,2,0,2026-07-28T06:33:19+00:00,2026-08-04T01:39:26+00:00,2026-08-04T12:43:00+00:00,7.256724537037037,6.795914351851851,0.4608101851851852,3.397957175925926,0.7369212962962963,3,2,62,2,64,4,2,6,2,0,0,0,0,3,0,0,2,0
neurodesk/neurodesktop:.github/workflows/package-update-radar.md,neurodesk/neurodesktop,.github/workflows/package-update-radar.md,neurodesk__neurodesktop__cf132f83fe01/history.json,3,2,0,2026-07-29T00:14:29+00:00,2026-08-04T01:39:26+00:00,2026-08-04T12:43:01+00:00,6.519814814814815,6.058993055555556,0.4608217592592593,3.029496527777778,3.089490740740741,3,2,203,7,210,35,7,42,0,1,1,0,0,3,0,0,2,0
neverinfamous/db-mcp:.github/workflows/ci-health-monitor.md,neverinfamous/db-mcp,.github/workflows/ci-health-monitor.md,neverinfamous__db-mcp__241fbc512dab/history.json,3,2,0,2026-05-29T21:08:00+00:00,2026-06-06T09:21:27+00:00,2026-08-04T12:43:03+00:00,66.64934027777778,7.509340277777778,59.14,3.754670138888889,4.269733796296296,3,2,101,7,108,13,7,20,1,0,1,0,0,3,0,0,2,0
neverinfamous/db-mcp:.github/workflows/docs-drift-detector.md,neverinfamous/db-mcp,.github/workflows/docs-drift-detector.md,neverinfamous__db-mcp__453b8a7b7d37/history.json,2,1,0,2026-05-29T21:08:00+00:00,2026-06-03T03:36:25+00:00,2026-08-04T12:43:02+00:00,66.6493287037037,4.269733796296296,62.37959490740741,4.269733796296296,4.269733796296296,2,2,126,6,132,6,6,12,0,0,1,0,0,2,0,0,1,0
neverinfamous/db-mcp:.github/workflows/wiki-drift-detector.md,neverinfamous/db-mcp,.github/workflows/wiki-drift-detector.md,neverinfamous__db-mcp__e79c41652327/history.json,1,0,1,2026-06-03T03:36:25+00:00,2026-06-03T03:36:25+00:00,2026-08-04T12:43:01+00:00,62.379583333333336,0.0,62.379583333333336,,,1,1,100,0,100,0,0,0,0,0,0,0,0,1,0,0,0,0
neverinfamous/memory-journal-mcp:.github/workflows/ci-health-monitor.md,neverinfamous/memory-journal-mcp,.github/workflows/ci-health-monitor.md,neverinfamous__memory-journal-mcp__11ad8f4340c7/history.json,3,2,0,2026-03-12T12:39:35+00:00,2026-04-11T01:45:17+00:00,2026-08-04T12:43:03+00:00,145.00240740740742,29.545625,115.4567824074074,14.772812499999999,1.9153935185185185,3,2,91,3,94,4,3,7,2,0,0,0,0,3,0,0,2,0
neverinfamous/memory-journal-mcp:.github/workflows/docs-drift-detector.md,neverinfamous/memory-journal-mcp,.github/workflows/docs-drift-detector.md,neverinfamous__memory-journal-mcp__8fe029d65644/history.json,6,5,0,2026-03-12T12:39:35+00:00,2026-05-31T22:00:58+00:00,2026-08-04T12:43:06+00:00,145.00244212962963,80.38984953703704,64.61259259259259,1.104837962962963,0.12275462962962963,5,3,121,5,126,6,5,11,2,3,0,0,0,6,0,0,5,0
neverinfamous/memory-journal-mcp:.github/workflows/wiki-drift-detector.md,neverinfamous/memory-journal-mcp,.github/workflows/wiki-drift-detector.md,neverinfamous__memory-journal-mcp__26e6928116d5/history.json,2,1,0,2026-03-23T20:49:27+00:00,2026-04-11T01:45:17+00:00,2026-08-04T12:43:03+00:00,133.66222222222223,18.205439814814813,115.4567824074074,18.205439814814813,18.205439814814813,2,2,95,0,95,1,0,1,1,0,0,0,0,2,0,0,1,0
neverinfamous/postgres-mcp:.github/workflows/docs-drift-detector.md,neverinfamous/postgres-mcp,.github/workflows/docs-drift-detector.md,neverinfamous__postgres-mcp__2ad01b705c48/history.json,1,0,1,2026-04-05T04:05:27+00:00,2026-04-05T04:05:27+00:00,2026-08-04T12:43:03+00:00,121.35944444444445,0.0,121.35944444444445,,,1,1,116,0,116,0,0,0,0,0,0,0,0,1,0,0,0,0
neverinfamous/postgres-mcp:.github/workflows/wiki-drift-detector.md,neverinfamous/postgres-mcp,.github/workflows/wiki-drift-detector.md,neverinfamous__postgres-mcp__85d10a756a40/history.json,1,0,1,2026-04-05T04:05:27+00:00,2026-04-05T04:05:27+00:00,2026-08-04T12:43:03+00:00,121.35944444444445,0.0,121.35944444444445,,,1,1,94,0,94,0,0,0,0,0,0,0,0,1,0,0,0,0
NikiforovAll/claude-code-rules:.github/workflows/handbookbot-audit.md,NikiforovAll/claude-code-rules,.github/workflows/handbookbot-audit.md,NikiforovAll__claude-code-rules__ff1a25a88dca/history.json,2,1,0,2026-03-30T12:38:03+00:00,2026-03-30T12:55:45+00:00,2026-08-04T12:43:03+00:00,127.00347222222223,0.012291666666666666,126.99118055555556,0.012291666666666666,0.012291666666666666,1,1,123,2,125,2,2,4,1,0,0,0,0,2,0,0,1,0
NikiforovAll/claude-code-rules:.github/workflows/handbookbot.md,NikiforovAll/claude-code-rules,.github/workflows/handbookbot.md,NikiforovAll__claude-code-rules__881e714ec363/history.json,2,1,0,2026-03-30T12:50:33+00:00,2026-05-02T16:08:14+00:00,2026-08-04T12:43:04+00:00,126.99480324074074,33.13728009259259,93.85752314814815,33.13728009259259,33.13728009259259,2,2,249,1,250,1,1,2,1,0,0,0,0,2,0,0,1,0
NikiforovAll/keycloak-authorization-services-dotnet:.github/workflows/keybot.md,NikiforovAll/keycloak-authorization-services-dotnet,.github/workflows/keybot.md,NikiforovAll__keycloak-authorization-services-dotnet__24aab09771e0/history.json,5,4,0,2026-03-29T13:12:27+00:00,2026-05-02T16:09:19+00:00,2026-08-04T12:43:05+00:00,127.97960648148148,34.122824074074074,93.85678240740741,7.341990740740741,0.018958333333333334,3,3,387,7,394,24,7,31,3,0,1,0,0,5,0,0,4,0
oboapp/oboapp:.github/workflows/ci-failure-fix.md,oboapp/oboapp,.github/workflows/ci-failure-fix.md,oboapp__oboapp__7e32cd416e77/history.json,1,0,1,2026-04-17T16:13:54+00:00,2026-04-17T16:13:54+00:00,2026-08-04T12:43:04+00:00,108.85358796296296,0.0,108.85358796296296,,,1,1,63,0,63,0,0,0,0,0,0,0,0,0,1,0,0,0
ohcnetwork/care_fe:.github/workflows/daily-playwright-improver.md,ohcnetwork/care_fe,.github/workflows/daily-playwright-improver.md,ohcnetwork__care_fe__2050f1894117/history.json,2,1,0,2026-02-07T22:12:14+00:00,2026-07-08T11:36:16+00:00,2026-08-04T12:43:04+00:00,177.60474537037038,150.55835648148147,27.046388888888888,150.55835648148147,150.55835648148147,2,2,165,0,165,6,0,6,1,0,0,0,0,1,1,0,0,1
ohcnetwork/care_fe:.github/workflows/grumpy-reviewer.md,ohcnetwork/care_fe,.github/workflows/grumpy-reviewer.md,ohcnetwork__care_fe__2ac72e010b17/history.json,2,1,0,2026-07-31T14:14:19+00:00,2026-07-31T16:19:17+00:00,2026-08-04T12:43:04+00:00,3.9366319444444446,0.0867824074074074,3.849849537037037,0.0867824074074074,0.0867824074074074,1,1,91,4,95,0,4,4,1,0,0,0,0,2,0,0,1,0
ohcnetwork/care_fe:.github/workflows/thank-you-note.md,ohcnetwork/care_fe,.github/workflows/thank-you-note.md,ohcnetwork__care_fe__5b3b3cf617ed/history.json,2,1,0,2026-02-07T22:32:19+00:00,2026-02-07T23:13:38+00:00,2026-08-04T12:43:05+00:00,177.59081018518518,0.02869212962962963,177.56211805555554,0.02869212962962963,0.02869212962962963,1,1,206,130,336,24,130,154,0,1,0,0,0,2,0,0,1,0
ok-oldking/ok-wuthering-waves:.github/workflows/issue-triage.md,ok-oldking/ok-wuthering-waves,.github/workflows/issue-triage.md,ok-oldking__ok-wuthering-waves__7f580efedecc/history.json,5,4,0,2026-08-02T14:43:56+00:00,2026-08-03T04:19:51+00:00,2026-08-04T12:43:06+00:00,1.916087962962963,0.5666087962962963,1.3494791666666666,0.0996412037037037,0.09949074074074074,2,1,201,9,210,76,9,85,1,1,2,0,0,5,0,0,4,0
OP5dev/TF-via-PR:.github/workflows/docs-updater.md,OP5dev/TF-via-PR,.github/workflows/docs-updater.md,OP5dev__TF-via-PR__b4a6a629c262/history.json,1,0,1,2026-05-31T01:51:38+00:00,2026-05-31T01:51:38+00:00,2026-08-04T12:43:05+00:00,65.45239583333333,0.0,65.45239583333333,,,1,1,109,0,109,0,0,0,0,0,0,0,0,0,1,0,0,0
open-feature/dotnet-sdk-contrib:.github/workflows/issue-triage.md,open-feature/dotnet-sdk-contrib,.github/workflows/issue-triage.md,open-feature__dotnet-sdk-contrib__9232fc690013/history.json,2,1,0,2026-06-19T17:25:02+00:00,2026-06-20T07:54:56+00:00,2026-08-04T12:43:05+00:00,45.80420138888889,0.6040972222222222,45.20010416666667,0.6040972222222222,0.6040972222222222,2,1,176,1,177,3,1,4,1,0,0,0,0,2,0,0,1,0
open-telemetry/opentelemetry-java-instrumentation:.github/workflows/module-cleanup.md,open-telemetry/opentelemetry-java-instrumentation,.github/workflows/module-cleanup.md,open-telemetry__opentelemetry-java-instrumentation__416bf576e998/history.json,15,14,0,2026-05-08T03:15:59+00:00,2026-07-30T20:13:19+00:00,2026-08-04T12:43:10+00:00,88.39387731481482,83.70648148148148,4.687395833333333,0.6822627314814815,0.12303240740740741,9,2,337,87,424,109,87,196,9,1,4,0,0,15,0,0,14,0
open-telemetry/opentelemetry-java-instrumentation:.github/workflows/pr-review.md,open-telemetry/opentelemetry-java-instrumentation,.github/workflows/pr-review.md,open-telemetry__opentelemetry-java-instrumentation__301d98638d02/history.json,12,11,0,2026-05-08T06:12:42+00:00,2026-07-22T21:14:55+00:00,2026-08-04T12:43:10+00:00,88.2711574074074,75.62653935185185,12.644618055555556,0.5333101851851851,0.5333101851851851,7,2,292,46,338,62,46,108,9,1,1,0,0,10,0,0,9,0
OpenMS/OpenMS:.github/workflows/changelog-sync.md,OpenMS/OpenMS,.github/workflows/changelog-sync.md,OpenMS__OpenMS__baca7fa382fe/history.json,1,0,1,2026-03-16T14:33:14+00:00,2026-03-16T14:33:14+00:00,2026-08-04T12:43:05+00:00,140.92350694444445,0.0,140.92350694444445,,,1,1,100,0,100,0,0,0,0,0,0,0,0,0,1,0,0,0
OpenMS/OpenMS:.github/workflows/doc-sync.md,OpenMS/OpenMS,.github/workflows/doc-sync.md,OpenMS__OpenMS__0e0dadd03ea8/history.json,4,3,0,2026-03-04T10:15:43+00:00,2026-03-09T12:06:12+00:00,2026-08-04T12:43:07+00:00,153.10236111111112,5.076724537037037,148.02563657407407,1.9035532407407407,1.9035532407407407,3,1,104,2,106,3,2,5,2,1,0,0,0,1,3,0,1,2
openvinotoolkit/openvino.genai:.github/workflows/ci-doctor.md,openvinotoolkit/openvino.genai,.github/workflows/ci-doctor.md,openvinotoolkit__openvino.genai__3f8e9fdbfc85/history.json,10,9,0,2026-02-25T14:55:17+00:00,2026-07-22T13:59:22+00:00,2026-08-04T12:43:10+00:00,159.9082523148148,146.96116898148148,12.947083333333333,7.294178240740741,21.83565972222222,9,4,538,325,863,320,325,645,4,3,2,0,0,10,0,0,9,0
openvinotoolkit/openvino:.github/workflows/ci-doctor-mq.md,openvinotoolkit/openvino,.github/workflows/ci-doctor-mq.md,openvinotoolkit__openvino__9e894d91b3c8/history.json,18,17,0,2026-05-19T13:49:39+00:00,2026-07-30T10:32:34+00:00,2026-08-04T12:43:13+00:00,76.95386574074074,71.86313657407408,5.090729166666667,2.8913657407407407,16.924363425925925,18,3,1220,443,1663,458,443,901,6,2,9,0,0,18,0,0,17,0
openvinotoolkit/openvino:.github/workflows/ci-doctor.md,openvinotoolkit/openvino,.github/workflows/ci-doctor.md,openvinotoolkit__openvino__a93debb947aa/history.json,8,7,0,2026-04-20T10:39:52+00:00,2026-07-30T10:32:34+00:00,2026-08-04T12:43:09+00:00,106.08561342592593,100.99493055555556,5.090682870370371,9.050034722222222,7.111284722222222,8,3,429,195,624,166,195,361,4,0,3,0,0,8,0,0,7,0
opsmill/infrahub:.github/workflows/bug-agent-analyst.md,opsmill/infrahub,.github/workflows/bug-agent-analyst.md,opsmill__infrahub__17705f5020ed/history.json,13,12,0,2026-05-05T13:51:35+00:00,2026-06-03T08:01:44+00:00,2026-08-04T12:43:11+00:00,90.9525,28.75704861111111,62.19545138888889,0.03450231481481481,0.0,5,2,160,6,166,159,6,165,11,1,0,0,0,9,4,0,8,4
opsmill/infrahub:.github/workflows/bug-agent-fix.md,opsmill/infrahub,.github/workflows/bug-agent-fix.md,opsmill__infrahub__762ce51efe88/history.json,23,22,0,2026-05-05T13:51:35+00:00,2026-07-26T08:58:41+00:00,2026-08-04T12:43:14+00:00,90.95253472222223,81.79659722222222,9.1559375,0.02837962962962963,0.0,10,3,331,30,361,330,30,360,16,3,3,0,0,15,8,0,14,8
opsmill/infrahub:.github/workflows/bug-agent-review.md,opsmill/infrahub,.github/workflows/bug-agent-review.md,opsmill__infrahub__f6a02c14ab3f/history.json,16,15,0,2026-05-05T13:51:35+00:00,2026-07-16T17:05:58+00:00,2026-08-04T12:43:12+00:00,90.95251157407408,72.13498842592593,18.817523148148148,0.06490740740740741,0.0,6,3,119,56,175,118,56,174,14,0,1,0,0,10,6,0,9,6
opsmill/infrahub:.github/workflows/bug-agent-test.md,opsmill/infrahub,.github/workflows/bug-agent-test.md,opsmill__infrahub__2edaea82f00c/history.json,22,21,0,2026-05-05T13:51:35+00:00,2026-07-16T17:05:58+00:00,2026-08-04T12:43:14+00:00,90.95253472222223,72.13498842592593,18.817546296296296,0.008356481481481482,0.0,8,3,225,67,292,224,67,291,18,1,2,0,0,15,7,0,14,7
OtterMind/Chat2DB:.github/workflows/ai-issue-assistant.md,OtterMind/Chat2DB,.github/workflows/ai-issue-assistant.md,OtterMind__Chat2DB__f58074692f0a/history.json,3,2,0,2026-07-21T13:14:30+00:00,2026-07-23T09:56:09+00:00,2026-08-04T12:43:11+00:00,13.978252314814815,1.8622569444444443,12.11599537037037,0.9311284722222222,1.5498148148148148,2,1,155,3,158,24,3,27,1,0,1,0,0,3,0,0,2,0
OtterMind/Chat2DB:.github/workflows/ai-pr-reviewer.md,OtterMind/Chat2DB,.github/workflows/ai-pr-reviewer.md,OtterMind__Chat2DB__fea3fb24f757/history.json,2,1,0,2026-07-21T13:14:30+00:00,2026-07-23T09:56:09+00:00,2026-08-04T12:43:11+00:00,13.978252314814815,1.8622569444444443,12.11599537037037,1.8622569444444443,1.8622569444444443,2,1,148,0,148,1,0,1,1,0,0,0,0,2,0,0,1,0
Philess/gh-copilot-demo:.github/workflows/triage_issues.md,Philess/gh-copilot-demo,.github/workflows/triage_issues.md,Philess__gh-copilot-demo__d50649892ee7/history.json,1,0,1,2026-03-03T10:26:32+00:00,2026-03-03T10:26:32+00:00,2026-08-04T12:43:11+00:00,154.09489583333334,0.0,154.09489583333334,,,1,1,31,0,31,0,0,0,0,0,0,0,0,1,0,0,0,0
plengauer/Thoth:.github/workflows/autoapprove.md,plengauer/Thoth,.github/workflows/autoapprove.md,plengauer__Thoth__d53112d55da4/history.json,7,6,0,2026-02-16T16:23:39+00:00,2026-03-19T18:03:22+00:00,2026-08-04T12:43:13+00:00,168.8469212962963,31.069247685185186,137.7776736111111,2.0241550925925926,0.7616898148148148,6,2,132,19,151,28,19,47,3,2,1,0,0,6,1,0,6,0
plengauer/Thoth:.github/workflows/autofix.md,plengauer/Thoth,.github/workflows/autofix.md,plengauer__Thoth__a773ad57cf15/history.json,3,2,0,2026-03-29T22:50:51+00:00,2026-07-05T07:58:49+00:00,2026-08-04T12:43:12+00:00,127.57802083333333,97.3805324074074,30.197488425925926,48.6902662037037,28.72335648148148,3,3,7,6,13,1,4,5,2,0,0,0,0,2,1,0,1,1
plengauer/Thoth:.github/workflows/autotriage.md,plengauer/Thoth,.github/workflows/autotriage.md,plengauer__Thoth__3721d64d60b0/history.json,2,1,0,2026-03-09T16:09:45+00:00,2026-07-05T07:58:49+00:00,2026-08-04T12:43:12+00:00,147.8565625,117.65907407407407,30.197488425925926,117.65907407407407,117.65907407407407,2,2,2,5,7,0,3,3,1,0,0,0,0,0,2,0,0,1
plengauer/Thoth:.github/workflows/monitor_changelog.md,plengauer/Thoth,.github/workflows/monitor_changelog.md,plengauer__Thoth__6de1152def47/history.json,4,3,0,2026-05-14T08:01:37+00:00,2026-07-05T07:58:49+00:00,2026-08-04T12:43:13+00:00,82.19555555555556,51.99805555555555,30.1975,18.123136574074074,18.123136574074074,3,3,77,5,82,6,5,11,3,0,0,0,0,2,2,0,2,1
pockebot/openpocket:.github/workflows/issue-fix.md,pockebot/openpocket,.github/workflows/issue-fix.md,pockebot__openpocket__3d373c24d938/history.json,2,1,0,2026-02-23T01:29:41+00:00,2026-02-23T01:53:40+00:00,2026-08-04T12:43:12+00:00,162.4677199074074,0.016655092592592593,162.45106481481483,0.016655092592592593,0.016655092592592593,1,1,62,18,80,12,18,30,0,0,1,0,0,2,0,0,1,0
pockebot/openpocket:.github/workflows/issue-plan.md,pockebot/openpocket,.github/workflows/issue-plan.md,pockebot__openpocket__ced4a2b41be1/history.json,1,0,1,2026-02-23T01:29:41+00:00,2026-02-23T01:29:41+00:00,2026-08-04T12:43:12+00:00,162.4677199074074,0.0,162.4677199074074,,,1,1,47,0,47,0,0,0,0,0,0,0,0,1,0,0,0,0
prasadhonrao/ghcp-cli-cheatsheet:.github/workflows/cheatsheet-updater.md,prasadhonrao/ghcp-cli-cheatsheet,.github/workflows/cheatsheet-updater.md,prasadhonrao__ghcp-cli-cheatsheet__d1c5e9b53dfb/history.json,5,4,0,2026-05-20T20:08:34+00:00,2026-05-27T07:39:19+00:00,2026-08-04T12:43:15+00:00,75.69075231481482,6.4796875,69.21106481481482,0.2204861111111111,0.062060185185185184,3,1,155,9,164,38,9,47,1,3,0,0,0,5,0,0,4,0
prasadhonrao/ghcp-cli-cheatsheet:.github/workflows/traffic-updater.md,prasadhonrao/ghcp-cli-cheatsheet,.github/workflows/traffic-updater.md,prasadhonrao__ghcp-cli-cheatsheet__19360927edfa/history.json,4,3,0,2026-05-27T08:27:45+00:00,2026-05-27T09:29:35+00:00,2026-08-04T12:43:14+00:00,69.17741898148148,0.04293981481481481,69.13447916666667,0.009907407407407408,0.028425925925925927,1,1,104,1,105,3,1,4,3,0,0,0,0,4,0,0,3,0
primer/css:.github/workflows/issue-triage.md,primer/css,.github/workflows/issue-triage.md,primer__css__a5b4de77e097/history.json,1,0,1,2026-07-24T18:54:45+00:00,2026-07-24T18:54:45+00:00,2026-08-04T12:43:14+00:00,10.742002314814815,0.0,10.742002314814815,,,1,1,67,0,67,0,0,0,0,0,0,0,0,1,0,0,0,0
primer/eslint-plugin-primer-react:.github/workflows/issue-triage.md,primer/eslint-plugin-primer-react,.github/workflows/issue-triage.md,primer__eslint-plugin-primer-react__d2c1ca597bdb/history.json,1,0,1,2026-07-27T08:10:21+00:00,2026-07-27T08:10:21+00:00,2026-08-04T12:43:13+00:00,8.189490740740741,0.0,8.189490740740741,,,1,1,69,0,69,0,0,0,0,0,0,0,0,1,0,0,0,0
primer/react:.github/workflows/issue-triage.md,primer/react,.github/workflows/issue-triage.md,primer__react__42528244c742/history.json,1,0,1,2026-07-24T19:03:37+00:00,2026-07-24T19:03:37+00:00,2026-08-04T12:43:14+00:00,10.735844907407408,0.0,10.735844907407408,,,1,1,69,0,69,0,0,0,0,0,0,0,0,1,0,0,0,0
prowler-cloud/prowler:.github/workflows/issue-triage.md,prowler-cloud/prowler,.github/workflows/issue-triage.md,prowler-cloud__prowler__2ba6a0042cf3/history.json,3,2,0,2026-02-23T15:09:35+00:00,2026-07-10T07:00:40+00:00,2026-08-04T12:43:15+00:00,161.89837962962963,136.66047453703703,25.23790509259259,68.33023726851852,134.94186342592593,3,2,124,3,127,9,3,12,1,0,1,0,0,2,0,0,1,0
pulumi-labs/gh-aw-internal:.github/workflows/gh-aw-pr-rereview.md,pulumi-labs/gh-aw-internal,.github/workflows/gh-aw-pr-rereview.md,pulumi-labs__gh-aw-internal__e54710be17b0/history.json,4,3,0,2026-03-04T19:02:43+00:00,2026-05-28T15:56:48+00:00,2026-08-04T12:43:16+00:00,152.73649305555554,84.8708912037037,67.86560185185185,6.136018518518519,1.6721296296296295,4,2,96,74,170,10,74,84,0,1,2,0,0,4,0,0,3,0
pulumi-labs/gh-aw-internal:.github/workflows/gh-aw-pr-review.md,pulumi-labs/gh-aw-internal,.github/workflows/gh-aw-pr-review.md,pulumi-labs__gh-aw-internal__556ef3bad454/history.json,5,4,0,2026-03-04T19:02:43+00:00,2026-05-28T15:56:48+00:00,2026-08-04T12:43:16+00:00,152.73649305555554,84.8708912037037,67.86560185185185,14.593310185185185,0.7534259259259259,5,3,101,76,177,12,76,88,1,2,1,0,0,5,0,0,4,0
pulumi/pulumi-kubernetes-operator:.github/workflows/kubernetes-operator-pr-rereview.md,pulumi/pulumi-kubernetes-operator,.github/workflows/kubernetes-operator-pr-rereview.md,pulumi__pulumi-kubernetes-operator__25e3eeabf9a0/history.json,5,4,0,2026-03-12T20:39:59+00:00,2026-07-07T15:40:58+00:00,2026-08-04T12:43:16+00:00,144.66894675925926,116.79234953703704,27.876597222222223,19.33802662037037,75.93409722222222,5,4,49,26,75,30,26,56,1,0,3,0,0,3,2,0,3,1
pulumi/pulumi-kubernetes-operator:.github/workflows/kubernetes-operator-pr-review.md,pulumi/pulumi-kubernetes-operator,.github/workflows/kubernetes-operator-pr-review.md,pulumi__pulumi-kubernetes-operator__2b0eb91e3b40/history.json,5,4,0,2026-03-12T20:39:59+00:00,2026-07-07T15:40:58+00:00,2026-08-04T12:43:16+00:00,144.66894675925926,116.79234953703704,27.876597222222223,19.33802662037037,75.93409722222222,5,4,54,28,82,30,28,58,1,0,3,0,0,3,2,0,3,1
pydantic/genai-prices:.github/workflows/agentic-price-check-google-mistral.md,pydantic/genai-prices,.github/workflows/agentic-price-check-google-mistral.md,pydantic__genai-prices__481508a80f03/history.json,6,5,0,2026-07-22T04:30:58+00:00,2026-07-31T03:47:45+00:00,2026-08-04T12:43:17+00:00,13.341886574074074,8.969988425925926,4.371898148148148,0.11914351851851852,0.012939814814814815,2,1,182,6,188,31,6,37,4,1,0,0,0,1,5,0,1,4
pydantic/genai-prices:.github/workflows/agentic-price-check-openai-anthropic.md,pydantic/genai-prices,.github/workflows/agentic-price-check-openai-anthropic.md,pydantic__genai-prices__d5ec9b8df29b/history.json,6,5,0,2026-07-22T04:30:58+00:00,2026-07-31T03:47:45+00:00,2026-08-04T12:43:17+00:00,13.341886574074074,8.969988425925926,4.371898148148148,0.11914351851851852,0.012939814814814815,2,1,201,11,212,38,11,49,4,1,0,0,0,1,5,0,1,4
pydantic/pydantic-ai:.github/workflows/pydantic-ai-attention-triage.md,pydantic/pydantic-ai,.github/workflows/pydantic-ai-attention-triage.md,pydantic__pydantic-ai__1aca1ae8e17b/history.json,4,3,0,2026-07-21T11:43:15+00:00,2026-08-02T04:23:07+00:00,2026-08-04T12:43:17+00:00,14.041689814814815,11.694351851851852,2.347337962962963,2.9075462962962964,6.707361111111111,4,2,163,14,177,24,14,38,2,0,1,0,0,4,0,0,3,0
pydantic/pydantic-ai:.github/workflows/pydantic-ai-bug-hunter.md,pydantic/pydantic-ai,.github/workflows/pydantic-ai-bug-hunter.md,pydantic__pydantic-ai__2a35924287f8/history.json,6,5,0,2026-05-22T21:20:41+00:00,2026-08-02T04:23:07+00:00,2026-08-04T12:43:18+00:00,73.64070601851851,71.29335648148148,2.347349537037037,3.0716087962962964,3.0716087962962964,6,3,141,66,207,18,66,84,5,0,0,0,0,6,0,0,5,0
pydantic/pydantic-ai:.github/workflows/pydantic-ai-docs-drift.md,pydantic/pydantic-ai,.github/workflows/pydantic-ai-docs-drift.md,pydantic__pydantic-ai__634800cece80/history.json,6,5,0,2026-05-22T21:20:41+00:00,2026-08-02T04:23:07+00:00,2026-08-04T12:43:18+00:00,73.64070601851851,71.29335648148148,2.347349537037037,3.0716087962962964,3.0716087962962964,6,3,140,65,205,18,65,83,5,0,0,0,0,6,0,0,5,0
pydantic/pydantic-ai:.github/workflows/pydantic-ai-pr-review.md,pydantic/pydantic-ai,.github/workflows/pydantic-ai-pr-review.md,pydantic__pydantic-ai__f3a5076da863/history.json,9,8,0,2026-05-22T21:20:41+00:00,2026-08-02T04:23:07+00:00,2026-08-04T12:43:19+00:00,73.6407175925926,71.29335648148148,2.3473611111111112,1.3191666666666666,3.0716087962962964,6,3,497,82,579,331,82,413,6,1,1,0,0,9,0,0,8,0
pydantic/pydantic-ai:.github/workflows/pydantic-ai-provider-mapping-sweep.md,pydantic/pydantic-ai,.github/workflows/pydantic-ai-provider-mapping-sweep.md,pydantic__pydantic-ai__19a8cb0b2688/history.json,6,5,0,2026-05-22T21:20:41+00:00,2026-08-02T04:23:07+00:00,2026-08-04T12:43:18+00:00,73.64070601851851,71.29335648148148,2.347349537037037,3.0716087962962964,3.0716087962962964,6,3,142,66,208,19,66,85,5,0,0,0,0,6,0,0,5,0
pydantic/pydantic-ai:.github/workflows/pydantic-ai-provider-parity-explore.md,pydantic/pydantic-ai,.github/workflows/pydantic-ai-provider-parity-explore.md,pydantic__pydantic-ai__86c83f268cb8/history.json,6,5,0,2026-05-22T21:20:41+00:00,2026-08-02T04:23:07+00:00,2026-08-04T12:43:18+00:00,73.64070601851851,71.29335648148148,2.347349537037037,3.0716087962962964,3.0716087962962964,6,3,141,65,206,18,65,83,5,0,0,0,0,6,0,0,5,0
pydantic/pydantic-ai:.github/workflows/pydantic-ai-regression-detector.md,pydantic/pydantic-ai,.github/workflows/pydantic-ai-regression-detector.md,pydantic__pydantic-ai__976ccf78abbb/history.json,6,5,0,2026-05-22T21:20:41+00:00,2026-08-02T04:23:07+00:00,2026-08-04T12:43:19+00:00,73.6407175925926,71.29335648148148,2.3473611111111112,3.0716087962962964,3.0716087962962964,6,3,141,65,206,18,65,83,5,0,0,0,0,6,0,0,5,0
pydantic/pydantic-ai:.github/workflows/pydantic-ai-roundtrip-sweep.md,pydantic/pydantic-ai,.github/workflows/pydantic-ai-roundtrip-sweep.md,pydantic__pydantic-ai__c9ed486e497f/history.json,7,6,0,2026-05-22T21:20:41+00:00,2026-08-02T04:23:07+00:00,2026-08-04T12:43:19+00:00,73.6407175925926,71.29335648148148,2.3473611111111112,4.810810185185185,3.0716087962962964,7,4,149,65,214,27,65,92,6,0,0,0,0,7,0,0,6,0
pydantic/pydantic-ai:.github/workflows/pydantic-ai-stale-issues-finder.md,pydantic/pydantic-ai,.github/workflows/pydantic-ai-stale-issues-finder.md,pydantic__pydantic-ai__f6579f10bc0f/history.json,7,6,0,2026-05-25T23:03:48+00:00,2026-08-02T04:23:07+00:00,2026-08-04T12:43:20+00:00,70.56912037037037,68.22174768518518,2.347372685185185,2.49349537037037,1.0731018518518518,6,3,202,22,224,60,22,82,6,0,0,0,0,7,0,0,6,0
pydantic/pydantic-ai:.github/workflows/pydantic-ai-streaming-resilience-sweep.md,pydantic/pydantic-ai,.github/workflows/pydantic-ai-streaming-resilience-sweep.md,pydantic__pydantic-ai__dbd60d2e8917/history.json,6,5,0,2026-05-22T21:20:41+00:00,2026-08-02T04:23:07+00:00,2026-08-04T12:43:20+00:00,73.64072916666667,71.29335648148148,2.347372685185185,3.0716087962962964,3.0716087962962964,6,3,141,65,206,19,65,84,5,0,0,0,0,6,0,0,5,0
pydantic/pydantic-ai:.github/workflows/pydantic-ai-ui-security-review.md,pydantic/pydantic-ai,.github/workflows/pydantic-ai-ui-security-review.md,pydantic__pydantic-ai__e5907e3e463f/history.json,10,9,0,2026-05-22T23:53:59+00:00,2026-08-02T04:23:07+00:00,2026-08-04T12:43:24+00:00,73.53431712962963,71.18689814814815,2.3474189814814816,2.210115740740741,0.11800925925925926,9,4,277,103,380,108,103,211,8,0,1,0,0,10,0,0,9,0
rancher/dashboard:.github/workflows/daily-accessibility-review.md,rancher/dashboard,.github/workflows/daily-accessibility-review.md,rancher__dashboard__acf6cdbf7dee/history.json,8,7,0,2026-04-08T08:28:54+00:00,2026-07-28T16:08:02+00:00,2026-08-04T12:43:23+00:00,118.17672453703703,111.31884259259259,6.857881944444444,11.904097222222223,1.3060300925925925,8,3,160,18,178,36,18,54,6,0,1,0,0,8,0,0,7,0
rancher/dashboard:.github/workflows/daily-issue-grooming.md,rancher/dashboard,.github/workflows/daily-issue-grooming.md,rancher__dashboard__9fc3e605e259/history.json,10,9,0,2026-03-05T23:10:40+00:00,2026-07-28T16:08:02+00:00,2026-08-04T12:43:22+00:00,151.564375,144.70650462962962,6.85787037037037,5.939155092592593,5.939155092592593,8,3,255,20,275,66,20,86,7,1,1,0,0,10,0,0,9,0
rancher/dashboard:.github/workflows/daily-repo-status.md,rancher/dashboard,.github/workflows/daily-repo-status.md,rancher__dashboard__a54a479bc2dd/history.json,5,4,0,2026-04-08T08:28:54+00:00,2026-07-28T16:08:02+00:00,2026-08-04T12:43:21+00:00,118.17670138888889,111.31884259259259,6.857858796296297,23.995543981481482,33.00606481481481,5,3,70,10,80,14,10,24,4,0,0,0,0,5,0,0,4,0
rancher/dashboard:.github/workflows/daily-test-improver.md,rancher/dashboard,.github/workflows/daily-test-improver.md,rancher__dashboard__3be9c6e24868/history.json,7,6,0,2026-04-08T08:28:54+00:00,2026-07-28T16:08:02+00:00,2026-08-04T12:43:22+00:00,118.17671296296297,111.31884259259259,6.85787037037037,13.444560185185185,21.101967592592594,6,3,414,17,431,70,17,87,3,0,3,0,0,7,0,0,6,0
rancher/dashboard:.github/workflows/duplicate-code-detector.md,rancher/dashboard,.github/workflows/duplicate-code-detector.md,rancher__dashboard__eb760d7d8cc9/history.json,6,5,0,2026-04-08T08:28:54+00:00,2026-07-28T16:08:02+00:00,2026-08-04T12:43:22+00:00,118.17671296296297,111.31884259259259,6.85787037037037,14.985023148148148,21.101967592592594,6,3,240,12,252,18,12,30,5,0,0,0,0,6,0,0,5,0
rancher/dashboard:.github/workflows/issue-triage.md,rancher/dashboard,.github/workflows/issue-triage.md,rancher__dashboard__4a1f12f46bd2/history.json,5,4,0,2026-04-08T08:28:54+00:00,2026-07-28T16:08:02+00:00,2026-08-04T12:43:21+00:00,118.17670138888889,111.31884259259259,6.857858796296297,23.995543981481482,33.00606481481481,5,3,118,12,130,30,12,42,4,0,0,0,0,5,0,0,4,0
rancher/dashboard:.github/workflows/pr-fix.md,rancher/dashboard,.github/workflows/pr-fix.md,rancher__dashboard__02d9e9bc66c3/history.json,5,4,0,2026-04-08T08:28:54+00:00,2026-07-28T16:08:02+00:00,2026-08-04T12:43:21+00:00,118.17670138888889,111.31884259259259,6.857858796296297,23.995543981481482,33.00606481481481,5,3,108,11,119,30,11,41,4,0,0,0,0,5,0,0,4,0
ReactiveX/RxPY:.github/workflows/repo-assist.md,ReactiveX/RxPY,.github/workflows/repo-assist.md,ReactiveX__RxPY__e15d01e68c0d/history.json,2,1,0,2026-04-17T15:48:15+00:00,2026-05-09T09:16:47+00:00,2026-08-04T12:43:22+00:00,108.8716087962963,21.728148148148147,87.14346064814815,21.728148148148147,21.728148148148147,2,2,424,1,425,1,1,2,1,0,0,0,0,0,2,0,0,1
ROCm/rocm-libraries:.github/workflows/hipblaslt-doc-agent.md,ROCm/rocm-libraries,.github/workflows/hipblaslt-doc-agent.md,ROCm__rocm-libraries__657795859361/history.json,2,1,0,2026-03-13T06:07:53+00:00,2026-03-23T18:56:20+00:00,2026-08-04T12:43:22+00:00,144.2746412037037,10.533645833333333,133.74099537037037,10.533645833333333,10.533645833333333,2,1,399,1,400,9,1,10,0,0,1,0,0,1,1,0,1,0
royshil/obs-backgroundremoval:.github/workflows/validate-pr.md,royshil/obs-backgroundremoval,.github/workflows/validate-pr.md,royshil__obs-backgroundremoval__36d03bd26eb6/history.json,1,0,1,2026-03-30T22:54:20+00:00,2026-03-30T22:54:20+00:00,2026-08-04T12:43:22+00:00,126.5757175925926,0.0,126.5757175925926,,,1,1,202,0,202,0,0,0,0,0,0,0,0,1,0,0,0,0
RustPython/RustPython:.github/workflows/upgrade-pylib.md,RustPython/RustPython,.github/workflows/upgrade-pylib.md,RustPython__RustPython__2d9ad1ef0b98/history.json,7,6,0,2026-02-14T02:26:03+00:00,2026-06-12T02:08:27+00:00,2026-08-04T12:43:25+00:00,171.42872685185185,117.98777777777778,53.44094907407408,5.029797453703703,0.09835648148148148,4,3,152,18,170,30,18,48,3,2,1,0,0,6,1,0,5,1
rysweet/amplihack:.github/workflows/bot-detection.md,rysweet/amplihack,.github/workflows/bot-detection.md,rysweet__amplihack__818110ef8c28/history.json,3,2,0,2026-02-15T19:57:42+00:00,2026-03-09T04:48:01+00:00,2026-08-04T12:43:25+00:00,169.69841435185185,21.368275462962963,148.33013888888888,10.684137731481481,21.358425925925925,2,2,985,1,986,1,1,2,2,0,0,0,0,2,1,0,2,0
rysweet/amplihack:.github/workflows/code-simplifier.md,rysweet/amplihack,.github/workflows/code-simplifier.md,rysweet__amplihack__dc04ebaf4e08/history.json,2,1,0,2026-02-15T19:57:42+00:00,2026-03-09T04:48:01+00:00,2026-08-04T12:43:25+00:00,169.69841435185185,21.368275462962963,148.33013888888888,21.368275462962963,21.368275462962963,2,2,437,0,437,1,0,1,1,0,0,0,0,1,1,0,1,0
rysweet/amplihack:.github/workflows/daily-code-metrics.md,rysweet/amplihack,.github/workflows/daily-code-metrics.md,rysweet__amplihack__032c2a49aaf9/history.json,2,1,0,2026-02-15T19:57:42+00:00,2026-04-02T00:36:09+00:00,2026-08-04T12:43:25+00:00,169.69841435185185,45.19336805555555,124.5050462962963,45.19336805555555,45.19336805555555,2,2,552,371,923,59,371,430,0,0,1,0,0,1,1,0,1,0
rysweet/amplihack:.github/workflows/daily-doc-updater.md,rysweet/amplihack,.github/workflows/daily-doc-updater.md,rysweet__amplihack__07800f6e5034/history.json,1,0,1,2026-02-15T19:57:42+00:00,2026-02-15T19:57:42+00:00,2026-08-04T12:43:24+00:00,169.69840277777777,0.0,169.69840277777777,,,1,1,46,0,46,0,0,0,0,0,0,0,0,0,1,0,0,0
rysweet/amplihack:.github/workflows/daily-file-diet.md,rysweet/amplihack,.github/workflows/daily-file-diet.md,rysweet__amplihack__a5a069656df0/history.json,2,1,0,2026-02-15T19:57:42+00:00,2026-03-09T04:48:01+00:00,2026-08-04T12:43:25+00:00,169.69841435185185,21.368275462962963,148.33013888888888,21.368275462962963,21.368275462962963,2,2,349,1,350,1,1,2,1,0,0,0,0,1,1,0,1,0
rysweet/amplihack:.github/workflows/daily-security-red-team.md,rysweet/amplihack,.github/workflows/daily-security-red-team.md,rysweet__amplihack__9775929fb2a0/history.json,1,0,1,2026-02-15T19:57:42+00:00,2026-02-15T19:57:42+00:00,2026-08-04T12:43:25+00:00,169.69841435185185,0.0,169.69841435185185,,,1,1,841,0,841,0,0,0,0,0,0,0,0,0,1,0,0,0
rysweet/amplihack:.github/workflows/daily-syntax-error-quality.md,rysweet/amplihack,.github/workflows/daily-syntax-error-quality.md,rysweet__amplihack__7863fef06b4c/history.json,3,2,0,2026-02-15T19:57:42+00:00,2026-03-09T04:48:01+00:00,2026-08-04T12:43:25+00:00,169.69841435185185,21.368275462962963,148.33013888888888,10.684137731481481,0.8573495370370371,3,2,123,14,137,1,14,15,2,0,0,0,0,1,2,0,1,1
rysweet/amplihack:.github/workflows/dependabot-burner.md,rysweet/amplihack,.github/workflows/dependabot-burner.md,rysweet__amplihack__ee1cc509a659/history.json,3,2,0,2026-02-15T19:57:42+00:00,2026-03-09T04:48:01+00:00,2026-08-04T12:43:26+00:00,169.69842592592593,21.368275462962963,148.33015046296296,10.684137731481481,0.08332175925925926,2,2,62,0,62,19,0,19,1,1,0,0,0,1,2,0,1,1
rysweet/amplihack:.github/workflows/docs-noob-tester.md,rysweet/amplihack,.github/workflows/docs-noob-tester.md,rysweet__amplihack__9ef5ec05d5d6/history.json,2,1,0,2026-02-15T19:57:42+00:00,2026-03-09T04:48:01+00:00,2026-08-04T12:43:25+00:00,169.69841435185185,21.368275462962963,148.33013888888888,21.368275462962963,21.368275462962963,2,2,308,0,308,1,0,1,1,0,0,0,0,1,1,0,1,0
rysweet/amplihack:.github/workflows/duplicate-code-detector.md,rysweet/amplihack,.github/workflows/duplicate-code-detector.md,rysweet__amplihack__4cd004cda7ac/history.json,2,1,0,2026-02-15T19:57:42+00:00,2026-02-16T15:47:37+00:00,2026-08-04T12:43:26+00:00,169.69842592592593,0.8263310185185185,168.87209490740742,0.8263310185185185,0.8263310185185185,2,1,318,1,319,1,1,2,1,0,0,0,0,0,2,0,0,1
rysweet/amplihack:.github/workflows/issue-classifier.md,rysweet/amplihack,.github/workflows/issue-classifier.md,rysweet__amplihack__774cd4508d75/history.json,4,3,0,2026-02-15T19:57:42+00:00,2026-04-01T23:33:58+00:00,2026-08-04T12:43:27+00:00,169.6984375,45.15018518518519,124.54825231481482,14.002546296296297,14.002546296296297,4,3,168,1,169,5,1,6,2,1,0,0,0,2,2,0,2,1
rysweet/amplihack:.github/workflows/pr-triage-agent.md,rysweet/amplihack,.github/workflows/pr-triage-agent.md,rysweet__amplihack__080ad0da4396/history.json,3,2,0,2026-02-15T19:57:42+00:00,2026-03-09T04:48:01+00:00,2026-08-04T12:43:26+00:00,169.69842592592593,21.368275462962963,148.33015046296296,10.684137731481481,7.877465277777778,3,2,48,2,50,2,2,4,2,0,0,0,0,1,2,0,1,1
rysweet/amplihack:.github/workflows/repo-guardian.md,rysweet/amplihack,.github/workflows/repo-guardian.md,rysweet__amplihack__d17074ac20c9/history.json,2,1,0,2026-02-15T20:09:03+00:00,2026-03-09T04:48:01+00:00,2026-08-04T12:43:26+00:00,169.69054398148148,21.360393518518517,148.33015046296296,21.360393518518517,21.360393518518517,2,2,95,0,95,1,0,1,1,0,0,0,0,1,1,0,1,0
rysweet/amplihack:.github/workflows/security-compliance.md,rysweet/amplihack,.github/workflows/security-compliance.md,rysweet__amplihack__f3a6e689ddea/history.json,2,1,0,2026-02-15T19:57:42+00:00,2026-03-09T04:48:01+00:00,2026-08-04T12:43:26+00:00,169.69842592592593,21.368275462962963,148.33015046296296,21.368275462962963,21.368275462962963,2,2,315,1,316,1,1,2,1,0,0,0,0,1,1,0,1,0
rysweet/amplihack:.github/workflows/static-analysis-report.md,rysweet/amplihack,.github/workflows/static-analysis-report.md,rysweet__amplihack__541f0a584597/history.json,3,2,0,2026-02-15T19:57:42+00:00,2026-03-01T02:27:56+00:00,2026-08-04T12:43:27+00:00,169.6984375,13.27099537037037,156.42744212962964,6.635497685185185,0.8263310185185185,3,2,647,46,693,21,46,67,1,0,1,0,0,0,3,0,0,2
rysweet/amplihack:.github/workflows/weekly-issue-summary.md,rysweet/amplihack,.github/workflows/weekly-issue-summary.md,rysweet__amplihack__4769348bb918/history.json,3,2,0,2026-02-15T19:57:42+00:00,2026-03-09T04:48:01+00:00,2026-08-04T12:43:27+00:00,169.6984375,21.368275462962963,148.33016203703704,10.684137731481481,0.8573495370370371,3,2,159,2,161,1,2,3,2,0,0,0,0,1,2,0,1,1
rysweet/amplihack:.github/workflows/workflow-health-manager.md,rysweet/amplihack,.github/workflows/workflow-health-manager.md,rysweet__amplihack__6d23cfe91736/history.json,3,2,0,2026-02-15T19:57:42+00:00,2026-03-09T04:48:01+00:00,2026-08-04T12:43:27+00:00,169.6984375,21.368275462962963,148.33016203703704,10.684137731481481,21.358425925925925,2,2,492,1,493,1,1,2,2,0,0,0,0,2,1,0,2,0
SatelliteQE/broker:.github/workflows/wiki-sync.md,SatelliteQE/broker,.github/workflows/wiki-sync.md,SatelliteQE__broker__3d2f9863fdcc/history.json,1,0,1,2026-04-20T04:58:48+00:00,2026-04-20T04:58:48+00:00,2026-08-04T12:43:26+00:00,106.32266203703703,0.0,106.32266203703703,,,1,1,252,0,252,0,0,0,0,0,0,0,0,1,0,0,0,0
SatelliteQE/robottelo:.github/workflows/wiki-sync.md,SatelliteQE/robottelo,.github/workflows/wiki-sync.md,SatelliteQE__robottelo__1fbdb5e8b31b/history.json,1,0,1,2026-06-11T18:07:52+00:00,2026-06-11T18:07:52+00:00,2026-08-04T12:43:27+00:00,53.77471064814815,0.0,53.77471064814815,,,1,1,324,0,324,0,0,0,0,0,0,0,0,1,0,0,0,0
shopware/shopware:.github/workflows/sw-bugfixer.md,shopware/shopware,.github/workflows/sw-bugfixer.md,shopware__shopware__74d82d76a4c7/history.json,1,0,1,2026-07-03T08:57:26+00:00,2026-07-03T08:57:26+00:00,2026-08-04T12:43:27+00:00,32.15695601851852,0.0,32.15695601851852,,,1,1,14,26,40,0,0,0,0,0,0,0,0,1,0,0,0,0
shopware/shopware:.github/workflows/sw-review.md,shopware/shopware,.github/workflows/sw-review.md,shopware__shopware__6b4e02cc2c06/history.json,2,1,0,2026-07-03T08:57:26+00:00,2026-07-03T12:31:25+00:00,2026-08-04T12:43:28+00:00,32.15696759259259,0.14859953703703704,32.00836805555556,0.14859953703703704,0.14859953703703704,1,1,233,2,235,2,2,4,1,0,0,0,0,2,0,0,1,0
shopware/shopware:.github/workflows/sw-triage.md,shopware/shopware,.github/workflows/sw-triage.md,shopware__shopware__6ef8cd8f74e1/history.json,1,0,1,2026-07-03T08:57:26+00:00,2026-07-03T08:57:26+00:00,2026-08-04T12:43:27+00:00,32.15695601851852,0.0,32.15695601851852,,,1,1,8,11,19,0,0,0,0,0,0,0,0,1,0,0,0,0
shyamagu-ms/ai-scrum:.github/workflows/run-backlog-refinement.md,shyamagu-ms/ai-scrum,.github/workflows/run-backlog-refinement.md,shyamagu-ms__ai-scrum__b3ecf1ceae20/history.json,1,0,1,2026-04-08T23:46:53+00:00,2026-04-08T23:46:53+00:00,2026-08-04T12:43:27+00:00,117.53928240740741,0.0,117.53928240740741,,,1,1,34,0,34,0,0,0,0,0,0,0,0,1,0,0,0,0
shyamagu-ms/ai-scrum:.github/workflows/run-day1.md,shyamagu-ms/ai-scrum,.github/workflows/run-day1.md,shyamagu-ms__ai-scrum__63270345911e/history.json,1,0,1,2026-04-08T23:46:53+00:00,2026-04-08T23:46:53+00:00,2026-08-04T12:43:28+00:00,117.53929398148148,0.0,117.53929398148148,,,1,1,35,0,35,0,0,0,0,0,0,0,0,1,0,0,0,0
shyamagu-ms/ai-scrum:.github/workflows/run-day2.md,shyamagu-ms/ai-scrum,.github/workflows/run-day2.md,shyamagu-ms__ai-scrum__273bf7f1a530/history.json,1,0,1,2026-04-08T23:46:53+00:00,2026-04-08T23:46:53+00:00,2026-08-04T12:43:28+00:00,117.53929398148148,0.0,117.53929398148148,,,1,1,35,0,35,0,0,0,0,0,0,0,0,1,0,0,0,0
shyamagu-ms/ai-scrum:.github/workflows/run-day3.md,shyamagu-ms/ai-scrum,.github/workflows/run-day3.md,shyamagu-ms__ai-scrum__00b2956a6c1a/history.json,1,0,1,2026-04-08T23:46:53+00:00,2026-04-08T23:46:53+00:00,2026-08-04T12:43:28+00:00,117.53929398148148,0.0,117.53929398148148,,,1,1,35,0,35,0,0,0,0,0,0,0,0,1,0,0,0,0
shyamagu-ms/ai-scrum:.github/workflows/run-day4.md,shyamagu-ms/ai-scrum,.github/workflows/run-day4.md,shyamagu-ms__ai-scrum__8e38f9bedf65/history.json,1,0,1,2026-04-08T23:46:53+00:00,2026-04-08T23:46:53+00:00,2026-08-04T12:43:28+00:00,117.53929398148148,0.0,117.53929398148148,,,1,1,35,0,35,0,0,0,0,0,0,0,0,1,0,0,0,0
shyamagu-ms/ai-scrum:.github/workflows/run-day5.md,shyamagu-ms/ai-scrum,.github/workflows/run-day5.md,shyamagu-ms__ai-scrum__691fb2372349/history.json,1,0,1,2026-04-08T23:46:53+00:00,2026-04-08T23:46:53+00:00,2026-08-04T12:43:28+00:00,117.53929398148148,0.0,117.53929398148148,,,1,1,35,0,35,0,0,0,0,0,0,0,0,1,0,0,0,0
shyamagu-ms/ai-scrum:.github/workflows/run-order-create.md,shyamagu-ms/ai-scrum,.github/workflows/run-order-create.md,shyamagu-ms__ai-scrum__342719b7636f/history.json,1,0,1,2026-04-08T23:46:53+00:00,2026-04-08T23:46:53+00:00,2026-08-04T12:43:28+00:00,117.53929398148148,0.0,117.53929398148148,,,1,1,34,0,34,0,0,0,0,0,0,0,0,1,0,0,0,0
shyamagu-ms/ai-scrum:.github/workflows/run-sprint-planning.md,shyamagu-ms/ai-scrum,.github/workflows/run-sprint-planning.md,shyamagu-ms__ai-scrum__9754a44a7aa4/history.json,1,0,1,2026-04-08T23:46:53+00:00,2026-04-08T23:46:53+00:00,2026-08-04T12:43:28+00:00,117.53929398148148,0.0,117.53929398148148,,,1,1,34,0,34,0,0,0,0,0,0,0,0,1,0,0,0,0
shyamagu-ms/ai-scrum:.github/workflows/run-sprint-retrospective.md,shyamagu-ms/ai-scrum,.github/workflows/run-sprint-retrospective.md,shyamagu-ms__ai-scrum__618396bcd805/history.json,1,0,1,2026-04-08T23:46:53+00:00,2026-04-08T23:46:53+00:00,2026-08-04T12:43:28+00:00,117.53929398148148,0.0,117.53929398148148,,,1,1,34,0,34,0,0,0,0,0,0,0,0,1,0,0,0,0
shyamagu-ms/ai-scrum:.github/workflows/run-sprint-review.md,shyamagu-ms/ai-scrum,.github/workflows/run-sprint-review.md,shyamagu-ms__ai-scrum__dfa7bf312e2f/history.json,1,0,1,2026-04-08T23:46:53+00:00,2026-04-08T23:46:53+00:00,2026-08-04T12:43:28+00:00,117.53929398148148,0.0,117.53929398148148,,,1,1,34,0,34,0,0,0,0,0,0,0,0,1,0,0,0,0
SocketDev/socket-cli:.github/workflows/get-green.md,SocketDev/socket-cli,.github/workflows/get-green.md,SocketDev__socket-cli__6e7e1f10a034/history.json,8,7,0,2026-07-12T00:40:31+00:00,2026-08-02T01:30:44+00:00,2026-08-04T12:43:38+00:00,23.502164351851853,21.034872685185185,2.4672916666666667,1.7223148148148149,0.033993055555555554,7,2,53,16,69,51,14,65,4,1,2,0,0,8,0,0,7,0
SocketDev/socket-cli:.github/workflows/weekly-update.md,SocketDev/socket-cli,.github/workflows/weekly-update.md,SocketDev__socket-cli__d49bf2f0e08b/history.json,11,10,0,2026-07-12T00:40:31+00:00,2026-08-02T01:30:44+00:00,2026-08-04T12:43:41+00:00,23.502199074074074,21.034872685185185,2.467326388888889,1.119207175925926,10.100972222222222,9,2,392,61,453,391,60,451,6,0,4,0,0,11,0,0,10,0
SocketDev/socket-mcp:.github/workflows/get-green.md,SocketDev/socket-mcp,.github/workflows/get-green.md,SocketDev__socket-mcp__1053f34d1fbe/history.json,5,4,0,2026-07-29T05:05:26+00:00,2026-08-01T16:09:51+00:00,2026-08-04T12:43:33+00:00,6.3181365740740745,3.461400462962963,2.856736111111111,0.837181712962963,0.07907407407407407,3,2,179,12,191,31,12,43,3,0,1,0,0,5,0,0,4,0
SocketDev/socket-registry:.github/workflows/get-green.md,SocketDev/socket-registry,.github/workflows/get-green.md,SocketDev__socket-registry__106f08b0e848/history.json,11,10,0,2026-07-10T17:07:56+00:00,2026-08-01T16:45:54+00:00,2026-08-04T12:43:38+00:00,24.816458333333333,21.984699074074076,2.8317592592592593,1.0547511574074075,1.3947800925925926,6,2,188,21,209,58,21,79,8,1,1,0,0,11,0,0,10,0
SocketDev/socket-sdk-js:.github/workflows/get-green.md,SocketDev/socket-sdk-js,.github/workflows/get-green.md,SocketDev__socket-sdk-js__d9809c4ab4e0/history.json,9,8,0,2026-07-12T02:45:25+00:00,2026-08-01T16:47:10+00:00,2026-08-04T12:43:38+00:00,23.41542824074074,20.58454861111111,2.8308796296296297,1.153292824074074,10.040925925925926,6,2,57,20,77,54,17,71,7,0,1,0,0,9,0,0,8,0
SocketDev/socket-vscode:.github/workflows/get-green.md,SocketDev/socket-vscode,.github/workflows/get-green.md,SocketDev__socket-vscode__01a01cfd8671/history.json,6,5,0,2026-07-22T03:44:31+00:00,2026-08-02T01:32:26+00:00,2026-08-04T12:43:39+00:00,13.374398148148147,10.908275462962964,2.4661226851851854,1.720173611111111,4.7339467592592595,6,2,50,13,63,49,12,61,4,0,1,0,0,6,0,0,5,0
SonarSource/sonarqube-cli:.github/workflows/ci-failure-triage-agent.md,SonarSource/sonarqube-cli,.github/workflows/ci-failure-triage-agent.md,SonarSource__sonarqube-cli__5c9b7bbd12fd/history.json,2,1,0,2026-05-27T17:47:51+00:00,2026-06-08T08:30:19+00:00,2026-08-04T12:43:29+00:00,68.78863425925925,11.612824074074075,57.175810185185185,11.612824074074075,11.612824074074075,2,2,247,213,460,15,213,228,0,0,1,0,0,2,0,0,1,0
srinitude/pi-until-done:.github/workflows/issue-triage.md,srinitude/pi-until-done,.github/workflows/issue-triage.md,srinitude__pi-until-done__e40f3ddf9ee5/history.json,2,1,0,2026-07-22T17:30:13+00:00,2026-07-22T18:51:37+00:00,2026-08-04T12:43:30+00:00,12.800891203703705,0.05652777777777778,12.744363425925926,0.05652777777777778,0.05652777777777778,1,1,189,3,192,13,3,16,0,0,1,0,0,2,0,0,1,0
srinitude/pi-until-done:.github/workflows/pi-runtime-review.md,srinitude/pi-until-done,.github/workflows/pi-runtime-review.md,srinitude__pi-until-done__25fd8f82f191/history.json,1,0,1,2026-07-22T12:32:21+00:00,2026-07-22T12:32:21+00:00,2026-08-04T12:43:30+00:00,13.007743055555556,0.0,13.007743055555556,,,1,1,78,0,78,0,0,0,0,0,0,0,0,1,0,0,0,0
srinitude/pi-until-done:.github/workflows/pi-upstream-lockstep.md,srinitude/pi-until-done,.github/workflows/pi-upstream-lockstep.md,srinitude__pi-until-done__e2da3855f0e5/history.json,2,1,0,2026-07-22T12:32:21+00:00,2026-07-22T18:51:37+00:00,2026-08-04T12:43:31+00:00,13.00775462962963,0.26337962962962963,12.744375,0.26337962962962963,0.26337962962962963,1,1,152,1,153,11,1,12,1,0,0,0,0,2,0,0,1,0
SSWConsulting/SSW.Rules.Content:.github/workflows/content-campaign.md,SSWConsulting/SSW.Rules.Content,.github/workflows/content-campaign.md,SSWConsulting__SSW.Rules.Content__58d2e1982c14/history.json,3,2,0,2026-04-01T05:40:31+00:00,2026-05-15T01:11:10+00:00,2026-08-04T12:43:32+00:00,125.29376157407407,43.81295138888889,81.48081018518519,21.906475694444445,22.829837962962962,3,2,383,65,448,72,65,137,1,0,1,0,0,3,0,0,2,0
SSWConsulting/SSW.Rules.Content:.github/workflows/content-fixer.md,SSWConsulting/SSW.Rules.Content,.github/workflows/content-fixer.md,SSWConsulting__SSW.Rules.Content__d38daccf6de5/history.json,5,4,0,2026-04-01T05:40:31+00:00,2026-05-15T01:11:10+00:00,2026-08-04T12:43:33+00:00,125.29377314814815,43.81295138888889,81.48082175925926,11.35546875,7.84150462962963,4,2,331,17,348,52,17,69,1,1,2,0,0,5,0,0,4,0
SSWConsulting/SSW.Rules.Content:.github/workflows/content-judge-pr.md,SSWConsulting/SSW.Rules.Content,.github/workflows/content-judge-pr.md,SSWConsulting__SSW.Rules.Content__138f00605bc2/history.json,3,2,0,2026-04-01T05:40:31+00:00,2026-05-15T01:11:10+00:00,2026-08-04T12:43:33+00:00,125.29377314814815,43.81295138888889,81.48082175925926,21.906475694444442,1.001412037037037,3,2,331,32,363,84,32,116,0,1,1,0,0,3,0,0,2,0
SSWConsulting/SSW.Rules.Content:.github/workflows/content-judge.md,SSWConsulting/SSW.Rules.Content,.github/workflows/content-judge.md,SSWConsulting__SSW.Rules.Content__6cf3281ff7ca/history.json,3,2,0,2026-04-01T05:40:31+00:00,2026-05-15T01:11:10+00:00,2026-08-04T12:43:34+00:00,125.29378472222223,43.81295138888889,81.48083333333334,21.906475694444445,7.84150462962963,3,2,319,42,361,8,42,50,2,0,0,0,0,3,0,0,2,0
SSWConsulting/SSW.Rules.Content:.github/workflows/content-snapshot-done.md,SSWConsulting/SSW.Rules.Content,.github/workflows/content-snapshot-done.md,SSWConsulting__SSW.Rules.Content__59d37a9f9dc4/history.json,3,2,0,2026-04-01T05:40:31+00:00,2026-05-27T23:15:45+00:00,2026-08-04T12:43:34+00:00,125.29378472222223,56.73280092592593,68.5609837962963,28.366400462962964,43.81295138888889,3,2,193,14,207,21,14,35,2,0,0,0,0,3,0,0,2,0
SSWConsulting/SSW.Rules.Content:.github/workflows/semrush-fixer.md,SSWConsulting/SSW.Rules.Content,.github/workflows/semrush-fixer.md,SSWConsulting__SSW.Rules.Content__be44bbc5e3ea/history.json,1,0,1,2026-04-27T16:14:45+00:00,2026-04-27T16:14:45+00:00,2026-08-04T12:43:34+00:00,98.8533449074074,0.0,98.8533449074074,,,1,1,143,0,143,0,0,0,0,0,0,0,0,1,0,0,0,0
SSWConsulting/SSW.Rules:.github/workflows/issue-triage.md,SSWConsulting/SSW.Rules,.github/workflows/issue-triage.md,SSWConsulting__SSW.Rules__8177f4cf7303/history.json,1,0,1,2026-03-05T01:17:35+00:00,2026-03-05T01:17:35+00:00,2026-08-04T12:43:31+00:00,152.4763425925926,0.0,152.4763425925926,,,1,1,137,0,137,0,0,0,0,0,0,0,0,1,0,0,0,0
SSWConsulting/SSW.Website:.github/workflows/auto-approve-content-changes.md,SSWConsulting/SSW.Website,.github/workflows/auto-approve-content-changes.md,SSWConsulting__SSW.Website__939287720ea3/history.json,3,2,0,2026-04-17T05:22:06+00:00,2026-05-22T02:27:04+00:00,2026-08-04T12:43:35+00:00,109.30658564814814,34.87844907407408,74.42813657407407,17.43922453703704,34.782418981481484,2,2,148,13,161,45,13,58,1,0,1,0,0,3,0,0,2,0
stbenjam/skillsaw:.github/workflows/issue-triage.md,stbenjam/skillsaw,.github/workflows/issue-triage.md,stbenjam__skillsaw__fa53e5d7be9a/history.json,8,7,0,2026-07-05T22:18:23+00:00,2026-07-25T21:23:36+00:00,2026-08-04T12:43:37+00:00,29.600856481481483,19.961956018518517,9.638900462962964,0.009942129629629629,0.028958333333333332,3,1,90,29,119,39,29,68,5,0,2,0,0,0,8,0,0,7
stellar/rs-soroban-sdk:.github/workflows/semver.md,stellar/rs-soroban-sdk,.github/workflows/semver.md,stellar__rs-soroban-sdk__ff202d5846a9/history.json,2,1,0,2026-07-29T13:45:36+00:00,2026-07-31T17:01:18+00:00,2026-08-04T12:43:35+00:00,5.956932870370371,2.135902777777778,3.8210300925925926,2.135902777777778,2.135902777777778,2,1,164,1,165,6,1,7,1,0,0,0,0,2,0,0,1,0
stride3d/stride-community-toolkit:.github/workflows/daily-activity-report.md,stride3d/stride-community-toolkit,.github/workflows/daily-activity-report.md,stride3d__stride-community-toolkit__bf40582149d0/history.json,3,2,0,2026-02-16T08:42:00+00:00,2026-05-24T23:20:52+00:00,2026-08-04T12:43:35+00:00,169.1677662037037,97.61032407407407,71.55744212962964,48.805162037037036,72.50894675925926,3,3,158,20,178,54,20,74,0,0,2,0,0,1,2,0,1,1
svenjacobs/lokksmith:.github/workflows/update-dependency-matrix.md,svenjacobs/lokksmith,.github/workflows/update-dependency-matrix.md,svenjacobs__lokksmith__64cc913b477d/history.json,3,2,0,2026-03-20T08:22:36+00:00,2026-06-09T13:36:33+00:00,2026-08-04T12:43:36+00:00,137.18125,81.21802083333333,55.963229166666665,40.60901041666667,0.0770949074074074,2,2,102,1,103,8,1,9,1,1,0,0,0,0,3,0,0,2
talk2MeGooseman/stream_closed_captioner_phoenix:.github/workflows/daily-test-improver.md,talk2MeGooseman/stream_closed_captioner_phoenix,.github/workflows/daily-test-improver.md,talk2MeGooseman__stream_closed_captioner_phoenix__a64922cc77d3/history.json,8,7,0,2026-01-19T00:55:04+00:00,2026-04-12T03:11:17+00:00,2026-08-04T12:43:39+00:00,197.49207175925926,83.09459490740741,114.39747685185185,0.2703587962962963,0.007962962962962963,3,3,542,198,740,350,198,548,4,0,3,0,0,8,0,0,7,0
taosdata/TDengine:.github/workflows/weekly-report.md,taosdata/TDengine,.github/workflows/weekly-report.md,taosdata__TDengine__7100629a98af/history.json,1,0,1,2026-03-08T06:59:17+00:00,2026-03-08T06:59:17+00:00,2026-08-04T12:43:36+00:00,149.2391087962963,0.0,149.2391087962963,,,1,1,249,0,249,0,0,0,0,0,0,0,0,0,1,0,0,0
tenstorrent/tt-metal:.github/workflows/ci-failure-triage.md,tenstorrent/tt-metal,.github/workflows/ci-failure-triage.md,tenstorrent__tt-metal__2b125637c52e/history.json,1,0,1,2026-07-31T00:12:34+00:00,2026-07-31T00:12:34+00:00,2026-08-04T12:43:36+00:00,4.521550925925926,0.0,4.521550925925926,,,1,1,287,0,287,0,0,0,0,0,0,0,0,1,0,0,0,0
tesslio/good-oss-citizen:.github/workflows/review-anthropic.md,tesslio/good-oss-citizen,.github/workflows/review-anthropic.md,tesslio__good-oss-citizen__3d0d10316a48/history.json,3,2,0,2026-04-25T17:43:51+00:00,2026-06-09T14:00:53+00:00,2026-08-04T12:43:37+00:00,100.79150462962963,44.845162037037035,55.94634259259259,22.422581018518517,0.4058333333333333,3,2,232,47,279,75,47,122,0,1,1,0,0,0,3,0,0,2
tesslio/good-oss-citizen:.github/workflows/review-openai.md,tesslio/good-oss-citizen,.github/workflows/review-openai.md,tesslio__good-oss-citizen__f8035f073fbe/history.json,3,2,0,2026-04-25T17:43:51+00:00,2026-06-09T14:00:53+00:00,2026-08-04T12:43:37+00:00,100.79150462962963,44.845162037037035,55.94634259259259,22.422581018518517,0.4058333333333333,3,2,218,40,258,66,40,106,0,0,2,0,0,0,3,0,0,2
thaw-app/Thaw:.github/workflows/issue-triage.md,thaw-app/Thaw,.github/workflows/issue-triage.md,thaw-app__Thaw__43ff778f50eb/history.json,16,15,0,2026-03-14T21:52:24+00:00,2026-07-28T10:26:37+00:00,2026-08-04T12:43:41+00:00,142.61894675925927,135.5237615740741,7.095185185185185,0.37886574074074075,0.0,10,5,316,98,414,210,98,308,4,4,7,0,0,9,7,0,9,6
tkubica12/gh-copilot-demo:.github/workflows/issue-triage.md,tkubica12/gh-copilot-demo,.github/workflows/issue-triage.md,tkubica12__gh-copilot-demo__a9d759f99095/history.json,2,1,0,2026-06-10T07:11:27+00:00,2026-06-10T09:33:13+00:00,2026-08-04T12:43:37+00:00,55.23067129629629,0.09844907407407408,55.132222222222225,0.09844907407407408,0.09844907407407408,1,1,51,9,60,13,9,22,0,0,1,0,0,2,0,0,1,0
tosin2013/mcp-adr-analysis-server:.github/workflows/ai-executor-integration.md,tosin2013/mcp-adr-analysis-server,.github/workflows/ai-executor-integration.md,tosin2013__mcp-adr-analysis-server__2d9562bf179b/history.json,3,2,0,2026-02-16T16:07:01+00:00,2026-03-16T17:48:59+00:00,2026-08-04T12:43:38+00:00,168.85876157407407,28.070810185185184,140.7879513888889,14.035405092592592,0.9348611111111111,3,2,180,0,180,30,0,30,1,1,0,0,0,1,2,0,1,1
tosin2013/mcp-adr-analysis-server:.github/workflows/ai-release-notes-agent.md,tosin2013/mcp-adr-analysis-server,.github/workflows/ai-release-notes-agent.md,tosin2013__mcp-adr-analysis-server__657beee3d5b3/history.json,1,0,1,2026-02-16T16:07:01+00:00,2026-02-16T16:07:01+00:00,2026-08-04T12:43:38+00:00,168.85876157407407,0.0,168.85876157407407,,,1,1,166,0,166,0,0,0,0,0,0,0,0,0,1,0,0,0
tosin2013/mcp-adr-analysis-server:.github/workflows/ci-doctor.md,tosin2013/mcp-adr-analysis-server,.github/workflows/ci-doctor.md,tosin2013__mcp-adr-analysis-server__d2f6f52ea10c/history.json,1,0,1,2026-02-16T16:07:01+00:00,2026-02-16T16:07:01+00:00,2026-08-04T12:43:38+00:00,168.85876157407407,0.0,168.85876157407407,,,1,1,152,0,152,0,0,0,0,0,0,0,0,0,1,0,0,0
tosin2013/mcp-adr-analysis-server:.github/workflows/dependabot-bundler.md,tosin2013/mcp-adr-analysis-server,.github/workflows/dependabot-bundler.md,tosin2013__mcp-adr-analysis-server__a582c5e805a7/history.json,2,1,0,2026-02-16T16:07:01+00:00,2026-02-20T00:13:55+00:00,2026-08-04T12:43:39+00:00,168.85877314814815,3.338125,165.52064814814815,3.338125,3.338125,2,1,140,1,141,1,1,2,1,0,0,0,0,0,2,0,0,1
tosin2013/mcp-adr-analysis-server:.github/workflows/deployment-pattern-validation.md,tosin2013/mcp-adr-analysis-server,.github/workflows/deployment-pattern-validation.md,tosin2013__mcp-adr-analysis-server__e5ed2680c676/history.json,3,2,0,2026-02-16T16:07:01+00:00,2026-03-16T17:48:59+00:00,2026-08-04T12:43:39+00:00,168.85877314814815,28.070810185185184,140.78796296296295,14.035405092592592,0.09927083333333334,2,2,258,1,259,34,1,35,1,1,0,0,0,1,2,0,1,1
tosin2013/mcp-adr-analysis-server:.github/workflows/docs-noob-tester.md,tosin2013/mcp-adr-analysis-server,.github/workflows/docs-noob-tester.md,tosin2013__mcp-adr-analysis-server__5a7d2f9298c0/history.json,5,4,0,2026-02-16T16:07:01+00:00,2026-03-16T17:48:59+00:00,2026-08-04T12:43:40+00:00,168.85878472222223,28.070810185185184,140.78797453703703,2.0655960648148146,3.338125,3,2,181,20,201,51,20,71,2,1,1,0,0,2,3,0,2,2
tosin2013/mcp-adr-analysis-server:.github/workflows/docs-site-validator.md,tosin2013/mcp-adr-analysis-server,.github/workflows/docs-site-validator.md,tosin2013__mcp-adr-analysis-server__1a5e8c1c3239/history.json,4,3,0,2026-02-16T16:24:31+00:00,2026-04-19T18:26:37+00:00,2026-08-04T12:43:40+00:00,168.84663194444445,62.08479166666667,106.76184027777778,3.325972222222222,3.325972222222222,3,2,232,3,235,22,3,25,2,1,0,0,0,0,4,0,0,3
tosin2013/mcp-adr-analysis-server:.github/workflows/esm-module-validation.md,tosin2013/mcp-adr-analysis-server,.github/workflows/esm-module-validation.md,tosin2013__mcp-adr-analysis-server__db257b849fd6/history.json,2,1,0,2026-02-16T16:07:01+00:00,2026-03-16T17:48:59+00:00,2026-08-04T12:43:39+00:00,168.85877314814815,28.070810185185184,140.78796296296295,28.070810185185184,28.070810185185184,2,2,234,0,234,4,0,4,1,0,0,0,0,1,1,0,1,0
tosin2013/mcp-adr-analysis-server:.github/workflows/knowledge-graph-validation.md,tosin2013/mcp-adr-analysis-server,.github/workflows/knowledge-graph-validation.md,tosin2013__mcp-adr-analysis-server__c8e2762e8147/history.json,3,2,0,2026-02-16T16:07:01+00:00,2026-03-16T17:48:59+00:00,2026-08-04T12:43:39+00:00,168.85877314814815,28.070810185185184,140.78796296296295,14.035405092592592,0.10914351851851851,2,2,227,0,227,27,0,27,1,1,0,0,0,1,2,0,1,1
tosin2013/mcp-adr-analysis-server:.github/workflows/mcp-server-validation.md,tosin2013/mcp-adr-analysis-server,.github/workflows/mcp-server-validation.md,tosin2013__mcp-adr-analysis-server__81c29199ef8f/history.json,4,3,0,2026-02-16T16:07:01+00:00,2026-03-16T17:48:59+00:00,2026-08-04T12:43:40+00:00,168.85878472222223,28.070810185185184,140.78797453703703,3.8427546296296295,0.10914351851851851,3,2,153,2,155,29,2,31,1,2,0,0,0,1,3,0,1,2
tosin2013/mcp-adr-analysis-server:.github/workflows/mcp-tool-checker.md,tosin2013/mcp-adr-analysis-server,.github/workflows/mcp-tool-checker.md,tosin2013__mcp-adr-analysis-server__b855f1bb2db7/history.json,4,3,0,2026-02-16T16:07:01+00:00,2026-03-16T17:48:59+00:00,2026-08-04T12:43:40+00:00,168.85878472222223,28.070810185185184,140.78797453703703,3.338125,3.338125,3,2,176,2,178,6,2,8,2,1,0,0,0,1,3,0,1,2
UbiHome/UbiHome:.github/workflows/pr-documentation-check.md,UbiHome/UbiHome,.github/workflows/pr-documentation-check.md,UbiHome__UbiHome__1967a0790a5b/history.json,3,2,0,2026-05-16T23:06:57+00:00,2026-07-15T20:49:41+00:00,2026-08-04T12:43:40+00:00,79.56716435185186,59.90467592592593,19.662488425925925,29.952337962962964,6.948310185185186,3,2,120,3,123,6,3,9,1,1,0,0,0,1,2,0,0,2
unipept/unipept:.github/workflows/dependency-update.md,unipept/unipept,.github/workflows/dependency-update.md,unipept__unipept__1c77ab11ccb7/history.json,3,2,0,2026-06-01T12:38:37+00:00,2026-06-01T13:58:09+00:00,2026-08-04T12:43:41+00:00,64.00351851851852,0.05523148148148148,63.94828703703703,0.02761574074074074,0.0325,1,1,65,1,66,6,1,7,1,0,1,0,0,3,0,0,2,0
vaadin/flow:.github/workflows/doc-bot.md,vaadin/flow,.github/workflows/doc-bot.md,vaadin__flow__dd3eff0e237f/history.json,2,1,0,2026-06-04T08:47:29+00:00,2026-06-04T11:15:04+00:00,2026-08-04T12:43:41+00:00,61.164027777777775,0.10248842592592593,61.06153935185185,0.10248842592592593,0.10248842592592593,1,1,270,0,270,10,0,10,1,0,0,0,0,0,2,0,0,1
webmaxru/web-ai-agent-skills:.github/workflows/skill-update-worker.md,webmaxru/web-ai-agent-skills,.github/workflows/skill-update-worker.md,webmaxru__web-ai-agent-skills__9d36aeea8a4d/history.json,4,3,0,2026-03-15T18:31:31+00:00,2026-05-15T09:50:54+00:00,2026-08-04T12:43:41+00:00,141.75844907407406,60.63846064814815,81.11998842592592,0.6542361111111111,0.026111111111111113,3,2,192,11,203,31,11,42,2,0,1,0,0,4,0,0,3,0
WordPress/grunt-patch-wordpress:.github/workflows/dependabot-pr-review.md,WordPress/grunt-patch-wordpress,.github/workflows/dependabot-pr-review.md,WordPress__grunt-patch-wordpress__2d46c490f12b/history.json,1,0,1,2026-05-28T03:56:57+00:00,2026-05-28T03:56:57+00:00,2026-08-04T12:43:40+00:00,68.36577546296296,0.0,68.36577546296296,,,1,1,19,0,19,0,0,0,0,0,0,0,0,1,0,0,0,0
wp-media/wp-rocket:.github/workflows/pr-release-doc-generator.md,wp-media/wp-rocket,.github/workflows/pr-release-doc-generator.md,wp-media__wp-rocket__2970a0a27533/history.json,5,4,0,2026-02-20T17:25:33+00:00,2026-08-03T09:22:43+00:00,2026-08-04T12:43:42+00:00,164.80427083333333,163.66469907407406,1.1395717592592594,0.09281249999999999,0.16421296296296295,2,2,324,67,391,14,67,81,2,1,1,0,0,4,1,0,3,1
YousefHadder/markdown-plus.nvim:.github/workflows/config-sync-checker.md,YousefHadder/markdown-plus.nvim,.github/workflows/config-sync-checker.md,YousefHadder__markdown-plus.nvim__da83a18613f2/history.json,3,2,0,2026-03-07T06:42:44+00:00,2026-05-12T17:16:31+00:00,2026-08-04T12:43:41+00:00,150.25065972222222,66.44012731481482,83.81053240740741,33.22006365740741,16.591215277777778,3,2,309,1,310,8,1,9,1,0,1,0,0,3,0,0,2,0
YousefHadder/markdown-plus.nvim:.github/workflows/contributor-recognition.md,YousefHadder/markdown-plus.nvim,.github/workflows/contributor-recognition.md,YousefHadder__markdown-plus.nvim__6d742c634816/history.json,5,4,0,2026-05-03T20:54:29+00:00,2026-06-19T19:25:19+00:00,2026-08-04T12:43:42+00:00,92.65917824074074,46.9380787037037,45.721099537037034,4.419965277777777,0.008703703703703703,3,2,319,15,334,58,15,73,0,1,3,0,0,5,0,0,4,0
YousefHadder/markdown-plus.nvim:.github/workflows/wiki-updater.md,YousefHadder/markdown-plus.nvim,.github/workflows/wiki-updater.md,YousefHadder__markdown-plus.nvim__2f6f93a4a64e/history.json,2,1,0,2026-06-04T14:56:27+00:00,2026-06-19T19:25:19+00:00,2026-08-04T12:43:41+00:00,60.907800925925926,15.186712962962963,45.72108796296296,15.186712962962963,15.186712962962963,2,1,116,3,119,7,3,10,0,0,1,0,0,2,0,0,1,0
Z3Prover/z3:.github/workflows/a3-python.md,Z3Prover/z3,.github/workflows/a3-python.md,Z3Prover__z3__3bbe305abab0/history.json,13,12,0,2026-02-10T20:52:50+00:00,2026-06-12T03:57:43+00:00,2026-08-04T12:43:47+00:00,174.66038194444445,121.29505787037037,53.365324074074074,0.48083912037037035,0.09428240740740741,7,3,343,27,370,43,27,70,8,2,2,0,0,4,9,0,4,8
Z3Prover/z3:.github/workflows/academic-citation-tracker.md,Z3Prover/z3,.github/workflows/academic-citation-tracker.md,Z3Prover__z3__b1a4dc790b8a/history.json,4,3,0,2026-03-15T22:39:37+00:00,2026-07-28T09:22:11+00:00,2026-08-04T12:43:43+00:00,141.58618055555556,134.44622685185186,7.1399537037037035,46.225324074074074,26.77787037037037,4,4,306,3,309,8,3,11,3,0,0,0,0,1,3,0,1,2
Z3Prover/z3:.github/workflows/api-coherence-checker.md,Z3Prover/z3,.github/workflows/api-coherence-checker.md,Z3Prover__z3__bea9aee3904d/history.json,13,12,0,2026-01-08T18:31:23+00:00,2026-07-28T09:22:11+00:00,2026-08-04T12:43:46+00:00,207.75859953703704,200.6186111111111,7.139988425925926,9.895740740740742,3.450196759259259,12,6,249,27,276,67,27,94,7,4,1,0,0,2,11,0,2,10
Z3Prover/z3:.github/workflows/build-warning-fixer.md,Z3Prover/z3,.github/workflows/build-warning-fixer.md,Z3Prover__z3__08aff789c26c/history.json,15,14,0,2026-01-08T18:45:57+00:00,2026-08-01T21:35:53+00:00,2026-08-04T12:43:48+00:00,207.74850694444444,205.11800925925925,2.630497685185185,1.2868287037037036,0.18125,10,7,549,342,891,447,342,789,6,2,6,0,0,2,13,0,1,13
Z3Prover/z3:.github/workflows/code-conventions-analyzer.md,Z3Prover/z3,.github/workflows/code-conventions-analyzer.md,Z3Prover__z3__c03ea98fa413/history.json,28,27,0,2026-01-10T20:28:31+00:00,2026-06-12T03:57:43+00:00,2026-08-04T12:43:52+00:00,205.6773263888889,152.31194444444444,53.365381944444444,0.8665393518518518,1.2360300925925927,20,5,1531,469,2000,1206,469,1675,12,11,4,0,0,5,23,0,5,22
Z3Prover/z3:.github/workflows/compare-stats-anomaly-reporter.md,Z3Prover/z3,.github/workflows/compare-stats-anomaly-reporter.md,Z3Prover__z3__dd3a8bde6352/history.json,3,2,0,2026-05-27T16:25:33+00:00,2026-06-12T03:57:43+00:00,2026-08-04T12:43:43+00:00,68.84594907407407,15.480671296296297,53.36527777777778,7.740335648148148,0.02207175925925926,2,2,199,7,206,8,7,15,1,0,1,0,0,0,3,0,0,2
Z3Prover/z3:.github/workflows/csa-analysis.md,Z3Prover/z3,.github/workflows/csa-analysis.md,Z3Prover__z3__010c4d930aba/history.json,8,7,0,2026-02-24T19:30:15+00:00,2026-06-12T03:57:43+00:00,2026-08-04T12:43:45+00:00,160.71770833333332,107.35240740740741,53.36530092592593,10.988020833333334,0.024305555555555556,7,4,316,5,321,76,5,81,5,2,0,0,0,1,7,0,1,6
Z3Prover/z3:.github/workflows/issue-backlog-processor.md,Z3Prover/z3,.github/workflows/issue-backlog-processor.md,Z3Prover__z3__3962b0df2d1a/history.json,5,4,0,2026-02-24T16:54:49+00:00,2026-07-28T09:22:11+00:00,2026-08-04T12:43:45+00:00,160.82564814814816,153.6856712962963,7.139976851851852,38.05693865740741,16.129641203703702,5,5,274,5,279,24,5,29,3,1,0,0,0,1,4,0,1,3
Z3Prover/z3:.github/workflows/memory-safety-report.md,Z3Prover/z3,.github/workflows/memory-safety-report.md,Z3Prover__z3__bafb0f913e6c/history.json,11,10,0,2026-03-04T16:31:29+00:00,2026-07-28T09:22:11+00:00,2026-08-04T12:43:46+00:00,152.84186342592594,145.701875,7.139988425925926,3.9531539351851848,5.002129629629629,10,4,289,64,353,84,64,148,8,0,2,0,0,7,4,0,6,4
Z3Prover/z3:.github/workflows/ostrich-benchmark.md,Z3Prover/z3,.github/workflows/ostrich-benchmark.md,Z3Prover__z3__28f169a95a70/history.json,6,5,0,2026-03-20T18:19:37+00:00,2026-06-12T03:57:43+00:00,2026-08-04T12:43:45+00:00,136.76675925925926,83.40145833333334,53.36530092592593,4.296215277777778,0.21722222222222223,5,3,427,4,431,386,4,390,2,2,1,0,0,2,4,0,2,3
Z3Prover/z3:.github/workflows/release-notes-updater.md,Z3Prover/z3,.github/workflows/release-notes-updater.md,Z3Prover__z3__1ea78bc99b58/history.json,9,8,0,2026-01-19T21:47:42+00:00,2026-07-14T00:13:31+00:00,2026-08-04T12:43:46+00:00,196.62226851851852,175.10126157407407,21.521006944444444,14.919693287037038,0.024074074074074074,7,5,267,42,309,43,42,85,7,0,1,0,0,2,7,0,2,6
Z3Prover/z3:.github/workflows/smtlib-benchmark-finder.md,Z3Prover/z3,.github/workflows/smtlib-benchmark-finder.md,Z3Prover__z3__6c8c834fa4d2/history.json,3,2,0,2026-05-26T22:28:11+00:00,2026-07-28T09:22:11+00:00,2026-08-04T12:43:45+00:00,69.59414351851852,62.454166666666666,7.139976851851852,31.227083333333333,16.228842592592592,3,3,348,1,349,6,1,7,2,0,0,0,0,1,2,0,1,1
Z3Prover/z3:.github/workflows/specbot-crash-analyzer.md,Z3Prover/z3,.github/workflows/specbot-crash-analyzer.md,Z3Prover__z3__02eb03f87b8e/history.json,5,4,0,2026-04-02T08:10:56+00:00,2026-07-28T09:22:11+00:00,2026-08-04T12:43:45+00:00,124.18945601851851,117.04947916666667,7.139976851851852,27.644375,0.3176967592592593,4,3,340,87,427,104,87,191,3,0,1,0,0,1,4,0,1,3
Z3Prover/z3:.github/workflows/tactic-to-simplifier.md,Z3Prover/z3,.github/workflows/tactic-to-simplifier.md,Z3Prover__z3__c355e82aef34/history.json,5,4,0,2026-02-21T03:22:56+00:00,2026-06-12T03:57:43+00:00,2026-08-04T12:43:47+00:00,164.38947916666666,111.0241550925926,53.365324074074074,18.869160879629632,19.693449074074074,5,4,282,3,285,4,3,7,4,0,0,0,0,1,4,0,1,3
Z3Prover/z3:.github/workflows/tptp-benchmark.md,Z3Prover/z3,.github/workflows/tptp-benchmark.md,Z3Prover__z3__566b95077e44/history.json,3,2,0,2026-05-13T10:05:08+00:00,2026-07-28T09:22:11+00:00,2026-08-04T12:43:46+00:00,83.11016203703704,75.97017361111111,7.139988425925926,37.985086805555554,29.744849537037037,3,3,552,1,553,6,1,7,2,0,0,0,0,1,2,0,1,1
Z3Prover/z3:.github/workflows/workflow-suggestion-agent.md,Z3Prover/z3,.github/workflows/workflow-suggestion-agent.md,Z3Prover__z3__8c9a24f626ec/history.json,7,6,0,2026-01-21T20:45:59+00:00,2026-07-28T09:22:11+00:00,2026-08-04T12:43:48+00:00,194.66515046296297,187.52513888888888,7.140011574074074,24.98455439814815,30.276481481481483,7,6,396,7,403,15,7,22,5,0,1,0,0,2,5,0,2,4
Z3Prover/z3:.github/workflows/zipt-code-reviewer.md,Z3Prover/z3,.github/workflows/zipt-code-reviewer.md,Z3Prover__z3__c631085daf5e/history.json,7,6,0,2026-03-03T00:51:52+00:00,2026-07-28T08:05:54+00:00,2026-08-04T12:43:48+00:00,154.49439814814815,147.30141203703704,7.192986111111111,14.599444444444444,9.798356481481482,6,4,272,11,283,19,11,30,5,1,0,0,0,3,4,0,2,4
zircote/rlm-rs:.github/workflows/docs-freshness.md,zircote/rlm-rs,.github/workflows/docs-freshness.md,zircote__rlm-rs__ca4ca90a393d/history.json,1,0,1,2026-02-26T21:36:38+00:00,2026-02-26T21:36:38+00:00,2026-08-04T12:43:46+00:00,158.6299537037037,0.0,158.6299537037037,,,1,1,78,0,78,0,0,0,0,0,0,0,0,1,0,0,0,0
ZSWatch/ZSWatch:.github/workflows/docs-pr-analyze.md,ZSWatch/ZSWatch,.github/workflows/docs-pr-analyze.md,ZSWatch__ZSWatch__9a53bdf5ca32/history.json,2,1,0,2026-02-18T16:39:41+00:00,2026-03-02T21:37:06+00:00,2026-08-04T12:43:47+00:00,166.83618055555556,12.206539351851852,154.6296412037037,12.206539351851852,12.206539351851852,2,2,137,10,147,6,10,16,0,0,1,0,0,2,0,0,1,0
zwave-js/bot-workflows:workflows/analyze-logfile-auto.md,zwave-js/bot-workflows,workflows/analyze-logfile-auto.md,zwave-js__bot-workflows__0b43730a4d17/history.json,6,5,0,2026-08-01T15:53:36+00:00,2026-08-04T08:21:13+00:00,2026-08-04T12:43:48+00:00,2.8681944444444443,2.6858449074074073,0.18234953703703705,0.05306712962962963,0.020925925925925924,3,1,150,10,160,9,10,19,4,1,0,0,0,6,0,0,5,0
zwave-js/bot-workflows:workflows/analyze-logfile-command.md,zwave-js/bot-workflows,workflows/analyze-logfile-command.md,zwave-js__bot-workflows__debe5f214d41/history.json,7,6,0,2026-08-01T15:53:36+00:00,2026-08-04T09:46:43+00:00,2026-08-04T12:43:49+00:00,2.8682060185185185,2.7452199074074075,0.12298611111111112,0.056221064814814814,0.020925925925925924,3,1,113,23,136,39,23,62,4,0,2,0,0,7,0,0,6,0
zwave-js/bot-workflows:workflows/answer-from-docs.md,zwave-js/bot-workflows,workflows/answer-from-docs.md,zwave-js__bot-workflows__bf906650c3db/history.json,4,3,0,2026-08-01T15:53:36+00:00,2026-08-03T18:19:47+00:00,2026-08-04T12:43:48+00:00,2.8681944444444443,2.101516203703704,0.7666782407407408,0.4117824074074074,0.020925925925925924,2,1,192,6,198,16,6,22,3,0,0,0,0,4,0,0,3,0
zwave-js/bot-workflows:workflows/classify-issue-repo.md,zwave-js/bot-workflows,workflows/classify-issue-repo.md,zwave-js__bot-workflows__b3a3819c7abc/history.json,4,3,0,2026-08-01T15:53:36+00:00,2026-08-03T18:19:47+00:00,2026-08-04T12:43:48+00:00,2.8681944444444443,2.101516203703704,0.7666782407407408,0.4117824074074074,0.020925925925925924,2,1,134,2,136,12,2,14,3,0,0,0,0,4,0,0,3,0
