source_key,source_full_name,md_path,history_relative,snapshot_relative,commit_sha,committed_at,language,language_probability,body_word_count,readability_word_count
adoptium/adoptium-support:.github/workflows/triage-issues.md,adoptium/adoptium-support,.github/workflows/triage-issues.md,adoptium__adoptium-support__7bac957bb7d2/history.json,adoptium__adoptium-support__7bac957bb7d2/snapshots/adoptium-support__adoptium__9b66bb27593fecbaafdf541ad68c126aaa1e2556__triage-issues.md,9b66bb27593fecbaafdf541ad68c126aaa1e2556,2026-07-01T18:52:21Z,en,0.9999974727798498,949,955
adoptium/adoptium.net:.github/workflows/modernize-apply.md,adoptium/adoptium.net,.github/workflows/modernize-apply.md,adoptium__adoptium.net__20c829793d07/history.json,adoptium__adoptium.net__20c829793d07/snapshots/adoptium.net__adoptium__11aec488d510642418122e614ec5f882f7adf73c__modernize-apply.md,11aec488d510642418122e614ec5f882f7adf73c,2026-06-20T09:02:51Z,en,0.999998048673849,1167,1187
adoptium/adoptium.net:.github/workflows/modernize-audit.md,adoptium/adoptium.net,.github/workflows/modernize-audit.md,adoptium__adoptium.net__bdd86fc6a0b4/history.json,adoptium__adoptium.net__bdd86fc6a0b4/snapshots/adoptium.net__adoptium__11aec488d510642418122e614ec5f882f7adf73c__modernize-audit.md,11aec488d510642418122e614ec5f882f7adf73c,2026-06-20T09:02:51Z,en,0.9999956038530242,1056,1154
adoptium/adoptium.net:.github/workflows/update-locales.md,adoptium/adoptium.net,.github/workflows/update-locales.md,adoptium__adoptium.net__1a14a9622360/history.json,adoptium__adoptium.net__1a14a9622360/snapshots/adoptium.net__adoptium__55eebafc94ea9401ef4c002b91245eb5ca3ed549__update-locales.md,55eebafc94ea9401ef4c002b91245eb5ca3ed549,2026-07-22T10:35:57Z,en,0.9999968654489156,473,491
adoptium/adoptium.net:.github/workflows/update-translations.md,adoptium/adoptium.net,.github/workflows/update-translations.md,adoptium__adoptium.net__e7bb13475f3c/history.json,adoptium__adoptium.net__e7bb13475f3c/snapshots/adoptium.net__adoptium__55eebafc94ea9401ef4c002b91245eb5ca3ed549__update-translations.md,55eebafc94ea9401ef4c002b91245eb5ca3ed549,2026-07-22T10:35:57Z,en,0.9999967959873222,556,573
adoptium/adoptium:.github/workflows/issue-burn-down.md,adoptium/adoptium,.github/workflows/issue-burn-down.md,adoptium__adoptium__348d0e7f1d5b/history.json,adoptium__adoptium__348d0e7f1d5b/snapshots/adoptium__adoptium__36d92f1c8ade846117808c39376a6174482ad502__issue-burn-down.md,36d92f1c8ade846117808c39376a6174482ad502,2026-07-08T23:32:16Z,en,0.9999965945606745,336,335
adoptium/adoptium:.github/workflows/periodic-faq.md,adoptium/adoptium,.github/workflows/periodic-faq.md,adoptium__adoptium__912216fcf670/history.json,adoptium__adoptium__912216fcf670/snapshots/adoptium__adoptium__4ea7a771efb053a0215482037aaec2464a42125d__periodic-faq.md,4ea7a771efb053a0215482037aaec2464a42125d,2026-07-20T12:26:51Z,en,0.9999978352004152,971,1004
adoptium/adoptium:.github/workflows/process-monitor.md,adoptium/adoptium,.github/workflows/process-monitor.md,adoptium__adoptium__fd781a76705e/history.json,adoptium__adoptium__fd781a76705e/snapshots/adoptium__adoptium__7ab78458fee4d99f9b9586eb62e8f833f127e6a0__process-monitor.md,7ab78458fee4d99f9b9586eb62e8f833f127e6a0,2026-07-23T11:37:44Z,en,0.999995514655959,553,543
adoptium/adoptium:.github/workflows/quarterly-report-deterministic.md,adoptium/adoptium,.github/workflows/quarterly-report-deterministic.md,adoptium__adoptium__9f300db9df6b/history.json,adoptium__adoptium__9f300db9df6b/snapshots/adoptium__adoptium__fcc9c2d0ee55f5dd8d7f49849c271c917264360e__quarterly-report-deterministic.md,fcc9c2d0ee55f5dd8d7f49849c271c917264360e,2026-07-12T19:50:34Z,en,0.9999993603881243,391,401
adoptium/adoptium:.github/workflows/release-blog-draft.md,adoptium/adoptium,.github/workflows/release-blog-draft.md,adoptium__adoptium__996d314d93e7/history.json,adoptium__adoptium__996d314d93e7/snapshots/adoptium__adoptium__87ec6215d36e66aebd3023b9e91211d9298977f8__release-blog-draft.md,87ec6215d36e66aebd3023b9e91211d9298977f8,2026-07-23T17:32:28Z,en,0.9999954631858918,845,870
adoptium/adoptium:.github/workflows/repo-status.md,adoptium/adoptium,.github/workflows/repo-status.md,adoptium__adoptium__ef739d61a269/history.json,adoptium__adoptium__ef739d61a269/snapshots/adoptium__adoptium__408b7ea45ad461ab69fb0681f55140a1fdab06f0__repo-status.md,408b7ea45ad461ab69fb0681f55140a1fdab06f0,2026-06-17T15:26:52Z,en,0.9999951042851514,177,170
adoptium/adoptium:.github/workflows/translation-2.md,adoptium/adoptium,.github/workflows/translation-2.md,adoptium__adoptium__1e7a6fe16fa6/history.json,adoptium__adoptium__1e7a6fe16fa6/snapshots/adoptium__adoptium__fe4380ea7714b3c2ac94846d28e2bc28079ddd7b__translation-2.md,fe4380ea7714b3c2ac94846d28e2bc28079ddd7b,2026-07-23T07:49:44Z,en,0.9999977415302626,711,702
adoptium/api.adoptium.net:.github/workflows/production-branch-checker.md,adoptium/api.adoptium.net,.github/workflows/production-branch-checker.md,adoptium__api.adoptium.net__82186b1fa74b/history.json,adoptium__api.adoptium.net__82186b1fa74b/snapshots/api.adoptium.net__adoptium__8e3298d5f343f00d363026dca5e30050130c2d7c__production-branch-checker.md,8e3298d5f343f00d363026dca5e30050130c2d7c,2026-06-01T10:55:32Z,en,0.9999944424999712,1350,1167
adoptium/containers:.github/workflows/dockerfile-readiness.md,adoptium/containers,.github/workflows/dockerfile-readiness.md,adoptium__containers__51516492bb01/history.json,adoptium__containers__51516492bb01/snapshots/containers__adoptium__165aa69451210b2ad7496bfc10d551a06ad1de85__dockerfile-readiness.md,165aa69451210b2ad7496bfc10d551a06ad1de85,2026-07-08T09:15:13Z,en,0.9999964135079059,1675,1692
advanced-security/advanced-security-material:.github/workflows/codeql-version-tracker.md,advanced-security/advanced-security-material,.github/workflows/codeql-version-tracker.md,advanced-security__advanced-security-material__1d091fa7a26a/history.json,advanced-security__advanced-security-material__1d091fa7a26a/snapshots/advanced-security-material__advanced-security__1da30c7a10f9a5a5ed51d2109a077f2763320285__codeql-version-tracker.md,1da30c7a10f9a5a5ed51d2109a077f2763320285,2026-06-23T16:41:59Z,en,0.9999959617226275,1163,1195
advanced-security/advanced-security-material:.github/workflows/update-ghas-matrix.md,advanced-security/advanced-security-material,.github/workflows/update-ghas-matrix.md,advanced-security__advanced-security-material__91d29d523583/history.json,advanced-security__advanced-security-material__91d29d523583/snapshots/advanced-security-material__advanced-security__a380fc71cec1fbda79d5b98020d784c32d6a84aa__update-ghas-matrix.md,a380fc71cec1fbda79d5b98020d784c32d6a84aa,2026-06-23T15:48:35Z,en,0.9999977345083875,1389,1367
advanced-security/generate-sbom-action:.github/workflows/security-quality-alert-fixer.md,advanced-security/generate-sbom-action,.github/workflows/security-quality-alert-fixer.md,advanced-security__generate-sbom-action__ef748576e229/history.json,advanced-security__generate-sbom-action__ef748576e229/snapshots/generate-sbom-action__advanced-security__d651e0979d5cae831eb9885b358fe494167742ab__security-quality-alert-fixer.md,d651e0979d5cae831eb9885b358fe494167742ab,2026-06-12T16:02:19Z,en,0.9999954984131584,242,244
agoncal/agoncal-application-vintagestore:.github/workflows/daily-repo-status.md,agoncal/agoncal-application-vintagestore,.github/workflows/daily-repo-status.md,agoncal__agoncal-application-vintagestore__acc93beb28a5/history.json,agoncal__agoncal-application-vintagestore__acc93beb28a5/snapshots/agoncal-application-vintagestore__agoncal__1e308efb1e91b3d505c672cd7339023482fb1e19__daily-repo-status.md,1e308efb1e91b3d505c672cd7339023482fb1e19,2026-06-22T16:29:51Z,en,0.9999963346952526,88,81
ahmadabdalla/azure-cost-calculator:.github/workflows/issue-triage-v2.md,ahmadabdalla/azure-cost-calculator,.github/workflows/issue-triage-v2.md,ahmadabdalla__azure-cost-calculator__588364ed284e/history.json,ahmadabdalla__azure-cost-calculator__588364ed284e/snapshots/azure-cost-calculator__ahmadabdalla__6d87b570b580b31c015bc787535484c11eafe5e0__issue-triage-v2.md,6d87b570b580b31c015bc787535484c11eafe5e0,2026-06-28T06:59:13Z,en,0.9999982536451586,850,673
ahmadabdalla/azure-cost-calculator:.github/workflows/weekly-release.md,ahmadabdalla/azure-cost-calculator,.github/workflows/weekly-release.md,ahmadabdalla__azure-cost-calculator__5cffd254edc6/history.json,ahmadabdalla__azure-cost-calculator__5cffd254edc6/snapshots/azure-cost-calculator__ahmadabdalla__b340c09d7ea5e2959c02adafb90bb1de80c2f82c__weekly-release.md,b340c09d7ea5e2959c02adafb90bb1de80c2f82c,2026-05-22T00:27:43Z,en,0.9999967492782914,919,858
Alfresco/alfresco-build-tools:.github/workflows/supply-chain-review.md,Alfresco/alfresco-build-tools,.github/workflows/supply-chain-review.md,Alfresco__alfresco-build-tools__e4f917510a51/history.json,Alfresco__alfresco-build-tools__e4f917510a51/snapshots/alfresco-build-tools__Alfresco__7479d99410acb8b63f78a5b17abb3b8ebec3a66d__supply-chain-review.md,7479d99410acb8b63f78a5b17abb3b8ebec3a66d,2026-07-02T07:48:05Z,en,0.9999971217968794,2070,1926
Alfresco/alfresco-helm-charts:.github/workflows/release-orchestrator.md,Alfresco/alfresco-helm-charts,.github/workflows/release-orchestrator.md,Alfresco__alfresco-helm-charts__d14058d84881/history.json,Alfresco__alfresco-helm-charts__d14058d84881/snapshots/alfresco-helm-charts__Alfresco__67e8b1cbda0a70819adb1a0b6cb1a62871667ce9__release-orchestrator.md,67e8b1cbda0a70819adb1a0b6cb1a62871667ce9,2026-07-23T09:20:21Z,en,0.9999969906171996,1962,1945
apache/cloudstack:.github/workflows/daily-repo-status.md,apache/cloudstack,.github/workflows/daily-repo-status.md,apache__cloudstack__51b924b888e1/history.json,apache__cloudstack__51b924b888e1/snapshots/cloudstack__apache__957bfbb1cddd1ffac718a2d3f135ded4a85b73d1__daily-repo-status.md,957bfbb1cddd1ffac718a2d3f135ded4a85b73d1,2026-06-17T18:15:03Z,en,0.9999963346952526,88,81
apolloconfig/apollo:.github/workflows/issue-triage.md,apolloconfig/apollo,.github/workflows/issue-triage.md,apolloconfig__apollo__9ef0241e0d88/history.json,apolloconfig__apollo__9ef0241e0d88/snapshots/apollo__apolloconfig__8d0ee32195976e598394357fcd44c8d71099c3f9__issue-triage.md,8d0ee32195976e598394357fcd44c8d71099c3f9,2026-02-13T08:31:15Z,en,0.9999971959199456,381,367
asizikov-demos/copilot-user-level-statistics-viewer:.github/workflows/dependency-audit.md,asizikov-demos/copilot-user-level-statistics-viewer,.github/workflows/dependency-audit.md,asizikov-demos__copilot-user-level-statistics-viewer__fa1a6b690330/history.json,asizikov-demos__copilot-user-level-statistics-viewer__fa1a6b690330/snapshots/copilot-user-level-statistics-viewer__asizikov-demos__a7c609d0eeed661dfd8bcf578af6343c5e8d0c11__dependency-audit.md,a7c609d0eeed661dfd8bcf578af6343c5e8d0c11,2026-06-19T13:32:43Z,en,0.9999959565238574,474,444
astronomer/dag-factory:.github/workflows/review-bot-prs.md,astronomer/dag-factory,.github/workflows/review-bot-prs.md,astronomer__dag-factory__832eea959c2c/history.json,astronomer__dag-factory__832eea959c2c/snapshots/dag-factory__astronomer__10c3b67fe7c2e73113cf8403528c443ca3845caa__review-bot-prs.md,10c3b67fe7c2e73113cf8403528c443ca3845caa,2026-06-23T13:35:35Z,en,0.9999969059661675,527,552
aztfmod/terraform-provider-azurecaf:.github/workflows/contributor-welcome.md,aztfmod/terraform-provider-azurecaf,.github/workflows/contributor-welcome.md,aztfmod__terraform-provider-azurecaf__4e43ba1fca21/history.json,aztfmod__terraform-provider-azurecaf__4e43ba1fca21/snapshots/terraform-provider-azurecaf__aztfmod__575609f79f8432185b89444d13113fa40d7e9553__contributor-welcome.md,575609f79f8432185b89444d13113fa40d7e9553,2026-03-23T08:48:57Z,en,0.9999972485757185,63,49
aztfmod/terraform-provider-azurecaf:.github/workflows/issue-to-pr-agent.md,aztfmod/terraform-provider-azurecaf,.github/workflows/issue-to-pr-agent.md,aztfmod__terraform-provider-azurecaf__0d1042d640bc/history.json,aztfmod__terraform-provider-azurecaf__0d1042d640bc/snapshots/terraform-provider-azurecaf__aztfmod__76763b42c2a7a3489689f9f3ba318908329c2432__issue-to-pr-agent.md,76763b42c2a7a3489689f9f3ba318908329c2432,2026-05-14T01:36:04Z,en,0.9999970855662074,172,148
aztfmod/terraform-provider-azurecaf:.github/workflows/nightly-regression.md,aztfmod/terraform-provider-azurecaf,.github/workflows/nightly-regression.md,aztfmod__terraform-provider-azurecaf__317451c92986/history.json,aztfmod__terraform-provider-azurecaf__317451c92986/snapshots/terraform-provider-azurecaf__aztfmod__8e30dcdffc957e3e6e5b610d02909abdb8ff24e7__nightly-regression.md,8e30dcdffc957e3e6e5b610d02909abdb8ff24e7,2026-05-14T04:01:35Z,en,0.9999976476333807,70,73
aztfmod/terraform-provider-azurecaf:.github/workflows/pr-review-agent.md,aztfmod/terraform-provider-azurecaf,.github/workflows/pr-review-agent.md,aztfmod__terraform-provider-azurecaf__a67c7ec65ae0/history.json,aztfmod__terraform-provider-azurecaf__a67c7ec65ae0/snapshots/terraform-provider-azurecaf__aztfmod__565acfd136f10c018900183d9f29364487dd06e3__pr-review-agent.md,565acfd136f10c018900183d9f29364487dd06e3,2026-05-19T03:20:59Z,en,0.9999975435350175,178,176
aztfmod/terraform-provider-azurecaf:.github/workflows/release-labeler.md,aztfmod/terraform-provider-azurecaf,.github/workflows/release-labeler.md,aztfmod__terraform-provider-azurecaf__1a698fb1e09d/history.json,aztfmod__terraform-provider-azurecaf__1a698fb1e09d/snapshots/terraform-provider-azurecaf__aztfmod__76763b42c2a7a3489689f9f3ba318908329c2432__release-labeler.md,76763b42c2a7a3489689f9f3ba318908329c2432,2026-05-14T01:36:04Z,en,0.9999952353739097,398,384
aztfmod/terraform-provider-azurecaf:.github/workflows/release-validation.md,aztfmod/terraform-provider-azurecaf,.github/workflows/release-validation.md,aztfmod__terraform-provider-azurecaf__25a2644d7a9c/history.json,aztfmod__terraform-provider-azurecaf__25a2644d7a9c/snapshots/terraform-provider-azurecaf__aztfmod__7dd89ebc7aa019ef00ee011927d6067b5f6fdf28__release-validation.md,7dd89ebc7aa019ef00ee011927d6067b5f6fdf28,2026-05-25T03:47:07Z,en,0.9999976165488168,152,171
aztfmod/terraform-provider-azurecaf:.github/workflows/weekly-azure-sync.md,aztfmod/terraform-provider-azurecaf,.github/workflows/weekly-azure-sync.md,aztfmod__terraform-provider-azurecaf__5d458392d64b/history.json,aztfmod__terraform-provider-azurecaf__5d458392d64b/snapshots/terraform-provider-azurecaf__aztfmod__a59df36ab7592e4b88bc8b65b68edb1b008b8313__weekly-azure-sync.md,a59df36ab7592e4b88bc8b65b68edb1b008b8313,2026-05-14T03:42:05Z,en,0.9999974287139359,200,219
Azure-Samples/Legacy-Modernization-Agents:.github/workflows/documentation-audit.md,Azure-Samples/Legacy-Modernization-Agents,.github/workflows/documentation-audit.md,Azure-Samples__Legacy-Modernization-Agents__3c40b8038f6f/history.json,Azure-Samples__Legacy-Modernization-Agents__3c40b8038f6f/snapshots/Legacy-Modernization-Agents__Azure-Samples__5fe928605d33e0755f9dc18cf09690245aee7f77__documentation-audit.md,5fe928605d33e0755f9dc18cf09690245aee7f77,2026-02-20T12:45:54Z,en,0.9999947320406368,679,646
Azure-Samples/Legacy-Modernization-Agents:.github/workflows/documentation-updater.md,Azure-Samples/Legacy-Modernization-Agents,.github/workflows/documentation-updater.md,Azure-Samples__Legacy-Modernization-Agents__86dbdeea2d66/history.json,Azure-Samples__Legacy-Modernization-Agents__86dbdeea2d66/snapshots/Legacy-Modernization-Agents__Azure-Samples__00f8df9781ae3ddac8a57105a15797b717d73669__documentation-updater.md,00f8df9781ae3ddac8a57105a15797b717d73669,2026-02-20T09:46:17Z,en,0.999996783116438,878,822
Azure/apiops-cli:.github/workflows/doc-freshness.md,Azure/apiops-cli,.github/workflows/doc-freshness.md,Azure__apiops-cli__a8423f7c903e/history.json,Azure__apiops-cli__a8423f7c903e/snapshots/apiops-cli__Azure__926f2f1af1232651fb60e45841c735f17fed9cac__doc-freshness.md,926f2f1af1232651fb60e45841c735f17fed9cac,2026-07-02T16:23:11Z,en,0.9999964393122851,556,494
Azure/apiops-cli:.github/workflows/issue-go-clarify.md,Azure/apiops-cli,.github/workflows/issue-go-clarify.md,Azure__apiops-cli__23a822b0b760/history.json,Azure__apiops-cli__23a822b0b760/snapshots/apiops-cli__Azure__45c3345d0bc0c9f6f551ccbcbf0951a3391c94be__issue-go-clarify.md,45c3345d0bc0c9f6f551ccbcbf0951a3391c94be,2026-07-02T18:23:31Z,en,0.9999985745986859,202,198
Azure/apiops-cli:.github/workflows/issue-go-yes.md,Azure/apiops-cli,.github/workflows/issue-go-yes.md,Azure__apiops-cli__e4bc86b90787/history.json,Azure__apiops-cli__e4bc86b90787/snapshots/apiops-cli__Azure__45c3345d0bc0c9f6f551ccbcbf0951a3391c94be__issue-go-yes.md,45c3345d0bc0c9f6f551ccbcbf0951a3391c94be,2026-07-02T18:23:31Z,en,0.9999967552651652,301,322
Azure/apiops-cli:.github/workflows/issue-triage.md,Azure/apiops-cli,.github/workflows/issue-triage.md,Azure__apiops-cli__52e60173aa37/history.json,Azure__apiops-cli__52e60173aa37/snapshots/apiops-cli__Azure__926f2f1af1232651fb60e45841c735f17fed9cac__issue-triage.md,926f2f1af1232651fb60e45841c735f17fed9cac,2026-07-02T16:23:11Z,en,0.9999947747031468,632,542
Azure/AppConfiguration-KubernetesProvider:.github/workflows/issue-triage.md,Azure/AppConfiguration-KubernetesProvider,.github/workflows/issue-triage.md,Azure__AppConfiguration-KubernetesProvider__d7d8754fd15a/history.json,Azure__AppConfiguration-KubernetesProvider__d7d8754fd15a/snapshots/AppConfiguration-KubernetesProvider__Azure__766ee6d5607a68e95b6a3e74ca8b0e891f216b95__issue-triage.md,766ee6d5607a68e95b6a3e74ca8b0e891f216b95,2026-03-05T06:35:15Z,en,0.9999969037720975,498,473
Azure/AppConfiguration:.github/workflows/issue-triage.md,Azure/AppConfiguration,.github/workflows/issue-triage.md,Azure__AppConfiguration__25b1aee20727/history.json,Azure__AppConfiguration__25b1aee20727/snapshots/AppConfiguration__Azure__06380ae933e338430875693eedc0d65a11721cc9__issue-triage.md,06380ae933e338430875693eedc0d65a11721cc9,2026-03-05T10:04:48Z,en,0.9999984406669933,349,328
Azure/azure-dev:.github/workflows/extension-pr-labeler.md,Azure/azure-dev,.github/workflows/extension-pr-labeler.md,Azure__azure-dev__114a0180dc36/history.json,Azure__azure-dev__114a0180dc36/snapshots/azure-dev__Azure__b7994778e5cd2f994344052b04ad8ecbf76d8603__extension-pr-labeler.md,b7994778e5cd2f994344052b04ad8ecbf76d8603,2026-06-19T21:35:52Z,en,0.9999952529804663,298,313
Azure/azure-dev:.github/workflows/update-instructions-from-pr-reviews.md,Azure/azure-dev,.github/workflows/update-instructions-from-pr-reviews.md,Azure__azure-dev__825d9b0a6bfc/history.json,Azure__azure-dev__825d9b0a6bfc/snapshots/azure-dev__Azure__830da92a150b2415883b18d598dd138d29868f01__update-instructions-from-pr-reviews.md,830da92a150b2415883b18d598dd138d29868f01,2026-07-09T20:49:33Z,en,0.9999957958860703,1151,1153
Azure/Azure-Landing-Zones:.github/workflows/issue-triage.md,Azure/Azure-Landing-Zones,.github/workflows/issue-triage.md,Azure__Azure-Landing-Zones__b41b433ea1d2/history.json,Azure__Azure-Landing-Zones__b41b433ea1d2/snapshots/Azure-Landing-Zones__Azure__60661f6836304aeeac1228fa1d79fdfa35af9ba6__issue-triage.md,60661f6836304aeeac1228fa1d79fdfa35af9ba6,2026-07-27T08:19:40Z,en,0.9999966843725401,1973,1751
Azure/azure-rest-api-specs:.github/workflows/hero-scenarios.md,Azure/azure-rest-api-specs,.github/workflows/hero-scenarios.md,Azure__azure-rest-api-specs__bdf5bad76d48/history.json,Azure__azure-rest-api-specs__bdf5bad76d48/snapshots/azure-rest-api-specs__Azure__1952b56053e5550ca15b6dc71d0684a08c8e18f6__hero-scenarios.md,1952b56053e5550ca15b6dc71d0684a08c8e18f6,2026-07-27T19:23:52Z,en,0.9999956261158127,26,24
Azure/azure-rest-api-specs:.github/workflows/sdk-generation-agent.md,Azure/azure-rest-api-specs,.github/workflows/sdk-generation-agent.md,Azure__azure-rest-api-specs__25aa2360323d/history.json,Azure__azure-rest-api-specs__25aa2360323d/snapshots/azure-rest-api-specs__Azure__1952b56053e5550ca15b6dc71d0684a08c8e18f6__sdk-generation-agent.md,1952b56053e5550ca15b6dc71d0684a08c8e18f6,2026-07-27T19:23:52Z,en,0.9999962205721069,896,914
Azure/azure-sdk-for-go:.github/workflows/issue-triage.md,Azure/azure-sdk-for-go,.github/workflows/issue-triage.md,Azure__azure-sdk-for-go__75f54fd0930f/history.json,Azure__azure-sdk-for-go__75f54fd0930f/snapshots/azure-sdk-for-go__Azure__59a0a8bf07763b41b673060a258a949208e44d55__issue-triage.md,59a0a8bf07763b41b673060a258a949208e44d55,2026-07-07T16:30:14Z,en,0.999996674466102,1741,1754
Azure/azure-sdk-for-go:.github/workflows/mgmt-review.md,Azure/azure-sdk-for-go,.github/workflows/mgmt-review.md,Azure__azure-sdk-for-go__255515ebf47a/history.json,Azure__azure-sdk-for-go__255515ebf47a/snapshots/azure-sdk-for-go__Azure__91d7a1df2d4488c22f50ecb19135ae8db4c41fc8__mgmt-review.md,91d7a1df2d4488c22f50ecb19135ae8db4c41fc8,2026-06-30T05:08:04Z,en,0.9999937382606479,995,805
Azure/azure-sdk-for-java:.github/workflows/issue-triage.md,Azure/azure-sdk-for-java,.github/workflows/issue-triage.md,Azure__azure-sdk-for-java__f6d1c4fe13b6/history.json,Azure__azure-sdk-for-java__f6d1c4fe13b6/snapshots/azure-sdk-for-java__Azure__dec60386a0f8cfe3e6c869f54c7f151456796d75__issue-triage.md,dec60386a0f8cfe3e6c869f54c7f151456796d75,2026-06-29T23:05:57Z,en,0.9999962117100634,2335,2369
Azure/azure-sdk-for-js:.github/workflows/agent-observability.md,Azure/azure-sdk-for-js,.github/workflows/agent-observability.md,Azure__azure-sdk-for-js__c41e09b4eac0/history.json,Azure__azure-sdk-for-js__c41e09b4eac0/snapshots/azure-sdk-for-js__Azure__b7ba38c46bfa135a5590f5445aced1c6a5dc38d9__agent-observability.md,b7ba38c46bfa135a5590f5445aced1c6a5dc38d9,2026-06-25T20:11:44Z,en,0.99999588707542,340,300
Azure/azure-sdk-for-js:.github/workflows/archie.md,Azure/azure-sdk-for-js,.github/workflows/archie.md,Azure__azure-sdk-for-js__de929128541a/history.json,Azure__azure-sdk-for-js__de929128541a/snapshots/azure-sdk-for-js__Azure__e7033f9a15f6481287ebea2cc205d14aa555e8ba__archie.md,e7033f9a15f6481287ebea2cc205d14aa555e8ba,2026-07-08T00:57:42Z,en,0.9999968292658057,486,475
Azure/azure-sdk-for-js:.github/workflows/dash.md,Azure/azure-sdk-for-js,.github/workflows/dash.md,Azure__azure-sdk-for-js__6926e36233b4/history.json,Azure__azure-sdk-for-js__6926e36233b4/snapshots/azure-sdk-for-js__Azure__e7033f9a15f6481287ebea2cc205d14aa555e8ba__dash.md,e7033f9a15f6481287ebea2cc205d14aa555e8ba,2026-07-08T00:57:42Z,en,0.9999957909746098,772,764
Azure/azure-sdk-for-js:.github/workflows/dexter.md,Azure/azure-sdk-for-js,.github/workflows/dexter.md,Azure__azure-sdk-for-js__b4b6be41c405/history.json,Azure__azure-sdk-for-js__b4b6be41c405/snapshots/azure-sdk-for-js__Azure__e7033f9a15f6481287ebea2cc205d14aa555e8ba__dexter.md,e7033f9a15f6481287ebea2cc205d14aa555e8ba,2026-07-08T00:57:42Z,en,0.9999957798692793,490,471
Azure/azure-sdk-for-js:.github/workflows/docs-consistency-check.md,Azure/azure-sdk-for-js,.github/workflows/docs-consistency-check.md,Azure__azure-sdk-for-js__f2d19c977dcf/history.json,Azure__azure-sdk-for-js__f2d19c977dcf/snapshots/azure-sdk-for-js__Azure__ad29abf7edf741af60e610ec9370993345a746e0__docs-consistency-check.md,ad29abf7edf741af60e610ec9370993345a746e0,2026-07-28T00:26:29Z,en,0.9999967231152063,904,889
Azure/azure-sdk-for-js:.github/workflows/issue-triage.md,Azure/azure-sdk-for-js,.github/workflows/issue-triage.md,Azure__azure-sdk-for-js__2855e1a8808a/history.json,Azure__azure-sdk-for-js__2855e1a8808a/snapshots/azure-sdk-for-js__Azure__e7033f9a15f6481287ebea2cc205d14aa555e8ba__issue-triage.md,e7033f9a15f6481287ebea2cc205d14aa555e8ba,2026-07-08T00:57:42Z,en,0.9999967128151764,2015,2033
Azure/azure-sdk-for-js:.github/workflows/mgmt-guidance.md,Azure/azure-sdk-for-js,.github/workflows/mgmt-guidance.md,Azure__azure-sdk-for-js__9ebd8247e49b/history.json,Azure__azure-sdk-for-js__9ebd8247e49b/snapshots/azure-sdk-for-js__Azure__9bd2a0448c1cfac4d66ea465619477a057a0a0bf__mgmt-guidance.md,9bd2a0448c1cfac4d66ea465619477a057a0a0bf,2026-07-13T01:15:45Z,en,0.999996181196169,276,179
Azure/azure-sdk-for-js:.github/workflows/mgmt-review.md,Azure/azure-sdk-for-js,.github/workflows/mgmt-review.md,Azure__azure-sdk-for-js__e270cefb17b8/history.json,Azure__azure-sdk-for-js__e270cefb17b8/snapshots/azure-sdk-for-js__Azure__9bd2a0448c1cfac4d66ea465619477a057a0a0bf__mgmt-review.md,9bd2a0448c1cfac4d66ea465619477a057a0a0bf,2026-07-13T01:15:45Z,en,0.9999965943509761,560,535
Azure/azure-sdk-for-js:.github/workflows/scribe.md,Azure/azure-sdk-for-js,.github/workflows/scribe.md,Azure__azure-sdk-for-js__705da3dc5158/history.json,Azure__azure-sdk-for-js__705da3dc5158/snapshots/azure-sdk-for-js__Azure__e7033f9a15f6481287ebea2cc205d14aa555e8ba__scribe.md,e7033f9a15f6481287ebea2cc205d14aa555e8ba,2026-07-08T00:57:42Z,en,0.9999969328639517,457,441
Azure/azure-sdk-for-js:.github/workflows/sentinel.md,Azure/azure-sdk-for-js,.github/workflows/sentinel.md,Azure__azure-sdk-for-js__89a5f6470a62/history.json,Azure__azure-sdk-for-js__89a5f6470a62/snapshots/azure-sdk-for-js__Azure__e7033f9a15f6481287ebea2cc205d14aa555e8ba__sentinel.md,e7033f9a15f6481287ebea2cc205d14aa555e8ba,2026-07-08T00:57:42Z,en,0.9999961208595627,585,578
Azure/azure-sdk-for-js:.github/workflows/tester.md,Azure/azure-sdk-for-js,.github/workflows/tester.md,Azure__azure-sdk-for-js__38368e2af7ea/history.json,Azure__azure-sdk-for-js__38368e2af7ea/snapshots/azure-sdk-for-js__Azure__e7033f9a15f6481287ebea2cc205d14aa555e8ba__tester.md,e7033f9a15f6481287ebea2cc205d14aa555e8ba,2026-07-08T00:57:42Z,en,0.9999957601765689,460,432
Azure/azure-sdk-for-js:.github/workflows/upgrade-agentic-workflows.md,Azure/azure-sdk-for-js,.github/workflows/upgrade-agentic-workflows.md,Azure__azure-sdk-for-js__5468e0a574cd/history.json,Azure__azure-sdk-for-js__5468e0a574cd/snapshots/azure-sdk-for-js__Azure__efe3f03339cdc430b10ea0d8f440fd961ab67877__upgrade-agentic-workflows.md,efe3f03339cdc430b10ea0d8f440fd961ab67877,2026-07-23T21:11:43Z,en,0.9999971798700676,155,162
Azure/azure-sdk-for-net:.github/workflows/issue-triage.md,Azure/azure-sdk-for-net,.github/workflows/issue-triage.md,Azure__azure-sdk-for-net__dbb57a87a055/history.json,Azure__azure-sdk-for-net__dbb57a87a055/snapshots/azure-sdk-for-net__Azure__d0085ceefb89c6e3faad0c19a0c8a1bd3f6547b8__issue-triage.md,d0085ceefb89c6e3faad0c19a0c8a1bd3f6547b8,2026-06-29T21:15:53Z,en,0.9999970659185506,2255,2268
Azure/azure-sdk-for-net:.github/workflows/mgmt-review.md,Azure/azure-sdk-for-net,.github/workflows/mgmt-review.md,Azure__azure-sdk-for-net__815c1500295a/history.json,Azure__azure-sdk-for-net__815c1500295a/snapshots/azure-sdk-for-net__Azure__61f610103ad05bc376404f650ce39b03e31a95e0__mgmt-review.md,61f610103ad05bc376404f650ce39b03e31a95e0,2026-07-28T08:02:22Z,en,0.9999988562674975,1787,1863
Azure/azure-sdk-for-net:.github/workflows/provisioning-review.md,Azure/azure-sdk-for-net,.github/workflows/provisioning-review.md,Azure__azure-sdk-for-net__c55b7b123f79/history.json,Azure__azure-sdk-for-net__c55b7b123f79/snapshots/azure-sdk-for-net__Azure__3d12196f4bc8bb231e8bee3186809c7a5897687c__provisioning-review.md,3d12196f4bc8bb231e8bee3186809c7a5897687c,2026-07-15T08:13:51Z,en,0.9999939797050732,1479,1541
Azure/azure-sdk-for-net:.github/workflows/sdk-build-repair.md,Azure/azure-sdk-for-net,.github/workflows/sdk-build-repair.md,Azure__azure-sdk-for-net__a5db474b6ff5/history.json,Azure__azure-sdk-for-net__a5db474b6ff5/snapshots/azure-sdk-for-net__Azure__f309c481796efc68dfd6d4ff8176d1dfa4fb5e84__sdk-build-repair.md,f309c481796efc68dfd6d4ff8176d1dfa4fb5e84,2026-07-29T22:18:14Z,en,0.9999987289308536,587,613
Azure/azure-sdk-for-python:.github/workflows/doc-consistency-check.md,Azure/azure-sdk-for-python,.github/workflows/doc-consistency-check.md,Azure__azure-sdk-for-python__41c17294c7ee/history.json,Azure__azure-sdk-for-python__41c17294c7ee/snapshots/azure-sdk-for-python__Azure__3bf57733508a0fa5dfa4044155c0bf171a797c46__doc-consistency-check.md,3bf57733508a0fa5dfa4044155c0bf171a797c46,2026-04-27T23:39:28Z,en,0.9999957343528623,212,215
Azure/azure-sdk-for-python:.github/workflows/issue-triage.md,Azure/azure-sdk-for-python,.github/workflows/issue-triage.md,Azure__azure-sdk-for-python__fd6d512c866f/history.json,Azure__azure-sdk-for-python__fd6d512c866f/snapshots/azure-sdk-for-python__Azure__71089c7bb775604d770bcf8dcaaddad8e76ab583__issue-triage.md,71089c7bb775604d770bcf8dcaaddad8e76ab583,2026-06-29T16:57:53Z,en,0.9999979953077094,1728,1726
Azure/azure-sdk-for-python:.github/workflows/pipeline-analysis-next-steps.md,Azure/azure-sdk-for-python,.github/workflows/pipeline-analysis-next-steps.md,Azure__azure-sdk-for-python__20852a170678/history.json,Azure__azure-sdk-for-python__20852a170678/snapshots/azure-sdk-for-python__Azure__cbc3f7f55b5b40ebd67ea62d1ff431a934f4866f__pipeline-analysis-next-steps.md,cbc3f7f55b5b40ebd67ea62d1ff431a934f4866f,2026-07-20T20:53:42Z,en,0.9999969075220788,448,437
Azure/azure-sdk-for-rust:.github/workflows/review-sdk.md,Azure/azure-sdk-for-rust,.github/workflows/review-sdk.md,Azure__azure-sdk-for-rust__889292f14ec9/history.json,Azure__azure-sdk-for-rust__889292f14ec9/snapshots/azure-sdk-for-rust__Azure__53684cf29aeeb9d589da43be8988c23dcad5bef2__review-sdk.md,53684cf29aeeb9d589da43be8988c23dcad5bef2,2026-07-28T22:46:27Z,en,0.9999961650906184,303,325
Azure/git-ape:.github/workflows/git-ape-workshop-content-updater.md,Azure/git-ape,.github/workflows/git-ape-workshop-content-updater.md,Azure__git-ape__0944b76af598/history.json,Azure__git-ape__0944b76af598/snapshots/git-ape__Azure__582c24d9ea976cb765a4d894336bc1203231dfa1__git-ape-workshop-content-updater.md,582c24d9ea976cb765a4d894336bc1203231dfa1,2026-06-18T05:26:45Z,en,0.9999976524631903,1127,1057
Azure/LogicAppsUX:.github/workflows/issue-triage-agent.md,Azure/LogicAppsUX,.github/workflows/issue-triage-agent.md,Azure__LogicAppsUX__63d3b1cdae53/history.json,Azure__LogicAppsUX__63d3b1cdae53/snapshots/LogicAppsUX__Azure__4b65a82a99a397179c94ff0c8b7710bcbe36778f__issue-triage-agent.md,4b65a82a99a397179c94ff0c8b7710bcbe36778f,2026-07-27T13:41:16Z,en,0.9999973679967773,1703,1486
Azure/LogicAppsUX:.github/workflows/issue-triage-feedback.md,Azure/LogicAppsUX,.github/workflows/issue-triage-feedback.md,Azure__LogicAppsUX__19ebf445f77b/history.json,Azure__LogicAppsUX__19ebf445f77b/snapshots/LogicAppsUX__Azure__4b65a82a99a397179c94ff0c8b7710bcbe36778f__issue-triage-feedback.md,4b65a82a99a397179c94ff0c8b7710bcbe36778f,2026-07-27T13:41:16Z,en,0.9999959717718482,559,516
Azure/typespec-azure:.github/workflows/doc-update.md,Azure/typespec-azure,.github/workflows/doc-update.md,Azure__typespec-azure__ae681717300d/history.json,Azure__typespec-azure__ae681717300d/snapshots/typespec-azure__Azure__ef138e0fbf44e884373af732a9359ddd19128ae0__doc-update.md,ef138e0fbf44e884373af732a9359ddd19128ae0,2026-07-30T00:28:13Z,en,0.9999966206504233,571,587
Azure/typespec-azure:.github/workflows/docs-sync.md,Azure/typespec-azure,.github/workflows/docs-sync.md,Azure__typespec-azure__3a84b59ddb26/history.json,Azure__typespec-azure__3a84b59ddb26/snapshots/typespec-azure__Azure__14692f9213b6f0ae52bc73a1b5142921854396ee__docs-sync.md,14692f9213b6f0ae52bc73a1b5142921854396ee,2026-06-25T02:41:01Z,en,0.9999961480421734,381,388
benbalter/wordpress-static-site-exporter:.github/workflows/ci-failure-analysis.md,benbalter/wordpress-static-site-exporter,.github/workflows/ci-failure-analysis.md,benbalter__wordpress-static-site-exporter__56b3e00bb11d/history.json,benbalter__wordpress-static-site-exporter__56b3e00bb11d/snapshots/wordpress-static-site-exporter__benbalter__cc4f082439eecd611f7418accdfbc28b2c08fc47__ci-failure-analysis.md,cc4f082439eecd611f7418accdfbc28b2c08fc47,2026-03-17T21:18:10Z,en,0.9999978554828589,281,275
benbalter/wordpress-static-site-exporter:.github/workflows/issue-triage.md,benbalter/wordpress-static-site-exporter,.github/workflows/issue-triage.md,benbalter__wordpress-static-site-exporter__2aa44f8ca2aa/history.json,benbalter__wordpress-static-site-exporter__2aa44f8ca2aa/snapshots/wordpress-static-site-exporter__benbalter__dda26858f6617bebe4475ad4c961fdbd6e87e289__issue-triage.md,dda26858f6617bebe4475ad4c961fdbd6e87e289,2026-03-17T21:01:29Z,en,0.9999952370403237,269,266
benbalter/wordpress-static-site-exporter:.github/workflows/pr-review.md,benbalter/wordpress-static-site-exporter,.github/workflows/pr-review.md,benbalter__wordpress-static-site-exporter__35526affc593/history.json,benbalter__wordpress-static-site-exporter__35526affc593/snapshots/wordpress-static-site-exporter__benbalter__cc4f082439eecd611f7418accdfbc28b2c08fc47__pr-review.md,cc4f082439eecd611f7418accdfbc28b2c08fc47,2026-03-17T21:18:10Z,en,0.9999966957445643,251,244
benbalter/wordpress-static-site-exporter:.github/workflows/release-notes.md,benbalter/wordpress-static-site-exporter,.github/workflows/release-notes.md,benbalter__wordpress-static-site-exporter__bb9cc6f641ef/history.json,benbalter__wordpress-static-site-exporter__bb9cc6f641ef/snapshots/wordpress-static-site-exporter__benbalter__cc4f082439eecd611f7418accdfbc28b2c08fc47__release-notes.md,cc4f082439eecd611f7418accdfbc28b2c08fc47,2026-03-17T21:18:10Z,en,0.9999970362013868,220,210
Bertverbeek4PS/bc2adls:.github/workflows/ai-moderator.md,Bertverbeek4PS/bc2adls,.github/workflows/ai-moderator.md,Bertverbeek4PS__bc2adls__54706b5aaf85/history.json,Bertverbeek4PS__bc2adls__54706b5aaf85/snapshots/bc2adls__Bertverbeek4PS__b7a7387e87f4ab3f2a6582f968828d9d1b7d7d6c__ai-moderator.md,b7a7387e87f4ab3f2a6582f968828d9d1b7d7d6c,2026-03-30T14:34:35Z,en,0.9999955564021599,566,564
Bertverbeek4PS/bc2adls:.github/workflows/auto-triage-issues.md,Bertverbeek4PS/bc2adls,.github/workflows/auto-triage-issues.md,Bertverbeek4PS__bc2adls__4d46e2d30e32/history.json,Bertverbeek4PS__bc2adls__4d46e2d30e32/snapshots/bc2adls__Bertverbeek4PS__c79861a7249927a1192a4a39de5421a04a0cd751__auto-triage-issues.md,c79861a7249927a1192a4a39de5421a04a0cd751,2026-03-30T14:05:39Z,en,0.9999943235576969,882,865
Bertverbeek4PS/bc2adls:.github/workflows/pr-triage-agent.md,Bertverbeek4PS/bc2adls,.github/workflows/pr-triage-agent.md,Bertverbeek4PS__bc2adls__cb23447a755a/history.json,Bertverbeek4PS__bc2adls__cb23447a755a/snapshots/bc2adls__Bertverbeek4PS__b7a7387e87f4ab3f2a6582f968828d9d1b7d7d6c__pr-triage-agent.md,b7a7387e87f4ab3f2a6582f968828d9d1b7d7d6c,2026-03-30T14:34:35Z,en,0.9999967221587558,388,374
Bertverbeek4PS/bc2adls:.github/workflows/weekly-issue-summary.md,Bertverbeek4PS/bc2adls,.github/workflows/weekly-issue-summary.md,Bertverbeek4PS__bc2adls__9339af960346/history.json,Bertverbeek4PS__bc2adls__9339af960346/snapshots/bc2adls__Bertverbeek4PS__b7a7387e87f4ab3f2a6582f968828d9d1b7d7d6c__weekly-issue-summary.md,b7a7387e87f4ab3f2a6582f968828d9d1b7d7d6c,2026-03-30T14:34:35Z,en,0.9999978596221258,376,370
BMayhew/awesome-sites-to-test-on:.github/workflows/issue-site-submission.md,BMayhew/awesome-sites-to-test-on,.github/workflows/issue-site-submission.md,BMayhew__awesome-sites-to-test-on__86c974f992c3/history.json,BMayhew__awesome-sites-to-test-on__86c974f992c3/snapshots/awesome-sites-to-test-on__BMayhew__8ea1dd8d4b91e0912eb032ecd967041825264445__issue-site-submission.md,8ea1dd8d4b91e0912eb032ecd967041825264445,2026-03-02T06:45:06Z,en,0.9999964300083094,900,814
bob-collective/bob:.github/workflows/openapi-docs-sync.md,bob-collective/bob,.github/workflows/openapi-docs-sync.md,bob-collective__bob__9ab337822050/history.json,bob-collective__bob__9ab337822050/snapshots/bob__bob-collective__32dab71587e8a1f4993c29c41b15b1d75d03b9b6__openapi-docs-sync.md,32dab71587e8a1f4993c29c41b15b1d75d03b9b6,2026-03-20T17:29:39Z,en,0.999996825716804,263,253
brunoborges/fx2048:.github/workflows/create-sample-issue.md,brunoborges/fx2048,.github/workflows/create-sample-issue.md,brunoborges__fx2048__1917cacce299/history.json,brunoborges__fx2048__1917cacce299/snapshots/fx2048__brunoborges__61680e160fbe899b4ab7a34199d7b26252604657__create-sample-issue.md,61680e160fbe899b4ab7a34199d7b26252604657,2026-02-09T23:27:44Z,en,0.9999965937333363,29,28
brunoborges/jairosvg:.github/workflows/effort-labeler.md,brunoborges/jairosvg,.github/workflows/effort-labeler.md,brunoborges__jairosvg__01bd0967261b/history.json,brunoborges__jairosvg__01bd0967261b/snapshots/jairosvg__brunoborges__e7e08e3370455bab2ea04e16d4c116a7a542cfa3__effort-labeler.md,e7e08e3370455bab2ea04e16d4c116a7a542cfa3,2026-04-01T19:42:47Z,en,0.9999966519535685,350,345
camunda/camunda:.github/workflows/ci-cost-analysis.md,camunda/camunda,.github/workflows/ci-cost-analysis.md,camunda__camunda__44cab1e14de4/history.json,camunda__camunda__44cab1e14de4/snapshots/camunda__camunda__103519da04465344828023b47fd1270d0a0eb344__ci-cost-analysis.md,103519da04465344828023b47fd1270d0a0eb344,2026-07-07T12:12:46Z,en,0.9999965331916832,904,967
canonical/canonical.com:.github/workflows/copilot-assignment.md,canonical/canonical.com,.github/workflows/copilot-assignment.md,canonical__canonical.com__eaec8af0000e/history.json,canonical__canonical.com__eaec8af0000e/snapshots/canonical.com__canonical__307c4a3814e833cb3386b579d26253f27dbee8d9__copilot-assignment.md,307c4a3814e833cb3386b579d26253f27dbee8d9,2026-07-24T08:37:35Z,en,0.9999976920544076,25,25
canonical/paas-charm:.github/workflows/weekly-agents-md-maintenance.md,canonical/paas-charm,.github/workflows/weekly-agents-md-maintenance.md,canonical__paas-charm__59800434a1d7/history.json,canonical__paas-charm__59800434a1d7/snapshots/paas-charm__canonical__10fa18da0a0de34aec389e0b559db98bcb66b7b4__weekly-agents-md-maintenance.md,10fa18da0a0de34aec389e0b559db98bcb66b7b4,2026-07-23T10:02:12Z,en,0.9999955884242411,146,146
canonical/ubuntu.com:.github/workflows/copilot-assignment.md,canonical/ubuntu.com,.github/workflows/copilot-assignment.md,canonical__ubuntu.com__8223c2653bc5/history.json,canonical__ubuntu.com__8223c2653bc5/snapshots/ubuntu.com__canonical__f6e4f04741de2f872298485784ac75f8c4bb8d5d__copilot-assignment.md,f6e4f04741de2f872298485784ac75f8c4bb8d5d,2026-07-13T07:56:53Z,en,0.9999976920544076,25,25
carlkidcrypto/ezsnmp:.github/workflows/auto_change_log.md,carlkidcrypto/ezsnmp,.github/workflows/auto_change_log.md,carlkidcrypto__ezsnmp__85784c671a0e/history.json,carlkidcrypto__ezsnmp__85784c671a0e/snapshots/ezsnmp__carlkidcrypto__4c47d0bc601b5a603c31353ae58303824f85a012__auto_change_log.md,4c47d0bc601b5a603c31353ae58303824f85a012,2026-07-12T20:24:37Z,en,0.9999973043478878,519,541
carlkidcrypto/ezsnmp:.github/workflows/auto_release_notes.md,carlkidcrypto/ezsnmp,.github/workflows/auto_release_notes.md,carlkidcrypto__ezsnmp__178fc04ef9a2/history.json,carlkidcrypto__ezsnmp__178fc04ef9a2/snapshots/ezsnmp__carlkidcrypto__9cffe8c4ad819dc17a8e6f81943021f07a5a9db3__auto_release_notes.md,9cffe8c4ad819dc17a8e6f81943021f07a5a9db3,2026-07-08T01:41:34Z,en,0.999998714611882,845,862
carlkidcrypto/ezsnmp:.github/workflows/coverage_autofix_cpp.md,carlkidcrypto/ezsnmp,.github/workflows/coverage_autofix_cpp.md,carlkidcrypto__ezsnmp__d8c52dc9ffdb/history.json,carlkidcrypto__ezsnmp__d8c52dc9ffdb/snapshots/ezsnmp__carlkidcrypto__a7873ec548926a1fe2b145f2860d56f332f5eef6__coverage_autofix_cpp.md,a7873ec548926a1fe2b145f2860d56f332f5eef6,2026-07-14T04:12:04Z,en,0.999997946361433,409,395
carlkidcrypto/ezsnmp:.github/workflows/coverage_autofix_python.md,carlkidcrypto/ezsnmp,.github/workflows/coverage_autofix_python.md,carlkidcrypto__ezsnmp__228645ddb386/history.json,carlkidcrypto__ezsnmp__228645ddb386/snapshots/ezsnmp__carlkidcrypto__a7873ec548926a1fe2b145f2860d56f332f5eef6__coverage_autofix_python.md,a7873ec548926a1fe2b145f2860d56f332f5eef6,2026-07-14T04:12:04Z,en,0.9999968065252055,395,379
carlkidcrypto/ezsnmp:.github/workflows/docs_continuous_improvement_every_3_days.md,carlkidcrypto/ezsnmp,.github/workflows/docs_continuous_improvement_every_3_days.md,carlkidcrypto__ezsnmp__1ee8f821b340/history.json,carlkidcrypto__ezsnmp__1ee8f821b340/snapshots/ezsnmp__carlkidcrypto__9cffe8c4ad819dc17a8e6f81943021f07a5a9db3__docs_continuous_improvement_every_3_days.md,9cffe8c4ad819dc17a8e6f81943021f07a5a9db3,2026-07-08T01:41:34Z,en,0.9999981156665574,143,135
carlkidcrypto/ezsnmp:.github/workflows/monthly_report_tooling_maintenance.md,carlkidcrypto/ezsnmp,.github/workflows/monthly_report_tooling_maintenance.md,carlkidcrypto__ezsnmp__daf46c5b34c7/history.json,carlkidcrypto__ezsnmp__daf46c5b34c7/snapshots/ezsnmp__carlkidcrypto__93e8fab2a6dd10222137a34d0a890ff3a654411a__monthly_report_tooling_maintenance.md,93e8fab2a6dd10222137a34d0a890ff3a654411a,2026-07-13T00:45:16Z,en,0.9999952916606127,368,380
carlkidcrypto/ezsnmp:.github/workflows/python_version_watcher.md,carlkidcrypto/ezsnmp,.github/workflows/python_version_watcher.md,carlkidcrypto__ezsnmp__70b12bcfc809/history.json,carlkidcrypto__ezsnmp__70b12bcfc809/snapshots/ezsnmp__carlkidcrypto__9cffe8c4ad819dc17a8e6f81943021f07a5a9db3__python_version_watcher.md,9cffe8c4ad819dc17a8e6f81943021f07a5a9db3,2026-07-08T01:41:34Z,en,0.9999968891685267,560,574
carlkidcrypto/ezsnmp:.github/workflows/sync_open_prs_with_main.md,carlkidcrypto/ezsnmp,.github/workflows/sync_open_prs_with_main.md,carlkidcrypto__ezsnmp__32b6c1679d05/history.json,carlkidcrypto__ezsnmp__32b6c1679d05/snapshots/ezsnmp__carlkidcrypto__9cffe8c4ad819dc17a8e6f81943021f07a5a9db3__sync_open_prs_with_main.md,9cffe8c4ad819dc17a8e6f81943021f07a5a9db3,2026-07-08T01:41:34Z,en,0.9999951369750338,301,305
carlkidcrypto/ezsnmp:.github/workflows/triage_incoming_bug_reports.md,carlkidcrypto/ezsnmp,.github/workflows/triage_incoming_bug_reports.md,carlkidcrypto__ezsnmp__0a23d1035518/history.json,carlkidcrypto__ezsnmp__0a23d1035518/snapshots/ezsnmp__carlkidcrypto__9cffe8c4ad819dc17a8e6f81943021f07a5a9db3__triage_incoming_bug_reports.md,9cffe8c4ad819dc17a8e6f81943021f07a5a9db3,2026-07-08T01:41:34Z,en,0.9999970063525558,286,275
carlkidcrypto/ezsnmp:.github/workflows/update_docker_netsnmp_versions.md,carlkidcrypto/ezsnmp,.github/workflows/update_docker_netsnmp_versions.md,carlkidcrypto__ezsnmp__ca4f74309655/history.json,carlkidcrypto__ezsnmp__ca4f74309655/snapshots/ezsnmp__carlkidcrypto__9cffe8c4ad819dc17a8e6f81943021f07a5a9db3__update_docker_netsnmp_versions.md,9cffe8c4ad819dc17a8e6f81943021f07a5a9db3,2026-07-08T01:41:34Z,en,0.9999952836618429,353,378
carlkidcrypto/ezsnmp:.github/workflows/update_docker_python_versions.md,carlkidcrypto/ezsnmp,.github/workflows/update_docker_python_versions.md,carlkidcrypto__ezsnmp__5375b86e1e01/history.json,carlkidcrypto__ezsnmp__5375b86e1e01/snapshots/ezsnmp__carlkidcrypto__9cffe8c4ad819dc17a8e6f81943021f07a5a9db3__update_docker_python_versions.md,9cffe8c4ad819dc17a8e6f81943021f07a5a9db3,2026-07-08T01:41:34Z,en,0.9999974542259062,137,136
carlkidcrypto/purpleair_data_logger:.github/workflows/auto_change_log.md,carlkidcrypto/purpleair_data_logger,.github/workflows/auto_change_log.md,carlkidcrypto__purpleair_data_logger__0cc59ca45ca9/history.json,carlkidcrypto__purpleair_data_logger__0cc59ca45ca9/snapshots/purpleair_data_logger__carlkidcrypto__7e62d436ecec61148259590688547ec268204470__auto_change_log.md,7e62d436ecec61148259590688547ec268204470,2026-08-02T03:35:53Z,en,0.9999963672286675,527,547
carlkidcrypto/purpleair_data_logger:.github/workflows/auto_release_notes.md,carlkidcrypto/purpleair_data_logger,.github/workflows/auto_release_notes.md,carlkidcrypto__purpleair_data_logger__fac8156dd542/history.json,carlkidcrypto__purpleair_data_logger__fac8156dd542/snapshots/purpleair_data_logger__carlkidcrypto__7e62d436ecec61148259590688547ec268204470__auto_release_notes.md,7e62d436ecec61148259590688547ec268204470,2026-08-02T03:35:53Z,en,0.999995594668529,782,803
carlkidcrypto/purpleair_data_logger:.github/workflows/coverage_autofix_every_3_days.md,carlkidcrypto/purpleair_data_logger,.github/workflows/coverage_autofix_every_3_days.md,carlkidcrypto__purpleair_data_logger__19d84142996d/history.json,carlkidcrypto__purpleair_data_logger__19d84142996d/snapshots/purpleair_data_logger__carlkidcrypto__7e62d436ecec61148259590688547ec268204470__coverage_autofix_every_3_days.md,7e62d436ecec61148259590688547ec268204470,2026-08-02T03:35:53Z,en,0.9999964545952538,325,334
carlkidcrypto/purpleair_data_logger:.github/workflows/python_version_watcher.md,carlkidcrypto/purpleair_data_logger,.github/workflows/python_version_watcher.md,carlkidcrypto__purpleair_data_logger__e22ee3e76a7b/history.json,carlkidcrypto__purpleair_data_logger__e22ee3e76a7b/snapshots/purpleair_data_logger__carlkidcrypto__7e62d436ecec61148259590688547ec268204470__python_version_watcher.md,7e62d436ecec61148259590688547ec268204470,2026-08-02T03:35:53Z,en,0.9999959847029993,578,586
chrisreddington/flight-school:.github/workflows/daily-perf-improver.md,chrisreddington/flight-school,.github/workflows/daily-perf-improver.md,chrisreddington__flight-school__b9fdcaa184c1/history.json,chrisreddington__flight-school__b9fdcaa184c1/snapshots/flight-school__chrisreddington__78cd6928c79095e9112a68ea0335abdd8bcd89ca__daily-perf-improver.md,78cd6928c79095e9112a68ea0335abdd8bcd89ca,2026-05-24T20:50:16Z,en,0.999997049915426,393,379
chrizbo/agentics-beyond-code:.github/workflows/adversarial-pm.md,chrizbo/agentics-beyond-code,.github/workflows/adversarial-pm.md,chrizbo__agentics-beyond-code__394b824435b3/history.json,chrizbo__agentics-beyond-code__394b824435b3/snapshots/agentics-beyond-code__chrizbo__f2f40e1eb40456327ac1afd92f6a54229d6d278e__adversarial-pm.md,f2f40e1eb40456327ac1afd92f6a54229d6d278e,2026-06-11T23:15:04Z,en,0.9999970741435731,1326,1273
chrizbo/agentics-beyond-code:.github/workflows/assumption-surfacer.md,chrizbo/agentics-beyond-code,.github/workflows/assumption-surfacer.md,chrizbo__agentics-beyond-code__e6d26abb5c9d/history.json,chrizbo__agentics-beyond-code__e6d26abb5c9d/snapshots/agentics-beyond-code__chrizbo__f2f40e1eb40456327ac1afd92f6a54229d6d278e__assumption-surfacer.md,f2f40e1eb40456327ac1afd92f6a54229d6d278e,2026-06-11T23:15:04Z,en,0.9999960581118781,1005,936
chrizbo/agentics-beyond-code:.github/workflows/calendar-load-report.md,chrizbo/agentics-beyond-code,.github/workflows/calendar-load-report.md,chrizbo__agentics-beyond-code__1fa5cc0b8aad/history.json,chrizbo__agentics-beyond-code__1fa5cc0b8aad/snapshots/agentics-beyond-code__chrizbo__16c54f7ba648a82f9895f3a111452e6f2813efe8__calendar-load-report.md,16c54f7ba648a82f9895f3a111452e6f2813efe8,2026-06-12T18:08:36Z,en,0.9999968601904043,428,402
chrizbo/agentics-beyond-code:.github/workflows/calendar-strategy-audit.md,chrizbo/agentics-beyond-code,.github/workflows/calendar-strategy-audit.md,chrizbo__agentics-beyond-code__edef2a8d4972/history.json,chrizbo__agentics-beyond-code__edef2a8d4972/snapshots/agentics-beyond-code__chrizbo__19fe613b35a243d950145c8aaa0e7e427327e02f__calendar-strategy-audit.md,19fe613b35a243d950145c8aaa0e7e427327e02f,2026-06-12T18:26:55Z,en,0.9999961141836251,579,533
chrizbo/agentics-beyond-code:.github/workflows/chaos-monkey.md,chrizbo/agentics-beyond-code,.github/workflows/chaos-monkey.md,chrizbo__agentics-beyond-code__75e2ddc4fcbf/history.json,chrizbo__agentics-beyond-code__75e2ddc4fcbf/snapshots/agentics-beyond-code__chrizbo__f2f40e1eb40456327ac1afd92f6a54229d6d278e__chaos-monkey.md,f2f40e1eb40456327ac1afd92f6a54229d6d278e,2026-06-11T23:15:04Z,en,0.9999975312303682,1436,1321
chrizbo/agentics-beyond-code:.github/workflows/commitment-reconciler.md,chrizbo/agentics-beyond-code,.github/workflows/commitment-reconciler.md,chrizbo__agentics-beyond-code__f0f7ca6cc5ef/history.json,chrizbo__agentics-beyond-code__f0f7ca6cc5ef/snapshots/agentics-beyond-code__chrizbo__f2f40e1eb40456327ac1afd92f6a54229d6d278e__commitment-reconciler.md,f2f40e1eb40456327ac1afd92f6a54229d6d278e,2026-06-11T23:15:04Z,en,0.9999980291601298,979,930
chrizbo/agentics-beyond-code:.github/workflows/compliance-review.md,chrizbo/agentics-beyond-code,.github/workflows/compliance-review.md,chrizbo__agentics-beyond-code__b0517731dbde/history.json,chrizbo__agentics-beyond-code__b0517731dbde/snapshots/agentics-beyond-code__chrizbo__f2f40e1eb40456327ac1afd92f6a54229d6d278e__compliance-review.md,f2f40e1eb40456327ac1afd92f6a54229d6d278e,2026-06-11T23:15:04Z,en,0.9999965884007432,1152,1142
chrizbo/agentics-beyond-code:.github/workflows/compliance-team-reports.md,chrizbo/agentics-beyond-code,.github/workflows/compliance-team-reports.md,chrizbo__agentics-beyond-code__fc22d5c002a2/history.json,chrizbo__agentics-beyond-code__fc22d5c002a2/snapshots/agentics-beyond-code__chrizbo__f2f40e1eb40456327ac1afd92f6a54229d6d278e__compliance-team-reports.md,f2f40e1eb40456327ac1afd92f6a54229d6d278e,2026-06-11T23:15:04Z,en,0.9999950501823346,468,423
chrizbo/agentics-beyond-code:.github/workflows/daily-standup-prep.md,chrizbo/agentics-beyond-code,.github/workflows/daily-standup-prep.md,chrizbo__agentics-beyond-code__fe8dd7cf9499/history.json,chrizbo__agentics-beyond-code__fe8dd7cf9499/snapshots/agentics-beyond-code__chrizbo__830e5d84b6539c387586e6390c243f9ca0d4b9bf__daily-standup-prep.md,830e5d84b6539c387586e6390c243f9ca0d4b9bf,2026-06-12T18:19:20Z,en,0.9999983581977963,568,557
chrizbo/agentics-beyond-code:.github/workflows/decision-log.md,chrizbo/agentics-beyond-code,.github/workflows/decision-log.md,chrizbo__agentics-beyond-code__4d7a37289a70/history.json,chrizbo__agentics-beyond-code__4d7a37289a70/snapshots/agentics-beyond-code__chrizbo__f2f40e1eb40456327ac1afd92f6a54229d6d278e__decision-log.md,f2f40e1eb40456327ac1afd92f6a54229d6d278e,2026-06-11T23:15:04Z,en,0.9999971989925307,946,899
chrizbo/agentics-beyond-code:.github/workflows/gtm-content.md,chrizbo/agentics-beyond-code,.github/workflows/gtm-content.md,chrizbo__agentics-beyond-code__94e742a60ec5/history.json,chrizbo__agentics-beyond-code__94e742a60ec5/snapshots/agentics-beyond-code__chrizbo__f2f40e1eb40456327ac1afd92f6a54229d6d278e__gtm-content.md,f2f40e1eb40456327ac1afd92f6a54229d6d278e,2026-06-11T23:15:04Z,en,0.9999966701936818,803,775
chrizbo/agentics-beyond-code:.github/workflows/gtm-team-reports.md,chrizbo/agentics-beyond-code,.github/workflows/gtm-team-reports.md,chrizbo__agentics-beyond-code__cbb8a9f16a68/history.json,chrizbo__agentics-beyond-code__cbb8a9f16a68/snapshots/agentics-beyond-code__chrizbo__f2f40e1eb40456327ac1afd92f6a54229d6d278e__gtm-team-reports.md,f2f40e1eb40456327ac1afd92f6a54229d6d278e,2026-06-11T23:15:04Z,en,0.9999976978865905,526,471
chrizbo/agentics-beyond-code:.github/workflows/intake-triage.md,chrizbo/agentics-beyond-code,.github/workflows/intake-triage.md,chrizbo__agentics-beyond-code__87a85c9e3864/history.json,chrizbo__agentics-beyond-code__87a85c9e3864/snapshots/agentics-beyond-code__chrizbo__f2f40e1eb40456327ac1afd92f6a54229d6d278e__intake-triage.md,f2f40e1eb40456327ac1afd92f6a54229d6d278e,2026-06-11T23:15:04Z,en,0.9999967077129363,1168,901
chrizbo/agentics-beyond-code:.github/workflows/launch-readiness.md,chrizbo/agentics-beyond-code,.github/workflows/launch-readiness.md,chrizbo__agentics-beyond-code__4df6322ae881/history.json,chrizbo__agentics-beyond-code__4df6322ae881/snapshots/agentics-beyond-code__chrizbo__f2f40e1eb40456327ac1afd92f6a54229d6d278e__launch-readiness.md,f2f40e1eb40456327ac1afd92f6a54229d6d278e,2026-06-11T23:15:04Z,en,0.9999973655446655,727,707
chrizbo/agentics-beyond-code:.github/workflows/leadership-brief.md,chrizbo/agentics-beyond-code,.github/workflows/leadership-brief.md,chrizbo__agentics-beyond-code__a504f5f322b9/history.json,chrizbo__agentics-beyond-code__a504f5f322b9/snapshots/agentics-beyond-code__chrizbo__f2f40e1eb40456327ac1afd92f6a54229d6d278e__leadership-brief.md,f2f40e1eb40456327ac1afd92f6a54229d6d278e,2026-06-11T23:15:04Z,en,0.9999980883808257,1472,1393
chrizbo/agentics-beyond-code:.github/workflows/process-analyzer.md,chrizbo/agentics-beyond-code,.github/workflows/process-analyzer.md,chrizbo__agentics-beyond-code__13585d7ae482/history.json,chrizbo__agentics-beyond-code__13585d7ae482/snapshots/agentics-beyond-code__chrizbo__f2f40e1eb40456327ac1afd92f6a54229d6d278e__process-analyzer.md,f2f40e1eb40456327ac1afd92f6a54229d6d278e,2026-06-11T23:15:04Z,en,0.9999951114306254,1536,1457
chrizbo/agentics-beyond-code:.github/workflows/sample-data-launch-creator.md,chrizbo/agentics-beyond-code,.github/workflows/sample-data-launch-creator.md,chrizbo__agentics-beyond-code__497c1db417e6/history.json,chrizbo__agentics-beyond-code__497c1db417e6/snapshots/agentics-beyond-code__chrizbo__f2f40e1eb40456327ac1afd92f6a54229d6d278e__sample-data-launch-creator.md,f2f40e1eb40456327ac1afd92f6a54229d6d278e,2026-06-11T23:15:04Z,en,0.999996623030623,563,487
chrizbo/agentics-beyond-code:.github/workflows/sample-data-simulator.md,chrizbo/agentics-beyond-code,.github/workflows/sample-data-simulator.md,chrizbo__agentics-beyond-code__e6c7c766d842/history.json,chrizbo__agentics-beyond-code__e6c7c766d842/snapshots/agentics-beyond-code__chrizbo__f2f40e1eb40456327ac1afd92f6a54229d6d278e__sample-data-simulator.md,f2f40e1eb40456327ac1afd92f6a54229d6d278e,2026-06-11T23:15:04Z,en,0.9999962688311395,1655,1568
chrizbo/agentics-beyond-code:.github/workflows/slack-context-processor.md,chrizbo/agentics-beyond-code,.github/workflows/slack-context-processor.md,chrizbo__agentics-beyond-code__1a063b9dbd1e/history.json,chrizbo__agentics-beyond-code__1a063b9dbd1e/snapshots/agentics-beyond-code__chrizbo__f2f40e1eb40456327ac1afd92f6a54229d6d278e__slack-context-processor.md,f2f40e1eb40456327ac1afd92f6a54229d6d278e,2026-06-11T23:15:04Z,en,0.999996276138713,738,747
chrizbo/agentics-beyond-code:.github/workflows/slack-reaction-intake.md,chrizbo/agentics-beyond-code,.github/workflows/slack-reaction-intake.md,chrizbo__agentics-beyond-code__afdeab699dc4/history.json,chrizbo__agentics-beyond-code__afdeab699dc4/snapshots/agentics-beyond-code__chrizbo__f2f40e1eb40456327ac1afd92f6a54229d6d278e__slack-reaction-intake.md,f2f40e1eb40456327ac1afd92f6a54229d6d278e,2026-06-11T23:15:04Z,en,0.9999963998042709,399,408
chrizbo/agentics-beyond-code:.github/workflows/strategy-alignment.md,chrizbo/agentics-beyond-code,.github/workflows/strategy-alignment.md,chrizbo__agentics-beyond-code__69535b545e0a/history.json,chrizbo__agentics-beyond-code__69535b545e0a/snapshots/agentics-beyond-code__chrizbo__f2f40e1eb40456327ac1afd92f6a54229d6d278e__strategy-alignment.md,f2f40e1eb40456327ac1afd92f6a54229d6d278e,2026-06-11T23:15:04Z,en,0.9999962174616152,1361,1281
chrizbo/agentics-beyond-code:.github/workflows/transcript-processor.md,chrizbo/agentics-beyond-code,.github/workflows/transcript-processor.md,chrizbo__agentics-beyond-code__3ff7daa36160/history.json,chrizbo__agentics-beyond-code__3ff7daa36160/snapshots/agentics-beyond-code__chrizbo__f2f40e1eb40456327ac1afd92f6a54229d6d278e__transcript-processor.md,f2f40e1eb40456327ac1afd92f6a54229d6d278e,2026-06-11T23:15:04Z,en,0.9999962844782044,681,647
chrizbo/agentics-beyond-code:.github/workflows/weekly-status.md,chrizbo/agentics-beyond-code,.github/workflows/weekly-status.md,chrizbo__agentics-beyond-code__d4dd9ce4971b/history.json,chrizbo__agentics-beyond-code__d4dd9ce4971b/snapshots/agentics-beyond-code__chrizbo__f2f40e1eb40456327ac1afd92f6a54229d6d278e__weekly-status.md,f2f40e1eb40456327ac1afd92f6a54229d6d278e,2026-06-11T23:15:04Z,en,0.9999956283720289,938,881
chrizbo/agentics-beyond-code:.github/workflows/workflow-health.md,chrizbo/agentics-beyond-code,.github/workflows/workflow-health.md,chrizbo__agentics-beyond-code__3a2b3dd8b28e/history.json,chrizbo__agentics-beyond-code__3a2b3dd8b28e/snapshots/agentics-beyond-code__chrizbo__f2f40e1eb40456327ac1afd92f6a54229d6d278e__workflow-health.md,f2f40e1eb40456327ac1afd92f6a54229d6d278e,2026-06-11T23:15:04Z,en,0.9999984102647365,1182,1060
clash-verge-rev/clash-verge-rev:.github/workflows/pr-ai-slop-review.md,clash-verge-rev/clash-verge-rev,.github/workflows/pr-ai-slop-review.md,clash-verge-rev__clash-verge-rev__55ef8979f5c4/history.json,clash-verge-rev__clash-verge-rev__55ef8979f5c4/snapshots/clash-verge-rev__clash-verge-rev__de438aadf8866818c9511f6a3828f729ddd17681__pr-ai-slop-review.md,de438aadf8866818c9511f6a3828f729ddd17681,2026-06-19T16:23:48Z,en,0.9999979471628972,1720,1719
cli/cli:.github/workflows/dependabot-triage.md,cli/cli,.github/workflows/dependabot-triage.md,cli__cli__11876fa1aca5/history.json,cli__cli__11876fa1aca5/snapshots/cli__cli__08973c9c22ee518842de07d90d141e77b89c497d__dependabot-triage.md,08973c9c22ee518842de07d90d141e77b89c497d,2026-07-31T15:16:13Z,en,0.999998482889403,451,435
cli/cli:.github/workflows/issue-triage.md,cli/cli,.github/workflows/issue-triage.md,cli__cli__8bf6ce743ddc/history.json,cli__cli__8bf6ce743ddc/snapshots/cli__cli__5131aafb83895e2855888435ffe1203f98d81e1f__issue-triage.md,5131aafb83895e2855888435ffe1203f98d81e1f,2026-07-31T15:18:01Z,en,0.9999960519219806,471,454
CliMA/ClimaAtmos.jl:.github/workflows/pr-review.md,CliMA/ClimaAtmos.jl,.github/workflows/pr-review.md,CliMA__ClimaAtmos.jl__9892c5593993/history.json,CliMA__ClimaAtmos.jl__9892c5593993/snapshots/ClimaAtmos.jl__CliMA__897bf632ae613762e3d2bcdeb892cb8e899b4ac9__pr-review.md,897bf632ae613762e3d2bcdeb892cb8e899b4ac9,2026-05-28T00:13:40Z,en,0.9999959237744939,390,401
clouisle/Clouisle:.github/workflows/issue-triage.md,clouisle/Clouisle,.github/workflows/issue-triage.md,clouisle__Clouisle__f11b9aefa2ae/history.json,clouisle__Clouisle__f11b9aefa2ae/snapshots/Clouisle__clouisle__39460fed77fc56890a384c73b794119b1bd84c34__issue-triage.md,39460fed77fc56890a384c73b794119b1bd84c34,2026-05-02T18:02:46Z,en,0.999997406381179,377,382
cncf/contribute-site:.github/workflows/link-checker.md,cncf/contribute-site,.github/workflows/link-checker.md,cncf__contribute-site__a7debac5d44b/history.json,cncf__contribute-site__a7debac5d44b/snapshots/contribute-site__cncf__1104dbb1e731ec3953137b395d2d61557f83bbc5__link-checker.md,1104dbb1e731ec3953137b395d2d61557f83bbc5,2026-03-16T22:21:41Z,en,0.9999970028725353,912,936
cncf/contribute-site:.github/workflows/link-fixer.md,cncf/contribute-site,.github/workflows/link-fixer.md,cncf__contribute-site__3f9d084df2f2/history.json,cncf__contribute-site__3f9d084df2f2/snapshots/contribute-site__cncf__078004bf3699f17e7ba7d254cd12d19c924b480a__link-fixer.md,078004bf3699f17e7ba7d254cd12d19c924b480a,2026-03-17T00:45:00Z,en,0.9999971939714438,616,605
colindembovsky/cols-agent-tasks:.github/workflows/repo-assist.md,colindembovsky/cols-agent-tasks,.github/workflows/repo-assist.md,colindembovsky__cols-agent-tasks__7be10c256c20/history.json,colindembovsky__cols-agent-tasks__7be10c256c20/snapshots/cols-agent-tasks__colindembovsky__3645e6c68b21713da27fa247d7a966dffe87582c__repo-assist.md,3645e6c68b21713da27fa247d7a966dffe87582c,2026-02-28T01:50:15Z,en,0.9999940537162391,2432,2390
CommunityToolkit/Aspire:.github/workflows/aspire-upgrade.md,CommunityToolkit/Aspire,.github/workflows/aspire-upgrade.md,CommunityToolkit__Aspire__600e42f463be/history.json,CommunityToolkit__Aspire__600e42f463be/snapshots/Aspire__CommunityToolkit__7dac9abe1ff87e52439a0c4506e63706e9d5bb44__aspire-upgrade.md,7dac9abe1ff87e52439a0c4506e63706e9d5bb44,2026-05-26T00:56:19Z,en,0.9999970662706077,370,364
CycloneClub/Everglow:.github/workflows/holistic-review.md,CycloneClub/Everglow,.github/workflows/holistic-review.md,CycloneClub__Everglow__9d30b3b4c7a7/history.json,CycloneClub__Everglow__9d30b3b4c7a7/snapshots/Everglow__CycloneClub__bc35c7ea4ef3d79e84c953900b452552d9fdc5b5__holistic-review.md,bc35c7ea4ef3d79e84c953900b452552d9fdc5b5,2026-07-27T08:26:29Z,en,0.9999978036335527,1038,1080
DanWahlin/github-azure-agentic-journeys:.github/workflows/journey-e2e-test.md,DanWahlin/github-azure-agentic-journeys,.github/workflows/journey-e2e-test.md,DanWahlin__github-azure-agentic-journeys__abe7b2f365c3/history.json,DanWahlin__github-azure-agentic-journeys__abe7b2f365c3/snapshots/github-azure-agentic-journeys__DanWahlin__e86f7211caa5400cdbfb533ce777d1745c1c2a2e__journey-e2e-test.md,e86f7211caa5400cdbfb533ce777d1745c1c2a2e,2026-07-20T21:33:11Z,en,0.9999941021448873,771,672
Dedac/Beam:.github/workflows/fix-top-improvement.md,Dedac/Beam,.github/workflows/fix-top-improvement.md,Dedac__Beam__9a196bfd0783/history.json,Dedac__Beam__9a196bfd0783/snapshots/Beam__Dedac__e1e3af92829f13caf0f9b586518e782d82004f34__fix-top-improvement.md,e1e3af92829f13caf0f9b586518e782d82004f34,2026-04-22T15:31:15Z,en,0.999998928013753,400,394
Dedac/Beam:.github/workflows/weekly-improvements.md,Dedac/Beam,.github/workflows/weekly-improvements.md,Dedac__Beam__817cccb44ab0/history.json,Dedac__Beam__817cccb44ab0/snapshots/Beam__Dedac__405e1d6d741a603a087da9d79fba9e7076aa226e__weekly-improvements.md,405e1d6d741a603a087da9d79fba9e7076aa226e,2026-04-22T14:44:20Z,en,0.9999960519287413,223,214
desktop/desktop:.github/workflows/issue-triage.md,desktop/desktop,.github/workflows/issue-triage.md,desktop__desktop__0ed291523721/history.json,desktop__desktop__0ed291523721/snapshots/desktop__desktop__0f3a018c9986f1d12ba6147bc4e0646ab6632878__issue-triage.md,0f3a018c9986f1d12ba6147bc4e0646ab6632878,2026-07-23T11:46:29Z,en,0.9999980212487862,374,355
DevExpGbb/gh-devlake:.github/workflows/docs-sync.md,DevExpGbb/gh-devlake,.github/workflows/docs-sync.md,DevExpGbb__gh-devlake__15bd99aa71ff/history.json,DevExpGbb__gh-devlake__15bd99aa71ff/snapshots/gh-devlake__DevExpGbb__663597361deba1f2223a2d36579f4ee398f26223__docs-sync.md,663597361deba1f2223a2d36579f4ee398f26223,2026-03-11T22:30:31Z,en,0.9999959046875029,413,313
dgreif/ring:.github/workflows/issue-triage.md,dgreif/ring,.github/workflows/issue-triage.md,dgreif__ring__d37b9b0f3e66/history.json,dgreif__ring__d37b9b0f3e66/snapshots/ring__dgreif__bda12b2e6b922decbc8328470d227fa9b7295c61__issue-triage.md,bda12b2e6b922decbc8328470d227fa9b7295c61,2026-06-25T12:46:56Z,en,0.9999949491000292,1325,1155
dimagi/commcare-android:.github/workflows/pr-comment-handler.md,dimagi/commcare-android,.github/workflows/pr-comment-handler.md,dimagi__commcare-android__c6ab637fec75/history.json,dimagi__commcare-android__c6ab637fec75/snapshots/commcare-android__dimagi__b8f1014d57af867b7c758472da535a9aeeec7b1a__pr-comment-handler.md,b8f1014d57af867b7c758472da535a9aeeec7b1a,2026-05-14T06:33:34Z,en,0.9999955585748093,552,518
dorlugasigal/TermBeam:.github/workflows/dependabot-autofix.md,dorlugasigal/TermBeam,.github/workflows/dependabot-autofix.md,dorlugasigal__TermBeam__627d4326e28a/history.json,dorlugasigal__TermBeam__627d4326e28a/snapshots/TermBeam__dorlugasigal__0247387da26eac99a3a5090aef0bb099eadb4fc9__dependabot-autofix.md,0247387da26eac99a3a5090aef0bb099eadb4fc9,2026-08-03T17:24:06Z,en,0.999996209694651,1490,1545
dorlugasigal/TermBeam:.github/workflows/scorecard-monitor.md,dorlugasigal/TermBeam,.github/workflows/scorecard-monitor.md,dorlugasigal__TermBeam__5d7fe8c1581c/history.json,dorlugasigal__TermBeam__5d7fe8c1581c/snapshots/TermBeam__dorlugasigal__e0d45c4b452284757f871e696c57a6385a695ccc__scorecard-monitor.md,e0d45c4b452284757f871e696c57a6385a695ccc,2026-08-04T08:22:54Z,en,0.9999972607737465,229,237
dorlugasigal/TermBeam:.github/workflows/security-autofix.md,dorlugasigal/TermBeam,.github/workflows/security-autofix.md,dorlugasigal__TermBeam__27652a7980a4/history.json,dorlugasigal__TermBeam__27652a7980a4/snapshots/TermBeam__dorlugasigal__0247387da26eac99a3a5090aef0bb099eadb4fc9__security-autofix.md,0247387da26eac99a3a5090aef0bb099eadb4fc9,2026-08-03T17:24:06Z,en,0.9999978041143999,1317,1379
dotnet/android:.github/workflows/android-reviewer.md,dotnet/android,.github/workflows/android-reviewer.md,dotnet__android__4a86b25f40a2/history.json,dotnet__android__4a86b25f40a2/snapshots/android__dotnet__9c33655fa26e357614264174a82930a402db87ab__android-reviewer.md,9c33655fa26e357614264174a82930a402db87ab,2026-06-30T15:22:08Z,en,0.9999977113439902,222,219
dotnet/android:.github/workflows/nightly-fix-finder.md,dotnet/android,.github/workflows/nightly-fix-finder.md,dotnet__android__561d803e7caf/history.json,dotnet__android__561d803e7caf/snapshots/android__dotnet__1731326daac668ba6d91425a91731298df259f14__nightly-fix-finder.md,1731326daac668ba6d91425a91731298df259f14,2026-07-01T08:40:19Z,en,0.99999720911069,891,746
dotnet/arcade:.github/workflows/update-default-versions.md,dotnet/arcade,.github/workflows/update-default-versions.md,dotnet__arcade__e5cba4ed072c/history.json,dotnet__arcade__e5cba4ed072c/snapshots/arcade__dotnet__822bb86a625c7b59d6f2ff003b2de196f6a58777__update-default-versions.md,822bb86a625c7b59d6f2ff003b2de196f6a58777,2026-06-12T07:41:40Z,en,0.9999964750491501,902,903
dotnet/aspnetcore:.github/workflows/browsertesting-deps-update.md,dotnet/aspnetcore,.github/workflows/browsertesting-deps-update.md,dotnet__aspnetcore__eb6715ad3527/history.json,dotnet__aspnetcore__eb6715ad3527/snapshots/aspnetcore__dotnet__5a09c126653d5bd295262f2ca96c9388b854cb24__browsertesting-deps-update.md,5a09c126653d5bd295262f2ca96c9388b854cb24,2026-07-20T12:02:22Z,en,0.9999978578236348,284,285
dotnet/aspnetcore:.github/workflows/community-pr-issue-check.md,dotnet/aspnetcore,.github/workflows/community-pr-issue-check.md,dotnet__aspnetcore__39b592512f4a/history.json,dotnet__aspnetcore__39b592512f4a/snapshots/aspnetcore__dotnet__5a09c126653d5bd295262f2ca96c9388b854cb24__community-pr-issue-check.md,5a09c126653d5bd295262f2ca96c9388b854cb24,2026-07-20T12:02:22Z,en,0.9999966208473637,261,270
dotnet/aspnetcore:.github/workflows/cswin32-update.md,dotnet/aspnetcore,.github/workflows/cswin32-update.md,dotnet__aspnetcore__7a3e06f577e4/history.json,dotnet__aspnetcore__7a3e06f577e4/snapshots/aspnetcore__dotnet__5a09c126653d5bd295262f2ca96c9388b854cb24__cswin32-update.md,5a09c126653d5bd295262f2ca96c9388b854cb24,2026-07-20T12:02:22Z,en,0.9999961521692144,1411,1409
dotnet/aspnetcore:.github/workflows/issue-triage-agent.md,dotnet/aspnetcore,.github/workflows/issue-triage-agent.md,dotnet__aspnetcore__c08c3fad1ec0/history.json,dotnet__aspnetcore__c08c3fad1ec0/snapshots/aspnetcore__dotnet__2af03c194db77dd2cf6896335b3b7db7eed9b635__issue-triage-agent.md,2af03c194db77dd2cf6896335b3b7db7eed9b635,2026-07-23T17:44:36Z,en,0.9999978159146544,2726,3287
dotnet/aspnetcore:.github/workflows/test-quarantine.md,dotnet/aspnetcore,.github/workflows/test-quarantine.md,dotnet__aspnetcore__ec063561e69f/history.json,dotnet__aspnetcore__ec063561e69f/snapshots/aspnetcore__dotnet__e106a8730457145735f68d0c11afe5c22c937d81__test-quarantine.md,e106a8730457145735f68d0c11afe5c22c937d81,2026-07-29T16:36:09Z,en,0.9999958804907122,8798,9039
dotnet/aspnetcore:.github/workflows/triage-comment-reviewer.md,dotnet/aspnetcore,.github/workflows/triage-comment-reviewer.md,dotnet__aspnetcore__00f4d7e452c7/history.json,dotnet__aspnetcore__00f4d7e452c7/snapshots/aspnetcore__dotnet__5a09c126653d5bd295262f2ca96c9388b854cb24__triage-comment-reviewer.md,5a09c126653d5bd295262f2ca96c9388b854cb24,2026-07-20T12:02:22Z,en,0.9999950893694597,1983,2027
dotnet/core:.github/workflows/api-diff-worker.md,dotnet/core,.github/workflows/api-diff-worker.md,dotnet__core__6bfc3825eecb/history.json,dotnet__core__6bfc3825eecb/snapshots/core__dotnet__0e10116715f6c5d14f0b7f3bdd8bc5f9d5b3b368__api-diff-worker.md,0e10116715f6c5d14f0b7f3bdd8bc5f9d5b3b368,2026-07-31T08:47:16Z,en,0.9999974830978625,2502,2678
dotnet/core:.github/workflows/release-notes.md,dotnet/core,.github/workflows/release-notes.md,dotnet__core__540cd31ae3df/history.json,dotnet__core__540cd31ae3df/snapshots/core__dotnet__2b9a7641e588733b5feffa1e47adf5cc436e5f5e__release-notes.md,2b9a7641e588733b5feffa1e47adf5cc436e5f5e,2026-07-23T12:56:17Z,en,0.9999977863371403,1938,1839
dotnet/docs-maui:.github/workflows/docs-from-code.md,dotnet/docs-maui,.github/workflows/docs-from-code.md,dotnet__docs-maui__178e57fcaaf2/history.json,dotnet__docs-maui__178e57fcaaf2/snapshots/docs-maui__dotnet__bcb23dd9b3b5821ecf979063aaecfeba82f44448__docs-from-code.md,bcb23dd9b3b5821ecf979063aaecfeba82f44448,2026-05-08T15:03:25Z,en,0.99999502674269,429,445
dotnet/extensions:.github/workflows/meai-otel-genai-worker.md,dotnet/extensions,.github/workflows/meai-otel-genai-worker.md,dotnet__extensions__4b263b1d2fb0/history.json,dotnet__extensions__4b263b1d2fb0/snapshots/extensions__dotnet__c58030df56dc2bf774f91324ab998f8c35885ee1__meai-otel-genai-worker.md,c58030df56dc2bf774f91324ab998f8c35885ee1,2026-07-19T06:36:29Z,en,0.9999955726308233,4797,4738
dotnet/fsharp:.github/workflows/agentic-state-machine.md,dotnet/fsharp,.github/workflows/agentic-state-machine.md,dotnet__fsharp__a4c8b5a69688/history.json,dotnet__fsharp__a4c8b5a69688/snapshots/fsharp__dotnet__8c3696d9006283b6506e543b30129e85e50448fc__agentic-state-machine.md,8c3696d9006283b6506e543b30129e85e50448fc,2026-06-16T09:00:03Z,en,0.9999974178259836,5521,5915
dotnet/fsharp:.github/workflows/aw-auto-update.md,dotnet/fsharp,.github/workflows/aw-auto-update.md,dotnet__fsharp__ca686ce3b8b5/history.json,dotnet__fsharp__ca686ce3b8b5/snapshots/fsharp__dotnet__3558d1aa820003d7ab881d9a95a499778916075c__aw-auto-update.md,3558d1aa820003d7ab881d9a95a499778916075c,2026-06-18T13:43:16Z,en,0.9999959333218394,356,399
dotnet/fsharp:.github/workflows/labelops-flake-fix.md,dotnet/fsharp,.github/workflows/labelops-flake-fix.md,dotnet__fsharp__0b2b43fb207b/history.json,dotnet__fsharp__0b2b43fb207b/snapshots/fsharp__dotnet__8bd2fd34369dceebbd0d06931d83d2329d30407d__labelops-flake-fix.md,8bd2fd34369dceebbd0d06931d83d2329d30407d,2026-05-06T09:42:54Z,en,0.9999973896417098,286,283
dotnet/fsharp:.github/workflows/labelops-pr-maintenance.md,dotnet/fsharp,.github/workflows/labelops-pr-maintenance.md,dotnet__fsharp__8d37ea7a8b79/history.json,dotnet__fsharp__8d37ea7a8b79/snapshots/fsharp__dotnet__3558d1aa820003d7ab881d9a95a499778916075c__labelops-pr-maintenance.md,3558d1aa820003d7ab881d9a95a499778916075c,2026-06-18T13:43:16Z,en,0.9999947393099891,446,427
dotnet/fsharp:.github/workflows/labelops-pr-security-scan.md,dotnet/fsharp,.github/workflows/labelops-pr-security-scan.md,dotnet__fsharp__5c968464c4ae/history.json,dotnet__fsharp__5c968464c4ae/snapshots/fsharp__dotnet__3558d1aa820003d7ab881d9a95a499778916075c__labelops-pr-security-scan.md,3558d1aa820003d7ab881d9a95a499778916075c,2026-06-18T13:43:16Z,en,0.9999968294504922,413,415
dotnet/fsharp:.github/workflows/msbuild-quality-review.md,dotnet/fsharp,.github/workflows/msbuild-quality-review.md,dotnet__fsharp__45903f399efb/history.json,dotnet__fsharp__45903f399efb/snapshots/fsharp__dotnet__35851a124d23d33cdd37d5886b21779b64ef3c02__msbuild-quality-review.md,35851a124d23d33cdd37d5886b21779b64ef3c02,2026-06-17T08:41:21Z,en,0.9999969422986974,1234,1288
dotnet/fsharp:.github/workflows/regression-pr-shepherd.md,dotnet/fsharp,.github/workflows/regression-pr-shepherd.md,dotnet__fsharp__4be7a49017c2/history.json,dotnet__fsharp__4be7a49017c2/snapshots/fsharp__dotnet__3558d1aa820003d7ab881d9a95a499778916075c__regression-pr-shepherd.md,3558d1aa820003d7ab881d9a95a499778916075c,2026-06-18T13:43:16Z,en,0.9999961613119415,951,971
dotnet/macios:.github/workflows/ci-postmortem.md,dotnet/macios,.github/workflows/ci-postmortem.md,dotnet__macios__aa28f888f266/history.json,dotnet__macios__aa28f888f266/snapshots/macios__dotnet__6cc41aa017e98632173b0573665bee8e0ce6163d__ci-postmortem.md,6cc41aa017e98632173b0573665bee8e0ce6163d,2026-07-01T09:38:10Z,en,0.9999953925019197,237,241
dotnet/macios:.github/workflows/code-radiator.md,dotnet/macios,.github/workflows/code-radiator.md,dotnet__macios__e704eb020a2d/history.json,dotnet__macios__e704eb020a2d/snapshots/macios__dotnet__481cc5a070b55f29196ff196458058a343179fe0__code-radiator.md,481cc5a070b55f29196ff196458058a343179fe0,2026-07-22T16:25:46Z,en,0.9999974376022451,1318,1313
dotnet/macios:.github/workflows/macios-reviewer.md,dotnet/macios,.github/workflows/macios-reviewer.md,dotnet__macios__80e5db5dfd7f/history.json,dotnet__macios__80e5db5dfd7f/snapshots/macios__dotnet__481cc5a070b55f29196ff196458058a343179fe0__macios-reviewer.md,481cc5a070b55f29196ff196458058a343179fe0,2026-07-22T16:25:46Z,en,0.9999965580931129,214,209
dotnet/maintenance-packages:.github/workflows/version-maintenance.md,dotnet/maintenance-packages,.github/workflows/version-maintenance.md,dotnet__maintenance-packages__cab2a98ed9d0/history.json,dotnet__maintenance-packages__cab2a98ed9d0/snapshots/maintenance-packages__dotnet__88ba5612047c13338ebc9c2feaede353017508f0__version-maintenance.md,88ba5612047c13338ebc9c2feaede353017508f0,2026-07-07T19:25:09Z,en,0.9999950971724413,537,551
dotnet/maui-labs:.github/workflows/ai-docs-audit.md,dotnet/maui-labs,.github/workflows/ai-docs-audit.md,dotnet__maui-labs__dfb14f9e6015/history.json,dotnet__maui-labs__dfb14f9e6015/snapshots/maui-labs__dotnet__a1567cc9c6587eb37678c54527a606e08fd84444__ai-docs-audit.md,a1567cc9c6587eb37678c54527a606e08fd84444,2026-05-08T07:52:42Z,en,0.9999981380696558,1076,1103
dotnet/maui-labs:.github/workflows/pr-docs-check.md,dotnet/maui-labs,.github/workflows/pr-docs-check.md,dotnet__maui-labs__87b1ea526f16/history.json,dotnet__maui-labs__87b1ea526f16/snapshots/maui-labs__dotnet__9c1f1f4bbce668b5a3b01f7f38796a4ed59393e2__pr-docs-check.md,9c1f1f4bbce668b5a3b01f7f38796a4ed59393e2,2026-05-08T11:50:31Z,en,0.9999959623804988,594,586
dotnet/maui:.github/workflows/agentic-labeler.md,dotnet/maui,.github/workflows/agentic-labeler.md,dotnet__maui__1b1c7306da75/history.json,dotnet__maui__1b1c7306da75/snapshots/maui__dotnet__8ae89f6afbe8e9cc2e456e4d8f351ec53e424aac__agentic-labeler.md,8ae89f6afbe8e9cc2e456e4d8f351ec53e424aac,2026-07-21T20:01:14Z,en,0.999998442890851,567,590
dotnet/maui:.github/workflows/aw-actions-update.md,dotnet/maui,.github/workflows/aw-actions-update.md,dotnet__maui__ca4801c9c8a2/history.json,dotnet__maui__ca4801c9c8a2/snapshots/maui__dotnet__8ae89f6afbe8e9cc2e456e4d8f351ec53e424aac__aw-actions-update.md,8ae89f6afbe8e9cc2e456e4d8f351ec53e424aac,2026-07-21T20:01:14Z,en,0.9999979701808054,541,522
dotnet/maui:.github/workflows/aw-version-update.md,dotnet/maui,.github/workflows/aw-version-update.md,dotnet__maui__83e68dd978ae/history.json,dotnet__maui__83e68dd978ae/snapshots/maui__dotnet__8ae89f6afbe8e9cc2e456e4d8f351ec53e424aac__aw-version-update.md,8ae89f6afbe8e9cc2e456e4d8f351ec53e424aac,2026-07-21T20:01:14Z,en,0.999996685173882,433,478
dotnet/maui:.github/workflows/ci-status-fix-net11.md,dotnet/maui,.github/workflows/ci-status-fix-net11.md,dotnet__maui__b21d28ed9555/history.json,dotnet__maui__b21d28ed9555/snapshots/maui__dotnet__39c19e15ed5a8aca04e211fe0692a51ddcb219c6__ci-status-fix-net11.md,39c19e15ed5a8aca04e211fe0692a51ddcb219c6,2026-07-29T13:57:19Z,en,0.9999963283948974,10551,10269
dotnet/maui:.github/workflows/ci-status-fix.md,dotnet/maui,.github/workflows/ci-status-fix.md,dotnet__maui__18528896a729/history.json,dotnet__maui__18528896a729/snapshots/maui__dotnet__39c19e15ed5a8aca04e211fe0692a51ddcb219c6__ci-status-fix.md,39c19e15ed5a8aca04e211fe0692a51ddcb219c6,2026-07-29T13:57:19Z,en,0.9999959358155011,10504,10219
dotnet/maui:.github/workflows/ci-status-main.md,dotnet/maui,.github/workflows/ci-status-main.md,dotnet__maui__9fae097dfd9d/history.json,dotnet__maui__9fae097dfd9d/snapshots/maui__dotnet__9e89f764adb452c0f77015fb79e632d0f65471f9__ci-status-main.md,9e89f764adb452c0f77015fb79e632d0f65471f9,2026-07-30T13:20:06Z,en,0.9999979540928923,1911,2010
dotnet/maui:.github/workflows/ci-status-net11.md,dotnet/maui,.github/workflows/ci-status-net11.md,dotnet__maui__fdd70fc88a03/history.json,dotnet__maui__fdd70fc88a03/snapshots/maui__dotnet__9e89f764adb452c0f77015fb79e632d0f65471f9__ci-status-net11.md,9e89f764adb452c0f77015fb79e632d0f65471f9,2026-07-30T13:20:06Z,en,0.9999979540928923,1913,2010
dotnet/maui:.github/workflows/copilot-evaluate-tests.md,dotnet/maui,.github/workflows/copilot-evaluate-tests.md,dotnet__maui__fd6291424342/history.json,dotnet__maui__fd6291424342/snapshots/maui__dotnet__8ae89f6afbe8e9cc2e456e4d8f351ec53e424aac__copilot-evaluate-tests.md,8ae89f6afbe8e9cc2e456e4d8f351ec53e424aac,2026-07-21T20:01:14Z,en,0.9999970490452946,264,266
dotnet/maui:.github/workflows/copilot-review-tests.md,dotnet/maui,.github/workflows/copilot-review-tests.md,dotnet__maui__4b43eed2202d/history.json,dotnet__maui__4b43eed2202d/snapshots/maui__dotnet__f955c097807f643aaaa93768b67553c44d5dd5f6__copilot-review-tests.md,f955c097807f643aaaa93768b67553c44d5dd5f6,2026-07-24T13:45:23Z,en,0.9999980285647956,1391,1518
dotnet/maui:.github/workflows/daily-leak-hunter.md,dotnet/maui,.github/workflows/daily-leak-hunter.md,dotnet__maui__2b5ca8db6483/history.json,dotnet__maui__2b5ca8db6483/snapshots/maui__dotnet__8ae89f6afbe8e9cc2e456e4d8f351ec53e424aac__daily-leak-hunter.md,8ae89f6afbe8e9cc2e456e4d8f351ec53e424aac,2026-07-21T20:01:14Z,en,0.999995002608578,1569,1422
dotnet/maui:.github/workflows/leak-fixer.md,dotnet/maui,.github/workflows/leak-fixer.md,dotnet__maui__4f429262fab0/history.json,dotnet__maui__4f429262fab0/snapshots/maui__dotnet__657fb516512c623683aae3565f7fd52e1ac4f72b__leak-fixer.md,657fb516512c623683aae3565f7fd52e1ac4f72b,2026-07-22T20:02:26Z,en,0.9999964627689514,1970,1949
dotnet/maui:.github/workflows/regression-corpus-scanner.md,dotnet/maui,.github/workflows/regression-corpus-scanner.md,dotnet__maui__b7649dc4f327/history.json,dotnet__maui__b7649dc4f327/snapshots/maui__dotnet__faa6d916776ffd0d9b5e4442245d35727764cfe7__regression-corpus-scanner.md,faa6d916776ffd0d9b5e4442245d35727764cfe7,2026-07-24T21:14:25Z,en,0.9999967488570403,1010,1049
dotnet/maui:.github/workflows/rerun-review-scanner.md,dotnet/maui,.github/workflows/rerun-review-scanner.md,dotnet__maui__791f86e244f3/history.json,dotnet__maui__791f86e244f3/snapshots/maui__dotnet__8ae89f6afbe8e9cc2e456e4d8f351ec53e424aac__rerun-review-scanner.md,8ae89f6afbe8e9cc2e456e4d8f351ec53e424aac,2026-07-21T20:01:14Z,en,0.9999957856583129,615,652
dotnet/msbuild:.github/workflows/close-stale-prs.agent.md,dotnet/msbuild,.github/workflows/close-stale-prs.agent.md,dotnet__msbuild__5cb1804652a2/history.json,dotnet__msbuild__5cb1804652a2/snapshots/msbuild__dotnet__bd01c1d31c552b1a6d1499fa676a2f0446f5073d__close-stale-prs.agent.md,bd01c1d31c552b1a6d1499fa676a2f0446f5073d,2026-07-15T10:50:58Z,en,0.9999980741084924,625,631
dotnet/msbuild:.github/workflows/dreaming.agent.md,dotnet/msbuild,.github/workflows/dreaming.agent.md,dotnet__msbuild__25631906c48c/history.json,dotnet__msbuild__25631906c48c/snapshots/msbuild__dotnet__21b1ec7fc89b5d3dbec75b5cd804c3dc9a2a5442__dreaming.agent.md,21b1ec7fc89b5d3dbec75b5cd804c3dc9a2a5442,2026-07-16T05:50:32Z,en,0.9999955521210264,2054,2042
dotnet/msbuild:.github/workflows/flaky-test-detector.agent.md,dotnet/msbuild,.github/workflows/flaky-test-detector.agent.md,dotnet__msbuild__62bbebe414d2/history.json,dotnet__msbuild__62bbebe414d2/snapshots/msbuild__dotnet__9a9c97c636b36930f174def227f3b42ef6f39088__flaky-test-detector.agent.md,9a9c97c636b36930f174def227f3b42ef6f39088,2026-07-20T11:56:33Z,en,0.9999961791080367,4331,4496
dotnet/msbuild:.github/workflows/flaky-test-fixer.agent.md,dotnet/msbuild,.github/workflows/flaky-test-fixer.agent.md,dotnet__msbuild__26112a97db5e/history.json,dotnet__msbuild__26112a97db5e/snapshots/msbuild__dotnet__340426d5de4d065c5eca6fd52c99766b12d17d33__flaky-test-fixer.agent.md,340426d5de4d065c5eca6fd52c99766b12d17d33,2026-07-17T14:28:37Z,en,0.9999981162876128,3471,3541
dotnet/runtime:.github/workflows/breaking-change-doc.md,dotnet/runtime,.github/workflows/breaking-change-doc.md,dotnet__runtime__edbc6f8ca46d/history.json,dotnet__runtime__edbc6f8ca46d/snapshots/runtime__dotnet__23860fbb246a18fdfec2e0a590850ece0eec9358__breaking-change-doc.md,23860fbb246a18fdfec2e0a590850ece0eec9358,2026-07-22T06:58:10Z,en,0.9999967658588951,149,144
dotnet/runtime:.github/workflows/ci-failure-fix.md,dotnet/runtime,.github/workflows/ci-failure-fix.md,dotnet__runtime__ef8d1da6cd4e/history.json,dotnet__runtime__ef8d1da6cd4e/snapshots/runtime__dotnet__8f769f811a4b5b69328c175c9e2ae5d09cdc7c23__ci-failure-fix.md,8f769f811a4b5b69328c175c9e2ae5d09cdc7c23,2026-07-29T10:36:15Z,en,0.9999970183420899,2890,2725
dotnet/runtime:.github/workflows/ci-failure-scan-feedback.md,dotnet/runtime,.github/workflows/ci-failure-scan-feedback.md,dotnet__runtime__09bf67637f2e/history.json,dotnet__runtime__09bf67637f2e/snapshots/runtime__dotnet__23860fbb246a18fdfec2e0a590850ece0eec9358__ci-failure-scan-feedback.md,23860fbb246a18fdfec2e0a590850ece0eec9358,2026-07-22T06:58:10Z,en,0.9999976730555599,2286,2362
dotnet/runtime:.github/workflows/ci-failure-scan.md,dotnet/runtime,.github/workflows/ci-failure-scan.md,dotnet__runtime__ed6ce7351d1c/history.json,dotnet__runtime__ed6ce7351d1c/snapshots/runtime__dotnet__d025911e35e6672573b5ccea12d17ae73cfcb963__ci-failure-scan.md,d025911e35e6672573b5ccea12d17ae73cfcb963,2026-07-28T14:39:37Z,en,0.9999961635959478,2983,2961
dotnet/runtime:.github/workflows/closed-issue-reference-check.md,dotnet/runtime,.github/workflows/closed-issue-reference-check.md,dotnet__runtime__de07a21a2588/history.json,dotnet__runtime__de07a21a2588/snapshots/runtime__dotnet__23860fbb246a18fdfec2e0a590850ece0eec9358__closed-issue-reference-check.md,23860fbb246a18fdfec2e0a590850ece0eec9358,2026-07-22T06:58:10Z,en,0.9999973744812706,584,613
dotnet/runtime:.github/workflows/holistic-review.md,dotnet/runtime,.github/workflows/holistic-review.md,dotnet__runtime__0d73949725b9/history.json,dotnet__runtime__0d73949725b9/snapshots/runtime__dotnet__cb84c8521ce6a4cbde63cb1a700fcb850be791ae__holistic-review.md,cb84c8521ce6a4cbde63cb1a700fcb850be791ae,2026-07-19T02:42:16Z,en,0.9999966439257721,1326,1352
dotnet/sdk:.github/workflows/add-tactics-template-on-comment.md,dotnet/sdk,.github/workflows/add-tactics-template-on-comment.md,dotnet__sdk__569d52d854ca/history.json,dotnet__sdk__569d52d854ca/snapshots/sdk__dotnet__b5affd91a303b33ba25c0b1e6775e4fc55023f8c__add-tactics-template-on-comment.md,b5affd91a303b33ba25c0b1e6775e4fc55023f8c,2026-07-17T22:33:23Z,en,0.9999960883045054,583,576
dotnet/sdk:.github/workflows/issue-triage.md,dotnet/sdk,.github/workflows/issue-triage.md,dotnet__sdk__4bcd5cd9a504/history.json,dotnet__sdk__4bcd5cd9a504/snapshots/sdk__dotnet__b5affd91a303b33ba25c0b1e6775e4fc55023f8c__issue-triage.md,b5affd91a303b33ba25c0b1e6775e4fc55023f8c,2026-07-17T22:33:23Z,en,0.9999955616383032,2426,2321
dotnet/skills:.github/workflows/devops-health-check.md,dotnet/skills,.github/workflows/devops-health-check.md,dotnet__skills__95b89be02cc9/history.json,dotnet__skills__95b89be02cc9/snapshots/skills__dotnet__4df4da469a588f19505d538af4768ab70350ab39__devops-health-check.md,4df4da469a588f19505d538af4768ab70350ab39,2026-07-20T13:20:14Z,en,0.999997066717076,2332,2348
dotnet/skills:.github/workflows/devops-health-groom.md,dotnet/skills,.github/workflows/devops-health-groom.md,dotnet__skills__8ab014bb9738/history.json,dotnet__skills__8ab014bb9738/snapshots/skills__dotnet__4df4da469a588f19505d538af4768ab70350ab39__devops-health-groom.md,4df4da469a588f19505d538af4768ab70350ab39,2026-07-20T13:20:14Z,en,0.9999952098221387,2234,2234
dotnet/skills:.github/workflows/devops-health-investigate.md,dotnet/skills,.github/workflows/devops-health-investigate.md,dotnet__skills__7aec45e071cb/history.json,dotnet__skills__7aec45e071cb/snapshots/skills__dotnet__4df4da469a588f19505d538af4768ab70350ab39__devops-health-investigate.md,4df4da469a588f19505d538af4768ab70350ab39,2026-07-20T13:20:14Z,en,0.9999975934794008,449,433
dotnet/skills:.github/workflows/issue-investigate.md,dotnet/skills,.github/workflows/issue-investigate.md,dotnet__skills__cea6c5ac96f9/history.json,dotnet__skills__cea6c5ac96f9/snapshots/skills__dotnet__4df4da469a588f19505d538af4768ab70350ab39__issue-investigate.md,4df4da469a588f19505d538af4768ab70350ab39,2026-07-20T13:20:14Z,en,0.9999941279645106,863,809
dotnet/skills:.github/workflows/issue-triage.md,dotnet/skills,.github/workflows/issue-triage.md,dotnet__skills__f55c62584992/history.json,dotnet__skills__f55c62584992/snapshots/skills__dotnet__4df4da469a588f19505d538af4768ab70350ab39__issue-triage.md,4df4da469a588f19505d538af4768ab70350ab39,2026-07-20T13:20:14Z,en,0.9999962187101024,1024,954
dotnet/skills:.github/workflows/markdown-linter.md,dotnet/skills,.github/workflows/markdown-linter.md,dotnet__skills__f89feadf487e/history.json,dotnet__skills__f89feadf487e/snapshots/skills__dotnet__4df4da469a588f19505d538af4768ab70350ab39__markdown-linter.md,4df4da469a588f19505d538af4768ab70350ab39,2026-07-20T13:20:14Z,en,0.9999975105389265,174,165
dotnet/skills:.github/workflows/pr-malicious-scan.agent.md,dotnet/skills,.github/workflows/pr-malicious-scan.agent.md,dotnet__skills__9518c57af614/history.json,dotnet__skills__9518c57af614/snapshots/skills__dotnet__4df4da469a588f19505d538af4768ab70350ab39__pr-malicious-scan.agent.md,4df4da469a588f19505d538af4768ab70350ab39,2026-07-20T13:20:14Z,en,0.9999968096576585,960,882
dotnet/source-build:.github/workflows/triage.md,dotnet/source-build,.github/workflows/triage.md,dotnet__source-build__e2a32f13a63d/history.json,dotnet__source-build__e2a32f13a63d/snapshots/source-build__dotnet__93ac3915801dc1dd6f90ffc19f6781c84506c4b2__triage.md,93ac3915801dc1dd6f90ffc19f6781c84506c4b2,2026-06-25T21:36:02Z,en,0.9999962858727751,178,175
dotnet/SqlClient:.github/workflows/issue-triage.md,dotnet/SqlClient,.github/workflows/issue-triage.md,dotnet__SqlClient__7c30189b9f8b/history.json,dotnet__SqlClient__7c30189b9f8b/snapshots/SqlClient__dotnet__e85a83fbee0623cc33ce56049209db405ee7a5d4__issue-triage.md,e85a83fbee0623cc33ce56049209db405ee7a5d4,2026-06-15T17:21:09Z,en,0.9999969320596933,1037,1019
dotnet/xharness:.github/workflows/runtime-failure-observer.agent.md,dotnet/xharness,.github/workflows/runtime-failure-observer.agent.md,dotnet__xharness__e369e416ebb1/history.json,dotnet__xharness__e369e416ebb1/snapshots/xharness__dotnet__5972976146cc400e19cca63695409841d2609a37__runtime-failure-observer.agent.md,5972976146cc400e19cca63695409841d2609a37,2026-07-16T08:38:35Z,en,0.9999983696355317,1318,1147
drasi-project/drasi-core:.github/workflows/drasi-issue-researcher.md,drasi-project/drasi-core,.github/workflows/drasi-issue-researcher.md,drasi-project__drasi-core__02808a23c102/history.json,drasi-project__drasi-core__02808a23c102/snapshots/drasi-core__drasi-project__e0d4d5d45a6bbc2fd52075391cade8193411c8a2__drasi-issue-researcher.md,e0d4d5d45a6bbc2fd52075391cade8193411c8a2,2026-01-02T18:48:10Z,en,0.9999953774119967,419,418
drasi-project/drasi-core:.github/workflows/implement-source.md,drasi-project/drasi-core,.github/workflows/implement-source.md,drasi-project__drasi-core__6df4ea38d992/history.json,drasi-project__drasi-core__6df4ea38d992/snapshots/drasi-core__drasi-project__c37534ed9dbd6ce6060b886c37aebae21fa1cab2__implement-source.md,c37534ed9dbd6ce6060b886c37aebae21fa1cab2,2026-02-25T04:43:32Z,insufficient,0.0,17,16
drasi-project/drasi-core:.github/workflows/plan-source.md,drasi-project/drasi-core,.github/workflows/plan-source.md,drasi-project__drasi-core__b017d7830c8f/history.json,drasi-project__drasi-core__b017d7830c8f/snapshots/drasi-core__drasi-project__c37534ed9dbd6ce6060b886c37aebae21fa1cab2__plan-source.md,c37534ed9dbd6ce6060b886c37aebae21fa1cab2,2026-02-25T04:43:32Z,en,0.9999949898707334,23,22
drasi-project/drasi-core:.github/workflows/pr-correctness-reviewer.md,drasi-project/drasi-core,.github/workflows/pr-correctness-reviewer.md,drasi-project__drasi-core__0a1f93f85ac3/history.json,drasi-project__drasi-core__0a1f93f85ac3/snapshots/drasi-core__drasi-project__d3a066b884a3d5fe097a310932135e1f4deb6007__pr-correctness-reviewer.md,d3a066b884a3d5fe097a310932135e1f4deb6007,2026-05-07T01:18:55Z,en,0.9999953713294253,1225,1276
drasi-project/drasi-core:.github/workflows/pr-design-reviewer.md,drasi-project/drasi-core,.github/workflows/pr-design-reviewer.md,drasi-project__drasi-core__df33c7dfe237/history.json,drasi-project__drasi-core__df33c7dfe237/snapshots/drasi-core__drasi-project__d3a066b884a3d5fe097a310932135e1f4deb6007__pr-design-reviewer.md,d3a066b884a3d5fe097a310932135e1f4deb6007,2026-05-07T01:18:55Z,en,0.999998171930672,882,888
drasi-project/drasi-core:.github/workflows/pr-docs-reviewer.md,drasi-project/drasi-core,.github/workflows/pr-docs-reviewer.md,drasi-project__drasi-core__9ce90ed05075/history.json,drasi-project__drasi-core__9ce90ed05075/snapshots/drasi-core__drasi-project__d3a066b884a3d5fe097a310932135e1f4deb6007__pr-docs-reviewer.md,d3a066b884a3d5fe097a310932135e1f4deb6007,2026-05-07T01:18:55Z,en,0.9999957460697869,973,968
drasi-project/drasi-core:.github/workflows/pr-prior-art-reviewer.md,drasi-project/drasi-core,.github/workflows/pr-prior-art-reviewer.md,drasi-project__drasi-core__50bc99915281/history.json,drasi-project__drasi-core__50bc99915281/snapshots/drasi-core__drasi-project__d3a066b884a3d5fe097a310932135e1f4deb6007__pr-prior-art-reviewer.md,d3a066b884a3d5fe097a310932135e1f4deb6007,2026-05-07T01:18:55Z,en,0.9999976290198447,950,944
drasi-project/drasi-core:.github/workflows/pr-security-reviewer.md,drasi-project/drasi-core,.github/workflows/pr-security-reviewer.md,drasi-project__drasi-core__c605412f5fe7/history.json,drasi-project__drasi-core__c605412f5fe7/snapshots/drasi-core__drasi-project__d3a066b884a3d5fe097a310932135e1f4deb6007__pr-security-reviewer.md,d3a066b884a3d5fe097a310932135e1f4deb6007,2026-05-07T01:18:55Z,en,0.9999965733087168,936,929
drasi-project/drasi-core:.github/workflows/pr-testing-reviewer.md,drasi-project/drasi-core,.github/workflows/pr-testing-reviewer.md,drasi-project__drasi-core__e8bf5b189d24/history.json,drasi-project__drasi-core__e8bf5b189d24/snapshots/drasi-core__drasi-project__d3a066b884a3d5fe097a310932135e1f4deb6007__pr-testing-reviewer.md,d3a066b884a3d5fe097a310932135e1f4deb6007,2026-05-07T01:18:55Z,en,0.9999958619494062,995,995
drasi-project/drasi-platform:.github/workflows/drasi-issue-researcher.md,drasi-project/drasi-platform,.github/workflows/drasi-issue-researcher.md,drasi-project__drasi-platform__0f9ae6dda4b8/history.json,drasi-project__drasi-platform__0f9ae6dda4b8/snapshots/drasi-platform__drasi-project__3edd930daca89b6d668ffdc9e19efeed56b57b97__drasi-issue-researcher.md,3edd930daca89b6d668ffdc9e19efeed56b57b97,2026-06-16T17:17:31Z,en,0.9999968260564915,419,418
drasi-project/drasi-platform:.github/workflows/pr-correctness-reviewer.md,drasi-project/drasi-platform,.github/workflows/pr-correctness-reviewer.md,drasi-project__drasi-platform__b4c951f9ec09/history.json,drasi-project__drasi-platform__b4c951f9ec09/snapshots/drasi-platform__drasi-project__3edd930daca89b6d668ffdc9e19efeed56b57b97__pr-correctness-reviewer.md,3edd930daca89b6d668ffdc9e19efeed56b57b97,2026-06-16T17:17:31Z,en,0.9999953713294253,1225,1276
drasi-project/drasi-platform:.github/workflows/pr-design-reviewer.md,drasi-project/drasi-platform,.github/workflows/pr-design-reviewer.md,drasi-project__drasi-platform__e4cbb3a3a9f9/history.json,drasi-project__drasi-platform__e4cbb3a3a9f9/snapshots/drasi-platform__drasi-project__3edd930daca89b6d668ffdc9e19efeed56b57b97__pr-design-reviewer.md,3edd930daca89b6d668ffdc9e19efeed56b57b97,2026-06-16T17:17:31Z,en,0.999998171930672,882,888
drasi-project/drasi-platform:.github/workflows/pr-docs-reviewer.md,drasi-project/drasi-platform,.github/workflows/pr-docs-reviewer.md,drasi-project__drasi-platform__ea492c981167/history.json,drasi-project__drasi-platform__ea492c981167/snapshots/drasi-platform__drasi-project__3edd930daca89b6d668ffdc9e19efeed56b57b97__pr-docs-reviewer.md,3edd930daca89b6d668ffdc9e19efeed56b57b97,2026-06-16T17:17:31Z,en,0.9999957460697869,973,968
drasi-project/drasi-platform:.github/workflows/pr-prior-art-reviewer.md,drasi-project/drasi-platform,.github/workflows/pr-prior-art-reviewer.md,drasi-project__drasi-platform__a947cf017343/history.json,drasi-project__drasi-platform__a947cf017343/snapshots/drasi-platform__drasi-project__3edd930daca89b6d668ffdc9e19efeed56b57b97__pr-prior-art-reviewer.md,3edd930daca89b6d668ffdc9e19efeed56b57b97,2026-06-16T17:17:31Z,en,0.9999966713346852,963,957
drasi-project/drasi-platform:.github/workflows/pr-security-reviewer.md,drasi-project/drasi-platform,.github/workflows/pr-security-reviewer.md,drasi-project__drasi-platform__0bd8e2288a7a/history.json,drasi-project__drasi-platform__0bd8e2288a7a/snapshots/drasi-platform__drasi-project__3edd930daca89b6d668ffdc9e19efeed56b57b97__pr-security-reviewer.md,3edd930daca89b6d668ffdc9e19efeed56b57b97,2026-06-16T17:17:31Z,en,0.9999965733087168,936,929
drasi-project/drasi-platform:.github/workflows/pr-testing-reviewer.md,drasi-project/drasi-platform,.github/workflows/pr-testing-reviewer.md,drasi-project__drasi-platform__7ff890049d56/history.json,drasi-project__drasi-platform__7ff890049d56/snapshots/drasi-platform__drasi-project__3edd930daca89b6d668ffdc9e19efeed56b57b97__pr-testing-reviewer.md,3edd930daca89b6d668ffdc9e19efeed56b57b97,2026-06-16T17:17:31Z,en,0.9999958619494062,995,995
drasi-project/drasi-server:.github/workflows/pr-correctness-reviewer.md,drasi-project/drasi-server,.github/workflows/pr-correctness-reviewer.md,drasi-project__drasi-server__fbe012dfe9c1/history.json,drasi-project__drasi-server__fbe012dfe9c1/snapshots/drasi-server__drasi-project__0611e9dbcf7793711e5a3adf8a0fd2329c83f779__pr-correctness-reviewer.md,0611e9dbcf7793711e5a3adf8a0fd2329c83f779,2026-06-05T16:40:00Z,en,0.9999953713294253,1225,1276
drasi-project/drasi-server:.github/workflows/pr-design-reviewer.md,drasi-project/drasi-server,.github/workflows/pr-design-reviewer.md,drasi-project__drasi-server__848974819051/history.json,drasi-project__drasi-server__848974819051/snapshots/drasi-server__drasi-project__0611e9dbcf7793711e5a3adf8a0fd2329c83f779__pr-design-reviewer.md,0611e9dbcf7793711e5a3adf8a0fd2329c83f779,2026-06-05T16:40:00Z,en,0.999998171930672,882,888
drasi-project/drasi-server:.github/workflows/pr-docs-reviewer.md,drasi-project/drasi-server,.github/workflows/pr-docs-reviewer.md,drasi-project__drasi-server__bd9f32f2128c/history.json,drasi-project__drasi-server__bd9f32f2128c/snapshots/drasi-server__drasi-project__0611e9dbcf7793711e5a3adf8a0fd2329c83f779__pr-docs-reviewer.md,0611e9dbcf7793711e5a3adf8a0fd2329c83f779,2026-06-05T16:40:00Z,en,0.9999957460697869,973,968
drasi-project/drasi-server:.github/workflows/pr-prior-art-reviewer.md,drasi-project/drasi-server,.github/workflows/pr-prior-art-reviewer.md,drasi-project__drasi-server__3ecefbc45c5a/history.json,drasi-project__drasi-server__3ecefbc45c5a/snapshots/drasi-server__drasi-project__0611e9dbcf7793711e5a3adf8a0fd2329c83f779__pr-prior-art-reviewer.md,0611e9dbcf7793711e5a3adf8a0fd2329c83f779,2026-06-05T16:40:00Z,en,0.9999976290198447,950,944
drasi-project/drasi-server:.github/workflows/pr-security-reviewer.md,drasi-project/drasi-server,.github/workflows/pr-security-reviewer.md,drasi-project__drasi-server__002204a8902b/history.json,drasi-project__drasi-server__002204a8902b/snapshots/drasi-server__drasi-project__0611e9dbcf7793711e5a3adf8a0fd2329c83f779__pr-security-reviewer.md,0611e9dbcf7793711e5a3adf8a0fd2329c83f779,2026-06-05T16:40:00Z,en,0.9999965733087168,936,929
drasi-project/drasi-server:.github/workflows/pr-testing-reviewer.md,drasi-project/drasi-server,.github/workflows/pr-testing-reviewer.md,drasi-project__drasi-server__febd39d88081/history.json,drasi-project__drasi-server__febd39d88081/snapshots/drasi-server__drasi-project__0611e9dbcf7793711e5a3adf8a0fd2329c83f779__pr-testing-reviewer.md,0611e9dbcf7793711e5a3adf8a0fd2329c83f779,2026-06-05T16:40:00Z,en,0.9999958619494062,995,995
drasi-project/drasi-server:.github/workflows/validate-yaml-snippets.md,drasi-project/drasi-server,.github/workflows/validate-yaml-snippets.md,drasi-project__drasi-server__48255a202ff7/history.json,drasi-project__drasi-server__48255a202ff7/snapshots/drasi-server__drasi-project__bdde067def88d25d0e344ace2434c3c9c5450ca8__validate-yaml-snippets.md,bdde067def88d25d0e344ace2434c3c9c5450ca8,2026-06-16T21:32:02Z,en,0.9999941656680451,275,280
drehelis/gcp-emulator-ui:.github/workflows/check-emulator-updates.md,drehelis/gcp-emulator-ui,.github/workflows/check-emulator-updates.md,drehelis__gcp-emulator-ui__f6b8c3752445/history.json,drehelis__gcp-emulator-ui__f6b8c3752445/snapshots/gcp-emulator-ui__drehelis__744f45c95a03fdfcec7f0fabb3f547a3e0975b1e__check-emulator-updates.md,744f45c95a03fdfcec7f0fabb3f547a3e0975b1e,2026-06-13T07:35:42Z,en,0.9999970964478764,373,380
drhelius/Gearboy:.github/workflows/build-doctor.md,drhelius/Gearboy,.github/workflows/build-doctor.md,drhelius__Gearboy__942107443cee/history.json,drhelius__Gearboy__942107443cee/snapshots/Gearboy__drhelius__5df5d9be3269079a0af6383189ff023a12c06e7b__build-doctor.md,5df5d9be3269079a0af6383189ff023a12c06e7b,2026-08-02T23:39:57Z,en,0.9999947567961123,1175,1184
drhelius/Gearboy:.github/workflows/controller-database-watcher.md,drhelius/Gearboy,.github/workflows/controller-database-watcher.md,drhelius__Gearboy__56422548eeaf/history.json,drhelius__Gearboy__56422548eeaf/snapshots/Gearboy__drhelius__d3042b5fc1ae6d4528cdd386470bdb833250c007__controller-database-watcher.md,d3042b5fc1ae6d4528cdd386470bdb833250c007,2026-06-29T15:42:44Z,en,0.9999974568861726,243,238
drhelius/Gearboy:.github/workflows/issue-triage.md,drhelius/Gearboy,.github/workflows/issue-triage.md,drhelius__Gearboy__ef1580a8e9fe/history.json,drhelius__Gearboy__ef1580a8e9fe/snapshots/Gearboy__drhelius__eaf4353b589afe67de8d223af15c29d9841a124e__issue-triage.md,eaf4353b589afe67de8d223af15c29d9841a124e,2026-06-22T21:50:43Z,en,0.9999982839399647,821,823
drhelius/Gearboy:.github/workflows/release-notes-draft.md,drhelius/Gearboy,.github/workflows/release-notes-draft.md,drhelius__Gearboy__95738278739c/history.json,drhelius__Gearboy__95738278739c/snapshots/Gearboy__drhelius__04f59b3a35bafc4a020e2d4626a276dfe8f19b43__release-notes-draft.md,04f59b3a35bafc4a020e2d4626a276dfe8f19b43,2026-06-25T20:43:38Z,en,0.9999969422022972,706,720
drhelius/Gearboy:.github/workflows/release.md,drhelius/Gearboy,.github/workflows/release.md,drhelius__Gearboy__0ac4718e0bea/history.json,drhelius__Gearboy__0ac4718e0bea/snapshots/Gearboy__drhelius__93d0cf5005c7ac8800722765d03528668db359c4__release.md,93d0cf5005c7ac8800722765d03528668db359c4,2026-06-29T18:13:51Z,en,0.9999960191495987,201,198
drhelius/Gearcoleco:.github/workflows/build-doctor.md,drhelius/Gearcoleco,.github/workflows/build-doctor.md,drhelius__Gearcoleco__bf47a7a076cf/history.json,drhelius__Gearcoleco__bf47a7a076cf/snapshots/Gearcoleco__drhelius__9768ef476e2de834fa2f86fdf38bdd938ee40860__build-doctor.md,9768ef476e2de834fa2f86fdf38bdd938ee40860,2026-08-02T23:39:58Z,en,0.9999973314016365,1175,1184
drhelius/Gearcoleco:.github/workflows/controller-database-watcher.md,drhelius/Gearcoleco,.github/workflows/controller-database-watcher.md,drhelius__Gearcoleco__a490fda05784/history.json,drhelius__Gearcoleco__a490fda05784/snapshots/Gearcoleco__drhelius__651f93b3c516cb11914dc6a9ee7263414454e61d__controller-database-watcher.md,651f93b3c516cb11914dc6a9ee7263414454e61d,2026-06-29T15:42:48Z,en,0.9999988763423557,243,238
drhelius/Gearcoleco:.github/workflows/issue-triage.md,drhelius/Gearcoleco,.github/workflows/issue-triage.md,drhelius__Gearcoleco__712ebfb21dee/history.json,drhelius__Gearcoleco__712ebfb21dee/snapshots/Gearcoleco__drhelius__3cbe6db3f7ddcdd765a8e153b33e8c432aa523ed__issue-triage.md,3cbe6db3f7ddcdd765a8e153b33e8c432aa523ed,2026-06-22T21:50:43Z,en,0.9999963680470763,823,825
drhelius/Gearcoleco:.github/workflows/release-notes-draft.md,drhelius/Gearcoleco,.github/workflows/release-notes-draft.md,drhelius__Gearcoleco__058adb68a6d8/history.json,drhelius__Gearcoleco__058adb68a6d8/snapshots/Gearcoleco__drhelius__df3a946dde937d0c4945a20b3eb73a0e56ad60a3__release-notes-draft.md,df3a946dde937d0c4945a20b3eb73a0e56ad60a3,2026-06-25T20:43:41Z,en,0.9999978101503062,726,742
drhelius/Gearcoleco:.github/workflows/release.md,drhelius/Gearcoleco,.github/workflows/release.md,drhelius__Gearcoleco__6c39de426553/history.json,drhelius__Gearcoleco__6c39de426553/snapshots/Gearcoleco__drhelius__22bdcd12b5a7dfbb51bade1018893933b2bcd421__release.md,22bdcd12b5a7dfbb51bade1018893933b2bcd421,2026-06-29T18:13:55Z,en,0.9999957152168,201,198
drhelius/Geargrafx:.github/workflows/build-doctor.md,drhelius/Geargrafx,.github/workflows/build-doctor.md,drhelius__Geargrafx__f9fc1a462740/history.json,drhelius__Geargrafx__f9fc1a462740/snapshots/Geargrafx__drhelius__0d1a74c5c97a901b343c1134e9410d2836777b7a__build-doctor.md,0d1a74c5c97a901b343c1134e9410d2836777b7a,2026-08-02T23:39:57Z,en,0.9999946136164077,1175,1184
drhelius/Geargrafx:.github/workflows/controller-database-watcher.md,drhelius/Geargrafx,.github/workflows/controller-database-watcher.md,drhelius__Geargrafx__2e53e4601a0c/history.json,drhelius__Geargrafx__2e53e4601a0c/snapshots/Geargrafx__drhelius__8459aeacaadea500ad8609be6d1bea6ff20289b5__controller-database-watcher.md,8459aeacaadea500ad8609be6d1bea6ff20289b5,2026-06-29T15:42:50Z,en,0.999997775417313,243,238
drhelius/Geargrafx:.github/workflows/issue-triage.md,drhelius/Geargrafx,.github/workflows/issue-triage.md,drhelius__Geargrafx__9b7232f0deed/history.json,drhelius__Geargrafx__9b7232f0deed/snapshots/Geargrafx__drhelius__ef63e1afd329a08a967c263f8a71f3ab5a75fcf8__issue-triage.md,ef63e1afd329a08a967c263f8a71f3ab5a75fcf8,2026-06-22T21:50:43Z,en,0.9999968788648272,824,826
drhelius/Geargrafx:.github/workflows/release-notes-draft.md,drhelius/Geargrafx,.github/workflows/release-notes-draft.md,drhelius__Geargrafx__7afd7b985e96/history.json,drhelius__Geargrafx__7afd7b985e96/snapshots/Geargrafx__drhelius__e2afe14015e103c346288a77fce8a32864d9ff36__release-notes-draft.md,e2afe14015e103c346288a77fce8a32864d9ff36,2026-06-25T20:43:42Z,en,0.9999966641990474,726,742
drhelius/Geargrafx:.github/workflows/release.md,drhelius/Geargrafx,.github/workflows/release.md,drhelius__Geargrafx__f319e2235c13/history.json,drhelius__Geargrafx__f319e2235c13/snapshots/Geargrafx__drhelius__bba723e54a6745a2886f8c3c181cc11d7ce76b61__release.md,bba723e54a6745a2886f8c3c181cc11d7ce76b61,2026-06-29T18:13:57Z,en,0.9999958414657172,201,198
drhelius/Gearlynx:.github/workflows/build-doctor.md,drhelius/Gearlynx,.github/workflows/build-doctor.md,drhelius__Gearlynx__474d4853656b/history.json,drhelius__Gearlynx__474d4853656b/snapshots/Gearlynx__drhelius__68b109f82c7ab8529fb9259748c69dd10959b551__build-doctor.md,68b109f82c7ab8529fb9259748c69dd10959b551,2026-08-02T23:39:57Z,en,0.9999963120063001,1175,1184
drhelius/Gearlynx:.github/workflows/controller-database-watcher.md,drhelius/Gearlynx,.github/workflows/controller-database-watcher.md,drhelius__Gearlynx__f32ecae0d05c/history.json,drhelius__Gearlynx__f32ecae0d05c/snapshots/Gearlynx__drhelius__67e663915445158b95df8bb4da12fc278a4954f0__controller-database-watcher.md,67e663915445158b95df8bb4da12fc278a4954f0,2026-06-29T15:42:52Z,en,0.9999949721284315,243,238
drhelius/Gearlynx:.github/workflows/issue-triage.md,drhelius/Gearlynx,.github/workflows/issue-triage.md,drhelius__Gearlynx__5b856029aecd/history.json,drhelius__Gearlynx__5b856029aecd/snapshots/Gearlynx__drhelius__862b0e20d1efafa4b626808795149fb348bab180__issue-triage.md,862b0e20d1efafa4b626808795149fb348bab180,2026-06-22T21:50:43Z,en,0.999996036652246,818,820
drhelius/Gearlynx:.github/workflows/release-notes-draft.md,drhelius/Gearlynx,.github/workflows/release-notes-draft.md,drhelius__Gearlynx__34cfb258892c/history.json,drhelius__Gearlynx__34cfb258892c/snapshots/Gearlynx__drhelius__fb9aca3a8cee53c093abc39cf538663e86a1e293__release-notes-draft.md,fb9aca3a8cee53c093abc39cf538663e86a1e293,2026-06-25T20:43:44Z,en,0.9999955989615253,726,742
drhelius/Gearlynx:.github/workflows/release.md,drhelius/Gearlynx,.github/workflows/release.md,drhelius__Gearlynx__b6ac48c587ed/history.json,drhelius__Gearlynx__b6ac48c587ed/snapshots/Gearlynx__drhelius__1e31bd97a6f83a5bdbd909fdfe3a48a01bc34309__release.md,1e31bd97a6f83a5bdbd909fdfe3a48a01bc34309,2026-06-29T18:14:00Z,en,0.999997215060755,201,198
drhelius/Gearsystem:.github/workflows/build-doctor.md,drhelius/Gearsystem,.github/workflows/build-doctor.md,drhelius__Gearsystem__f27c09ca3258/history.json,drhelius__Gearsystem__f27c09ca3258/snapshots/Gearsystem__drhelius__034c993c99d48b0e17db4f7a2b6994d51a3b71e2__build-doctor.md,034c993c99d48b0e17db4f7a2b6994d51a3b71e2,2026-08-02T23:39:57Z,en,0.9999970017180175,1175,1184
drhelius/Gearsystem:.github/workflows/controller-database-watcher.md,drhelius/Gearsystem,.github/workflows/controller-database-watcher.md,drhelius__Gearsystem__d2778d6447e5/history.json,drhelius__Gearsystem__d2778d6447e5/snapshots/Gearsystem__drhelius__ac2f223bd336cd9d2ab85e70d5d70b5b08bd86cf__controller-database-watcher.md,ac2f223bd336cd9d2ab85e70d5d70b5b08bd86cf,2026-06-29T15:42:46Z,en,0.9999987559647072,243,238
drhelius/Gearsystem:.github/workflows/issue-triage.md,drhelius/Gearsystem,.github/workflows/issue-triage.md,drhelius__Gearsystem__00c618ffe86f/history.json,drhelius__Gearsystem__00c618ffe86f/snapshots/Gearsystem__drhelius__203f24748e3eb0dbda1dab0b67b59c9570889ca2__issue-triage.md,203f24748e3eb0dbda1dab0b67b59c9570889ca2,2026-06-22T21:50:43Z,en,0.9999958926779907,824,826
drhelius/Gearsystem:.github/workflows/release-notes-draft.md,drhelius/Gearsystem,.github/workflows/release-notes-draft.md,drhelius__Gearsystem__b6cc09141405/history.json,drhelius__Gearsystem__b6cc09141405/snapshots/Gearsystem__drhelius__4a4d97d0111c70ac1bf0792b9ec5a2d8e6d54565__release-notes-draft.md,4a4d97d0111c70ac1bf0792b9ec5a2d8e6d54565,2026-06-25T20:43:39Z,en,0.9999978101503062,726,742
drhelius/Gearsystem:.github/workflows/release.md,drhelius/Gearsystem,.github/workflows/release.md,drhelius__Gearsystem__074d95e9a439/history.json,drhelius__Gearsystem__074d95e9a439/snapshots/Gearsystem__drhelius__1b816ede79e972e3706edd700cffac47808dbc56__release.md,1b816ede79e972e3706edd700cffac47808dbc56,2026-06-29T18:13:53Z,en,0.9999973276042955,201,198
duckduckgo/Android:.github/workflows/android-maintenance-worker.md,duckduckgo/Android,.github/workflows/android-maintenance-worker.md,duckduckgo__Android__f95debe81f35/history.json,duckduckgo__Android__f95debe81f35/snapshots/Android__duckduckgo__6bd853a3e51df63595e9d9495d25f1e2417d238f__android-maintenance-worker.md,6bd853a3e51df63595e9d9495d25f1e2417d238f,2026-07-14T09:37:29Z,en,0.9999966745931594,743,713
duckduckgo/Android:.github/workflows/drift-audit.md,duckduckgo/Android,.github/workflows/drift-audit.md,duckduckgo__Android__e2e317afbb98/history.json,duckduckgo__Android__e2e317afbb98/snapshots/Android__duckduckgo__dff096753736712c8f1a0aa72c50492e8b58cfcf__drift-audit.md,dff096753736712c8f1a0aa72c50492e8b58cfcf,2026-06-16T20:42:59Z,en,0.9999973294773411,650,597
elastic/ai-github-actions:.github/workflows/agent-deep-dive.md,elastic/ai-github-actions,.github/workflows/agent-deep-dive.md,elastic__ai-github-actions__7d0fa52c42ad/history.json,elastic__ai-github-actions__7d0fa52c42ad/snapshots/ai-github-actions__elastic__038d4f7b0986ad158aa9efe8f28a41df4e71b48f__agent-deep-dive.md,038d4f7b0986ad158aa9efe8f28a41df4e71b48f,2026-07-22T15:20:09Z,en,0.9999967796330234,573,563
elastic/ai-github-actions:.github/workflows/agent-efficiency.md,elastic/ai-github-actions,.github/workflows/agent-efficiency.md,elastic__ai-github-actions__c65d3b057473/history.json,elastic__ai-github-actions__c65d3b057473/snapshots/ai-github-actions__elastic__038d4f7b0986ad158aa9efe8f28a41df4e71b48f__agent-efficiency.md,038d4f7b0986ad158aa9efe8f28a41df4e71b48f,2026-07-22T15:20:09Z,en,0.999997026940908,546,565
elastic/ai-github-actions:.github/workflows/gh-aw-agent-suggestions.md,elastic/ai-github-actions,.github/workflows/gh-aw-agent-suggestions.md,elastic__ai-github-actions__711718c8682c/history.json,elastic__ai-github-actions__711718c8682c/snapshots/ai-github-actions__elastic__038d4f7b0986ad158aa9efe8f28a41df4e71b48f__gh-aw-agent-suggestions.md,038d4f7b0986ad158aa9efe8f28a41df4e71b48f,2026-07-22T15:20:09Z,en,0.9999970794176263,361,343
elastic/ai-github-actions:.github/workflows/gh-aw-autonomy-atomicity-analyzer.md,elastic/ai-github-actions,.github/workflows/gh-aw-autonomy-atomicity-analyzer.md,elastic__ai-github-actions__e4e0e6797886/history.json,elastic__ai-github-actions__e4e0e6797886/snapshots/ai-github-actions__elastic__038d4f7b0986ad158aa9efe8f28a41df4e71b48f__gh-aw-autonomy-atomicity-analyzer.md,038d4f7b0986ad158aa9efe8f28a41df4e71b48f,2026-07-22T15:20:09Z,en,0.9999969398510576,594,577
elastic/ai-github-actions:.github/workflows/gh-aw-branch-actions-detective.md,elastic/ai-github-actions,.github/workflows/gh-aw-branch-actions-detective.md,elastic__ai-github-actions__bab0dc7eb20e/history.json,elastic__ai-github-actions__bab0dc7eb20e/snapshots/ai-github-actions__elastic__038d4f7b0986ad158aa9efe8f28a41df4e71b48f__gh-aw-branch-actions-detective.md,038d4f7b0986ad158aa9efe8f28a41df4e71b48f,2026-07-22T15:20:09Z,en,0.9999951392872813,272,257
elastic/ai-github-actions:.github/workflows/gh-aw-breaking-change-detect.md,elastic/ai-github-actions,.github/workflows/gh-aw-breaking-change-detect.md,elastic__ai-github-actions__a012577dee2c/history.json,elastic__ai-github-actions__a012577dee2c/snapshots/ai-github-actions__elastic__e18d0853e04cb60a1c57292e4098a3ef06238aab__gh-aw-breaking-change-detect.md,e18d0853e04cb60a1c57292e4098a3ef06238aab,2026-02-21T03:09:21Z,en,0.9999967530814104,452,436
elastic/ai-github-actions:.github/workflows/gh-aw-breaking-change-detector.md,elastic/ai-github-actions,.github/workflows/gh-aw-breaking-change-detector.md,elastic__ai-github-actions__4986c072448c/history.json,elastic__ai-github-actions__4986c072448c/snapshots/ai-github-actions__elastic__038d4f7b0986ad158aa9efe8f28a41df4e71b48f__gh-aw-breaking-change-detector.md,038d4f7b0986ad158aa9efe8f28a41df4e71b48f,2026-07-22T15:20:09Z,en,0.9999978706564421,522,507
elastic/ai-github-actions:.github/workflows/gh-aw-bug-hunter.md,elastic/ai-github-actions,.github/workflows/gh-aw-bug-hunter.md,elastic__ai-github-actions__06e4bbf421a7/history.json,elastic__ai-github-actions__06e4bbf421a7/snapshots/ai-github-actions__elastic__038d4f7b0986ad158aa9efe8f28a41df4e71b48f__gh-aw-bug-hunter.md,038d4f7b0986ad158aa9efe8f28a41df4e71b48f,2026-07-22T15:20:09Z,en,0.9999947633110333,636,627
elastic/ai-github-actions:.github/workflows/gh-aw-code-complexity-detector.md,elastic/ai-github-actions,.github/workflows/gh-aw-code-complexity-detector.md,elastic__ai-github-actions__b9e34279d352/history.json,elastic__ai-github-actions__b9e34279d352/snapshots/ai-github-actions__elastic__038d4f7b0986ad158aa9efe8f28a41df4e71b48f__gh-aw-code-complexity-detector.md,038d4f7b0986ad158aa9efe8f28a41df4e71b48f,2026-07-22T15:20:09Z,en,0.9999960235809926,603,607
elastic/ai-github-actions:.github/workflows/gh-aw-code-duplication-detector.md,elastic/ai-github-actions,.github/workflows/gh-aw-code-duplication-detector.md,elastic__ai-github-actions__34587b6f92d1/history.json,elastic__ai-github-actions__34587b6f92d1/snapshots/ai-github-actions__elastic__038d4f7b0986ad158aa9efe8f28a41df4e71b48f__gh-aw-code-duplication-detector.md,038d4f7b0986ad158aa9efe8f28a41df4e71b48f,2026-07-22T15:20:09Z,en,0.9999974537627522,440,447
elastic/ai-github-actions:.github/workflows/gh-aw-code-quality-audit.md,elastic/ai-github-actions,.github/workflows/gh-aw-code-quality-audit.md,elastic__ai-github-actions__14c149e1df89/history.json,elastic__ai-github-actions__14c149e1df89/snapshots/ai-github-actions__elastic__038d4f7b0986ad158aa9efe8f28a41df4e71b48f__gh-aw-code-quality-audit.md,038d4f7b0986ad158aa9efe8f28a41df4e71b48f,2026-07-22T15:20:09Z,en,0.9999973684421739,158,165
elastic/ai-github-actions:.github/workflows/gh-aw-create-comment-on-issue.md,elastic/ai-github-actions,.github/workflows/gh-aw-create-comment-on-issue.md,elastic__ai-github-actions__0fbc49249fdc/history.json,elastic__ai-github-actions__0fbc49249fdc/snapshots/ai-github-actions__elastic__038d4f7b0986ad158aa9efe8f28a41df4e71b48f__gh-aw-create-comment-on-issue.md,038d4f7b0986ad158aa9efe8f28a41df4e71b48f,2026-07-22T15:20:09Z,en,0.9999945366951681,78,73
elastic/ai-github-actions:.github/workflows/gh-aw-create-pr-from-issue.md,elastic/ai-github-actions,.github/workflows/gh-aw-create-pr-from-issue.md,elastic__ai-github-actions__43e448190375/history.json,elastic__ai-github-actions__43e448190375/snapshots/ai-github-actions__elastic__038d4f7b0986ad158aa9efe8f28a41df4e71b48f__gh-aw-create-pr-from-issue.md,038d4f7b0986ad158aa9efe8f28a41df4e71b48f,2026-07-22T15:20:09Z,en,0.9999952587164884,141,139
elastic/ai-github-actions:.github/workflows/gh-aw-dependency-review.md,elastic/ai-github-actions,.github/workflows/gh-aw-dependency-review.md,elastic__ai-github-actions__8860d25cbd59/history.json,elastic__ai-github-actions__8860d25cbd59/snapshots/ai-github-actions__elastic__038d4f7b0986ad158aa9efe8f28a41df4e71b48f__gh-aw-dependency-review.md,038d4f7b0986ad158aa9efe8f28a41df4e71b48f,2026-07-22T15:20:09Z,en,0.9999977580549373,1002,948
elastic/ai-github-actions:.github/workflows/gh-aw-docs-drift.md,elastic/ai-github-actions,.github/workflows/gh-aw-docs-drift.md,elastic__ai-github-actions__11e3e277cedd/history.json,elastic__ai-github-actions__11e3e277cedd/snapshots/ai-github-actions__elastic__e18d0853e04cb60a1c57292e4098a3ef06238aab__gh-aw-docs-drift.md,e18d0853e04cb60a1c57292e4098a3ef06238aab,2026-02-21T03:09:21Z,en,0.9999975019721465,461,435
elastic/ai-github-actions:.github/workflows/gh-aw-docs-patrol.md,elastic/ai-github-actions,.github/workflows/gh-aw-docs-patrol.md,elastic__ai-github-actions__7c981ce40277/history.json,elastic__ai-github-actions__7c981ce40277/snapshots/ai-github-actions__elastic__038d4f7b0986ad158aa9efe8f28a41df4e71b48f__gh-aw-docs-patrol.md,038d4f7b0986ad158aa9efe8f28a41df4e71b48f,2026-07-22T15:20:09Z,en,0.9999986786010048,543,516
elastic/ai-github-actions:.github/workflows/gh-aw-duplicate-issue-detector.md,elastic/ai-github-actions,.github/workflows/gh-aw-duplicate-issue-detector.md,elastic__ai-github-actions__8c86ff618c2d/history.json,elastic__ai-github-actions__8c86ff618c2d/snapshots/ai-github-actions__elastic__038d4f7b0986ad158aa9efe8f28a41df4e71b48f__gh-aw-duplicate-issue-detector.md,038d4f7b0986ad158aa9efe8f28a41df4e71b48f,2026-07-22T15:20:09Z,en,0.9999982471943768,748,727
elastic/ai-github-actions:.github/workflows/gh-aw-estc-docs-patrol-external.md,elastic/ai-github-actions,.github/workflows/gh-aw-estc-docs-patrol-external.md,elastic__ai-github-actions__b7299d859a12/history.json,elastic__ai-github-actions__b7299d859a12/snapshots/ai-github-actions__elastic__038d4f7b0986ad158aa9efe8f28a41df4e71b48f__gh-aw-estc-docs-patrol-external.md,038d4f7b0986ad158aa9efe8f28a41df4e71b48f,2026-07-22T15:20:09Z,en,0.9999965354692895,697,678
elastic/ai-github-actions:.github/workflows/gh-aw-estc-docs-pr-review.md,elastic/ai-github-actions,.github/workflows/gh-aw-estc-docs-pr-review.md,elastic__ai-github-actions__343ae155712c/history.json,elastic__ai-github-actions__343ae155712c/snapshots/ai-github-actions__elastic__038d4f7b0986ad158aa9efe8f28a41df4e71b48f__gh-aw-estc-docs-pr-review.md,038d4f7b0986ad158aa9efe8f28a41df4e71b48f,2026-07-22T15:20:09Z,en,0.999996218326078,968,975
elastic/ai-github-actions:.github/workflows/gh-aw-estc-downstream-health.md,elastic/ai-github-actions,.github/workflows/gh-aw-estc-downstream-health.md,elastic__ai-github-actions__f914804c1f61/history.json,elastic__ai-github-actions__f914804c1f61/snapshots/ai-github-actions__elastic__36593c82cf778e74ab01a17d38b33ccd9f079935__gh-aw-estc-downstream-health.md,36593c82cf778e74ab01a17d38b33ccd9f079935,2026-03-01T00:01:10Z,en,0.9999956232101611,485,464
elastic/ai-github-actions:.github/workflows/gh-aw-estc-pr-buildkite-detective.md,elastic/ai-github-actions,.github/workflows/gh-aw-estc-pr-buildkite-detective.md,elastic__ai-github-actions__b1bb5009be67/history.json,elastic__ai-github-actions__b1bb5009be67/snapshots/ai-github-actions__elastic__038d4f7b0986ad158aa9efe8f28a41df4e71b48f__gh-aw-estc-pr-buildkite-detective.md,038d4f7b0986ad158aa9efe8f28a41df4e71b48f,2026-07-22T15:20:09Z,en,0.9999969731980938,311,309
elastic/ai-github-actions:.github/workflows/gh-aw-flaky-test-investigator.md,elastic/ai-github-actions,.github/workflows/gh-aw-flaky-test-investigator.md,elastic__ai-github-actions__82451c8dd707/history.json,elastic__ai-github-actions__82451c8dd707/snapshots/ai-github-actions__elastic__038d4f7b0986ad158aa9efe8f28a41df4e71b48f__gh-aw-flaky-test-investigator.md,038d4f7b0986ad158aa9efe8f28a41df4e71b48f,2026-07-22T15:20:09Z,en,0.9999949733977693,505,482
elastic/ai-github-actions:.github/workflows/gh-aw-framework-best-practices.md,elastic/ai-github-actions,.github/workflows/gh-aw-framework-best-practices.md,elastic__ai-github-actions__44e4b2bf0b12/history.json,elastic__ai-github-actions__44e4b2bf0b12/snapshots/ai-github-actions__elastic__038d4f7b0986ad158aa9efe8f28a41df4e71b48f__gh-aw-framework-best-practices.md,038d4f7b0986ad158aa9efe8f28a41df4e71b48f,2026-07-22T15:20:09Z,en,0.9999962789549919,609,598
elastic/ai-github-actions:.github/workflows/gh-aw-information-architecture.md,elastic/ai-github-actions,.github/workflows/gh-aw-information-architecture.md,elastic__ai-github-actions__694ae40d4099/history.json,elastic__ai-github-actions__694ae40d4099/snapshots/ai-github-actions__elastic__038d4f7b0986ad158aa9efe8f28a41df4e71b48f__gh-aw-information-architecture.md,038d4f7b0986ad158aa9efe8f28a41df4e71b48f,2026-07-22T15:20:09Z,en,0.9999981490970309,620,603
elastic/ai-github-actions:.github/workflows/gh-aw-internal-gemini-cli-web-search.md,elastic/ai-github-actions,.github/workflows/gh-aw-internal-gemini-cli-web-search.md,elastic__ai-github-actions__cd75dcb86167/history.json,elastic__ai-github-actions__cd75dcb86167/snapshots/ai-github-actions__elastic__038d4f7b0986ad158aa9efe8f28a41df4e71b48f__gh-aw-internal-gemini-cli-web-search.md,038d4f7b0986ad158aa9efe8f28a41df4e71b48f,2026-07-22T15:20:09Z,en,0.999996938535607,507,483
elastic/ai-github-actions:.github/workflows/gh-aw-internal-gemini-cli.md,elastic/ai-github-actions,.github/workflows/gh-aw-internal-gemini-cli.md,elastic__ai-github-actions__ea106018d1ce/history.json,elastic__ai-github-actions__ea106018d1ce/snapshots/ai-github-actions__elastic__038d4f7b0986ad158aa9efe8f28a41df4e71b48f__gh-aw-internal-gemini-cli.md,038d4f7b0986ad158aa9efe8f28a41df4e71b48f,2026-07-22T15:20:09Z,en,0.999997053387566,395,374
elastic/ai-github-actions:.github/workflows/gh-aw-issue-fixer.md,elastic/ai-github-actions,.github/workflows/gh-aw-issue-fixer.md,elastic__ai-github-actions__1d5068d00f6b/history.json,elastic__ai-github-actions__1d5068d00f6b/snapshots/ai-github-actions__elastic__038d4f7b0986ad158aa9efe8f28a41df4e71b48f__gh-aw-issue-fixer.md,038d4f7b0986ad158aa9efe8f28a41df4e71b48f,2026-07-22T15:20:09Z,en,0.9999957083306228,447,435
elastic/ai-github-actions:.github/workflows/gh-aw-issue-triage.md,elastic/ai-github-actions,.github/workflows/gh-aw-issue-triage.md,elastic__ai-github-actions__fdf4cbf61663/history.json,elastic__ai-github-actions__fdf4cbf61663/snapshots/ai-github-actions__elastic__038d4f7b0986ad158aa9efe8f28a41df4e71b48f__gh-aw-issue-triage.md,038d4f7b0986ad158aa9efe8f28a41df4e71b48f,2026-07-22T15:20:09Z,en,0.9999983705662274,614,586
elastic/ai-github-actions:.github/workflows/gh-aw-mention-in-issue-by-id.md,elastic/ai-github-actions,.github/workflows/gh-aw-mention-in-issue-by-id.md,elastic__ai-github-actions__c3ea1c88b8e2/history.json,elastic__ai-github-actions__c3ea1c88b8e2/snapshots/ai-github-actions__elastic__038d4f7b0986ad158aa9efe8f28a41df4e71b48f__gh-aw-mention-in-issue-by-id.md,038d4f7b0986ad158aa9efe8f28a41df4e71b48f,2026-07-22T15:20:09Z,en,0.9999967428497645,153,155
elastic/ai-github-actions:.github/workflows/gh-aw-mention-in-issue-no-sandbox.md,elastic/ai-github-actions,.github/workflows/gh-aw-mention-in-issue-no-sandbox.md,elastic__ai-github-actions__e5c8e9a93113/history.json,elastic__ai-github-actions__e5c8e9a93113/snapshots/ai-github-actions__elastic__038d4f7b0986ad158aa9efe8f28a41df4e71b48f__gh-aw-mention-in-issue-no-sandbox.md,038d4f7b0986ad158aa9efe8f28a41df4e71b48f,2026-07-22T15:20:09Z,en,0.9999970821631418,310,306
elastic/ai-github-actions:.github/workflows/gh-aw-mention-in-issue.md,elastic/ai-github-actions,.github/workflows/gh-aw-mention-in-issue.md,elastic__ai-github-actions__651a6ed036ad/history.json,elastic__ai-github-actions__651a6ed036ad/snapshots/ai-github-actions__elastic__038d4f7b0986ad158aa9efe8f28a41df4e71b48f__gh-aw-mention-in-issue.md,038d4f7b0986ad158aa9efe8f28a41df4e71b48f,2026-07-22T15:20:09Z,en,0.9999960578237712,343,339
elastic/ai-github-actions:.github/workflows/gh-aw-mention-in-pr-no-sandbox.md,elastic/ai-github-actions,.github/workflows/gh-aw-mention-in-pr-no-sandbox.md,elastic__ai-github-actions__028223f6e5cc/history.json,elastic__ai-github-actions__028223f6e5cc/snapshots/ai-github-actions__elastic__038d4f7b0986ad158aa9efe8f28a41df4e71b48f__gh-aw-mention-in-pr-no-sandbox.md,038d4f7b0986ad158aa9efe8f28a41df4e71b48f,2026-07-22T15:20:09Z,en,0.999997179839107,867,890
elastic/ai-github-actions:.github/workflows/gh-aw-mention-in-pr.md,elastic/ai-github-actions,.github/workflows/gh-aw-mention-in-pr.md,elastic__ai-github-actions__9c5db6773c75/history.json,elastic__ai-github-actions__9c5db6773c75/snapshots/ai-github-actions__elastic__038d4f7b0986ad158aa9efe8f28a41df4e71b48f__gh-aw-mention-in-pr.md,038d4f7b0986ad158aa9efe8f28a41df4e71b48f,2026-07-22T15:20:09Z,en,0.9999980383050591,1154,1188
elastic/ai-github-actions:.github/workflows/gh-aw-newbie-contributor-patrol.md,elastic/ai-github-actions,.github/workflows/gh-aw-newbie-contributor-patrol.md,elastic__ai-github-actions__7478ca5f3a8b/history.json,elastic__ai-github-actions__7478ca5f3a8b/snapshots/ai-github-actions__elastic__038d4f7b0986ad158aa9efe8f28a41df4e71b48f__gh-aw-newbie-contributor-patrol.md,038d4f7b0986ad158aa9efe8f28a41df4e71b48f,2026-07-22T15:20:09Z,en,0.9999963420759023,264,257
elastic/ai-github-actions:.github/workflows/gh-aw-performance-profiler.md,elastic/ai-github-actions,.github/workflows/gh-aw-performance-profiler.md,elastic__ai-github-actions__ca4378d1dd81/history.json,elastic__ai-github-actions__ca4378d1dd81/snapshots/ai-github-actions__elastic__038d4f7b0986ad158aa9efe8f28a41df4e71b48f__gh-aw-performance-profiler.md,038d4f7b0986ad158aa9efe8f28a41df4e71b48f,2026-07-22T15:20:09Z,en,0.999998011819218,804,806
elastic/ai-github-actions:.github/workflows/gh-aw-plan.md,elastic/ai-github-actions,.github/workflows/gh-aw-plan.md,elastic__ai-github-actions__2330b0f55f4f/history.json,elastic__ai-github-actions__2330b0f55f4f/snapshots/ai-github-actions__elastic__038d4f7b0986ad158aa9efe8f28a41df4e71b48f__gh-aw-plan.md,038d4f7b0986ad158aa9efe8f28a41df4e71b48f,2026-07-22T15:20:09Z,en,0.9999972820835765,187,179
elastic/ai-github-actions:.github/workflows/gh-aw-pr-actions-detective.md,elastic/ai-github-actions,.github/workflows/gh-aw-pr-actions-detective.md,elastic__ai-github-actions__d7d3e1c4f3c1/history.json,elastic__ai-github-actions__d7d3e1c4f3c1/snapshots/ai-github-actions__elastic__038d4f7b0986ad158aa9efe8f28a41df4e71b48f__gh-aw-pr-actions-detective.md,038d4f7b0986ad158aa9efe8f28a41df4e71b48f,2026-07-22T15:20:09Z,en,0.9999936571830107,306,304
elastic/ai-github-actions:.github/workflows/gh-aw-pr-actions-fixer.md,elastic/ai-github-actions,.github/workflows/gh-aw-pr-actions-fixer.md,elastic__ai-github-actions__39f818bcc607/history.json,elastic__ai-github-actions__39f818bcc607/snapshots/ai-github-actions__elastic__038d4f7b0986ad158aa9efe8f28a41df4e71b48f__gh-aw-pr-actions-fixer.md,038d4f7b0986ad158aa9efe8f28a41df4e71b48f,2026-07-22T15:20:09Z,en,0.9999972847843971,270,265
elastic/ai-github-actions:.github/workflows/gh-aw-pr-ci-detective.md,elastic/ai-github-actions,.github/workflows/gh-aw-pr-ci-detective.md,elastic__ai-github-actions__b84c122c5bc5/history.json,elastic__ai-github-actions__b84c122c5bc5/snapshots/ai-github-actions__elastic__cf1517eccf81e9396a93588e0e7536f439909eaf__gh-aw-pr-ci-detective.md,cf1517eccf81e9396a93588e0e7536f439909eaf,2026-02-21T00:43:05Z,en,0.999995696317319,206,200
elastic/ai-github-actions:.github/workflows/gh-aw-pr-conflict-addresser.md,elastic/ai-github-actions,.github/workflows/gh-aw-pr-conflict-addresser.md,elastic__ai-github-actions__e054d77f2bd4/history.json,elastic__ai-github-actions__e054d77f2bd4/snapshots/ai-github-actions__elastic__038d4f7b0986ad158aa9efe8f28a41df4e71b48f__gh-aw-pr-conflict-addresser.md,038d4f7b0986ad158aa9efe8f28a41df4e71b48f,2026-07-22T15:20:09Z,en,0.9999983590978826,164,165
elastic/ai-github-actions:.github/workflows/gh-aw-pr-labeler.md,elastic/ai-github-actions,.github/workflows/gh-aw-pr-labeler.md,elastic__ai-github-actions__850096bf3e6e/history.json,elastic__ai-github-actions__850096bf3e6e/snapshots/ai-github-actions__elastic__038d4f7b0986ad158aa9efe8f28a41df4e71b48f__gh-aw-pr-labeler.md,038d4f7b0986ad158aa9efe8f28a41df4e71b48f,2026-07-22T15:20:09Z,en,0.9999941517655118,180,183
elastic/ai-github-actions:.github/workflows/gh-aw-pr-review-addresser.md,elastic/ai-github-actions,.github/workflows/gh-aw-pr-review-addresser.md,elastic__ai-github-actions__6c6ca07172fd/history.json,elastic__ai-github-actions__6c6ca07172fd/snapshots/ai-github-actions__elastic__038d4f7b0986ad158aa9efe8f28a41df4e71b48f__gh-aw-pr-review-addresser.md,038d4f7b0986ad158aa9efe8f28a41df4e71b48f,2026-07-22T15:20:09Z,en,0.9999968303149431,621,618
elastic/ai-github-actions:.github/workflows/gh-aw-pr-review.md,elastic/ai-github-actions,.github/workflows/gh-aw-pr-review.md,elastic__ai-github-actions__7eef307c7084/history.json,elastic__ai-github-actions__7eef307c7084/snapshots/ai-github-actions__elastic__038d4f7b0986ad158aa9efe8f28a41df4e71b48f__gh-aw-pr-review.md,038d4f7b0986ad158aa9efe8f28a41df4e71b48f,2026-07-22T15:20:09Z,en,0.9999968421204461,670,665
elastic/ai-github-actions:.github/workflows/gh-aw-product-manager-impersonator.md,elastic/ai-github-actions,.github/workflows/gh-aw-product-manager-impersonator.md,elastic__ai-github-actions__b5468566a7f6/history.json,elastic__ai-github-actions__b5468566a7f6/snapshots/ai-github-actions__elastic__038d4f7b0986ad158aa9efe8f28a41df4e71b48f__gh-aw-product-manager-impersonator.md,038d4f7b0986ad158aa9efe8f28a41df4e71b48f,2026-07-22T15:20:09Z,en,0.9999964745749508,779,749
elastic/ai-github-actions:.github/workflows/gh-aw-project-summary.md,elastic/ai-github-actions,.github/workflows/gh-aw-project-summary.md,elastic__ai-github-actions__95b650e6901c/history.json,elastic__ai-github-actions__95b650e6901c/snapshots/ai-github-actions__elastic__038d4f7b0986ad158aa9efe8f28a41df4e71b48f__gh-aw-project-summary.md,038d4f7b0986ad158aa9efe8f28a41df4e71b48f,2026-07-22T15:20:09Z,en,0.9999962517677695,390,393
elastic/ai-github-actions:.github/workflows/gh-aw-refactor-opportunist.md,elastic/ai-github-actions,.github/workflows/gh-aw-refactor-opportunist.md,elastic__ai-github-actions__5be2c1e94eaf/history.json,elastic__ai-github-actions__5be2c1e94eaf/snapshots/ai-github-actions__elastic__038d4f7b0986ad158aa9efe8f28a41df4e71b48f__gh-aw-refactor-opportunist.md,038d4f7b0986ad158aa9efe8f28a41df4e71b48f,2026-07-22T15:20:09Z,en,0.999996935684589,691,677
elastic/ai-github-actions:.github/workflows/gh-aw-release-update.md,elastic/ai-github-actions,.github/workflows/gh-aw-release-update.md,elastic__ai-github-actions__d047eebdd43a/history.json,elastic__ai-github-actions__d047eebdd43a/snapshots/ai-github-actions__elastic__038d4f7b0986ad158aa9efe8f28a41df4e71b48f__gh-aw-release-update.md,038d4f7b0986ad158aa9efe8f28a41df4e71b48f,2026-07-22T15:20:09Z,en,0.9999963748569465,278,270
elastic/ai-github-actions:.github/workflows/gh-aw-scheduled-audit.md,elastic/ai-github-actions,.github/workflows/gh-aw-scheduled-audit.md,elastic__ai-github-actions__6c915a8670e8/history.json,elastic__ai-github-actions__6c915a8670e8/snapshots/ai-github-actions__elastic__038d4f7b0986ad158aa9efe8f28a41df4e71b48f__gh-aw-scheduled-audit.md,038d4f7b0986ad158aa9efe8f28a41df4e71b48f,2026-07-22T15:20:09Z,en,0.9999979158770331,112,120
elastic/ai-github-actions:.github/workflows/gh-aw-scheduled-fix.md,elastic/ai-github-actions,.github/workflows/gh-aw-scheduled-fix.md,elastic__ai-github-actions__6cb1011e0bb9/history.json,elastic__ai-github-actions__6cb1011e0bb9/snapshots/ai-github-actions__elastic__038d4f7b0986ad158aa9efe8f28a41df4e71b48f__gh-aw-scheduled-fix.md,038d4f7b0986ad158aa9efe8f28a41df4e71b48f,2026-07-22T15:20:09Z,en,0.9999967801750813,82,81
elastic/ai-github-actions:.github/workflows/gh-aw-small-problem-fixer.md,elastic/ai-github-actions,.github/workflows/gh-aw-small-problem-fixer.md,elastic__ai-github-actions__c6703901e844/history.json,elastic__ai-github-actions__c6703901e844/snapshots/ai-github-actions__elastic__038d4f7b0986ad158aa9efe8f28a41df4e71b48f__gh-aw-small-problem-fixer.md,038d4f7b0986ad158aa9efe8f28a41df4e71b48f,2026-07-22T15:20:09Z,en,0.9999984047337814,500,484
elastic/ai-github-actions:.github/workflows/gh-aw-stale-issues-investigator.md,elastic/ai-github-actions,.github/workflows/gh-aw-stale-issues-investigator.md,elastic__ai-github-actions__b1a7ed9232ed/history.json,elastic__ai-github-actions__b1a7ed9232ed/snapshots/ai-github-actions__elastic__038d4f7b0986ad158aa9efe8f28a41df4e71b48f__gh-aw-stale-issues-investigator.md,038d4f7b0986ad158aa9efe8f28a41df4e71b48f,2026-07-22T15:20:09Z,en,0.9999955485222656,731,727
elastic/ai-github-actions:.github/workflows/gh-aw-stale-issues-remediator.md,elastic/ai-github-actions,.github/workflows/gh-aw-stale-issues-remediator.md,elastic__ai-github-actions__b08877596b7e/history.json,elastic__ai-github-actions__b08877596b7e/snapshots/ai-github-actions__elastic__038d4f7b0986ad158aa9efe8f28a41df4e71b48f__gh-aw-stale-issues-remediator.md,038d4f7b0986ad158aa9efe8f28a41df4e71b48f,2026-07-22T15:20:09Z,en,0.9999963047424991,297,311
elastic/ai-github-actions:.github/workflows/gh-aw-stale-issues.md,elastic/ai-github-actions,.github/workflows/gh-aw-stale-issues.md,elastic__ai-github-actions__4c1bd54438d0/history.json,elastic__ai-github-actions__4c1bd54438d0/snapshots/ai-github-actions__elastic__719b9fb656d16aa1f0244df3f0f019bd12e8a3aa__gh-aw-stale-issues.md,719b9fb656d16aa1f0244df3f0f019bd12e8a3aa,2026-02-28T20:17:36Z,en,0.9999977101878784,694,688
elastic/ai-github-actions:.github/workflows/gh-aw-test-coverage-detector.md,elastic/ai-github-actions,.github/workflows/gh-aw-test-coverage-detector.md,elastic__ai-github-actions__da8f38293340/history.json,elastic__ai-github-actions__da8f38293340/snapshots/ai-github-actions__elastic__038d4f7b0986ad158aa9efe8f28a41df4e71b48f__gh-aw-test-coverage-detector.md,038d4f7b0986ad158aa9efe8f28a41df4e71b48f,2026-07-22T15:20:09Z,en,0.999997196856111,589,578
elastic/ai-github-actions:.github/workflows/gh-aw-text-auditor.md,elastic/ai-github-actions,.github/workflows/gh-aw-text-auditor.md,elastic__ai-github-actions__98e77282358f/history.json,elastic__ai-github-actions__98e77282358f/snapshots/ai-github-actions__elastic__038d4f7b0986ad158aa9efe8f28a41df4e71b48f__gh-aw-text-auditor.md,038d4f7b0986ad158aa9efe8f28a41df4e71b48f,2026-07-22T15:20:09Z,en,0.999994477196766,1029,975
elastic/ai-github-actions:.github/workflows/gh-aw-update-pr-body.md,elastic/ai-github-actions,.github/workflows/gh-aw-update-pr-body.md,elastic__ai-github-actions__22b574900f98/history.json,elastic__ai-github-actions__22b574900f98/snapshots/ai-github-actions__elastic__038d4f7b0986ad158aa9efe8f28a41df4e71b48f__gh-aw-update-pr-body.md,038d4f7b0986ad158aa9efe8f28a41df4e71b48f,2026-07-22T15:20:09Z,en,0.999998343072154,847,797
elastic/ai-github-actions:.github/workflows/gh-aw-ux-design-patrol.md,elastic/ai-github-actions,.github/workflows/gh-aw-ux-design-patrol.md,elastic__ai-github-actions__e6ce63062b64/history.json,elastic__ai-github-actions__e6ce63062b64/snapshots/ai-github-actions__elastic__038d4f7b0986ad158aa9efe8f28a41df4e71b48f__gh-aw-ux-design-patrol.md,038d4f7b0986ad158aa9efe8f28a41df4e71b48f,2026-07-22T15:20:09Z,en,0.9999958070094862,725,701
elastic/ai-github-actions:.github/workflows/internal-downstream-health.md,elastic/ai-github-actions,.github/workflows/internal-downstream-health.md,elastic__ai-github-actions__725ebee32666/history.json,elastic__ai-github-actions__725ebee32666/snapshots/ai-github-actions__elastic__038d4f7b0986ad158aa9efe8f28a41df4e71b48f__internal-downstream-health.md,038d4f7b0986ad158aa9efe8f28a41df4e71b48f,2026-07-22T15:20:09Z,en,0.9999956232101611,485,464
elastic/ai-github-actions:.github/workflows/upgrade-check.md,elastic/ai-github-actions,.github/workflows/upgrade-check.md,elastic__ai-github-actions__d1b688f025c5/history.json,elastic__ai-github-actions__d1b688f025c5/snapshots/ai-github-actions__elastic__038d4f7b0986ad158aa9efe8f28a41df4e71b48f__upgrade-check.md,038d4f7b0986ad158aa9efe8f28a41df4e71b48f,2026-07-22T15:20:09Z,en,0.9999985132775755,489,470
elastic/ai-github-actions:.github/workflows/workflow-patrol.md,elastic/ai-github-actions,.github/workflows/workflow-patrol.md,elastic__ai-github-actions__040a7402aa36/history.json,elastic__ai-github-actions__040a7402aa36/snapshots/ai-github-actions__elastic__038d4f7b0986ad158aa9efe8f28a41df4e71b48f__workflow-patrol.md,038d4f7b0986ad158aa9efe8f28a41df4e71b48f,2026-07-22T15:20:09Z,en,0.9999988121378403,477,480
elastic/cloud-on-k8s:.github/workflows/issue-classifier.md,elastic/cloud-on-k8s,.github/workflows/issue-classifier.md,elastic__cloud-on-k8s__d8f94ccfb188/history.json,elastic__cloud-on-k8s__d8f94ccfb188/snapshots/cloud-on-k8s__elastic__583523252720812e3b96e9879979d0387d9dc68c__issue-classifier.md,583523252720812e3b96e9879979d0387d9dc68c,2026-06-11T13:43:18Z,en,0.9999983166755979,833,858
elastic/elastic-docs-skills:.github/workflows/skill-freshness.md,elastic/elastic-docs-skills,.github/workflows/skill-freshness.md,elastic__elastic-docs-skills__a739936809f0/history.json,elastic__elastic-docs-skills__a739936809f0/snapshots/elastic-docs-skills__elastic__b901a4608e8073d10496c619c8758d2533323f08__skill-freshness.md,b901a4608e8073d10496c619c8758d2533323f08,2026-07-31T13:44:03Z,en,0.9999972393082033,397,411
elastic/elastic-docs-skills:.github/workflows/skill-quality-review.md,elastic/elastic-docs-skills,.github/workflows/skill-quality-review.md,elastic__elastic-docs-skills__ed5452616509/history.json,elastic__elastic-docs-skills__ed5452616509/snapshots/elastic-docs-skills__elastic__5dbc2ed5c97f67ebc6c437dfb4bd936e049d3f8b__skill-quality-review.md,5dbc2ed5c97f67ebc6c437dfb4bd936e049d3f8b,2026-06-22T06:45:07Z,en,0.9999950557552069,485,471
elastic/elasticsearch-specification:.github/workflows/kibana-type-check-analysis.md,elastic/elasticsearch-specification,.github/workflows/kibana-type-check-analysis.md,elastic__elasticsearch-specification__1e70d019b2dc/history.json,elastic__elasticsearch-specification__1e70d019b2dc/snapshots/elasticsearch-specification__elastic__966a1afa2fb5df79941bdcfdd53000ad427b2a47__kibana-type-check-analysis.md,966a1afa2fb5df79941bdcfdd53000ad427b2a47,2026-06-25T08:44:23Z,en,0.9999947374575471,335,357
elastic/elasticsearch-specification:.github/workflows/spec-drift.md,elastic/elasticsearch-specification,.github/workflows/spec-drift.md,elastic__elasticsearch-specification__edb731adaa42/history.json,elastic__elasticsearch-specification__edb731adaa42/snapshots/elasticsearch-specification__elastic__56cb2e713b22245e813b9ae3ffa5289490f867c1__spec-drift.md,56cb2e713b22245e813b9ae3ffa5289490f867c1,2026-05-27T09:47:01Z,en,0.9999970141529344,672,693
elastic/kibana:.github/workflows/backlog-groom.md,elastic/kibana,.github/workflows/backlog-groom.md,elastic__kibana__9cf6887b90cf/history.json,elastic__kibana__9cf6887b90cf/snapshots/kibana__elastic__076349f2ba1f024c0e97e71fb6cd3d1c9d4e1e8f__backlog-groom.md,076349f2ba1f024c0e97e71fb6cd3d1c9d4e1e8f,2026-07-27T20:11:41Z,en,0.9999982934672715,427,437
elastic/kibana:.github/workflows/failed-backport-resolver.md,elastic/kibana,.github/workflows/failed-backport-resolver.md,elastic__kibana__d95c6a56a19b/history.json,elastic__kibana__d95c6a56a19b/snapshots/kibana__elastic__076349f2ba1f024c0e97e71fb6cd3d1c9d4e1e8f__failed-backport-resolver.md,076349f2ba1f024c0e97e71fb6cd3d1c9d4e1e8f,2026-07-27T20:11:41Z,en,0.9999970420775317,630,685
elastic/kibana:.github/workflows/flaky-fix-verifier.md,elastic/kibana,.github/workflows/flaky-fix-verifier.md,elastic__kibana__f98b8266f5a1/history.json,elastic__kibana__f98b8266f5a1/snapshots/kibana__elastic__076349f2ba1f024c0e97e71fb6cd3d1c9d4e1e8f__flaky-fix-verifier.md,076349f2ba1f024c0e97e71fb6cd3d1c9d4e1e8f,2026-07-27T20:11:41Z,en,0.9999987656033784,2820,2365
elastic/kibana:.github/workflows/flaky-test-fixer.md,elastic/kibana,.github/workflows/flaky-test-fixer.md,elastic__kibana__58f6aa130724/history.json,elastic__kibana__58f6aa130724/snapshots/kibana__elastic__076349f2ba1f024c0e97e71fb6cd3d1c9d4e1e8f__flaky-test-fixer.md,076349f2ba1f024c0e97e71fb6cd3d1c9d4e1e8f,2026-07-27T20:11:41Z,en,0.9999971201483157,1774,1853
elastic/kibana:.github/workflows/reviewer-claude.md,elastic/kibana,.github/workflows/reviewer-claude.md,elastic__kibana__78b5a152b97b/history.json,elastic__kibana__78b5a152b97b/snapshots/kibana__elastic__066c3a73ba7d62a353ef3a409b2caa1a4fa9cdae__reviewer-claude.md,066c3a73ba7d62a353ef3a409b2caa1a4fa9cdae,2026-07-24T22:05:31Z,en,0.9999980723738063,59,60
elastic/kibana:.github/workflows/reviewer-codex.md,elastic/kibana,.github/workflows/reviewer-codex.md,elastic__kibana__c5933788e823/history.json,elastic__kibana__c5933788e823/snapshots/kibana__elastic__62e824c4ec53644ac94e9404f5ecf257f2914880__reviewer-codex.md,62e824c4ec53644ac94e9404f5ecf257f2914880,2026-07-17T17:49:19Z,en,0.9999969762180997,73,77
elastic/kibana:.github/workflows/reviewer-scout.md,elastic/kibana,.github/workflows/reviewer-scout.md,elastic__kibana__57568207232d/history.json,elastic__kibana__57568207232d/snapshots/kibana__elastic__076349f2ba1f024c0e97e71fb6cd3d1c9d4e1e8f__reviewer-scout.md,076349f2ba1f024c0e97e71fb6cd3d1c9d4e1e8f,2026-07-27T20:11:41Z,en,0.999998913521143,117,121
elastic/opentelemetry-collector-components:.github/workflows/pr-review.md,elastic/opentelemetry-collector-components,.github/workflows/pr-review.md,elastic__opentelemetry-collector-components__08af1c7a9d42/history.json,elastic__opentelemetry-collector-components__08af1c7a9d42/snapshots/opentelemetry-collector-components__elastic__b9840884d1d5a7217a6e58e68d892b34b5baf5fc__pr-review.md,b9840884d1d5a7217a6e58e68d892b34b5baf5fc,2026-02-14T02:16:17Z,en,0.9999968303809217,801,787
elastic/terraform-provider-elasticstack:.github/workflows/change-factory-issue.md,elastic/terraform-provider-elasticstack,.github/workflows/change-factory-issue.md,elastic__terraform-provider-elasticstack__af58dc293cea/history.json,elastic__terraform-provider-elasticstack__af58dc293cea/snapshots/terraform-provider-elasticstack__elastic__ba05136296ce7608973400a36554ebae6b0fe0df__change-factory-issue.md,ba05136296ce7608973400a36554ebae6b0fe0df,2026-07-30T01:27:55Z,en,0.9999975364748644,1174,1230
elastic/terraform-provider-elasticstack:.github/workflows/ci-deadcode-removal-rotation.md,elastic/terraform-provider-elasticstack,.github/workflows/ci-deadcode-removal-rotation.md,elastic__terraform-provider-elasticstack__7cdf37f0dd2b/history.json,elastic__terraform-provider-elasticstack__7cdf37f0dd2b/snapshots/terraform-provider-elasticstack__elastic__ba05136296ce7608973400a36554ebae6b0fe0df__ci-deadcode-removal-rotation.md,ba05136296ce7608973400a36554ebae6b0fe0df,2026-07-30T01:27:55Z,en,0.999993763701335,375,394
elastic/terraform-provider-elasticstack:.github/workflows/code-factory-issue.md,elastic/terraform-provider-elasticstack,.github/workflows/code-factory-issue.md,elastic__terraform-provider-elasticstack__735ea57226c3/history.json,elastic__terraform-provider-elasticstack__735ea57226c3/snapshots/terraform-provider-elasticstack__elastic__2162bb4cfca72d0f681c96809e4739589ffdffc5__code-factory-issue.md,2162bb4cfca72d0f681c96809e4739589ffdffc5,2026-07-31T10:15:00Z,en,0.9999984286288851,687,707
elastic/terraform-provider-elasticstack:.github/workflows/duplicate-code-detector.md,elastic/terraform-provider-elasticstack,.github/workflows/duplicate-code-detector.md,elastic__terraform-provider-elasticstack__cad2b9a8a6b9/history.json,elastic__terraform-provider-elasticstack__cad2b9a8a6b9/snapshots/terraform-provider-elasticstack__elastic__bc6470822986b0916f7eb0a2361046924f62ec5d__duplicate-code-detector.md,bc6470822986b0916f7eb0a2361046924f62ec5d,2026-07-31T07:11:10Z,en,0.9999973562454674,725,712
elastic/terraform-provider-elasticstack:.github/workflows/flaky-test-catcher.md,elastic/terraform-provider-elasticstack,.github/workflows/flaky-test-catcher.md,elastic__terraform-provider-elasticstack__9cf9e76c791e/history.json,elastic__terraform-provider-elasticstack__9cf9e76c791e/snapshots/terraform-provider-elasticstack__elastic__bc6470822986b0916f7eb0a2361046924f62ec5d__flaky-test-catcher.md,bc6470822986b0916f7eb0a2361046924f62ec5d,2026-07-31T07:11:10Z,en,0.999997933867043,744,765
elastic/terraform-provider-elasticstack:.github/workflows/issue-classifier.md,elastic/terraform-provider-elasticstack,.github/workflows/issue-classifier.md,elastic__terraform-provider-elasticstack__e6e38b9584f8/history.json,elastic__terraform-provider-elasticstack__e6e38b9584f8/snapshots/terraform-provider-elasticstack__elastic__ba05136296ce7608973400a36554ebae6b0fe0df__issue-classifier.md,ba05136296ce7608973400a36554ebae6b0fe0df,2026-07-30T01:27:55Z,en,0.9999968057911646,758,778
elastic/terraform-provider-elasticstack:.github/workflows/kibana-spec-impact.md,elastic/terraform-provider-elasticstack,.github/workflows/kibana-spec-impact.md,elastic__terraform-provider-elasticstack__8140f60ff885/history.json,elastic__terraform-provider-elasticstack__8140f60ff885/snapshots/terraform-provider-elasticstack__elastic__ba05136296ce7608973400a36554ebae6b0fe0df__kibana-spec-impact.md,ba05136296ce7608973400a36554ebae6b0fe0df,2026-07-30T01:27:55Z,en,0.9999960382306096,551,581
elastic/terraform-provider-elasticstack:.github/workflows/openspec-verify-label.md,elastic/terraform-provider-elasticstack,.github/workflows/openspec-verify-label.md,elastic__terraform-provider-elasticstack__f6472045cea0/history.json,elastic__terraform-provider-elasticstack__f6472045cea0/snapshots/terraform-provider-elasticstack__elastic__733ba1b02459c41d9fd85c5749ebdaae84522783__openspec-verify-label.md,733ba1b02459c41d9fd85c5749ebdaae84522783,2026-07-30T01:40:19Z,en,0.9999981547416763,598,639
elastic/terraform-provider-elasticstack:.github/workflows/reproducer-factory-issue.md,elastic/terraform-provider-elasticstack,.github/workflows/reproducer-factory-issue.md,elastic__terraform-provider-elasticstack__9f0a8005c4df/history.json,elastic__terraform-provider-elasticstack__9f0a8005c4df/snapshots/terraform-provider-elasticstack__elastic__2162bb4cfca72d0f681c96809e4739589ffdffc5__reproducer-factory-issue.md,2162bb4cfca72d0f681c96809e4739589ffdffc5,2026-07-31T10:15:00Z,en,0.9999967563561044,918,1005
elastic/terraform-provider-elasticstack:.github/workflows/research-factory-issue.md,elastic/terraform-provider-elasticstack,.github/workflows/research-factory-issue.md,elastic__terraform-provider-elasticstack__a4404db69e8c/history.json,elastic__terraform-provider-elasticstack__a4404db69e8c/snapshots/terraform-provider-elasticstack__elastic__ba05136296ce7608973400a36554ebae6b0fe0df__research-factory-issue.md,ba05136296ce7608973400a36554ebae6b0fe0df,2026-07-30T01:27:55Z,en,0.9999964566570455,600,644
elastic/terraform-provider-elasticstack:.github/workflows/schema-coverage-rotation.md,elastic/terraform-provider-elasticstack,.github/workflows/schema-coverage-rotation.md,elastic__terraform-provider-elasticstack__df35a6a82500/history.json,elastic__terraform-provider-elasticstack__df35a6a82500/snapshots/terraform-provider-elasticstack__elastic__bc6470822986b0916f7eb0a2361046924f62ec5d__schema-coverage-rotation.md,bc6470822986b0916f7eb0a2361046924f62ec5d,2026-07-31T07:11:10Z,en,0.9999990366277061,532,545
elastic/terraform-provider-elasticstack:.github/workflows/security-role-docs-drift.md,elastic/terraform-provider-elasticstack,.github/workflows/security-role-docs-drift.md,elastic__terraform-provider-elasticstack__4cc73865df6a/history.json,elastic__terraform-provider-elasticstack__4cc73865df6a/snapshots/terraform-provider-elasticstack__elastic__ba05136296ce7608973400a36554ebae6b0fe0df__security-role-docs-drift.md,ba05136296ce7608973400a36554ebae6b0fe0df,2026-07-30T01:27:55Z,en,0.999998831035964,155,161
elastic/terraform-provider-elasticstack:.github/workflows/semantic-function-refactor.md,elastic/terraform-provider-elasticstack,.github/workflows/semantic-function-refactor.md,elastic__terraform-provider-elasticstack__582d60768db6/history.json,elastic__terraform-provider-elasticstack__582d60768db6/snapshots/terraform-provider-elasticstack__elastic__bc6470822986b0916f7eb0a2361046924f62ec5d__semantic-function-refactor.md,bc6470822986b0916f7eb0a2361046924f62ec5d,2026-07-31T07:11:10Z,en,0.9999969358701126,964,941
ethereum/ethereum-org-website:.github/workflows/backlog-sweeper.md,ethereum/ethereum-org-website,.github/workflows/backlog-sweeper.md,ethereum__ethereum-org-website__4c67bbd10a7d/history.json,ethereum__ethereum-org-website__4c67bbd10a7d/snapshots/ethereum-org-website__ethereum__c274c13bd7812a56e1335fc7a4d8e0bba7438c89__backlog-sweeper.md,c274c13bd7812a56e1335fc7a4d8e0bba7438c89,2026-07-15T07:08:43Z,en,0.9999984364366784,358,365
ethereum/ethereum-org-website:.github/workflows/issue-triager.md,ethereum/ethereum-org-website,.github/workflows/issue-triager.md,ethereum__ethereum-org-website__ad63f27d077a/history.json,ethereum__ethereum-org-website__ad63f27d077a/snapshots/ethereum-org-website__ethereum__e3e4dab35704214c05da965e2602e5b1b278dbf0__issue-triager.md,e3e4dab35704214c05da965e2602e5b1b278dbf0,2026-07-16T13:11:09Z,en,0.9999969671334685,388,416
ethereum/ethereum-org-website:.github/workflows/pr-reviewer.md,ethereum/ethereum-org-website,.github/workflows/pr-reviewer.md,ethereum__ethereum-org-website__c21d06851382/history.json,ethereum__ethereum-org-website__c21d06851382/snapshots/ethereum-org-website__ethereum__c274c13bd7812a56e1335fc7a4d8e0bba7438c89__pr-reviewer.md,c274c13bd7812a56e1335fc7a4d8e0bba7438c89,2026-07-15T07:08:43Z,en,0.9999972300130626,45,45
ethereum/ethereum-org-website:.github/workflows/team-digest.md,ethereum/ethereum-org-website,.github/workflows/team-digest.md,ethereum__ethereum-org-website__556ca18869fd/history.json,ethereum__ethereum-org-website__556ca18869fd/snapshots/ethereum-org-website__ethereum__e50ac3bc7150b8322d42297c415aa5ef0de82f2a__team-digest.md,e50ac3bc7150b8322d42297c415aa5ef0de82f2a,2026-07-22T20:12:35Z,en,0.9999957798903374,517,526
EvergineTeam/ImGui.Net:.github/workflows/binding-updater.md,EvergineTeam/ImGui.Net,.github/workflows/binding-updater.md,EvergineTeam__ImGui.Net__ca7258af1971/history.json,EvergineTeam__ImGui.Net__ca7258af1971/snapshots/ImGui.Net__EvergineTeam__3b7e983636b023108b1f45cc20b58cba1af81aaa__binding-updater.md,3b7e983636b023108b1f45cc20b58cba1af81aaa,2026-08-03T16:41:59Z,en,0.9999955562896939,889,880
EvergineTeam/ImGui.Net:.github/workflows/ci-doctor.md,EvergineTeam/ImGui.Net,.github/workflows/ci-doctor.md,EvergineTeam__ImGui.Net__0f3907fe78ae/history.json,EvergineTeam__ImGui.Net__0f3907fe78ae/snapshots/ImGui.Net__EvergineTeam__3b7e983636b023108b1f45cc20b58cba1af81aaa__ci-doctor.md,3b7e983636b023108b1f45cc20b58cba1af81aaa,2026-08-03T16:41:59Z,en,0.9999971508201619,715,694
EvergineTeam/Meshoptimizer.NET:.github/workflows/binding-updater.md,EvergineTeam/Meshoptimizer.NET,.github/workflows/binding-updater.md,EvergineTeam__Meshoptimizer.NET__e28298f78477/history.json,EvergineTeam__Meshoptimizer.NET__e28298f78477/snapshots/Meshoptimizer.NET__EvergineTeam__7c4629480bf71285ad48280108a4f894c9f73e78__binding-updater.md,7c4629480bf71285ad48280108a4f894c9f73e78,2026-08-03T16:41:56Z,en,0.9999955562896939,889,880
EvergineTeam/Meshoptimizer.NET:.github/workflows/ci-doctor.md,EvergineTeam/Meshoptimizer.NET,.github/workflows/ci-doctor.md,EvergineTeam__Meshoptimizer.NET__02d0b67b64f0/history.json,EvergineTeam__Meshoptimizer.NET__02d0b67b64f0/snapshots/Meshoptimizer.NET__EvergineTeam__7c4629480bf71285ad48280108a4f894c9f73e78__ci-doctor.md,7c4629480bf71285ad48280108a4f894c9f73e78,2026-08-03T16:41:56Z,en,0.9999971508201619,715,694
EvergineTeam/OpenGL.NET:.github/workflows/binding-updater.md,EvergineTeam/OpenGL.NET,.github/workflows/binding-updater.md,EvergineTeam__OpenGL.NET__4ca37b441fcd/history.json,EvergineTeam__OpenGL.NET__4ca37b441fcd/snapshots/OpenGL.NET__EvergineTeam__542ad219bc78d0f725f2db89e724a89c1d00014b__binding-updater.md,542ad219bc78d0f725f2db89e724a89c1d00014b,2026-08-03T16:41:38Z,en,0.9999955562896939,889,880
EvergineTeam/OpenGL.NET:.github/workflows/ci-doctor.md,EvergineTeam/OpenGL.NET,.github/workflows/ci-doctor.md,EvergineTeam__OpenGL.NET__403bb964057e/history.json,EvergineTeam__OpenGL.NET__403bb964057e/snapshots/OpenGL.NET__EvergineTeam__542ad219bc78d0f725f2db89e724a89c1d00014b__ci-doctor.md,542ad219bc78d0f725f2db89e724a89c1d00014b,2026-08-03T16:41:38Z,en,0.9999971508201619,715,694
EvergineTeam/OpenXR.NET:.github/workflows/binding-updater.md,EvergineTeam/OpenXR.NET,.github/workflows/binding-updater.md,EvergineTeam__OpenXR.NET__7309c717c8ef/history.json,EvergineTeam__OpenXR.NET__7309c717c8ef/snapshots/OpenXR.NET__EvergineTeam__619ce5f77c16481d642ba74210725967bbbaa121__binding-updater.md,619ce5f77c16481d642ba74210725967bbbaa121,2026-08-03T16:41:35Z,en,0.9999955562896939,889,880
EvergineTeam/RenderDoc.NET:.github/workflows/binding-updater.md,EvergineTeam/RenderDoc.NET,.github/workflows/binding-updater.md,EvergineTeam__RenderDoc.NET__a1fefdaf61ff/history.json,EvergineTeam__RenderDoc.NET__a1fefdaf61ff/snapshots/RenderDoc.NET__EvergineTeam__8c6ab674ae455e7fa01e776820335aff6740136d__binding-updater.md,8c6ab674ae455e7fa01e776820335aff6740136d,2026-08-03T16:41:53Z,en,0.9999955562896939,889,880
EvergineTeam/RenderDoc.NET:.github/workflows/ci-doctor.md,EvergineTeam/RenderDoc.NET,.github/workflows/ci-doctor.md,EvergineTeam__RenderDoc.NET__ec28d2542086/history.json,EvergineTeam__RenderDoc.NET__ec28d2542086/snapshots/RenderDoc.NET__EvergineTeam__8c6ab674ae455e7fa01e776820335aff6740136d__ci-doctor.md,8c6ab674ae455e7fa01e776820335aff6740136d,2026-08-03T16:41:53Z,en,0.9999971508201619,715,694
EvergineTeam/Vulkan.NET:.github/workflows/binding-updater.md,EvergineTeam/Vulkan.NET,.github/workflows/binding-updater.md,EvergineTeam__Vulkan.NET__64ee38d1ce6f/history.json,EvergineTeam__Vulkan.NET__64ee38d1ce6f/snapshots/Vulkan.NET__EvergineTeam__8712eca10ab10deb57149b59f19a2ee75b2ce177__binding-updater.md,8712eca10ab10deb57149b59f19a2ee75b2ce177,2026-08-03T16:41:32Z,en,0.9999955562896939,889,880
EvergineTeam/Vulkan.NET:.github/workflows/ci-doctor.md,EvergineTeam/Vulkan.NET,.github/workflows/ci-doctor.md,EvergineTeam__Vulkan.NET__a2907f9047a8/history.json,EvergineTeam__Vulkan.NET__a2907f9047a8/snapshots/Vulkan.NET__EvergineTeam__8712eca10ab10deb57149b59f19a2ee75b2ce177__ci-doctor.md,8712eca10ab10deb57149b59f19a2ee75b2ce177,2026-08-03T16:41:32Z,en,0.9999971508201619,715,694
executeautomation/ExecuteAutomationWebApp:.github/workflows/daily-repo-status.md,executeautomation/ExecuteAutomationWebApp,.github/workflows/daily-repo-status.md,executeautomation__ExecuteAutomationWebApp__31d7aab750ef/history.json,executeautomation__ExecuteAutomationWebApp__31d7aab750ef/snapshots/ExecuteAutomationWebApp__executeautomation__ca33b941ab7e083452cfe8438f624911b8ad66db__daily-repo-status.md,ca33b941ab7e083452cfe8438f624911b8ad66db,2026-03-03T02:01:05Z,en,0.9999963346952526,89,81
f/prompts.chat:.github/workflows/spam-check.md,f/prompts.chat,.github/workflows/spam-check.md,f__prompts.chat__66caa70b3e3a/history.json,f__prompts.chat__66caa70b3e3a/snapshots/prompts.chat__f__9e9053cb090a65df7c76f8b5b9850ce7062b1e92__spam-check.md,9e9053cb090a65df7c76f8b5b9850ce7062b1e92,2026-02-18T17:29:04Z,en,0.9999978667181321,652,627
f/wvw.dev:.github/workflows/curate-featured.md,f/wvw.dev,.github/workflows/curate-featured.md,f__wvw.dev__e92f5851770d/history.json,f__wvw.dev__e92f5851770d/snapshots/wvw.dev__f__4c736e6d25a36e00fbb33991156ef40a1dc789f9__curate-featured.md,4c736e6d25a36e00fbb33991156ef40a1dc789f9,2026-03-26T10:57:51Z,en,0.9999970794836914,321,332
fable-compiler/Fable.Python:.github/workflows/repo-assist.md,fable-compiler/Fable.Python,.github/workflows/repo-assist.md,fable-compiler__Fable.Python__275d7f9e6ed0/history.json,fable-compiler__Fable.Python__275d7f9e6ed0/snapshots/Fable.Python__fable-compiler__3b4e2ccd191414d85a7be5f2c1c64515f0a2f4a8__repo-assist.md,3b4e2ccd191414d85a7be5f2c1c64515f0a2f4a8,2026-05-09T11:16:40Z,en,0.9999982174011776,2651,2693
FalkorDB/FalkorDB:.github/workflows/flaky-test-rca.md,FalkorDB/FalkorDB,.github/workflows/flaky-test-rca.md,FalkorDB__FalkorDB__821ce55bb3b3/history.json,FalkorDB__FalkorDB__821ce55bb3b3/snapshots/FalkorDB__FalkorDB__1665fbd98eaf264f13a0891c913345984429d201__flaky-test-rca.md,1665fbd98eaf264f13a0891c913345984429d201,2026-08-02T18:12:11Z,en,0.9999967995452439,1019,1072
fedixyz/fedi:.github/workflows/daily-e2e-coverage-check.md,fedixyz/fedi,.github/workflows/daily-e2e-coverage-check.md,fedixyz__fedi__b81a0a36c857/history.json,fedixyz__fedi__b81a0a36c857/snapshots/fedi__fedixyz__36682d07d7c9738dc580e3da48dda81d5870cefd__daily-e2e-coverage-check.md,36682d07d7c9738dc580e3da48dda81d5870cefd,2026-07-24T21:21:39Z,en,0.9999973785563567,3527,3667
fedixyz/fedi:.github/workflows/weekly-doc-updater.md,fedixyz/fedi,.github/workflows/weekly-doc-updater.md,fedixyz__fedi__e1fc4dd4311f/history.json,fedixyz__fedi__e1fc4dd4311f/snapshots/fedi__fedixyz__41241c113b3aa0a4983214f0c9833c77c1539e55__weekly-doc-updater.md,41241c113b3aa0a4983214f0c9833c77c1539e55,2026-07-27T08:08:41Z,en,0.9999965623168023,1070,1075
fideus-labs/ngff-zarr:.github/workflows/daily-repo-status.md,fideus-labs/ngff-zarr,.github/workflows/daily-repo-status.md,fideus-labs__ngff-zarr__c017daf1ee8e/history.json,fideus-labs__ngff-zarr__c017daf1ee8e/snapshots/ngff-zarr__fideus-labs__fdd53d4247bdc33506d3e56579d872e95924d87e__daily-repo-status.md,fdd53d4247bdc33506d3e56579d872e95924d87e,2026-06-25T17:54:15Z,en,0.9999948445649086,116,110
foxminchan/BookWorm:.github/workflows/daily-repo-status.md,foxminchan/BookWorm,.github/workflows/daily-repo-status.md,foxminchan__BookWorm__8ce867dae5e7/history.json,foxminchan__BookWorm__8ce867dae5e7/snapshots/BookWorm__foxminchan__50ceef87cf5c7a7517ba6420c75d2c97d591e5db__daily-repo-status.md,50ceef87cf5c7a7517ba6420c75d2c97d591e5db,2026-05-06T10:19:00Z,en,0.9999962202189905,536,508
foxminchan/BookWorm:.github/workflows/issue-triage.md,foxminchan/BookWorm,.github/workflows/issue-triage.md,foxminchan__BookWorm__324554102e83/history.json,foxminchan__BookWorm__324554102e83/snapshots/BookWorm__foxminchan__1417e4f8e39e92d3a3dabf06ffc84239941114ac__issue-triage.md,1417e4f8e39e92d3a3dabf06ffc84239941114ac,2026-06-19T04:42:34Z,en,0.9999986504353504,329,316
foxminchan/BookWorm:.github/workflows/pr-triage.md,foxminchan/BookWorm,.github/workflows/pr-triage.md,foxminchan__BookWorm__ed8e99ec78c0/history.json,foxminchan__BookWorm__ed8e99ec78c0/snapshots/BookWorm__foxminchan__f69abe1386cf3b6a961c80a34446b9e29af7f324__pr-triage.md,f69abe1386cf3b6a961c80a34446b9e29af7f324,2026-06-26T07:34:36Z,en,0.9999979029538836,453,461
fqfqgo/clash-verge-rev:.github/workflows/pr-ai-slop-review.md,fqfqgo/clash-verge-rev,.github/workflows/pr-ai-slop-review.md,fqfqgo__clash-verge-rev__10d18ebb77a2/history.json,fqfqgo__clash-verge-rev__10d18ebb77a2/snapshots/clash-verge-rev__fqfqgo__de438aadf8866818c9511f6a3828f729ddd17681__pr-ai-slop-review.md,de438aadf8866818c9511f6a3828f729ddd17681,2026-06-19T16:23:48Z,en,0.9999979471628972,1720,1719
frankbria/ralph-claude-code:.github/workflows/triage-incoming-issues.md,frankbria/ralph-claude-code,.github/workflows/triage-incoming-issues.md,frankbria__ralph-claude-code__6cd8317fd10e/history.json,frankbria__ralph-claude-code__6cd8317fd10e/snapshots/ralph-claude-code__frankbria__1fe9af16803fc0d2b72f8faced6edb15787582b8__triage-incoming-issues.md,1fe9af16803fc0d2b72f8faced6edb15787582b8,2026-06-08T01:44:36Z,en,0.9999969413950779,160,153
getindata/kedro-vertexai:.github/workflows/dependabot-fix.md,getindata/kedro-vertexai,.github/workflows/dependabot-fix.md,getindata__kedro-vertexai__55d63152b422/history.json,getindata__kedro-vertexai__55d63152b422/snapshots/kedro-vertexai__getindata__b4ea7c4a88d06eda0b5716e69a703e234810f8f1__dependabot-fix.md,b4ea7c4a88d06eda0b5716e69a703e234810f8f1,2026-03-19T11:59:13Z,en,0.9999956442507683,564,530
getindata/kedro-vertexai:.github/workflows/dependabot-review.md,getindata/kedro-vertexai,.github/workflows/dependabot-review.md,getindata__kedro-vertexai__0f862339d64c/history.json,getindata__kedro-vertexai__0f862339d64c/snapshots/kedro-vertexai__getindata__0321a7c6e3288ffe802a8b4421f06df2339a0487__dependabot-review.md,0321a7c6e3288ffe802a8b4421f06df2339a0487,2026-03-25T12:49:11Z,en,0.9999962057986584,277,262
github-dev-club/GitHub-copilot-dev-days-canada:.github/workflows/auto-label-triage.md,github-dev-club/GitHub-copilot-dev-days-canada,.github/workflows/auto-label-triage.md,github-dev-club__GitHub-copilot-dev-days-canada__313409e671f4/history.json,github-dev-club__GitHub-copilot-dev-days-canada__313409e671f4/snapshots/GitHub-copilot-dev-days-canada__github-dev-club__d3dfc8350b4bbf693e272869b5ee70b65d2f6713__auto-label-triage.md,d3dfc8350b4bbf693e272869b5ee70b65d2f6713,2026-02-15T17:23:17Z,en,0.9999974994273072,289,263
github-dev-club/GitHub-copilot-dev-days-canada:.github/workflows/validate-proposal.md,github-dev-club/GitHub-copilot-dev-days-canada,.github/workflows/validate-proposal.md,github-dev-club__GitHub-copilot-dev-days-canada__bfd3bd5b0d9c/history.json,github-dev-club__GitHub-copilot-dev-days-canada__bfd3bd5b0d9c/snapshots/GitHub-copilot-dev-days-canada__github-dev-club__d3dfc8350b4bbf693e272869b5ee70b65d2f6713__validate-proposal.md,d3dfc8350b4bbf693e272869b5ee70b65d2f6713,2026-02-15T17:23:17Z,en,0.999996225157632,354,274
github-samples/copilot-workshops:.github/workflows/content-alignment.md,github-samples/copilot-workshops,.github/workflows/content-alignment.md,github-samples__copilot-workshops__70a7406385e8/history.json,github-samples__copilot-workshops__70a7406385e8/snapshots/copilot-workshops__github-samples__6966d94c5310d8f9f0ef91ea353d5e8c457733e6__content-alignment.md,6966d94c5310d8f9f0ef91ea353d5e8c457733e6,2026-07-15T17:39:28Z,en,0.9999952670530703,429,426
github/awesome-copilot:.github/workflows/cli-for-beginners-sync.md,github/awesome-copilot,.github/workflows/cli-for-beginners-sync.md,github__awesome-copilot__170f084b57c2/history.json,github__awesome-copilot__170f084b57c2/snapshots/awesome-copilot__github__3bd22bc0f4bc4e54f3a288de7d485a48e78718c3__cli-for-beginners-sync.md,3bd22bc0f4bc4e54f3a288de7d485a48e78718c3,2026-07-03T00:08:42Z,en,0.9999952936980134,872,867
github/awesome-copilot:.github/workflows/codeowner-update.md,github/awesome-copilot,.github/workflows/codeowner-update.md,github__awesome-copilot__15f5d44c5aeb/history.json,github__awesome-copilot__15f5d44c5aeb/snapshots/awesome-copilot__github__3bd22bc0f4bc4e54f3a288de7d485a48e78718c3__codeowner-update.md,3bd22bc0f4bc4e54f3a288de7d485a48e78718c3,2026-07-03T00:08:42Z,en,0.9999962392346402,374,361
github/awesome-copilot:.github/workflows/copilot-workshops-sync.md,github/awesome-copilot,.github/workflows/copilot-workshops-sync.md,github__awesome-copilot__432f7e129974/history.json,github__awesome-copilot__432f7e129974/snapshots/awesome-copilot__github__cb87dae678a0ba19e2d7a2e15539196f12330818__copilot-workshops-sync.md,cb87dae678a0ba19e2d7a2e15539196f12330818,2026-08-04T05:55:03Z,en,0.9999980507247267,2155,2268
github/awesome-copilot:.github/workflows/duplicate-resource-detector.md,github/awesome-copilot,.github/workflows/duplicate-resource-detector.md,github__awesome-copilot__ea49e9cb2d95/history.json,github__awesome-copilot__ea49e9cb2d95/snapshots/awesome-copilot__github__3bd22bc0f4bc4e54f3a288de7d485a48e78718c3__duplicate-resource-detector.md,3bd22bc0f4bc4e54f3a288de7d485a48e78718c3,2026-07-03T00:08:42Z,en,0.9999977383459946,503,498
github/awesome-copilot:.github/workflows/learning-hub-updater.md,github/awesome-copilot,.github/workflows/learning-hub-updater.md,github__awesome-copilot__f0e17009b723/history.json,github__awesome-copilot__f0e17009b723/snapshots/awesome-copilot__github__3bd22bc0f4bc4e54f3a288de7d485a48e78718c3__learning-hub-updater.md,3bd22bc0f4bc4e54f3a288de7d485a48e78718c3,2026-07-03T00:08:42Z,en,0.9999969107092429,478,449
github/awesome-copilot:.github/workflows/pr-duplicate-check.md,github/awesome-copilot,.github/workflows/pr-duplicate-check.md,github__awesome-copilot__418a614c0315/history.json,github__awesome-copilot__418a614c0315/snapshots/awesome-copilot__github__34f0e35050e427225b27b4e5aae20912b55fb00b__pr-duplicate-check.md,34f0e35050e427225b27b4e5aae20912b55fb00b,2026-07-08T01:23:01Z,en,0.9999957699620319,506,492
github/awesome-copilot:.github/workflows/resource-staleness-report.md,github/awesome-copilot,.github/workflows/resource-staleness-report.md,github__awesome-copilot__e63137020c45/history.json,github__awesome-copilot__e63137020c45/snapshots/awesome-copilot__github__3bd22bc0f4bc4e54f3a288de7d485a48e78718c3__resource-staleness-report.md,3bd22bc0f4bc4e54f3a288de7d485a48e78718c3,2026-07-03T00:08:42Z,en,0.9999960984759506,650,638
github/copilot-cli-for-beginners:.github/workflows/course-updater.md,github/copilot-cli-for-beginners,.github/workflows/course-updater.md,github__copilot-cli-for-beginners__1ffe8fb3f0cd/history.json,github__copilot-cli-for-beginners__1ffe8fb3f0cd/snapshots/copilot-cli-for-beginners__github__e3122cc34b985d0c9128e18609c81dceaf3960a2__course-updater.md,e3122cc34b985d0c9128e18609c81dceaf3960a2,2026-04-22T03:59:18Z,en,0.9999974367709731,466,433
github/copilot-cli-for-beginners:.github/workflows/traffic-updater.md,github/copilot-cli-for-beginners,.github/workflows/traffic-updater.md,github__copilot-cli-for-beginners__878bfef788b7/history.json,github__copilot-cli-for-beginners__878bfef788b7/snapshots/copilot-cli-for-beginners__github__6df20c5682cb7b53216495731313f51d3c62eae2__traffic-updater.md,6df20c5682cb7b53216495731313f51d3c62eae2,2026-03-31T22:06:14Z,en,0.9999974686628053,325,307
github/copilot-cli-for-beginners:.github/workflows/translation-polisher.md,github/copilot-cli-for-beginners,.github/workflows/translation-polisher.md,github__copilot-cli-for-beginners__528c4f069adf/history.json,github__copilot-cli-for-beginners__528c4f069adf/snapshots/copilot-cli-for-beginners__github__4dcad44646227bcffdf117a64f306d836201260c__translation-polisher.md,4dcad44646227bcffdf117a64f306d836201260c,2026-06-29T21:02:46Z,en,0.9999978194636122,1725,1744
github/copilot-sdk:.github/workflows/cross-repo-issue-analysis.md,github/copilot-sdk,.github/workflows/cross-repo-issue-analysis.md,github__copilot-sdk__a4f8c1edb3d4/history.json,github__copilot-sdk__a4f8c1edb3d4/snapshots/copilot-sdk__github__ebc84e30c86fa5d18dd2bf7221c927b8cd16eed4__cross-repo-issue-analysis.md,ebc84e30c86fa5d18dd2bf7221c927b8cd16eed4,2026-07-16T17:34:05Z,en,0.9999948189993224,506,501
github/copilot-sdk:.github/workflows/handle-bug.md,github/copilot-sdk,.github/workflows/handle-bug.md,github__copilot-sdk__52cbda92c21b/history.json,github__copilot-sdk__52cbda92c21b/snapshots/copilot-sdk__github__ebc84e30c86fa5d18dd2bf7221c927b8cd16eed4__handle-bug.md,ebc84e30c86fa5d18dd2bf7221c927b8cd16eed4,2026-07-16T17:34:05Z,en,0.9999984804452803,417,412
github/copilot-sdk:.github/workflows/handle-documentation.md,github/copilot-sdk,.github/workflows/handle-documentation.md,github__copilot-sdk__c0ef6c5c0a62/history.json,github__copilot-sdk__c0ef6c5c0a62/snapshots/copilot-sdk__github__ebc84e30c86fa5d18dd2bf7221c927b8cd16eed4__handle-documentation.md,ebc84e30c86fa5d18dd2bf7221c927b8cd16eed4,2026-07-16T17:34:05Z,en,0.9999980393107146,104,101
github/copilot-sdk:.github/workflows/handle-enhancement.md,github/copilot-sdk,.github/workflows/handle-enhancement.md,github__copilot-sdk__651d5a4ee90a/history.json,github__copilot-sdk__651d5a4ee90a/snapshots/copilot-sdk__github__ebc84e30c86fa5d18dd2bf7221c927b8cd16eed4__handle-enhancement.md,ebc84e30c86fa5d18dd2bf7221c927b8cd16eed4,2026-07-16T17:34:05Z,insufficient,0.0,8,7
github/copilot-sdk:.github/workflows/handle-question.md,github/copilot-sdk,.github/workflows/handle-question.md,github__copilot-sdk__214011cf89cb/history.json,github__copilot-sdk__214011cf89cb/snapshots/copilot-sdk__github__ebc84e30c86fa5d18dd2bf7221c927b8cd16eed4__handle-question.md,ebc84e30c86fa5d18dd2bf7221c927b8cd16eed4,2026-07-16T17:34:05Z,insufficient,0.0,8,7
github/copilot-sdk:.github/workflows/issue-classification.md,github/copilot-sdk,.github/workflows/issue-classification.md,github__copilot-sdk__dee4c54efc5a/history.json,github__copilot-sdk__dee4c54efc5a/snapshots/copilot-sdk__github__ebc84e30c86fa5d18dd2bf7221c927b8cd16eed4__issue-classification.md,ebc84e30c86fa5d18dd2bf7221c927b8cd16eed4,2026-07-16T17:34:05Z,en,0.9999983446779606,742,745
github/copilot-sdk:.github/workflows/issue-triage.md,github/copilot-sdk,.github/workflows/issue-triage.md,github__copilot-sdk__b74cdb942b9a/history.json,github__copilot-sdk__b74cdb942b9a/snapshots/copilot-sdk__github__482cac066f3da43c21ed5912da26bf227a733b15__issue-triage.md,482cac066f3da43c21ed5912da26bf227a733b15,2026-07-28T11:12:00Z,en,0.9999951145614489,309,287
github/copilot-sdk:.github/workflows/java-codegen-fix.md,github/copilot-sdk,.github/workflows/java-codegen-fix.md,github__copilot-sdk__c1da56f066e4/history.json,github__copilot-sdk__c1da56f066e4/snapshots/copilot-sdk__github__ebc84e30c86fa5d18dd2bf7221c927b8cd16eed4__java-codegen-fix.md,ebc84e30c86fa5d18dd2bf7221c927b8cd16eed4,2026-07-16T17:34:05Z,en,0.99999864634479,875,896
github/copilot-sdk:.github/workflows/release-changelog.md,github/copilot-sdk,.github/workflows/release-changelog.md,github__copilot-sdk__b8e5235397f8/history.json,github__copilot-sdk__b8e5235397f8/snapshots/copilot-sdk__github__ebc84e30c86fa5d18dd2bf7221c927b8cd16eed4__release-changelog.md,ebc84e30c86fa5d18dd2bf7221c927b8cd16eed4,2026-07-16T17:34:05Z,en,0.9999976103129548,1279,1289
github/copilot-sdk:.github/workflows/sdk-consistency-review.md,github/copilot-sdk,.github/workflows/sdk-consistency-review.md,github__copilot-sdk__43f0f2b2e10e/history.json,github__copilot-sdk__43f0f2b2e10e/snapshots/copilot-sdk__github__f36e6bed37ca35ea278e9b5f1ff6af5d56c7566d__sdk-consistency-review.md,f36e6bed37ca35ea278e9b5f1ff6af5d56c7566d,2026-07-22T22:21:05Z,en,0.9999943429142232,694,694
github/gh-aw-actions:.github/workflows/daily-runtime-threat-scan.md,github/gh-aw-actions,.github/workflows/daily-runtime-threat-scan.md,github__gh-aw-actions__6ce3645f9aab/history.json,github__gh-aw-actions__6ce3645f9aab/snapshots/gh-aw-actions__github__a22c32462be0cfa6944eff020a20e8809eab2793__daily-runtime-threat-scan.md,a22c32462be0cfa6944eff020a20e8809eab2793,2026-06-12T22:18:56Z,en,0.9999958825951911,665,670
github/gh-aw-firewall:.github/workflows/auth-doctor-updater.md,github/gh-aw-firewall,.github/workflows/auth-doctor-updater.md,github__gh-aw-firewall__b0e9423f3482/history.json,github__gh-aw-firewall__b0e9423f3482/snapshots/gh-aw-firewall__github__af8ed0c37a8bc3525f1b7a93cad3e0472c36700b__auth-doctor-updater.md,af8ed0c37a8bc3525f1b7a93cad3e0472c36700b,2026-08-03T22:27:44Z,en,0.9999986138438645,928,924
github/gh-aw-firewall:.github/workflows/build-test-network-isolation.md,github/gh-aw-firewall,.github/workflows/build-test-network-isolation.md,github__gh-aw-firewall__e2a9feda3ba4/history.json,github__gh-aw-firewall__e2a9feda3ba4/snapshots/gh-aw-firewall__github__02cb22631932cfbeae4d633edf8f0202dbbf6b5d__build-test-network-isolation.md,02cb22631932cfbeae4d633edf8f0202dbbf6b5d,2026-07-23T23:02:50Z,en,0.9999962093636195,683,557
github/gh-aw-firewall:.github/workflows/build-test.md,github/gh-aw-firewall,.github/workflows/build-test.md,github__gh-aw-firewall__7b33c0b86465/history.json,github__gh-aw-firewall__7b33c0b86465/snapshots/gh-aw-firewall__github__02cb22631932cfbeae4d633edf8f0202dbbf6b5d__build-test.md,02cb22631932cfbeae4d633edf8f0202dbbf6b5d,2026-07-23T23:02:50Z,en,0.9999961198563979,654,531
github/gh-aw-firewall:.github/workflows/ci-cd-gaps-assessment.md,github/gh-aw-firewall,.github/workflows/ci-cd-gaps-assessment.md,github__gh-aw-firewall__5cf53d3376a3/history.json,github__gh-aw-firewall__5cf53d3376a3/snapshots/gh-aw-firewall__github__02cb22631932cfbeae4d633edf8f0202dbbf6b5d__ci-cd-gaps-assessment.md,02cb22631932cfbeae4d633edf8f0202dbbf6b5d,2026-07-23T23:02:50Z,en,0.999998060628087,224,207
github/gh-aw-firewall:.github/workflows/ci-doctor.md,github/gh-aw-firewall,.github/workflows/ci-doctor.md,github__gh-aw-firewall__69bfe441f489/history.json,github__gh-aw-firewall__69bfe441f489/snapshots/gh-aw-firewall__github__5e5ae7bf4013bc439776e5a4e819908a076e4d3e__ci-doctor.md,5e5ae7bf4013bc439776e5a4e819908a076e4d3e,2026-07-24T15:43:30Z,en,0.9999950576403711,145,138
github/gh-aw-firewall:.github/workflows/claude-token-optimizer.md,github/gh-aw-firewall,.github/workflows/claude-token-optimizer.md,github__gh-aw-firewall__48a0f4130007/history.json,github__gh-aw-firewall__48a0f4130007/snapshots/gh-aw-firewall__github__5e5ae7bf4013bc439776e5a4e819908a076e4d3e__claude-token-optimizer.md,5e5ae7bf4013bc439776e5a4e819908a076e4d3e,2026-07-24T15:43:30Z,en,0.9999980101390552,763,735
github/gh-aw-firewall:.github/workflows/claude-token-usage-analyzer.md,github/gh-aw-firewall,.github/workflows/claude-token-usage-analyzer.md,github__gh-aw-firewall__6de436c811e7/history.json,github__gh-aw-firewall__6de436c811e7/snapshots/gh-aw-firewall__github__5e5ae7bf4013bc439776e5a4e819908a076e4d3e__claude-token-usage-analyzer.md,5e5ae7bf4013bc439776e5a4e819908a076e4d3e,2026-07-24T15:43:30Z,en,0.9999946196882723,555,360
github/gh-aw-firewall:.github/workflows/cli-flag-consistency-checker.md,github/gh-aw-firewall,.github/workflows/cli-flag-consistency-checker.md,github__gh-aw-firewall__baf639d1e2c6/history.json,github__gh-aw-firewall__baf639d1e2c6/snapshots/gh-aw-firewall__github__5e5ae7bf4013bc439776e5a4e819908a076e4d3e__cli-flag-consistency-checker.md,5e5ae7bf4013bc439776e5a4e819908a076e4d3e,2026-07-24T15:43:30Z,en,0.9999956986750147,444,399
github/gh-aw-firewall:.github/workflows/config-consistency-auditor.md,github/gh-aw-firewall,.github/workflows/config-consistency-auditor.md,github__gh-aw-firewall__f0d404a8f85e/history.json,github__gh-aw-firewall__f0d404a8f85e/snapshots/gh-aw-firewall__github__02cb22631932cfbeae4d633edf8f0202dbbf6b5d__config-consistency-auditor.md,02cb22631932cfbeae4d633edf8f0202dbbf6b5d,2026-07-23T23:02:50Z,en,0.9999962080119289,551,515
github/gh-aw-firewall:.github/workflows/contribution-check.md,github/gh-aw-firewall,.github/workflows/contribution-check.md,github__gh-aw-firewall__e7a73bdfb147/history.json,github__gh-aw-firewall__e7a73bdfb147/snapshots/gh-aw-firewall__github__8834163fd0f560bacc31cc916cd4dd76e8289b68__contribution-check.md,8834163fd0f560bacc31cc916cd4dd76e8289b68,2026-08-03T15:49:42Z,en,0.9999954434013582,221,227
github/gh-aw-firewall:.github/workflows/copilot-token-optimizer.md,github/gh-aw-firewall,.github/workflows/copilot-token-optimizer.md,github__gh-aw-firewall__6103ebd0e941/history.json,github__gh-aw-firewall__6103ebd0e941/snapshots/gh-aw-firewall__github__5e5ae7bf4013bc439776e5a4e819908a076e4d3e__copilot-token-optimizer.md,5e5ae7bf4013bc439776e5a4e819908a076e4d3e,2026-07-24T15:43:30Z,en,0.999997185440539,708,678
github/gh-aw-firewall:.github/workflows/copilot-token-usage-analyzer.md,github/gh-aw-firewall,.github/workflows/copilot-token-usage-analyzer.md,github__gh-aw-firewall__72be31e74430/history.json,github__gh-aw-firewall__72be31e74430/snapshots/gh-aw-firewall__github__02cb22631932cfbeae4d633edf8f0202dbbf6b5d__copilot-token-usage-analyzer.md,02cb22631932cfbeae4d633edf8f0202dbbf6b5d,2026-07-23T23:02:50Z,en,0.9999991391230615,537,368
github/gh-aw-firewall:.github/workflows/dependency-security-monitor.md,github/gh-aw-firewall,.github/workflows/dependency-security-monitor.md,github__gh-aw-firewall__362836c2c22a/history.json,github__gh-aw-firewall__362836c2c22a/snapshots/gh-aw-firewall__github__5e5ae7bf4013bc439776e5a4e819908a076e4d3e__dependency-security-monitor.md,5e5ae7bf4013bc439776e5a4e819908a076e4d3e,2026-07-24T15:43:30Z,en,0.9999982793451498,657,546
github/gh-aw-firewall:.github/workflows/doc-maintainer.md,github/gh-aw-firewall,.github/workflows/doc-maintainer.md,github__gh-aw-firewall__8736a2135e0f/history.json,github__gh-aw-firewall__8736a2135e0f/snapshots/gh-aw-firewall__github__3061640abd66a623567488a891f5a6ed307ab995__doc-maintainer.md,3061640abd66a623567488a891f5a6ed307ab995,2026-07-20T20:20:10Z,en,0.99999478729802,410,396
github/gh-aw-firewall:.github/workflows/duplicate-code-detector.md,github/gh-aw-firewall,.github/workflows/duplicate-code-detector.md,github__gh-aw-firewall__c9e1e95e2460/history.json,github__gh-aw-firewall__c9e1e95e2460/snapshots/gh-aw-firewall__github__02cb22631932cfbeae4d633edf8f0202dbbf6b5d__duplicate-code-detector.md,02cb22631932cfbeae4d633edf8f0202dbbf6b5d,2026-07-23T23:02:50Z,en,0.999995899529207,378,333
github/gh-aw-firewall:.github/workflows/export-audit.md,github/gh-aw-firewall,.github/workflows/export-audit.md,github__gh-aw-firewall__711abf8370af/history.json,github__gh-aw-firewall__711abf8370af/snapshots/gh-aw-firewall__github__02cb22631932cfbeae4d633edf8f0202dbbf6b5d__export-audit.md,02cb22631932cfbeae4d633edf8f0202dbbf6b5d,2026-07-23T23:02:50Z,en,0.9999974030306639,223,232
github/gh-aw-firewall:.github/workflows/firewall-issue-dispatcher.md,github/gh-aw-firewall,.github/workflows/firewall-issue-dispatcher.md,github__gh-aw-firewall__603a2721b6eb/history.json,github__gh-aw-firewall__603a2721b6eb/snapshots/gh-aw-firewall__github__70531ed7184e802bf425f4e1f26b42452bb2b3f3__firewall-issue-dispatcher.md,70531ed7184e802bf425f4e1f26b42452bb2b3f3,2026-07-27T18:47:10Z,en,0.9999974769424819,274,276
github/gh-aw-firewall:.github/workflows/issue-duplication-detector.md,github/gh-aw-firewall,.github/workflows/issue-duplication-detector.md,github__gh-aw-firewall__7b4b8cafc298/history.json,github__gh-aw-firewall__7b4b8cafc298/snapshots/gh-aw-firewall__github__5e5ae7bf4013bc439776e5a4e819908a076e4d3e__issue-duplication-detector.md,5e5ae7bf4013bc439776e5a4e819908a076e4d3e,2026-07-24T15:43:30Z,en,0.9999992296472272,529,542
github/gh-aw-firewall:.github/workflows/issue-monster.md,github/gh-aw-firewall,.github/workflows/issue-monster.md,github__gh-aw-firewall__cf61b3800b07/history.json,github__gh-aw-firewall__cf61b3800b07/snapshots/gh-aw-firewall__github__02cb22631932cfbeae4d633edf8f0202dbbf6b5d__issue-monster.md,02cb22631932cfbeae4d633edf8f0202dbbf6b5d,2026-07-23T23:02:50Z,en,0.9999976203362693,1217,1155
github/gh-aw-firewall:.github/workflows/model-api-mapping-updater.md,github/gh-aw-firewall,.github/workflows/model-api-mapping-updater.md,github__gh-aw-firewall__2c0262576515/history.json,github__gh-aw-firewall__2c0262576515/snapshots/gh-aw-firewall__github__5e5ae7bf4013bc439776e5a4e819908a076e4d3e__model-api-mapping-updater.md,5e5ae7bf4013bc439776e5a4e819908a076e4d3e,2026-07-24T15:43:30Z,en,0.9999975914612091,206,209
github/gh-aw-firewall:.github/workflows/network-isolation-test.md,github/gh-aw-firewall,.github/workflows/network-isolation-test.md,github__gh-aw-firewall__4e7ce427969e/history.json,github__gh-aw-firewall__4e7ce427969e/snapshots/gh-aw-firewall__github__02cb22631932cfbeae4d633edf8f0202dbbf6b5d__network-isolation-test.md,02cb22631932cfbeae4d633edf8f0202dbbf6b5d,2026-07-23T23:02:50Z,en,0.9999968794294825,122,114
github/gh-aw-firewall:.github/workflows/pelis-agent-factory-advisor.md,github/gh-aw-firewall,.github/workflows/pelis-agent-factory-advisor.md,github__gh-aw-firewall__2beda6b40e45/history.json,github__gh-aw-firewall__2beda6b40e45/snapshots/gh-aw-firewall__github__02cb22631932cfbeae4d633edf8f0202dbbf6b5d__pelis-agent-factory-advisor.md,02cb22631932cfbeae4d633edf8f0202dbbf6b5d,2026-07-23T23:02:50Z,en,0.9999964833161163,391,386
github/gh-aw-firewall:.github/workflows/plan.md,github/gh-aw-firewall,.github/workflows/plan.md,github__gh-aw-firewall__566289b0d7ab/history.json,github__gh-aw-firewall__566289b0d7ab/snapshots/gh-aw-firewall__github__02cb22631932cfbeae4d633edf8f0202dbbf6b5d__plan.md,02cb22631932cfbeae4d633edf8f0202dbbf6b5d,2026-07-23T23:02:50Z,en,0.999995241810011,869,795
github/gh-aw-firewall:.github/workflows/red-team-benchmark.md,github/gh-aw-firewall,.github/workflows/red-team-benchmark.md,github__gh-aw-firewall__8f56b102667d/history.json,github__gh-aw-firewall__8f56b102667d/snapshots/gh-aw-firewall__github__3061640abd66a623567488a891f5a6ed307ab995__red-team-benchmark.md,3061640abd66a623567488a891f5a6ed307ab995,2026-07-20T20:20:10Z,en,0.9999983942873607,253,211
github/gh-aw-firewall:.github/workflows/refactoring-scanner.md,github/gh-aw-firewall,.github/workflows/refactoring-scanner.md,github__gh-aw-firewall__1c57e76915bf/history.json,github__gh-aw-firewall__1c57e76915bf/snapshots/gh-aw-firewall__github__f89d63e56e0c82eba6bad7207d96d703cac530ef__refactoring-scanner.md,f89d63e56e0c82eba6bad7207d96d703cac530ef,2026-07-29T15:40:41Z,en,0.9999964093768927,433,343
github/gh-aw-firewall:.github/workflows/sbx-gvisor-doc-updater.md,github/gh-aw-firewall,.github/workflows/sbx-gvisor-doc-updater.md,github__gh-aw-firewall__313d217efb1f/history.json,github__gh-aw-firewall__313d217efb1f/snapshots/gh-aw-firewall__github__4ddbf1a218826cdbc2f2807ecff51b47295521e1__sbx-gvisor-doc-updater.md,4ddbf1a218826cdbc2f2807ecff51b47295521e1,2026-07-17T22:56:54Z,en,0.9999950477664048,525,527
github/gh-aw-firewall:.github/workflows/schema-sync.md,github/gh-aw-firewall,.github/workflows/schema-sync.md,github__gh-aw-firewall__fd9ca9720a23/history.json,github__gh-aw-firewall__fd9ca9720a23/snapshots/gh-aw-firewall__github__02cb22631932cfbeae4d633edf8f0202dbbf6b5d__schema-sync.md,02cb22631932cfbeae4d633edf8f0202dbbf6b5d,2026-07-23T23:02:50Z,en,0.9999968960547071,418,395
github/gh-aw-firewall:.github/workflows/secret-digger-claude.md,github/gh-aw-firewall,.github/workflows/secret-digger-claude.md,github__gh-aw-firewall__29f3be1eba66/history.json,github__gh-aw-firewall__29f3be1eba66/snapshots/gh-aw-firewall__github__108437b16f04fafd43d57392c6bf73dfdc498a52__secret-digger-claude.md,108437b16f04fafd43d57392c6bf73dfdc498a52,2026-06-09T01:51:18Z,insufficient,0.0,12,12
github/gh-aw-firewall:.github/workflows/secret-digger-codex.md,github/gh-aw-firewall,.github/workflows/secret-digger-codex.md,github__gh-aw-firewall__226a709753ea/history.json,github__gh-aw-firewall__226a709753ea/snapshots/gh-aw-firewall__github__e91874b0656155cf0f62628cec857a1306383a0f__secret-digger-codex.md,e91874b0656155cf0f62628cec857a1306383a0f,2026-05-25T18:59:38Z,en,0.999994762919194,373,353
github/gh-aw-firewall:.github/workflows/secret-digger-copilot.md,github/gh-aw-firewall,.github/workflows/secret-digger-copilot.md,github__gh-aw-firewall__1fd7e1fb6d94/history.json,github__gh-aw-firewall__1fd7e1fb6d94/snapshots/gh-aw-firewall__github__02cb22631932cfbeae4d633edf8f0202dbbf6b5d__secret-digger-copilot.md,02cb22631932cfbeae4d633edf8f0202dbbf6b5d,2026-07-23T23:02:50Z,insufficient,0.0,12,12
github/gh-aw-firewall:.github/workflows/security-guard.md,github/gh-aw-firewall,.github/workflows/security-guard.md,github__gh-aw-firewall__e8247cfee3e9/history.json,github__gh-aw-firewall__e8247cfee3e9/snapshots/gh-aw-firewall__github__8834163fd0f560bacc31cc916cd4dd76e8289b68__security-guard.md,8834163fd0f560bacc31cc916cd4dd76e8289b68,2026-08-03T15:49:42Z,en,0.9999969307871921,426,427
github/gh-aw-firewall:.github/workflows/security-review.md,github/gh-aw-firewall,.github/workflows/security-review.md,github__gh-aw-firewall__2e7d5b305ccf/history.json,github__gh-aw-firewall__2e7d5b305ccf/snapshots/gh-aw-firewall__github__5e5ae7bf4013bc439776e5a4e819908a076e4d3e__security-review.md,5e5ae7bf4013bc439776e5a4e819908a076e4d3e,2026-07-24T15:43:30Z,en,0.9999956847069824,440,390
github/gh-aw-firewall:.github/workflows/self-hosted-runner-doctor-updater.md,github/gh-aw-firewall,.github/workflows/self-hosted-runner-doctor-updater.md,github__gh-aw-firewall__742c2723e576/history.json,github__gh-aw-firewall__742c2723e576/snapshots/gh-aw-firewall__github__f89d63e56e0c82eba6bad7207d96d703cac530ef__self-hosted-runner-doctor-updater.md,f89d63e56e0c82eba6bad7207d96d703cac530ef,2026-07-29T15:40:41Z,en,0.9999963452134024,626,621
github/gh-aw-firewall:.github/workflows/self-hosted-runner-doctor.md,github/gh-aw-firewall,.github/workflows/self-hosted-runner-doctor.md,github__gh-aw-firewall__f2970d981c74/history.json,github__gh-aw-firewall__f2970d981c74/snapshots/gh-aw-firewall__github__5b423a68c6cd9d4f11e2da86f3929646dd90f70e__self-hosted-runner-doctor.md,5b423a68c6cd9d4f11e2da86f3929646dd90f70e,2026-08-02T21:38:03Z,en,0.9999964182397102,2761,3019
github/gh-aw-firewall:.github/workflows/smoke-bounded-agents-gvisor.md,github/gh-aw-firewall,.github/workflows/smoke-bounded-agents-gvisor.md,github__gh-aw-firewall__5a6460ae3369/history.json,github__gh-aw-firewall__5a6460ae3369/snapshots/gh-aw-firewall__github__8834163fd0f560bacc31cc916cd4dd76e8289b68__smoke-bounded-agents-gvisor.md,8834163fd0f560bacc31cc916cd4dd76e8289b68,2026-08-03T15:49:42Z,en,0.9999961085882331,67,70
github/gh-aw-firewall:.github/workflows/smoke-bounded-agents.md,github/gh-aw-firewall,.github/workflows/smoke-bounded-agents.md,github__gh-aw-firewall__966b7702f37f/history.json,github__gh-aw-firewall__966b7702f37f/snapshots/gh-aw-firewall__github__8834163fd0f560bacc31cc916cd4dd76e8289b68__smoke-bounded-agents.md,8834163fd0f560bacc31cc916cd4dd76e8289b68,2026-08-03T15:49:42Z,en,0.9999962451741391,66,69
github/gh-aw-firewall:.github/workflows/smoke-bounded-queries-gvisor.md,github/gh-aw-firewall,.github/workflows/smoke-bounded-queries-gvisor.md,github__gh-aw-firewall__bcd7dac0f77c/history.json,github__gh-aw-firewall__bcd7dac0f77c/snapshots/gh-aw-firewall__github__07c69bce06f9570ff884bcc15ef08263d85d5242__smoke-bounded-queries-gvisor.md,07c69bce06f9570ff884bcc15ef08263d85d5242,2026-07-31T20:37:28Z,en,0.9999956103968828,145,152
github/gh-aw-firewall:.github/workflows/smoke-bounded-queries-sbx.md,github/gh-aw-firewall,.github/workflows/smoke-bounded-queries-sbx.md,github__gh-aw-firewall__6a04a1a93a77/history.json,github__gh-aw-firewall__6a04a1a93a77/snapshots/gh-aw-firewall__github__ba41aa297dd77d083611aad4f237617d244e487c__smoke-bounded-queries-sbx.md,ba41aa297dd77d083611aad4f237617d244e487c,2026-07-31T16:42:42Z,en,0.999997151874079,110,115
github/gh-aw-firewall:.github/workflows/smoke-bounded-queries.md,github/gh-aw-firewall,.github/workflows/smoke-bounded-queries.md,github__gh-aw-firewall__f954319cc4fd/history.json,github__gh-aw-firewall__f954319cc4fd/snapshots/gh-aw-firewall__github__717a1b733c33ffec1da2d9d77162f80a1ed2af3c__smoke-bounded-queries.md,717a1b733c33ffec1da2d9d77162f80a1ed2af3c,2026-07-31T13:39:59Z,en,0.9999978530885605,110,118
github/gh-aw-firewall:.github/workflows/smoke-chroot.md,github/gh-aw-firewall,.github/workflows/smoke-chroot.md,github__gh-aw-firewall__d5b151e6f147/history.json,github__gh-aw-firewall__d5b151e6f147/snapshots/gh-aw-firewall__github__02cb22631932cfbeae4d633edf8f0202dbbf6b5d__smoke-chroot.md,02cb22631932cfbeae4d633edf8f0202dbbf6b5d,2026-07-23T23:02:50Z,en,0.9999951332518109,101,66
github/gh-aw-firewall:.github/workflows/smoke-claude.md,github/gh-aw-firewall,.github/workflows/smoke-claude.md,github__gh-aw-firewall__12525efe8d06/history.json,github__gh-aw-firewall__12525efe8d06/snapshots/gh-aw-firewall__github__c2e79f2cd0637f016684acb926c420f007c02acd__smoke-claude.md,c2e79f2cd0637f016684acb926c420f007c02acd,2026-07-23T18:05:10Z,en,0.9999960207631037,108,126
github/gh-aw-firewall:.github/workflows/smoke-codex.md,github/gh-aw-firewall,.github/workflows/smoke-codex.md,github__gh-aw-firewall__8f9c7c90be13/history.json,github__gh-aw-firewall__8f9c7c90be13/snapshots/gh-aw-firewall__github__c2e79f2cd0637f016684acb926c420f007c02acd__smoke-codex.md,c2e79f2cd0637f016684acb926c420f007c02acd,2026-07-23T18:05:10Z,en,0.9999974193127403,412,423
github/gh-aw-firewall:.github/workflows/smoke-copilot-byok-aoai-apikey.md,github/gh-aw-firewall,.github/workflows/smoke-copilot-byok-aoai-apikey.md,github__gh-aw-firewall__fee4f6cd868c/history.json,github__gh-aw-firewall__fee4f6cd868c/snapshots/gh-aw-firewall__github__02cb22631932cfbeae4d633edf8f0202dbbf6b5d__smoke-copilot-byok-aoai-apikey.md,02cb22631932cfbeae4d633edf8f0202dbbf6b5d,2026-07-23T23:02:50Z,en,0.9999982575081968,446,424
github/gh-aw-firewall:.github/workflows/smoke-copilot-byok-aoai-entra.md,github/gh-aw-firewall,.github/workflows/smoke-copilot-byok-aoai-entra.md,github__gh-aw-firewall__c143573f923f/history.json,github__gh-aw-firewall__c143573f923f/snapshots/gh-aw-firewall__github__8834163fd0f560bacc31cc916cd4dd76e8289b68__smoke-copilot-byok-aoai-entra.md,8834163fd0f560bacc31cc916cd4dd76e8289b68,2026-08-03T15:49:42Z,en,0.9999959039883082,538,527
github/gh-aw-firewall:.github/workflows/smoke-copilot-byok.md,github/gh-aw-firewall,.github/workflows/smoke-copilot-byok.md,github__gh-aw-firewall__ba41bad1e5aa/history.json,github__gh-aw-firewall__ba41bad1e5aa/snapshots/gh-aw-firewall__github__f89d63e56e0c82eba6bad7207d96d703cac530ef__smoke-copilot-byok.md,f89d63e56e0c82eba6bad7207d96d703cac530ef,2026-07-29T15:40:41Z,en,0.9999941169419024,349,335
github/gh-aw-firewall:.github/workflows/smoke-copilot-network-isolation.md,github/gh-aw-firewall,.github/workflows/smoke-copilot-network-isolation.md,github__gh-aw-firewall__fadcb12b1c83/history.json,github__gh-aw-firewall__fadcb12b1c83/snapshots/gh-aw-firewall__github__f89d63e56e0c82eba6bad7207d96d703cac530ef__smoke-copilot-network-isolation.md,f89d63e56e0c82eba6bad7207d96d703cac530ef,2026-07-29T15:40:41Z,en,0.9999966154581156,365,357
github/gh-aw-firewall:.github/workflows/smoke-copilot.md,github/gh-aw-firewall,.github/workflows/smoke-copilot.md,github__gh-aw-firewall__475e1dc50f6f/history.json,github__gh-aw-firewall__475e1dc50f6f/snapshots/gh-aw-firewall__github__f89d63e56e0c82eba6bad7207d96d703cac530ef__smoke-copilot.md,f89d63e56e0c82eba6bad7207d96d703cac530ef,2026-07-29T15:40:41Z,en,0.9999968885737349,240,225
github/gh-aw-firewall:.github/workflows/smoke-docker-sbx-build-test.md,github/gh-aw-firewall,.github/workflows/smoke-docker-sbx-build-test.md,github__gh-aw-firewall__2a79bca9417a/history.json,github__gh-aw-firewall__2a79bca9417a/snapshots/gh-aw-firewall__github__c2e79f2cd0637f016684acb926c420f007c02acd__smoke-docker-sbx-build-test.md,c2e79f2cd0637f016684acb926c420f007c02acd,2026-07-23T18:05:10Z,en,0.9999979349558834,274,241
github/gh-aw-firewall:.github/workflows/smoke-docker-sbx-claude.md,github/gh-aw-firewall,.github/workflows/smoke-docker-sbx-claude.md,github__gh-aw-firewall__f46c0cd39c3d/history.json,github__gh-aw-firewall__f46c0cd39c3d/snapshots/gh-aw-firewall__github__f89d63e56e0c82eba6bad7207d96d703cac530ef__smoke-docker-sbx-claude.md,f89d63e56e0c82eba6bad7207d96d703cac530ef,2026-07-29T15:40:41Z,en,0.999997045827864,249,230
github/gh-aw-firewall:.github/workflows/smoke-docker-sbx-codex.md,github/gh-aw-firewall,.github/workflows/smoke-docker-sbx-codex.md,github__gh-aw-firewall__5eff3877e0f2/history.json,github__gh-aw-firewall__5eff3877e0f2/snapshots/gh-aw-firewall__github__f89d63e56e0c82eba6bad7207d96d703cac530ef__smoke-docker-sbx-codex.md,f89d63e56e0c82eba6bad7207d96d703cac530ef,2026-07-29T15:40:41Z,en,0.9999964663512344,286,266
github/gh-aw-firewall:.github/workflows/smoke-docker-sbx.md,github/gh-aw-firewall,.github/workflows/smoke-docker-sbx.md,github__gh-aw-firewall__b82dd760d425/history.json,github__gh-aw-firewall__b82dd760d425/snapshots/gh-aw-firewall__github__8834163fd0f560bacc31cc916cd4dd76e8289b68__smoke-docker-sbx.md,8834163fd0f560bacc31cc916cd4dd76e8289b68,2026-08-03T15:49:42Z,en,0.999994781339095,262,249
github/gh-aw-firewall:.github/workflows/smoke-gemini.md,github/gh-aw-firewall,.github/workflows/smoke-gemini.md,github__gh-aw-firewall__1058b15f18b1/history.json,github__gh-aw-firewall__1058b15f18b1/snapshots/gh-aw-firewall__github__c2e79f2cd0637f016684acb926c420f007c02acd__smoke-gemini.md,c2e79f2cd0637f016684acb926c420f007c02acd,2026-07-23T18:05:10Z,en,0.9999967015730137,177,174
github/gh-aw-firewall:.github/workflows/smoke-gvisor-build-test.md,github/gh-aw-firewall,.github/workflows/smoke-gvisor-build-test.md,github__gh-aw-firewall__7b2828504f9d/history.json,github__gh-aw-firewall__7b2828504f9d/snapshots/gh-aw-firewall__github__c2e79f2cd0637f016684acb926c420f007c02acd__smoke-gvisor-build-test.md,c2e79f2cd0637f016684acb926c420f007c02acd,2026-07-23T18:05:10Z,en,0.9999969487074445,275,242
github/gh-aw-firewall:.github/workflows/smoke-gvisor-claude.md,github/gh-aw-firewall,.github/workflows/smoke-gvisor-claude.md,github__gh-aw-firewall__325f3a8b2145/history.json,github__gh-aw-firewall__325f3a8b2145/snapshots/gh-aw-firewall__github__f89d63e56e0c82eba6bad7207d96d703cac530ef__smoke-gvisor-claude.md,f89d63e56e0c82eba6bad7207d96d703cac530ef,2026-07-29T15:40:41Z,en,0.9999958417211755,302,281
github/gh-aw-firewall:.github/workflows/smoke-gvisor-codex.md,github/gh-aw-firewall,.github/workflows/smoke-gvisor-codex.md,github__gh-aw-firewall__d0a3071c6038/history.json,github__gh-aw-firewall__d0a3071c6038/snapshots/gh-aw-firewall__github__f89d63e56e0c82eba6bad7207d96d703cac530ef__smoke-gvisor-codex.md,f89d63e56e0c82eba6bad7207d96d703cac530ef,2026-07-29T15:40:41Z,en,0.9999970502071648,339,317
github/gh-aw-firewall:.github/workflows/smoke-gvisor.md,github/gh-aw-firewall,.github/workflows/smoke-gvisor.md,github__gh-aw-firewall__b920eb106c94/history.json,github__gh-aw-firewall__b920eb106c94/snapshots/gh-aw-firewall__github__f89d63e56e0c82eba6bad7207d96d703cac530ef__smoke-gvisor.md,f89d63e56e0c82eba6bad7207d96d703cac530ef,2026-07-29T15:40:41Z,en,0.9999954736642845,352,333
github/gh-aw-firewall:.github/workflows/smoke-otel-tracing.md,github/gh-aw-firewall,.github/workflows/smoke-otel-tracing.md,github__gh-aw-firewall__608329dd23de/history.json,github__gh-aw-firewall__608329dd23de/snapshots/gh-aw-firewall__github__73192635d7fee79c7b23d585f87898c3fb5b13cc__smoke-otel-tracing.md,73192635d7fee79c7b23d585f87898c3fb5b13cc,2026-08-02T18:40:30Z,en,0.9999962545787433,305,281
github/gh-aw-firewall:.github/workflows/smoke-services.md,github/gh-aw-firewall,.github/workflows/smoke-services.md,github__gh-aw-firewall__a1e8ac9ba6b1/history.json,github__gh-aw-firewall__a1e8ac9ba6b1/snapshots/gh-aw-firewall__github__02cb22631932cfbeae4d633edf8f0202dbbf6b5d__smoke-services.md,02cb22631932cfbeae4d633edf8f0202dbbf6b5d,2026-07-23T23:02:50Z,en,0.9999976107578846,102,101
github/gh-aw-firewall:.github/workflows/smoke-sink-visibility-allowed.md,github/gh-aw-firewall,.github/workflows/smoke-sink-visibility-allowed.md,github__gh-aw-firewall__589996d9d560/history.json,github__gh-aw-firewall__589996d9d560/snapshots/gh-aw-firewall__github__02cb22631932cfbeae4d633edf8f0202dbbf6b5d__smoke-sink-visibility-allowed.md,02cb22631932cfbeae4d633edf8f0202dbbf6b5d,2026-07-23T23:02:50Z,en,0.9999953164589888,152,121
github/gh-aw-firewall:.github/workflows/smoke-sink-visibility-blocked.md,github/gh-aw-firewall,.github/workflows/smoke-sink-visibility-blocked.md,github__gh-aw-firewall__1c1546dc2ac0/history.json,github__gh-aw-firewall__1c1546dc2ac0/snapshots/gh-aw-firewall__github__02cb22631932cfbeae4d633edf8f0202dbbf6b5d__smoke-sink-visibility-blocked.md,02cb22631932cfbeae4d633edf8f0202dbbf6b5d,2026-07-23T23:02:50Z,en,0.9999974149513988,167,136
github/gh-aw-firewall:.github/workflows/test-coverage-improver.md,github/gh-aw-firewall,.github/workflows/test-coverage-improver.md,github__gh-aw-firewall__e614c01caf7c/history.json,github__gh-aw-firewall__e614c01caf7c/snapshots/gh-aw-firewall__github__f89d63e56e0c82eba6bad7207d96d703cac530ef__test-coverage-improver.md,f89d63e56e0c82eba6bad7207d96d703cac530ef,2026-07-29T15:40:41Z,en,0.9999965144447214,313,290
github/gh-aw-firewall:.github/workflows/test-coverage-reporter.md,github/gh-aw-firewall,.github/workflows/test-coverage-reporter.md,github__gh-aw-firewall__c405e51f0cf8/history.json,github__gh-aw-firewall__c405e51f0cf8/snapshots/gh-aw-firewall__github__f89d63e56e0c82eba6bad7207d96d703cac530ef__test-coverage-reporter.md,f89d63e56e0c82eba6bad7207d96d703cac530ef,2026-07-29T15:40:41Z,en,0.9999964194099451,242,250
github/gh-aw-firewall:.github/workflows/test-hard-cap-ai-credits.md,github/gh-aw-firewall,.github/workflows/test-hard-cap-ai-credits.md,github__gh-aw-firewall__81f2a919560c/history.json,github__gh-aw-firewall__81f2a919560c/snapshots/gh-aw-firewall__github__c2e79f2cd0637f016684acb926c420f007c02acd__test-hard-cap-ai-credits.md,c2e79f2cd0637f016684acb926c420f007c02acd,2026-07-23T18:05:10Z,en,0.99999826254547,344,325
github/gh-aw-firewall:.github/workflows/update-release-notes.md,github/gh-aw-firewall,.github/workflows/update-release-notes.md,github__gh-aw-firewall__93bf4d5d907c/history.json,github__gh-aw-firewall__93bf4d5d907c/snapshots/gh-aw-firewall__github__5e5ae7bf4013bc439776e5a4e819908a076e4d3e__update-release-notes.md,5e5ae7bf4013bc439776e5a4e819908a076e4d3e,2026-07-24T15:43:30Z,en,0.999997741900517,311,305
github/gh-aw-mcpg:.github/workflows/daily-compliance-checker.md,github/gh-aw-mcpg,.github/workflows/daily-compliance-checker.md,github__gh-aw-mcpg__40c2e1802a2f/history.json,github__gh-aw-mcpg__40c2e1802a2f/snapshots/gh-aw-mcpg__github__7acc3b94548207e2aa9fc30dad7720489b3297b4__daily-compliance-checker.md,7acc3b94548207e2aa9fc30dad7720489b3297b4,2026-07-16T13:57:43Z,en,0.9999941977074209,1265,1191
github/gh-aw-mcpg:.github/workflows/duplicate-code-detector.md,github/gh-aw-mcpg,.github/workflows/duplicate-code-detector.md,github__gh-aw-mcpg__870d24891635/history.json,github__gh-aw-mcpg__870d24891635/snapshots/gh-aw-mcpg__github__45a6fb81de50cc5e4c7dd0232522492a74ca8160__duplicate-code-detector.md,45a6fb81de50cc5e4c7dd0232522492a74ca8160,2026-07-10T02:35:35Z,en,0.9999965591373262,1167,1160
github/gh-aw-mcpg:.github/workflows/gateway-issue-dispatcher.md,github/gh-aw-mcpg,.github/workflows/gateway-issue-dispatcher.md,github__gh-aw-mcpg__3803854d431c/history.json,github__gh-aw-mcpg__3803854d431c/snapshots/gh-aw-mcpg__github__45a6fb81de50cc5e4c7dd0232522492a74ca8160__gateway-issue-dispatcher.md,45a6fb81de50cc5e4c7dd0232522492a74ca8160,2026-07-10T02:35:35Z,en,0.9999968563663588,373,366
github/gh-aw-mcpg:.github/workflows/ghcr-download-tracker.md,github/gh-aw-mcpg,.github/workflows/ghcr-download-tracker.md,github__gh-aw-mcpg__6303825a910e/history.json,github__gh-aw-mcpg__6303825a910e/snapshots/gh-aw-mcpg__github__45a6fb81de50cc5e4c7dd0232522492a74ca8160__ghcr-download-tracker.md,45a6fb81de50cc5e4c7dd0232522492a74ca8160,2026-07-10T02:35:35Z,en,0.9999977864409304,486,455
github/gh-aw-mcpg:.github/workflows/github-mcp-guard-coverage-checker.md,github/gh-aw-mcpg,.github/workflows/github-mcp-guard-coverage-checker.md,github__gh-aw-mcpg__5b1aedf96c05/history.json,github__gh-aw-mcpg__5b1aedf96c05/snapshots/gh-aw-mcpg__github__f97db31a59b229b2c2c494e1258a5dc1ac0d527c__github-mcp-guard-coverage-checker.md,f97db31a59b229b2c2c494e1258a5dc1ac0d527c,2026-07-20T22:11:17Z,en,0.9999952886923057,1551,1482
github/gh-aw-mcpg:.github/workflows/go-fan.md,github/gh-aw-mcpg,.github/workflows/go-fan.md,github__gh-aw-mcpg__0dca3c38ceb6/history.json,github__gh-aw-mcpg__0dca3c38ceb6/snapshots/gh-aw-mcpg__github__45a6fb81de50cc5e4c7dd0232522492a74ca8160__go-fan.md,45a6fb81de50cc5e4c7dd0232522492a74ca8160,2026-07-10T02:35:35Z,en,0.999995860830831,1013,914
github/gh-aw-mcpg:.github/workflows/go-logger.md,github/gh-aw-mcpg,.github/workflows/go-logger.md,github__gh-aw-mcpg__2d58fba26785/history.json,github__gh-aw-mcpg__2d58fba26785/snapshots/gh-aw-mcpg__github__7acc3b94548207e2aa9fc30dad7720489b3297b4__go-logger.md,7acc3b94548207e2aa9fc30dad7720489b3297b4,2026-07-16T13:57:43Z,en,0.9999969820256439,1124,1095
github/gh-aw-mcpg:.github/workflows/gpl-dependency-checker.md,github/gh-aw-mcpg,.github/workflows/gpl-dependency-checker.md,github__gh-aw-mcpg__3d14f0621a18/history.json,github__gh-aw-mcpg__3d14f0621a18/snapshots/gh-aw-mcpg__github__7acc3b94548207e2aa9fc30dad7720489b3297b4__gpl-dependency-checker.md,7acc3b94548207e2aa9fc30dad7720489b3297b4,2026-07-16T13:57:43Z,en,0.9999969859709151,1134,1022
github/gh-aw-mcpg:.github/workflows/guard-status-tracker.md,github/gh-aw-mcpg,.github/workflows/guard-status-tracker.md,github__gh-aw-mcpg__14316a240faa/history.json,github__gh-aw-mcpg__14316a240faa/snapshots/gh-aw-mcpg__github__45a6fb81de50cc5e4c7dd0232522492a74ca8160__guard-status-tracker.md,45a6fb81de50cc5e4c7dd0232522492a74ca8160,2026-07-10T02:35:35Z,en,0.9999954760714217,449,397
github/gh-aw-mcpg:.github/workflows/integrity-filtering-audit.md,github/gh-aw-mcpg,.github/workflows/integrity-filtering-audit.md,github__gh-aw-mcpg__698a33a5dac7/history.json,github__gh-aw-mcpg__698a33a5dac7/snapshots/gh-aw-mcpg__github__45a6fb81de50cc5e4c7dd0232522492a74ca8160__integrity-filtering-audit.md,45a6fb81de50cc5e4c7dd0232522492a74ca8160,2026-07-10T02:35:35Z,en,0.9999972841612919,694,705
github/gh-aw-mcpg:.github/workflows/issue-monster.md,github/gh-aw-mcpg,.github/workflows/issue-monster.md,github__gh-aw-mcpg__99b7980dd8d9/history.json,github__gh-aw-mcpg__99b7980dd8d9/snapshots/gh-aw-mcpg__github__45a6fb81de50cc5e4c7dd0232522492a74ca8160__issue-monster.md,45a6fb81de50cc5e4c7dd0232522492a74ca8160,2026-07-10T02:35:35Z,en,0.9999963161534549,314,270
github/gh-aw-mcpg:.github/workflows/large-payload-tester.md,github/gh-aw-mcpg,.github/workflows/large-payload-tester.md,github__gh-aw-mcpg__09cb2c136c2c/history.json,github__gh-aw-mcpg__09cb2c136c2c/snapshots/gh-aw-mcpg__github__45a6fb81de50cc5e4c7dd0232522492a74ca8160__large-payload-tester.md,45a6fb81de50cc5e4c7dd0232522492a74ca8160,2026-07-10T02:35:35Z,insufficient,0.0,4,4
github/gh-aw-mcpg:.github/workflows/mcp-gateway-log-analyzer.md,github/gh-aw-mcpg,.github/workflows/mcp-gateway-log-analyzer.md,github__gh-aw-mcpg__94162e521d2c/history.json,github__gh-aw-mcpg__94162e521d2c/snapshots/gh-aw-mcpg__github__45a6fb81de50cc5e4c7dd0232522492a74ca8160__mcp-gateway-log-analyzer.md,45a6fb81de50cc5e4c7dd0232522492a74ca8160,2026-07-10T02:35:35Z,en,0.999995673827968,1076,973
github/gh-aw-mcpg:.github/workflows/nightly-docs-reconciler.md,github/gh-aw-mcpg,.github/workflows/nightly-docs-reconciler.md,github__gh-aw-mcpg__96e94b0c3466/history.json,github__gh-aw-mcpg__96e94b0c3466/snapshots/gh-aw-mcpg__github__45a6fb81de50cc5e4c7dd0232522492a74ca8160__nightly-docs-reconciler.md,45a6fb81de50cc5e4c7dd0232522492a74ca8160,2026-07-10T02:35:35Z,insufficient,0.0,4,4
github/gh-aw-mcpg:.github/workflows/nightly-schema-updater.md,github/gh-aw-mcpg,.github/workflows/nightly-schema-updater.md,github__gh-aw-mcpg__b9b00678ef7a/history.json,github__gh-aw-mcpg__b9b00678ef7a/snapshots/gh-aw-mcpg__github__f97db31a59b229b2c2c494e1258a5dc1ac0d527c__nightly-schema-updater.md,f97db31a59b229b2c2c494e1258a5dc1ac0d527c,2026-07-20T22:11:17Z,en,0.9999986549684159,478,457
github/gh-aw-mcpg:.github/workflows/nightly-workflow-compiler.md,github/gh-aw-mcpg,.github/workflows/nightly-workflow-compiler.md,github__gh-aw-mcpg__595db87ef3ae/history.json,github__gh-aw-mcpg__595db87ef3ae/snapshots/gh-aw-mcpg__github__45a6fb81de50cc5e4c7dd0232522492a74ca8160__nightly-workflow-compiler.md,45a6fb81de50cc5e4c7dd0232522492a74ca8160,2026-07-10T02:35:35Z,insufficient,0.0,4,4
github/gh-aw-mcpg:.github/workflows/plan.md,github/gh-aw-mcpg,.github/workflows/plan.md,github__gh-aw-mcpg__fdc163b6a8b0/history.json,github__gh-aw-mcpg__fdc163b6a8b0/snapshots/gh-aw-mcpg__github__45a6fb81de50cc5e4c7dd0232522492a74ca8160__plan.md,45a6fb81de50cc5e4c7dd0232522492a74ca8160,2026-07-10T02:35:35Z,en,0.9999969576130872,494,457
github/gh-aw-mcpg:.github/workflows/readonly-stress-default.md,github/gh-aw-mcpg,.github/workflows/readonly-stress-default.md,github__gh-aw-mcpg__3991046980f1/history.json,github__gh-aw-mcpg__3991046980f1/snapshots/gh-aw-mcpg__github__ba97f8afef3e955caa4585ab80bb5d8e9a2efbd0__readonly-stress-default.md,ba97f8afef3e955caa4585ab80bb5d8e9a2efbd0,2026-07-31T22:24:11Z,en,0.9999946747045092,56,50
github/gh-aw-mcpg:.github/workflows/readonly-stress-gvisor.md,github/gh-aw-mcpg,.github/workflows/readonly-stress-gvisor.md,github__gh-aw-mcpg__915fe80b278f/history.json,github__gh-aw-mcpg__915fe80b278f/snapshots/gh-aw-mcpg__github__ba97f8afef3e955caa4585ab80bb5d8e9a2efbd0__readonly-stress-gvisor.md,ba97f8afef3e955caa4585ab80bb5d8e9a2efbd0,2026-07-31T22:24:11Z,en,0.9999950562330854,64,62
github/gh-aw-mcpg:.github/workflows/readonly-stress-sbx.md,github/gh-aw-mcpg,.github/workflows/readonly-stress-sbx.md,github__gh-aw-mcpg__d636c4ce1c26/history.json,github__gh-aw-mcpg__d636c4ce1c26/snapshots/gh-aw-mcpg__github__ba97f8afef3e955caa4585ab80bb5d8e9a2efbd0__readonly-stress-sbx.md,ba97f8afef3e955caa4585ab80bb5d8e9a2efbd0,2026-07-31T22:24:11Z,en,0.9999947821173302,176,181
github/gh-aw-mcpg:.github/workflows/release.md,github/gh-aw-mcpg,.github/workflows/release.md,github__gh-aw-mcpg__b1482cce2a98/history.json,github__gh-aw-mcpg__b1482cce2a98/snapshots/gh-aw-mcpg__github__044b48f570b9bc3592b56af788c2a9dc01d14a8d__release.md,044b48f570b9bc3592b56af788c2a9dc01d14a8d,2026-07-31T21:33:53Z,en,0.9999967210602274,323,311
github/gh-aw-mcpg:.github/workflows/rust-guard-improver.md,github/gh-aw-mcpg,.github/workflows/rust-guard-improver.md,github__gh-aw-mcpg__ea793c530dcb/history.json,github__gh-aw-mcpg__ea793c530dcb/snapshots/gh-aw-mcpg__github__45a6fb81de50cc5e4c7dd0232522492a74ca8160__rust-guard-improver.md,45a6fb81de50cc5e4c7dd0232522492a74ca8160,2026-07-10T02:35:35Z,en,0.9999967724683317,612,483
github/gh-aw-mcpg:.github/workflows/semantic-function-refactor.md,github/gh-aw-mcpg,.github/workflows/semantic-function-refactor.md,github__gh-aw-mcpg__c18a40ce7882/history.json,github__gh-aw-mcpg__c18a40ce7882/snapshots/gh-aw-mcpg__github__45a6fb81de50cc5e4c7dd0232522492a74ca8160__semantic-function-refactor.md,45a6fb81de50cc5e4c7dd0232522492a74ca8160,2026-07-10T02:35:35Z,en,0.9999960940479786,1131,1090
github/gh-aw-mcpg:.github/workflows/smoke-allowonly.md,github/gh-aw-mcpg,.github/workflows/smoke-allowonly.md,github__gh-aw-mcpg__d1fc7388be72/history.json,github__gh-aw-mcpg__d1fc7388be72/snapshots/gh-aw-mcpg__github__45a6fb81de50cc5e4c7dd0232522492a74ca8160__smoke-allowonly.md,45a6fb81de50cc5e4c7dd0232522492a74ca8160,2026-07-10T02:35:35Z,en,0.9999973266332676,410,397
github/gh-aw-mcpg:.github/workflows/smoke-copilot.md,github/gh-aw-mcpg,.github/workflows/smoke-copilot.md,github__gh-aw-mcpg__eea9f4e6930b/history.json,github__gh-aw-mcpg__eea9f4e6930b/snapshots/gh-aw-mcpg__github__00bb3e7661fadcd90c08103b67db9b7014b07e84__smoke-copilot.md,00bb3e7661fadcd90c08103b67db9b7014b07e84,2026-07-23T19:45:42Z,en,0.9999944696334888,287,288
github/gh-aw-mcpg:.github/workflows/smoke-long-session.md,github/gh-aw-mcpg,.github/workflows/smoke-long-session.md,github__gh-aw-mcpg__e5ed890b0ae4/history.json,github__gh-aw-mcpg__e5ed890b0ae4/snapshots/gh-aw-mcpg__github__00bb3e7661fadcd90c08103b67db9b7014b07e84__smoke-long-session.md,00bb3e7661fadcd90c08103b67db9b7014b07e84,2026-07-23T19:45:42Z,en,0.9999948129164422,528,450
github/gh-aw-mcpg:.github/workflows/smoke-otel-tracing.md,github/gh-aw-mcpg,.github/workflows/smoke-otel-tracing.md,github__gh-aw-mcpg__bf33368cc522/history.json,github__gh-aw-mcpg__bf33368cc522/snapshots/gh-aw-mcpg__github__00bb3e7661fadcd90c08103b67db9b7014b07e84__smoke-otel-tracing.md,00bb3e7661fadcd90c08103b67db9b7014b07e84,2026-07-23T19:45:42Z,en,0.9999961917918425,689,676
github/gh-aw-mcpg:.github/workflows/smoke-proxy-github-script.md,github/gh-aw-mcpg,.github/workflows/smoke-proxy-github-script.md,github__gh-aw-mcpg__420d9b4dd59e/history.json,github__gh-aw-mcpg__420d9b4dd59e/snapshots/gh-aw-mcpg__github__45a6fb81de50cc5e4c7dd0232522492a74ca8160__smoke-proxy-github-script.md,45a6fb81de50cc5e4c7dd0232522492a74ca8160,2026-07-10T02:35:35Z,en,0.9999957959357391,1301,859
github/gh-aw-mcpg:.github/workflows/smoke-safeoutputs-discussions.md,github/gh-aw-mcpg,.github/workflows/smoke-safeoutputs-discussions.md,github__gh-aw-mcpg__6f11391bd5b8/history.json,github__gh-aw-mcpg__6f11391bd5b8/snapshots/gh-aw-mcpg__github__45a6fb81de50cc5e4c7dd0232522492a74ca8160__smoke-safeoutputs-discussions.md,45a6fb81de50cc5e4c7dd0232522492a74ca8160,2026-07-10T02:35:35Z,en,0.9999968385781706,561,522
github/gh-aw-mcpg:.github/workflows/smoke-safeoutputs-issues.md,github/gh-aw-mcpg,.github/workflows/smoke-safeoutputs-issues.md,github__gh-aw-mcpg__2d172a39e297/history.json,github__gh-aw-mcpg__2d172a39e297/snapshots/gh-aw-mcpg__github__aa1c0de9de1faf699de40992aafbd95461e195db__smoke-safeoutputs-issues.md,aa1c0de9de1faf699de40992aafbd95461e195db,2026-07-10T02:27:18Z,en,0.9999950197090063,760,729
github/gh-aw-mcpg:.github/workflows/smoke-safeoutputs-labels.md,github/gh-aw-mcpg,.github/workflows/smoke-safeoutputs-labels.md,github__gh-aw-mcpg__8efeb7fcf3c4/history.json,github__gh-aw-mcpg__8efeb7fcf3c4/snapshots/gh-aw-mcpg__github__45a6fb81de50cc5e4c7dd0232522492a74ca8160__smoke-safeoutputs-labels.md,45a6fb81de50cc5e4c7dd0232522492a74ca8160,2026-07-10T02:35:35Z,en,0.9999986421764135,481,461
github/gh-aw-mcpg:.github/workflows/smoke-safeoutputs-prs.md,github/gh-aw-mcpg,.github/workflows/smoke-safeoutputs-prs.md,github__gh-aw-mcpg__23d851626abe/history.json,github__gh-aw-mcpg__23d851626abe/snapshots/gh-aw-mcpg__github__45a6fb81de50cc5e4c7dd0232522492a74ca8160__smoke-safeoutputs-prs.md,45a6fb81de50cc5e4c7dd0232522492a74ca8160,2026-07-10T02:35:35Z,en,0.9999992608588164,915,881
github/gh-aw-mcpg:.github/workflows/smoke-safeoutputs-reviews.md,github/gh-aw-mcpg,.github/workflows/smoke-safeoutputs-reviews.md,github__gh-aw-mcpg__9cc232fb7a0f/history.json,github__gh-aw-mcpg__9cc232fb7a0f/snapshots/gh-aw-mcpg__github__45a6fb81de50cc5e4c7dd0232522492a74ca8160__smoke-safeoutputs-reviews.md,45a6fb81de50cc5e4c7dd0232522492a74ca8160,2026-07-10T02:35:35Z,en,0.9999957338206954,754,726
github/gh-aw-mcpg:.github/workflows/test-coverage-improver.md,github/gh-aw-mcpg,.github/workflows/test-coverage-improver.md,github__gh-aw-mcpg__2b82b2a29d4e/history.json,github__gh-aw-mcpg__2b82b2a29d4e/snapshots/gh-aw-mcpg__github__f97db31a59b229b2c2c494e1258a5dc1ac0d527c__test-coverage-improver.md,f97db31a59b229b2c2c494e1258a5dc1ac0d527c,2026-07-20T22:11:17Z,en,0.999997367786797,715,673
github/gh-aw-mcpg:.github/workflows/test-improver.md,github/gh-aw-mcpg,.github/workflows/test-improver.md,github__gh-aw-mcpg__3ca5c3b83220/history.json,github__gh-aw-mcpg__3ca5c3b83220/snapshots/gh-aw-mcpg__github__7acc3b94548207e2aa9fc30dad7720489b3297b4__test-improver.md,7acc3b94548207e2aa9fc30dad7720489b3297b4,2026-07-16T13:57:43Z,en,0.9999972838797099,216,217
github/gh-aw-threat-detection:.github/workflows/detection-failure-monitor.md,github/gh-aw-threat-detection,.github/workflows/detection-failure-monitor.md,github__gh-aw-threat-detection__1b512ce8b496/history.json,github__gh-aw-threat-detection__1b512ce8b496/snapshots/gh-aw-threat-detection__github__ed6f17d56a4c85a83fbc57b8a95a5f63576d5809__detection-failure-monitor.md,ed6f17d56a4c85a83fbc57b8a95a5f63576d5809,2026-07-27T15:19:51Z,en,0.9999965752307295,400,437
github/gh-aw-threat-detection:.github/workflows/gh-aw-parity-monitor.md,github/gh-aw-threat-detection,.github/workflows/gh-aw-parity-monitor.md,github__gh-aw-threat-detection__0801d05775be/history.json,github__gh-aw-threat-detection__0801d05775be/snapshots/gh-aw-threat-detection__github__0fb2d80e4441c7f9b42011fc0aa795c3928f5f8e__gh-aw-parity-monitor.md,0fb2d80e4441c7f9b42011fc0aa795c3928f5f8e,2026-07-30T21:06:28Z,en,0.9999970786678505,596,639
github/gh-aw-threat-detection:.github/workflows/smoke-claude-standalone-latest.md,github/gh-aw-threat-detection,.github/workflows/smoke-claude-standalone-latest.md,github__gh-aw-threat-detection__3c270b0d9663/history.json,github__gh-aw-threat-detection__3c270b0d9663/snapshots/gh-aw-threat-detection__github__ee541c0f8c61cd38c05333ef6198c4babd8b4dc1__smoke-claude-standalone-latest.md,ee541c0f8c61cd38c05333ef6198c4babd8b4dc1,2026-07-30T18:55:23Z,en,0.9999961578510654,167,177
github/gh-aw-threat-detection:.github/workflows/smoke-claude-standalone.md,github/gh-aw-threat-detection,.github/workflows/smoke-claude-standalone.md,github__gh-aw-threat-detection__dedece97af87/history.json,github__gh-aw-threat-detection__dedece97af87/snapshots/gh-aw-threat-detection__github__d5c9d26a864d2a3c48da01bfcfcdc760e70c5f44__smoke-claude-standalone.md,d5c9d26a864d2a3c48da01bfcfcdc760e70c5f44,2026-07-27T18:40:12Z,en,0.9999977038787056,120,124
github/gh-aw-threat-detection:.github/workflows/smoke-codex-standalone-latest.md,github/gh-aw-threat-detection,.github/workflows/smoke-codex-standalone-latest.md,github__gh-aw-threat-detection__509ae28e91af/history.json,github__gh-aw-threat-detection__509ae28e91af/snapshots/gh-aw-threat-detection__github__ee541c0f8c61cd38c05333ef6198c4babd8b4dc1__smoke-codex-standalone-latest.md,ee541c0f8c61cd38c05333ef6198c4babd8b4dc1,2026-07-30T18:55:23Z,en,0.9999962798905645,174,187
github/gh-aw-threat-detection:.github/workflows/smoke-codex-standalone.md,github/gh-aw-threat-detection,.github/workflows/smoke-codex-standalone.md,github__gh-aw-threat-detection__87469bb206cd/history.json,github__gh-aw-threat-detection__87469bb206cd/snapshots/gh-aw-threat-detection__github__30576f760dba8257dd34bc42071159033c9fc376__smoke-codex-standalone.md,30576f760dba8257dd34bc42071159033c9fc376,2026-07-22T16:40:28Z,en,0.999998010872584,127,134
github/gh-aw-threat-detection:.github/workflows/smoke-copilot-standalone-latest.md,github/gh-aw-threat-detection,.github/workflows/smoke-copilot-standalone-latest.md,github__gh-aw-threat-detection__319e6cb3e25d/history.json,github__gh-aw-threat-detection__319e6cb3e25d/snapshots/gh-aw-threat-detection__github__aeaa68423ef4e25736254262e844d4948cfea404__smoke-copilot-standalone-latest.md,aeaa68423ef4e25736254262e844d4948cfea404,2026-08-03T23:32:56Z,en,0.9999952109338618,173,185
github/gh-aw-threat-detection:.github/workflows/smoke-copilot-standalone.md,github/gh-aw-threat-detection,.github/workflows/smoke-copilot-standalone.md,github__gh-aw-threat-detection__2e865d1a1cce/history.json,github__gh-aw-threat-detection__2e865d1a1cce/snapshots/gh-aw-threat-detection__github__aeaa68423ef4e25736254262e844d4948cfea404__smoke-copilot-standalone.md,aeaa68423ef4e25736254262e844d4948cfea404,2026-08-03T23:32:56Z,en,0.9999975382182082,126,132
github/gh-aw:.github/workflows/ab-testing-advisor.md,github/gh-aw,.github/workflows/ab-testing-advisor.md,github__gh-aw__b7277062a5d5/history.json,github__gh-aw__b7277062a5d5/snapshots/gh-aw__github__34035eee5108896501e37e08a6f809f60ddb70a0__ab-testing-advisor.md,34035eee5108896501e37e08a6f809f60ddb70a0,2026-08-02T15:25:17Z,en,0.999996341195531,1569,1506
github/gh-aw:.github/workflows/ace-editor.md,github/gh-aw,.github/workflows/ace-editor.md,github__gh-aw__1f0b172fcfba/history.json,github__gh-aw__1f0b172fcfba/snapshots/gh-aw__github__9c4703514b8f99867ae28dd8cb234faa5da91138__ace-editor.md,9c4703514b8f99867ae28dd8cb234faa5da91138,2026-08-03T00:59:12Z,insufficient,0.0,15,15
github/gh-aw:.github/workflows/agent-performance-analyzer.md,github/gh-aw,.github/workflows/agent-performance-analyzer.md,github__gh-aw__b0a6ddf3033b/history.json,github__gh-aw__b0a6ddf3033b/snapshots/gh-aw__github__017b58e18766c4cba287810af5a4e92e1a99aec5__agent-performance-analyzer.md,017b58e18766c4cba287810af5a4e92e1a99aec5,2026-07-29T22:20:36Z,en,0.99999703863208,2623,2565
github/gh-aw:.github/workflows/agent-persona-explorer.md,github/gh-aw,.github/workflows/agent-persona-explorer.md,github__gh-aw__9ac65a6564e6/history.json,github__gh-aw__9ac65a6564e6/snapshots/gh-aw__github__aceb490a3e9e4e1c1ce27aa80dc9f2fddf572804__agent-persona-explorer.md,aceb490a3e9e4e1c1ce27aa80dc9f2fddf572804,2026-08-01T00:48:15Z,en,0.999996148238126,1322,1263
github/gh-aw:.github/workflows/agentic-token-audit.md,github/gh-aw,.github/workflows/agentic-token-audit.md,github__gh-aw__799a2e2aa62a/history.json,github__gh-aw__799a2e2aa62a/snapshots/gh-aw__github__9c4703514b8f99867ae28dd8cb234faa5da91138__agentic-token-audit.md,9c4703514b8f99867ae28dd8cb234faa5da91138,2026-08-03T00:59:12Z,en,0.999998315852601,733,687
github/gh-aw:.github/workflows/agentic-token-optimizer.md,github/gh-aw,.github/workflows/agentic-token-optimizer.md,github__gh-aw__ccf6349603d0/history.json,github__gh-aw__ccf6349603d0/snapshots/gh-aw__github__b124884b3e2d09c0b3a0c948f7b27c8d863e2a39__agentic-token-optimizer.md,b124884b3e2d09c0b3a0c948f7b27c8d863e2a39,2026-07-20T08:57:28Z,en,0.9999981523029684,1051,918
github/gh-aw:.github/workflows/agentic-token-trend-audit.md,github/gh-aw,.github/workflows/agentic-token-trend-audit.md,github__gh-aw__1ee5414cd2fd/history.json,github__gh-aw__1ee5414cd2fd/snapshots/gh-aw__github__9c4703514b8f99867ae28dd8cb234faa5da91138__agentic-token-trend-audit.md,9c4703514b8f99867ae28dd8cb234faa5da91138,2026-08-03T00:59:12Z,en,0.9999988199366082,577,535
github/gh-aw:.github/workflows/ai-moderator.md,github/gh-aw,.github/workflows/ai-moderator.md,github__gh-aw__70a563cc082d/history.json,github__gh-aw__70a563cc082d/snapshots/gh-aw__github__9cfb735dc1cc75981616a4d3da73a76d2338f380__ai-moderator.md,9cfb735dc1cc75981616a4d3da73a76d2338f380,2026-07-31T05:32:35Z,en,0.9999955166379382,1132,1129
github/gh-aw:.github/workflows/api-consumption-report.md,github/gh-aw,.github/workflows/api-consumption-report.md,github__gh-aw__9f5dd0df8149/history.json,github__gh-aw__9f5dd0df8149/snapshots/gh-aw__github__b124884b3e2d09c0b3a0c948f7b27c8d863e2a39__api-consumption-report.md,b124884b3e2d09c0b3a0c948f7b27c8d863e2a39,2026-07-20T08:57:28Z,en,0.9999957365919889,1491,1434
github/gh-aw:.github/workflows/approach-validator.md,github/gh-aw,.github/workflows/approach-validator.md,github__gh-aw__b9a3196acd6c/history.json,github__gh-aw__b9a3196acd6c/snapshots/gh-aw__github__a89e1def13d677194f801dd371eb181ef6cfcf04__approach-validator.md,a89e1def13d677194f801dd371eb181ef6cfcf04,2026-07-29T09:41:50Z,en,0.9999974394380999,1172,1092
github/gh-aw:.github/workflows/archie.md,github/gh-aw,.github/workflows/archie.md,github__gh-aw__3ad5648ce90d/history.json,github__gh-aw__3ad5648ce90d/snapshots/gh-aw__github__b124884b3e2d09c0b3a0c948f7b27c8d863e2a39__archie.md,b124884b3e2d09c0b3a0c948f7b27c8d863e2a39,2026-07-20T08:57:28Z,en,0.9999965026494727,689,667
github/gh-aw:.github/workflows/architecture-guardian.md,github/gh-aw,.github/workflows/architecture-guardian.md,github__gh-aw__70662d215455/history.json,github__gh-aw__70662d215455/snapshots/gh-aw__github__017b58e18766c4cba287810af5a4e92e1a99aec5__architecture-guardian.md,017b58e18766c4cba287810af5a4e92e1a99aec5,2026-07-29T22:20:36Z,en,0.9999948234625424,437,449
github/gh-aw:.github/workflows/archivx-agentic-workflows-analyzer.md,github/gh-aw,.github/workflows/archivx-agentic-workflows-analyzer.md,github__gh-aw__b85d39c34a58/history.json,github__gh-aw__b85d39c34a58/snapshots/gh-aw__github__3de14a6b512b0eae8e8a7f29ef6c3c75f2ebed65__archivx-agentic-workflows-analyzer.md,3de14a6b512b0eae8e8a7f29ef6c3c75f2ebed65,2026-08-02T17:38:08Z,en,0.9999969983708012,323,300
github/gh-aw:.github/workflows/artifacts-summary.md,github/gh-aw,.github/workflows/artifacts-summary.md,github__gh-aw__e9888ac5baeb/history.json,github__gh-aw__e9888ac5baeb/snapshots/gh-aw__github__8cd73e156dfcdb8a74b0b340814a1d2921df3ae3__artifacts-summary.md,8cd73e156dfcdb8a74b0b340814a1d2921df3ae3,2026-07-27T06:18:51Z,en,0.9999972004824804,218,209
github/gh-aw:.github/workflows/audit-workflows.md,github/gh-aw,.github/workflows/audit-workflows.md,github__gh-aw__5968c57cca23/history.json,github__gh-aw__5968c57cca23/snapshots/gh-aw__github__ae49b13fe850e04d6e646015104dced7bf0cbc3c__audit-workflows.md,ae49b13fe850e04d6e646015104dced7bf0cbc3c,2026-07-29T08:20:09Z,en,0.999997292394528,596,621
github/gh-aw:.github/workflows/auto-triage-issues.md,github/gh-aw,.github/workflows/auto-triage-issues.md,github__gh-aw__13414c11c636/history.json,github__gh-aw__13414c11c636/snapshots/gh-aw__github__34035eee5108896501e37e08a6f809f60ddb70a0__auto-triage-issues.md,34035eee5108896501e37e08a6f809f60ddb70a0,2026-08-02T15:25:17Z,en,0.9999973703653584,1362,1409
github/gh-aw:.github/workflows/avenger.md,github/gh-aw,.github/workflows/avenger.md,github__gh-aw__c43d7767d09d/history.json,github__gh-aw__c43d7767d09d/snapshots/gh-aw__github__9c4703514b8f99867ae28dd8cb234faa5da91138__avenger.md,9c4703514b8f99867ae28dd8cb234faa5da91138,2026-08-03T00:59:12Z,en,0.9999969071280581,619,594
github/gh-aw:.github/workflows/aw-failure-investigator.md,github/gh-aw,.github/workflows/aw-failure-investigator.md,github__gh-aw__4c7fe1b71201/history.json,github__gh-aw__4c7fe1b71201/snapshots/gh-aw__github__e9e7f4f3e4535ac32f4b0e8cf0333d47b8e3cee3__aw-failure-investigator.md,e9e7f4f3e4535ac32f4b0e8cf0333d47b8e3cee3,2026-08-03T22:36:04Z,en,0.9999953864303884,915,866
github/gh-aw:.github/workflows/blog-auditor.md,github/gh-aw,.github/workflows/blog-auditor.md,github__gh-aw__b1750251e031/history.json,github__gh-aw__b1750251e031/snapshots/gh-aw__github__99a3933a5029e974c2ea7652c6b26839a452441c__blog-auditor.md,99a3933a5029e974c2ea7652c6b26839a452441c,2026-07-15T16:26:58Z,en,0.9999960050476104,917,871
github/gh-aw:.github/workflows/bot-detection.md,github/gh-aw,.github/workflows/bot-detection.md,github__gh-aw__06b69bff9642/history.json,github__gh-aw__06b69bff9642/snapshots/gh-aw__github__9c4703514b8f99867ae28dd8cb234faa5da91138__bot-detection.md,9c4703514b8f99867ae28dd8cb234faa5da91138,2026-08-03T00:59:12Z,en,0.999997409378578,485,523
github/gh-aw:.github/workflows/breaking-change-checker.md,github/gh-aw,.github/workflows/breaking-change-checker.md,github__gh-aw__41f43ed28678/history.json,github__gh-aw__41f43ed28678/snapshots/gh-aw__github__8cd73e156dfcdb8a74b0b340814a1d2921df3ae3__breaking-change-checker.md,8cd73e156dfcdb8a74b0b340814a1d2921df3ae3,2026-07-27T06:18:51Z,en,0.9999981394246388,434,389
github/gh-aw:.github/workflows/changeset.md,github/gh-aw,.github/workflows/changeset.md,github__gh-aw__06b97194d539/history.json,github__gh-aw__06b97194d539/snapshots/gh-aw__github__00b5069bad2926b01520f69dc5fac18023efb698__changeset.md,00b5069bad2926b01520f69dc5fac18023efb698,2026-07-20T04:26:30Z,en,0.9999974315264335,556,560
github/gh-aw:.github/workflows/chaos-pr-bundle-fuzzer.md,github/gh-aw,.github/workflows/chaos-pr-bundle-fuzzer.md,github__gh-aw__3edf7e9fbb1c/history.json,github__gh-aw__3edf7e9fbb1c/snapshots/gh-aw__github__36884336ee4366866880539677bbd7864122497e__chaos-pr-bundle-fuzzer.md,36884336ee4366866880539677bbd7864122497e,2026-07-19T09:39:37Z,en,0.9999970466603618,331,326
github/gh-aw:.github/workflows/ci-coach.md,github/gh-aw,.github/workflows/ci-coach.md,github__gh-aw__07fdb06cd885/history.json,github__gh-aw__07fdb06cd885/snapshots/gh-aw__github__8cd73e156dfcdb8a74b0b340814a1d2921df3ae3__ci-coach.md,8cd73e156dfcdb8a74b0b340814a1d2921df3ae3,2026-07-27T06:18:51Z,en,0.9999957918119474,1652,1658
github/gh-aw:.github/workflows/ci-doctor.md,github/gh-aw,.github/workflows/ci-doctor.md,github__gh-aw__e667a8c87db7/history.json,github__gh-aw__e667a8c87db7/snapshots/gh-aw__github__f5cd29b60d8eaded70387ac5391dbeaa0ea7fca9__ci-doctor.md,f5cd29b60d8eaded70387ac5391dbeaa0ea7fca9,2026-08-04T03:33:31Z,en,0.9999960159783197,1606,1589
github/gh-aw:.github/workflows/claude-code-user-docs-review.md,github/gh-aw,.github/workflows/claude-code-user-docs-review.md,github__gh-aw__f70aa0a62fc0/history.json,github__gh-aw__f70aa0a62fc0/snapshots/gh-aw__github__b124884b3e2d09c0b3a0c948f7b27c8d863e2a39__claude-code-user-docs-review.md,b124884b3e2d09c0b3a0c948f7b27c8d863e2a39,2026-07-20T08:57:28Z,en,0.9999985102799172,565,515
github/gh-aw:.github/workflows/cli-consistency-checker.md,github/gh-aw,.github/workflows/cli-consistency-checker.md,github__gh-aw__c61d0be22b6e/history.json,github__gh-aw__c61d0be22b6e/snapshots/gh-aw__github__2831507cd98cbd0b4805b4b15f924f8812533cf1__cli-consistency-checker.md,2831507cd98cbd0b4805b4b15f924f8812533cf1,2026-08-01T00:46:24Z,en,0.999996874649308,597,584
github/gh-aw:.github/workflows/cli-version-checker.md,github/gh-aw,.github/workflows/cli-version-checker.md,github__gh-aw__e673333f208a/history.json,github__gh-aw__e673333f208a/snapshots/gh-aw__github__5ef1dec4f6999c9f7ada862408659175cf20a9d9__cli-version-checker.md,5ef1dec4f6999c9f7ada862408659175cf20a9d9,2026-07-25T16:43:52Z,en,0.9999954631572883,1627,1648
github/gh-aw:.github/workflows/cloclo.md,github/gh-aw,.github/workflows/cloclo.md,github__gh-aw__6b6bf5e1d3fe/history.json,github__gh-aw__6b6bf5e1d3fe/snapshots/gh-aw__github__be3ac2da448062fdeac0afb2900589b08483eefa__cloclo.md,be3ac2da448062fdeac0afb2900589b08483eefa,2026-07-28T21:46:02Z,en,0.9999969699073976,674,650
github/gh-aw:.github/workflows/code-scanning-fixer.md,github/gh-aw,.github/workflows/code-scanning-fixer.md,github__gh-aw__052f96f3cc2c/history.json,github__gh-aw__052f96f3cc2c/snapshots/gh-aw__github__bb74b8e9d786f5799063130fff8e4a4d32830e19__code-scanning-fixer.md,bb74b8e9d786f5799063130fff8e4a4d32830e19,2026-08-03T20:05:27Z,en,0.9999974472206785,880,864
github/gh-aw:.github/workflows/code-simplifier.md,github/gh-aw,.github/workflows/code-simplifier.md,github__gh-aw__2c85ecd0332e/history.json,github__gh-aw__2c85ecd0332e/snapshots/gh-aw__github__9a9a67ff1b759de97722da8333824856fecaf039__code-simplifier.md,9a9a67ff1b759de97722da8333824856fecaf039,2026-07-30T06:32:15Z,en,0.9999963590787139,657,603
github/gh-aw:.github/workflows/codex-github-remote-mcp-test.md,github/gh-aw,.github/workflows/codex-github-remote-mcp-test.md,github__gh-aw__75dddc2ab9f4/history.json,github__gh-aw__75dddc2ab9f4/snapshots/gh-aw__github__44942c03a394e645e71a9f1c46b6a0720bfbb199__codex-github-remote-mcp-test.md,44942c03a394e645e71a9f1c46b6a0720bfbb199,2026-06-27T00:02:15Z,en,0.9999982057904877,95,84
github/gh-aw:.github/workflows/commit-changes-analyzer.md,github/gh-aw,.github/workflows/commit-changes-analyzer.md,github__gh-aw__83d8397bb46e/history.json,github__gh-aw__83d8397bb46e/snapshots/gh-aw__github__36884336ee4366866880539677bbd7864122497e__commit-changes-analyzer.md,36884336ee4366866880539677bbd7864122497e,2026-07-19T09:39:37Z,en,0.9999940379986494,781,733
github/gh-aw:.github/workflows/constraint-solving-potd.md,github/gh-aw,.github/workflows/constraint-solving-potd.md,github__gh-aw__761de2cdb1ad/history.json,github__gh-aw__761de2cdb1ad/snapshots/gh-aw__github__be3ac2da448062fdeac0afb2900589b08483eefa__constraint-solving-potd.md,be3ac2da448062fdeac0afb2900589b08483eefa,2026-07-28T21:46:02Z,en,0.9999964301611026,595,588
github/gh-aw:.github/workflows/contribution-check.md,github/gh-aw,.github/workflows/contribution-check.md,github__gh-aw__b529d8f02026/history.json,github__gh-aw__b529d8f02026/snapshots/gh-aw__github__74058183471b424ce264dcd057765ceafe8931c6__contribution-check.md,74058183471b424ce264dcd057765ceafe8931c6,2026-07-19T07:39:33Z,en,0.9999977131350308,1127,1161
github/gh-aw:.github/workflows/copilot-agent-analysis.md,github/gh-aw,.github/workflows/copilot-agent-analysis.md,github__gh-aw__df83b36d4d77/history.json,github__gh-aw__df83b36d4d77/snapshots/gh-aw__github__b124884b3e2d09c0b3a0c948f7b27c8d863e2a39__copilot-agent-analysis.md,b124884b3e2d09c0b3a0c948f7b27c8d863e2a39,2026-07-20T08:57:28Z,en,0.9999975109196688,1046,969
github/gh-aw:.github/workflows/copilot-centralization-drilldown.md,github/gh-aw,.github/workflows/copilot-centralization-drilldown.md,github__gh-aw__4ca74b1fab4e/history.json,github__gh-aw__4ca74b1fab4e/snapshots/gh-aw__github__b124884b3e2d09c0b3a0c948f7b27c8d863e2a39__copilot-centralization-drilldown.md,b124884b3e2d09c0b3a0c948f7b27c8d863e2a39,2026-07-20T08:57:28Z,en,0.9999971742009778,241,254
github/gh-aw:.github/workflows/copilot-centralization-optimizer.md,github/gh-aw,.github/workflows/copilot-centralization-optimizer.md,github__gh-aw__2014f3ef4d16/history.json,github__gh-aw__2014f3ef4d16/snapshots/gh-aw__github__b124884b3e2d09c0b3a0c948f7b27c8d863e2a39__copilot-centralization-optimizer.md,b124884b3e2d09c0b3a0c948f7b27c8d863e2a39,2026-07-20T08:57:28Z,en,0.9999956109679142,565,573
github/gh-aw:.github/workflows/copilot-cli-deep-research.md,github/gh-aw,.github/workflows/copilot-cli-deep-research.md,github__gh-aw__79289a846cae/history.json,github__gh-aw__79289a846cae/snapshots/gh-aw__github__be3ac2da448062fdeac0afb2900589b08483eefa__copilot-cli-deep-research.md,be3ac2da448062fdeac0afb2900589b08483eefa,2026-07-28T21:46:02Z,en,0.9999960831139272,741,696
github/gh-aw:.github/workflows/copilot-opt.md,github/gh-aw,.github/workflows/copilot-opt.md,github__gh-aw__24e7d48ca2d3/history.json,github__gh-aw__24e7d48ca2d3/snapshots/gh-aw__github__8cd73e156dfcdb8a74b0b340814a1d2921df3ae3__copilot-opt.md,8cd73e156dfcdb8a74b0b340814a1d2921df3ae3,2026-07-27T06:18:51Z,en,0.9999955264801772,1191,1099
github/gh-aw:.github/workflows/copilot-pr-merged-report.md,github/gh-aw,.github/workflows/copilot-pr-merged-report.md,github__gh-aw__2aa0e8b01afc/history.json,github__gh-aw__2aa0e8b01afc/snapshots/gh-aw__github__8cd73e156dfcdb8a74b0b340814a1d2921df3ae3__copilot-pr-merged-report.md,8cd73e156dfcdb8a74b0b340814a1d2921df3ae3,2026-07-27T06:18:51Z,en,0.9999957301992332,721,698
github/gh-aw:.github/workflows/copilot-pr-nlp-analysis.md,github/gh-aw,.github/workflows/copilot-pr-nlp-analysis.md,github__gh-aw__4247220fe3d5/history.json,github__gh-aw__4247220fe3d5/snapshots/gh-aw__github__a118914edf6b397f4ec83a8614aead9968317510__copilot-pr-nlp-analysis.md,a118914edf6b397f4ec83a8614aead9968317510,2026-08-02T10:14:27Z,en,0.9999964064503005,1155,1109
github/gh-aw:.github/workflows/copilot-pr-prompt-analysis.md,github/gh-aw,.github/workflows/copilot-pr-prompt-analysis.md,github__gh-aw__36c648d08dbd/history.json,github__gh-aw__36c648d08dbd/snapshots/gh-aw__github__8cd73e156dfcdb8a74b0b340814a1d2921df3ae3__copilot-pr-prompt-analysis.md,8cd73e156dfcdb8a74b0b340814a1d2921df3ae3,2026-07-27T06:18:51Z,en,0.9999967165996146,720,666
github/gh-aw:.github/workflows/copilot-session-insights.md,github/gh-aw,.github/workflows/copilot-session-insights.md,github__gh-aw__73e8a11af9ae/history.json,github__gh-aw__73e8a11af9ae/snapshots/gh-aw__github__9a9a67ff1b759de97722da8333824856fecaf039__copilot-session-insights.md,9a9a67ff1b759de97722da8333824856fecaf039,2026-07-30T06:32:15Z,en,0.9999958348011244,1263,1214
github/gh-aw:.github/workflows/craft.md,github/gh-aw,.github/workflows/craft.md,github__gh-aw__1611eb1cb578/history.json,github__gh-aw__1611eb1cb578/snapshots/gh-aw__github__8cd73e156dfcdb8a74b0b340814a1d2921df3ae3__craft.md,8cd73e156dfcdb8a74b0b340814a1d2921df3ae3,2026-07-27T06:18:51Z,en,0.9999974580083723,677,653
github/gh-aw:.github/workflows/daily-agent-of-the-day-blog-writer.md,github/gh-aw,.github/workflows/daily-agent-of-the-day-blog-writer.md,github__gh-aw__4dffffa28886/history.json,github__gh-aw__4dffffa28886/snapshots/gh-aw__github__13e70708c8e3a9fcf2cd71b309e6d09e2526d9df__daily-agent-of-the-day-blog-writer.md,13e70708c8e3a9fcf2cd71b309e6d09e2526d9df,2026-07-29T16:21:49Z,en,0.9999963883674867,891,859
github/gh-aw:.github/workflows/daily-agentrx-trace-optimizer.md,github/gh-aw,.github/workflows/daily-agentrx-trace-optimizer.md,github__gh-aw__ab12b76e3853/history.json,github__gh-aw__ab12b76e3853/snapshots/gh-aw__github__a118914edf6b397f4ec83a8614aead9968317510__daily-agentrx-trace-optimizer.md,a118914edf6b397f4ec83a8614aead9968317510,2026-08-02T10:14:27Z,en,0.999994693325944,894,893
github/gh-aw:.github/workflows/daily-ambient-context-optimizer.md,github/gh-aw,.github/workflows/daily-ambient-context-optimizer.md,github__gh-aw__2f7011dd5de5/history.json,github__gh-aw__2f7011dd5de5/snapshots/gh-aw__github__9c4703514b8f99867ae28dd8cb234faa5da91138__daily-ambient-context-optimizer.md,9c4703514b8f99867ae28dd8cb234faa5da91138,2026-08-03T00:59:12Z,en,0.9999977738757406,1849,1872
github/gh-aw:.github/workflows/daily-architecture-diagram.md,github/gh-aw,.github/workflows/daily-architecture-diagram.md,github__gh-aw__219d814ece06/history.json,github__gh-aw__219d814ece06/snapshots/gh-aw__github__8cd73e156dfcdb8a74b0b340814a1d2921df3ae3__daily-architecture-diagram.md,8cd73e156dfcdb8a74b0b340814a1d2921df3ae3,2026-07-27T06:18:51Z,en,0.9999962846630625,512,473
github/gh-aw:.github/workflows/daily-arxiv-researcher.md,github/gh-aw,.github/workflows/daily-arxiv-researcher.md,github__gh-aw__b0250c5546b7/history.json,github__gh-aw__b0250c5546b7/snapshots/gh-aw__github__0b509469ac61448a2fcb10b66bd0857436c177ba__daily-arxiv-researcher.md,0b509469ac61448a2fcb10b66bd0857436c177ba,2026-08-03T12:43:55Z,en,0.9999973106301163,834,770
github/gh-aw:.github/workflows/daily-assign-issue-to-user.md,github/gh-aw,.github/workflows/daily-assign-issue-to-user.md,github__gh-aw__74a2db667fef/history.json,github__gh-aw__74a2db667fef/snapshots/gh-aw__github__54151d131f5adf200030ef463934d3ee65775722__daily-assign-issue-to-user.md,54151d131f5adf200030ef463934d3ee65775722,2026-08-03T23:14:56Z,en,0.9999961807334916,227,241
github/gh-aw:.github/workflows/daily-astrostylelite-markdown-spellcheck.md,github/gh-aw,.github/workflows/daily-astrostylelite-markdown-spellcheck.md,github__gh-aw__4fdb4a086eee/history.json,github__gh-aw__4fdb4a086eee/snapshots/gh-aw__github__9c4703514b8f99867ae28dd8cb234faa5da91138__daily-astrostylelite-markdown-spellcheck.md,9c4703514b8f99867ae28dd8cb234faa5da91138,2026-08-03T00:59:12Z,en,0.9999979152723393,260,276
github/gh-aw:.github/workflows/daily-aw-cross-repo-compile-check.md,github/gh-aw,.github/workflows/daily-aw-cross-repo-compile-check.md,github__gh-aw__b918b793fdc9/history.json,github__gh-aw__b918b793fdc9/snapshots/gh-aw__github__409bbd1e8cad15c894ebe723af6c51f7706aa0e4__daily-aw-cross-repo-compile-check.md,409bbd1e8cad15c894ebe723af6c51f7706aa0e4,2026-07-31T12:33:15Z,en,0.9999972519187807,522,517
github/gh-aw:.github/workflows/daily-awf-spec-compiler-surfacing.md,github/gh-aw,.github/workflows/daily-awf-spec-compiler-surfacing.md,github__gh-aw__8b0523a4d4e0/history.json,github__gh-aw__8b0523a4d4e0/snapshots/gh-aw__github__84d1e352bac7f7431302041dd36dc9bae2eadbf2__daily-awf-spec-compiler-surfacing.md,84d1e352bac7f7431302041dd36dc9bae2eadbf2,2026-08-02T00:18:42Z,en,0.9999963740269215,500,459
github/gh-aw:.github/workflows/daily-byok-ollama-test.md,github/gh-aw,.github/workflows/daily-byok-ollama-test.md,github__gh-aw__563c6c7f4f06/history.json,github__gh-aw__563c6c7f4f06/snapshots/gh-aw__github__c2d74ef75dd7998888d7266898529716afa16f51__daily-byok-ollama-test.md,c2d74ef75dd7998888d7266898529716afa16f51,2026-08-02T18:00:16Z,en,0.9999966684390896,65,63
github/gh-aw:.github/workflows/daily-cache-strategy-analyzer.md,github/gh-aw,.github/workflows/daily-cache-strategy-analyzer.md,github__gh-aw__8dd7f56f8154/history.json,github__gh-aw__8dd7f56f8154/snapshots/gh-aw__github__cb25c4381839a6ef33545ec4c4551029909ab8df__daily-cache-strategy-analyzer.md,cb25c4381839a6ef33545ec4c4551029909ab8df,2026-08-03T00:16:19Z,en,0.9999953808325427,1029,890
github/gh-aw:.github/workflows/daily-caveman-optimizer.md,github/gh-aw,.github/workflows/daily-caveman-optimizer.md,github__gh-aw__31d4815a1d5b/history.json,github__gh-aw__31d4815a1d5b/snapshots/gh-aw__github__b124884b3e2d09c0b3a0c948f7b27c8d863e2a39__daily-caveman-optimizer.md,b124884b3e2d09c0b3a0c948f7b27c8d863e2a39,2026-07-20T08:57:28Z,en,0.9999975330014392,916,882
github/gh-aw:.github/workflows/daily-cli-performance.md,github/gh-aw,.github/workflows/daily-cli-performance.md,github__gh-aw__d7c5c25333bb/history.json,github__gh-aw__d7c5c25333bb/snapshots/gh-aw__github__9c4703514b8f99867ae28dd8cb234faa5da91138__daily-cli-performance.md,9c4703514b8f99867ae28dd8cb234faa5da91138,2026-08-03T00:59:12Z,en,0.9999961314422587,627,567
github/gh-aw:.github/workflows/daily-cli-tools-tester.md,github/gh-aw,.github/workflows/daily-cli-tools-tester.md,github__gh-aw__5d93732fee77/history.json,github__gh-aw__5d93732fee77/snapshots/gh-aw__github__b124884b3e2d09c0b3a0c948f7b27c8d863e2a39__daily-cli-tools-tester.md,b124884b3e2d09c0b3a0c948f7b27c8d863e2a39,2026-07-20T08:57:28Z,en,0.9999961265937327,1870,1537
github/gh-aw:.github/workflows/daily-code-metrics.md,github/gh-aw,.github/workflows/daily-code-metrics.md,github__gh-aw__ecaa1919307c/history.json,github__gh-aw__ecaa1919307c/snapshots/gh-aw__github__b124884b3e2d09c0b3a0c948f7b27c8d863e2a39__daily-code-metrics.md,b124884b3e2d09c0b3a0c948f7b27c8d863e2a39,2026-07-20T08:57:28Z,en,0.999996669582167,541,543
github/gh-aw:.github/workflows/daily-community-attribution.md,github/gh-aw,.github/workflows/daily-community-attribution.md,github__gh-aw__42388d88698d/history.json,github__gh-aw__42388d88698d/snapshots/gh-aw__github__849f04da6fba3f5aec087ac3ea0fd6eee327c820__daily-community-attribution.md,849f04da6fba3f5aec087ac3ea0fd6eee327c820,2026-07-26T08:33:45Z,en,0.9999952136209278,1050,1055
github/gh-aw:.github/workflows/daily-compiler-quality.md,github/gh-aw,.github/workflows/daily-compiler-quality.md,github__gh-aw__7b9473a7785e/history.json,github__gh-aw__7b9473a7785e/snapshots/gh-aw__github__8cd73e156dfcdb8a74b0b340814a1d2921df3ae3__daily-compiler-quality.md,8cd73e156dfcdb8a74b0b340814a1d2921df3ae3,2026-07-27T06:18:51Z,en,0.999996388504055,1201,1112
github/gh-aw:.github/workflows/daily-compiler-threat-spec-optimizer.md,github/gh-aw,.github/workflows/daily-compiler-threat-spec-optimizer.md,github__gh-aw__4114126ac98f/history.json,github__gh-aw__4114126ac98f/snapshots/gh-aw__github__8cd73e156dfcdb8a74b0b340814a1d2921df3ae3__daily-compiler-threat-spec-optimizer.md,8cd73e156dfcdb8a74b0b340814a1d2921df3ae3,2026-07-27T06:18:51Z,en,0.9999967914761736,375,354
github/gh-aw:.github/workflows/daily-credit-limit-test.md,github/gh-aw,.github/workflows/daily-credit-limit-test.md,github__gh-aw__305812aaa749/history.json,github__gh-aw__305812aaa749/snapshots/gh-aw__github__9df505e822b8590657a741a33e959c1b9e74a2ef__daily-credit-limit-test.md,9df505e822b8590657a741a33e959c1b9e74a2ef,2026-07-22T12:37:17Z,en,0.9999981682941289,227,219
github/gh-aw:.github/workflows/daily-doc-healer.md,github/gh-aw,.github/workflows/daily-doc-healer.md,github__gh-aw__1bc9e6a1333c/history.json,github__gh-aw__1bc9e6a1333c/snapshots/gh-aw__github__84d1e352bac7f7431302041dd36dc9bae2eadbf2__daily-doc-healer.md,84d1e352bac7f7431302041dd36dc9bae2eadbf2,2026-08-02T00:18:42Z,en,0.9999977017135937,1439,1455
github/gh-aw:.github/workflows/daily-doc-updater.md,github/gh-aw,.github/workflows/daily-doc-updater.md,github__gh-aw__d31fb6ec19db/history.json,github__gh-aw__d31fb6ec19db/snapshots/gh-aw__github__34035eee5108896501e37e08a6f809f60ddb70a0__daily-doc-updater.md,34035eee5108896501e37e08a6f809f60ddb70a0,2026-08-02T15:25:17Z,en,0.9999953094740219,2184,2209
github/gh-aw:.github/workflows/daily-elixir-credo-snippet-audit.md,github/gh-aw,.github/workflows/daily-elixir-credo-snippet-audit.md,github__gh-aw__803cae1847f1/history.json,github__gh-aw__803cae1847f1/snapshots/gh-aw__github__b124884b3e2d09c0b3a0c948f7b27c8d863e2a39__daily-elixir-credo-snippet-audit.md,b124884b3e2d09c0b3a0c948f7b27c8d863e2a39,2026-07-20T08:57:28Z,en,0.9999963615961441,144,146
github/gh-aw:.github/workflows/daily-evals-report.md,github/gh-aw,.github/workflows/daily-evals-report.md,github__gh-aw__e878ff399a49/history.json,github__gh-aw__e878ff399a49/snapshots/gh-aw__github__f25181066dbe6183f0e04c89ccd66dfd5bf37a86__daily-evals-report.md,f25181066dbe6183f0e04c89ccd66dfd5bf37a86,2026-08-03T12:43:15Z,en,0.9999966289547286,717,704
github/gh-aw:.github/workflows/daily-experiment-report.md,github/gh-aw,.github/workflows/daily-experiment-report.md,github__gh-aw__6ed7e940a009/history.json,github__gh-aw__6ed7e940a009/snapshots/gh-aw__github__43b608d759a19084118ad61170db96cf0b72ddf9__daily-experiment-report.md,43b608d759a19084118ad61170db96cf0b72ddf9,2026-07-29T18:48:34Z,en,0.999995311499106,1725,1594
github/gh-aw:.github/workflows/daily-fact.md,github/gh-aw,.github/workflows/daily-fact.md,github__gh-aw__260a66e59cc6/history.json,github__gh-aw__260a66e59cc6/snapshots/gh-aw__github__b124884b3e2d09c0b3a0c948f7b27c8d863e2a39__daily-fact.md,b124884b3e2d09c0b3a0c948f7b27c8d863e2a39,2026-07-20T08:57:28Z,en,0.9999968945910769,557,555
github/gh-aw:.github/workflows/daily-file-diet.md,github/gh-aw,.github/workflows/daily-file-diet.md,github__gh-aw__da9b5e4091a7/history.json,github__gh-aw__da9b5e4091a7/snapshots/gh-aw__github__b124884b3e2d09c0b3a0c948f7b27c8d863e2a39__daily-file-diet.md,b124884b3e2d09c0b3a0c948f7b27c8d863e2a39,2026-07-20T08:57:28Z,en,0.9999961135141326,606,565
github/gh-aw:.github/workflows/daily-firewall-report.md,github/gh-aw,.github/workflows/daily-firewall-report.md,github__gh-aw__2b53fb88056d/history.json,github__gh-aw__2b53fb88056d/snapshots/gh-aw__github__26f9ff2c4c868c8b8867165707e0aee729248fcb__daily-firewall-report.md,26f9ff2c4c868c8b8867165707e0aee729248fcb,2026-08-01T04:29:25Z,en,0.9999951517355772,1158,1075
github/gh-aw:.github/workflows/daily-formal-spec-verifier.md,github/gh-aw,.github/workflows/daily-formal-spec-verifier.md,github__gh-aw__91aa3be73037/history.json,github__gh-aw__91aa3be73037/snapshots/gh-aw__github__8cd73e156dfcdb8a74b0b340814a1d2921df3ae3__daily-formal-spec-verifier.md,8cd73e156dfcdb8a74b0b340814a1d2921df3ae3,2026-07-27T06:18:51Z,en,0.9999979894359328,839,809
github/gh-aw:.github/workflows/daily-function-namer.md,github/gh-aw,.github/workflows/daily-function-namer.md,github__gh-aw__c994507941ad/history.json,github__gh-aw__c994507941ad/snapshots/gh-aw__github__36884336ee4366866880539677bbd7864122497e__daily-function-namer.md,36884336ee4366866880539677bbd7864122497e,2026-07-19T09:39:37Z,en,0.9999968923765019,888,827
github/gh-aw:.github/workflows/daily-geo-optimizer.md,github/gh-aw,.github/workflows/daily-geo-optimizer.md,github__gh-aw__202c18d26143/history.json,github__gh-aw__202c18d26143/snapshots/gh-aw__github__9c4703514b8f99867ae28dd8cb234faa5da91138__daily-geo-optimizer.md,9c4703514b8f99867ae28dd8cb234faa5da91138,2026-08-03T00:59:12Z,en,0.9999939485909549,404,381
github/gh-aw:.github/workflows/daily-github-docs-seo-optimizer.md,github/gh-aw,.github/workflows/daily-github-docs-seo-optimizer.md,github__gh-aw__3497110b34f2/history.json,github__gh-aw__3497110b34f2/snapshots/gh-aw__github__84d1e352bac7f7431302041dd36dc9bae2eadbf2__daily-github-docs-seo-optimizer.md,84d1e352bac7f7431302041dd36dc9bae2eadbf2,2026-08-02T00:18:42Z,en,0.9999965627729195,445,432
github/gh-aw:.github/workflows/daily-go-test-parallelizer.md,github/gh-aw,.github/workflows/daily-go-test-parallelizer.md,github__gh-aw__0dd66324298c/history.json,github__gh-aw__0dd66324298c/snapshots/gh-aw__github__762694e90f6ce3ba62efa8b054827ec2a0da72ff__daily-go-test-parallelizer.md,762694e90f6ce3ba62efa8b054827ec2a0da72ff,2026-08-03T12:46:13Z,en,0.9999969398243738,423,412
github/gh-aw:.github/workflows/daily-graft-intelligence.md,github/gh-aw,.github/workflows/daily-graft-intelligence.md,github__gh-aw__312cc15decd1/history.json,github__gh-aw__312cc15decd1/snapshots/gh-aw__github__a5a84b69be33d7c3ba08459b4291d4c9670fcfbf__daily-graft-intelligence.md,a5a84b69be33d7c3ba08459b4291d4c9670fcfbf,2026-07-29T13:08:59Z,en,0.9999957799310876,345,338
github/gh-aw:.github/workflows/daily-hippo-learn.md,github/gh-aw,.github/workflows/daily-hippo-learn.md,github__gh-aw__a5ca7835d173/history.json,github__gh-aw__a5ca7835d173/snapshots/gh-aw__github__b124884b3e2d09c0b3a0c948f7b27c8d863e2a39__daily-hippo-learn.md,b124884b3e2d09c0b3a0c948f7b27c8d863e2a39,2026-07-20T08:57:28Z,en,0.9999984855276897,593,555
github/gh-aw:.github/workflows/daily-issues-report.md,github/gh-aw,.github/workflows/daily-issues-report.md,github__gh-aw__8889b187d47d/history.json,github__gh-aw__8889b187d47d/snapshots/gh-aw__github__8cd73e156dfcdb8a74b0b340814a1d2921df3ae3__daily-issues-report.md,8cd73e156dfcdb8a74b0b340814a1d2921df3ae3,2026-07-27T06:18:51Z,en,0.9999972282605205,660,606
github/gh-aw:.github/workflows/daily-malicious-code-scan.md,github/gh-aw,.github/workflows/daily-malicious-code-scan.md,github__gh-aw__33022a743b38/history.json,github__gh-aw__33022a743b38/snapshots/gh-aw__github__8cd73e156dfcdb8a74b0b340814a1d2921df3ae3__daily-malicious-code-scan.md,8cd73e156dfcdb8a74b0b340814a1d2921df3ae3,2026-07-27T06:18:51Z,en,0.9999971517880999,1063,1023
github/gh-aw:.github/workflows/daily-max-ai-credits-test.md,github/gh-aw,.github/workflows/daily-max-ai-credits-test.md,github__gh-aw__355ccd89cd9e/history.json,github__gh-aw__355ccd89cd9e/snapshots/gh-aw__github__9cce393ac32263cd1d652a8046bf524536370a1e__daily-max-ai-credits-test.md,9cce393ac32263cd1d652a8046bf524536370a1e,2026-08-02T01:11:44Z,en,0.9999977162152031,256,256
github/gh-aw:.github/workflows/daily-mcp-concurrency-analysis.md,github/gh-aw,.github/workflows/daily-mcp-concurrency-analysis.md,github__gh-aw__a8a1e5a38e3b/history.json,github__gh-aw__a8a1e5a38e3b/snapshots/gh-aw__github__8cd73e156dfcdb8a74b0b340814a1d2921df3ae3__daily-mcp-concurrency-analysis.md,8cd73e156dfcdb8a74b0b340814a1d2921df3ae3,2026-07-27T06:18:51Z,en,0.9999984648114819,1163,1086
github/gh-aw:.github/workflows/daily-model-inventory.md,github/gh-aw,.github/workflows/daily-model-inventory.md,github__gh-aw__c6ade1661ccd/history.json,github__gh-aw__c6ade1661ccd/snapshots/gh-aw__github__6c7679538c06aa52c041ad80c97395c0d0ff7b45__daily-model-inventory.md,6c7679538c06aa52c041ad80c97395c0d0ff7b45,2026-07-28T13:57:20Z,en,0.9999959192835565,1307,1325
github/gh-aw:.github/workflows/daily-model-resolution.md,github/gh-aw,.github/workflows/daily-model-resolution.md,github__gh-aw__e10277927800/history.json,github__gh-aw__e10277927800/snapshots/gh-aw__github__84d1e352bac7f7431302041dd36dc9bae2eadbf2__daily-model-resolution.md,84d1e352bac7f7431302041dd36dc9bae2eadbf2,2026-08-02T00:18:42Z,en,0.9999975006548701,756,705
github/gh-aw:.github/workflows/daily-multi-device-docs-tester.md,github/gh-aw,.github/workflows/daily-multi-device-docs-tester.md,github__gh-aw__d6e02197237a/history.json,github__gh-aw__d6e02197237a/snapshots/gh-aw__github__c2d74ef75dd7998888d7266898529716afa16f51__daily-multi-device-docs-tester.md,c2d74ef75dd7998888d7266898529716afa16f51,2026-08-02T18:00:16Z,en,0.999996339128199,634,628
github/gh-aw:.github/workflows/daily-news.md,github/gh-aw,.github/workflows/daily-news.md,github__gh-aw__cc03d23fbc1e/history.json,github__gh-aw__cc03d23fbc1e/snapshots/gh-aw__github__f866a5c323e207ba6b5a991be89ab09702be51d6__daily-news.md,f866a5c323e207ba6b5a991be89ab09702be51d6,2026-07-28T07:30:39Z,en,0.9999970658675565,1048,1089
github/gh-aw:.github/workflows/daily-observability-report.md,github/gh-aw,.github/workflows/daily-observability-report.md,github__gh-aw__e8f338df5865/history.json,github__gh-aw__e8f338df5865/snapshots/gh-aw__github__387454fcc6aa6d7e11371136e38c4318f2cc2759__daily-observability-report.md,387454fcc6aa6d7e11371136e38c4318f2cc2759,2026-08-01T22:34:11Z,en,0.9999962733837261,1468,1313
github/gh-aw:.github/workflows/daily-performance-summary.md,github/gh-aw,.github/workflows/daily-performance-summary.md,github__gh-aw__ba3b4b86bb58/history.json,github__gh-aw__ba3b4b86bb58/snapshots/gh-aw__github__49cb12d6b7038b22331befd9226280544bc23505__daily-performance-summary.md,49cb12d6b7038b22331befd9226280544bc23505,2026-07-30T07:46:04Z,en,0.9999962175185072,575,502
github/gh-aw:.github/workflows/daily-regulatory.md,github/gh-aw,.github/workflows/daily-regulatory.md,github__gh-aw__a40e2afa9f1f/history.json,github__gh-aw__a40e2afa9f1f/snapshots/gh-aw__github__b124884b3e2d09c0b3a0c948f7b27c8d863e2a39__daily-regulatory.md,b124884b3e2d09c0b3a0c948f7b27c8d863e2a39,2026-07-20T08:57:28Z,en,0.9999958163960909,1196,1125
github/gh-aw:.github/workflows/daily-reliability-review.md,github/gh-aw,.github/workflows/daily-reliability-review.md,github__gh-aw__01d26202d6eb/history.json,github__gh-aw__01d26202d6eb/snapshots/gh-aw__github__a878b332ea77fe83ce3cc941bcf0e27751e4742b__daily-reliability-review.md,a878b332ea77fe83ce3cc941bcf0e27751e4742b,2026-07-23T14:41:00Z,en,0.999996674149672,351,340
github/gh-aw:.github/workflows/daily-rendering-scripts-verifier.md,github/gh-aw,.github/workflows/daily-rendering-scripts-verifier.md,github__gh-aw__bc1d62cbafa7/history.json,github__gh-aw__bc1d62cbafa7/snapshots/gh-aw__github__9aa1fd90e3512b99eeb342228c92f34673de5242__daily-rendering-scripts-verifier.md,9aa1fd90e3512b99eeb342228c92f34673de5242,2026-07-28T21:54:36Z,en,0.9999982320813822,846,815
github/gh-aw:.github/workflows/daily-repo-chronicle.md,github/gh-aw,.github/workflows/daily-repo-chronicle.md,github__gh-aw__62c7ad3d413d/history.json,github__gh-aw__62c7ad3d413d/snapshots/gh-aw__github__8cd73e156dfcdb8a74b0b340814a1d2921df3ae3__daily-repo-chronicle.md,8cd73e156dfcdb8a74b0b340814a1d2921df3ae3,2026-07-27T06:18:51Z,en,0.9999980511348378,1020,1005
github/gh-aw:.github/workflows/daily-safe-output-integrator.md,github/gh-aw,.github/workflows/daily-safe-output-integrator.md,github__gh-aw__1c3e77d835cf/history.json,github__gh-aw__1c3e77d835cf/snapshots/gh-aw__github__8cd73e156dfcdb8a74b0b340814a1d2921df3ae3__daily-safe-output-integrator.md,8cd73e156dfcdb8a74b0b340814a1d2921df3ae3,2026-07-27T06:18:51Z,en,0.9999980988457071,408,405
github/gh-aw:.github/workflows/daily-safe-output-optimizer.md,github/gh-aw,.github/workflows/daily-safe-output-optimizer.md,github__gh-aw__cd2e56466bd4/history.json,github__gh-aw__cd2e56466bd4/snapshots/gh-aw__github__230a13bcf56df1dd376afc7488b6ffe1618bb4ae__daily-safe-output-optimizer.md,230a13bcf56df1dd376afc7488b6ffe1618bb4ae,2026-07-30T05:44:13Z,en,0.9999974996894438,1129,1067
github/gh-aw:.github/workflows/daily-safe-outputs-conformance.md,github/gh-aw,.github/workflows/daily-safe-outputs-conformance.md,github__gh-aw__2bfb0174ba94/history.json,github__gh-aw__2bfb0174ba94/snapshots/gh-aw__github__b124884b3e2d09c0b3a0c948f7b27c8d863e2a39__daily-safe-outputs-conformance.md,b124884b3e2d09c0b3a0c948f7b27c8d863e2a39,2026-07-20T08:57:28Z,en,0.9999968151281666,597,553
github/gh-aw:.github/workflows/daily-safeoutputs-git-simulator.md,github/gh-aw,.github/workflows/daily-safeoutputs-git-simulator.md,github__gh-aw__866c97f6a7d6/history.json,github__gh-aw__866c97f6a7d6/snapshots/gh-aw__github__84d1e352bac7f7431302041dd36dc9bae2eadbf2__daily-safeoutputs-git-simulator.md,84d1e352bac7f7431302041dd36dc9bae2eadbf2,2026-08-02T00:18:42Z,en,0.9999984249148809,1095,881
github/gh-aw:.github/workflows/daily-secrets-analysis.md,github/gh-aw,.github/workflows/daily-secrets-analysis.md,github__gh-aw__47c13f93d907/history.json,github__gh-aw__47c13f93d907/snapshots/gh-aw__github__8cd73e156dfcdb8a74b0b340814a1d2921df3ae3__daily-secrets-analysis.md,8cd73e156dfcdb8a74b0b340814a1d2921df3ae3,2026-07-27T06:18:51Z,en,0.9999954420756652,332,285
github/gh-aw:.github/workflows/daily-security-observability.md,github/gh-aw,.github/workflows/daily-security-observability.md,github__gh-aw__3b86ff8bf776/history.json,github__gh-aw__3b86ff8bf776/snapshots/gh-aw__github__9ea5db4f6eab296dd3f7afa40e34696b215c4740__daily-security-observability.md,9ea5db4f6eab296dd3f7afa40e34696b215c4740,2026-07-30T10:09:08Z,en,0.9999959485521721,759,705
github/gh-aw:.github/workflows/daily-security-red-team.md,github/gh-aw,.github/workflows/daily-security-red-team.md,github__gh-aw__4290b40cd791/history.json,github__gh-aw__4290b40cd791/snapshots/gh-aw__github__3e487cf76bcf32f46a7ca3382d56398a8d2c18ff__daily-security-red-team.md,3e487cf76bcf32f46a7ca3382d56398a8d2c18ff,2026-07-28T11:54:57Z,en,0.999997039806505,1042,914
github/gh-aw:.github/workflows/daily-semgrep-scan.md,github/gh-aw,.github/workflows/daily-semgrep-scan.md,github__gh-aw__3ebb4e2a9871/history.json,github__gh-aw__3ebb4e2a9871/snapshots/gh-aw__github__eae6ab4210c2fdecce33d8b862b0d4d5ae5ec1ff__daily-semgrep-scan.md,eae6ab4210c2fdecce33d8b862b0d4d5ae5ec1ff,2026-08-02T13:55:45Z,en,0.9999946513809862,129,131
github/gh-aw:.github/workflows/daily-sentrux-report.md,github/gh-aw,.github/workflows/daily-sentrux-report.md,github__gh-aw__e2058b24c516/history.json,github__gh-aw__e2058b24c516/snapshots/gh-aw__github__8cd73e156dfcdb8a74b0b340814a1d2921df3ae3__daily-sentrux-report.md,8cd73e156dfcdb8a74b0b340814a1d2921df3ae3,2026-07-27T06:18:51Z,en,0.9999979800560529,256,237
github/gh-aw:.github/workflows/daily-skill-optimizer.md,github/gh-aw,.github/workflows/daily-skill-optimizer.md,github__gh-aw__0b713a2e7962/history.json,github__gh-aw__0b713a2e7962/snapshots/gh-aw__github__9c4703514b8f99867ae28dd8cb234faa5da91138__daily-skill-optimizer.md,9c4703514b8f99867ae28dd8cb234faa5da91138,2026-08-03T00:59:12Z,en,0.9999973786586165,176,186
github/gh-aw:.github/workflows/daily-spdd-spec-planner.md,github/gh-aw,.github/workflows/daily-spdd-spec-planner.md,github__gh-aw__2974d851a2c1/history.json,github__gh-aw__2974d851a2c1/snapshots/gh-aw__github__8fcdd9f048c3f75a5046372f4000abef92cdac1b__daily-spdd-spec-planner.md,8fcdd9f048c3f75a5046372f4000abef92cdac1b,2026-07-30T07:02:05Z,en,0.9999973635749037,451,484
github/gh-aw:.github/workflows/daily-spending-forecast.md,github/gh-aw,.github/workflows/daily-spending-forecast.md,github__gh-aw__38303157ac58/history.json,github__gh-aw__38303157ac58/snapshots/gh-aw__github__9daa89be7a3a4433640a6fabb1aed0d8b031bebb__daily-spending-forecast.md,9daa89be7a3a4433640a6fabb1aed0d8b031bebb,2026-08-03T12:46:52Z,en,0.9999978205817373,633,657
github/gh-aw:.github/workflows/daily-squid-image-scan.md,github/gh-aw,.github/workflows/daily-squid-image-scan.md,github__gh-aw__689b9805ee33/history.json,github__gh-aw__689b9805ee33/snapshots/gh-aw__github__8fcdd9f048c3f75a5046372f4000abef92cdac1b__daily-squid-image-scan.md,8fcdd9f048c3f75a5046372f4000abef92cdac1b,2026-07-30T07:02:05Z,en,0.9999968508090092,141,146
github/gh-aw:.github/workflows/daily-syntax-error-quality.md,github/gh-aw,.github/workflows/daily-syntax-error-quality.md,github__gh-aw__5f5a2c3d05d5/history.json,github__gh-aw__5f5a2c3d05d5/snapshots/gh-aw__github__a89e1def13d677194f801dd371eb181ef6cfcf04__daily-syntax-error-quality.md,a89e1def13d677194f801dd371eb181ef6cfcf04,2026-07-29T09:41:50Z,en,0.9999969762187259,1098,939
github/gh-aw:.github/workflows/daily-team-evolution-insights.md,github/gh-aw,.github/workflows/daily-team-evolution-insights.md,github__gh-aw__f3dd0987bd97/history.json,github__gh-aw__f3dd0987bd97/snapshots/gh-aw__github__a878b332ea77fe83ce3cc941bcf0e27751e4742b__daily-team-evolution-insights.md,a878b332ea77fe83ce3cc941bcf0e27751e4742b,2026-07-23T14:41:00Z,en,0.999996190563402,672,647
github/gh-aw:.github/workflows/daily-team-status.md,github/gh-aw,.github/workflows/daily-team-status.md,github__gh-aw__4c110f93d152/history.json,github__gh-aw__4c110f93d152/snapshots/gh-aw__github__b5fdd698c629c91b387d059628db059bcda73980__daily-team-status.md,b5fdd698c629c91b387d059628db059bcda73980,2026-06-30T22:17:32Z,en,0.9999972087318131,143,144
github/gh-aw:.github/workflows/daily-testify-uber-super-expert.md,github/gh-aw,.github/workflows/daily-testify-uber-super-expert.md,github__gh-aw__7afe4a6ad6b5/history.json,github__gh-aw__7afe4a6ad6b5/snapshots/gh-aw__github__8cd73e156dfcdb8a74b0b340814a1d2921df3ae3__daily-testify-uber-super-expert.md,8cd73e156dfcdb8a74b0b340814a1d2921df3ae3,2026-07-27T06:18:51Z,en,0.9999966160525252,282,256
github/gh-aw:.github/workflows/daily-token-consumption-report.md,github/gh-aw,.github/workflows/daily-token-consumption-report.md,github__gh-aw__21b57c62a5e7/history.json,github__gh-aw__21b57c62a5e7/snapshots/gh-aw__github__8fcdd9f048c3f75a5046372f4000abef92cdac1b__daily-token-consumption-report.md,8fcdd9f048c3f75a5046372f4000abef92cdac1b,2026-07-30T07:02:05Z,en,0.9999980869889504,1065,1054
github/gh-aw:.github/workflows/daily-vulnhunter-scan.md,github/gh-aw,.github/workflows/daily-vulnhunter-scan.md,github__gh-aw__3d2a1f876cd4/history.json,github__gh-aw__3d2a1f876cd4/snapshots/gh-aw__github__3e487cf76bcf32f46a7ca3382d56398a8d2c18ff__daily-vulnhunter-scan.md,3e487cf76bcf32f46a7ca3382d56398a8d2c18ff,2026-07-28T11:54:57Z,en,0.9999974394381889,234,237
github/gh-aw:.github/workflows/daily-windows-terminal-integration-builder.md,github/gh-aw,.github/workflows/daily-windows-terminal-integration-builder.md,github__gh-aw__232dcce8b0b6/history.json,github__gh-aw__232dcce8b0b6/snapshots/gh-aw__github__8fcdd9f048c3f75a5046372f4000abef92cdac1b__daily-windows-terminal-integration-builder.md,8fcdd9f048c3f75a5046372f4000abef92cdac1b,2026-07-30T07:02:05Z,en,0.9999984270798945,389,401
github/gh-aw:.github/workflows/daily-workflow-updater.md,github/gh-aw,.github/workflows/daily-workflow-updater.md,github__gh-aw__2a4d6f080f83/history.json,github__gh-aw__2a4d6f080f83/snapshots/gh-aw__github__8fcdd9f048c3f75a5046372f4000abef92cdac1b__daily-workflow-updater.md,8fcdd9f048c3f75a5046372f4000abef92cdac1b,2026-07-30T07:02:05Z,en,0.9999966187966527,447,425
github/gh-aw:.github/workflows/daily-yamllint-fixer.md,github/gh-aw,.github/workflows/daily-yamllint-fixer.md,github__gh-aw__adffca82e117/history.json,github__gh-aw__adffca82e117/snapshots/gh-aw__github__706873ea95494f8314d08cba146592a199249922__daily-yamllint-fixer.md,706873ea95494f8314d08cba146592a199249922,2026-07-24T05:48:33Z,en,0.999998358690855,556,530
github/gh-aw:.github/workflows/dataflow-pr-discussion-dataset.md,github/gh-aw,.github/workflows/dataflow-pr-discussion-dataset.md,github__gh-aw__e49738b0437c/history.json,github__gh-aw__e49738b0437c/snapshots/gh-aw__github__af48759eafdcc21ee42ee886809c4ac56ac5ce8f__dataflow-pr-discussion-dataset.md,af48759eafdcc21ee42ee886809c4ac56ac5ce8f,2026-08-03T16:44:16Z,en,0.9999981510757696,590,566
github/gh-aw:.github/workflows/dead-code-remover.md,github/gh-aw,.github/workflows/dead-code-remover.md,github__gh-aw__2c9a6ae186a9/history.json,github__gh-aw__2c9a6ae186a9/snapshots/gh-aw__github__8cd73e156dfcdb8a74b0b340814a1d2921df3ae3__dead-code-remover.md,8cd73e156dfcdb8a74b0b340814a1d2921df3ae3,2026-07-27T06:18:51Z,en,0.9999972664283514,812,833
github/gh-aw:.github/workflows/deep-report.md,github/gh-aw,.github/workflows/deep-report.md,github__gh-aw__5cb124585a5e/history.json,github__gh-aw__5cb124585a5e/snapshots/gh-aw__github__cfbe47e33789f13c117ec517b3225f2b390837de__deep-report.md,cfbe47e33789f13c117ec517b3225f2b390837de,2026-08-03T16:58:30Z,en,0.9999949438581,1584,1521
github/gh-aw:.github/workflows/deepsec-security-scan.md,github/gh-aw,.github/workflows/deepsec-security-scan.md,github__gh-aw__447e4e5bc6e2/history.json,github__gh-aw__447e4e5bc6e2/snapshots/gh-aw__github__9c4703514b8f99867ae28dd8cb234faa5da91138__deepsec-security-scan.md,9c4703514b8f99867ae28dd8cb234faa5da91138,2026-08-03T00:59:12Z,en,0.9999979306366296,192,205
github/gh-aw:.github/workflows/delight.md,github/gh-aw,.github/workflows/delight.md,github__gh-aw__47b8793d8f3a/history.json,github__gh-aw__47b8793d8f3a/snapshots/gh-aw__github__8d982baa62cdac36cac6386f1c986f3edbbbef67__delight.md,8d982baa62cdac36cac6386f1c986f3edbbbef67,2026-07-29T22:27:08Z,en,0.9999964266558959,1349,1206
github/gh-aw:.github/workflows/dependabot-burner.md,github/gh-aw,.github/workflows/dependabot-burner.md,github__gh-aw__67e1f08ea4fe/history.json,github__gh-aw__67e1f08ea4fe/snapshots/gh-aw__github__9c4703514b8f99867ae28dd8cb234faa5da91138__dependabot-burner.md,9c4703514b8f99867ae28dd8cb234faa5da91138,2026-08-03T00:59:12Z,en,0.999996458864844,1054,1033
github/gh-aw:.github/workflows/dependabot-go-checker.md,github/gh-aw,.github/workflows/dependabot-go-checker.md,github__gh-aw__39220b6b5862/history.json,github__gh-aw__39220b6b5862/snapshots/gh-aw__github__b981f99fc8c95c15714ce096f0482cb26d3005cb__dependabot-go-checker.md,b981f99fc8c95c15714ce096f0482cb26d3005cb,2026-07-16T12:17:42Z,en,0.9999980862977226,1958,1851
github/gh-aw:.github/workflows/deployment-incident-monitor.md,github/gh-aw,.github/workflows/deployment-incident-monitor.md,github__gh-aw__b7aeab3fbd82/history.json,github__gh-aw__b7aeab3fbd82/snapshots/gh-aw__github__9a9a67ff1b759de97722da8333824856fecaf039__deployment-incident-monitor.md,9a9a67ff1b759de97722da8333824856fecaf039,2026-07-30T06:32:15Z,en,0.9999971740979597,218,222
github/gh-aw:.github/workflows/design-decision-gate.md,github/gh-aw,.github/workflows/design-decision-gate.md,github__gh-aw__7d6b1e3a6041/history.json,github__gh-aw__7d6b1e3a6041/snapshots/gh-aw__github__7f6314a88b4ea6e67ddbcee30d5bfb8f8207b683__design-decision-gate.md,7f6314a88b4ea6e67ddbcee30d5bfb8f8207b683,2026-07-30T07:52:45Z,en,0.9999968010809483,1332,1201
github/gh-aw:.github/workflows/designer-drift-audit.md,github/gh-aw,.github/workflows/designer-drift-audit.md,github__gh-aw__ef6a297b257d/history.json,github__gh-aw__ef6a297b257d/snapshots/gh-aw__github__84d1e352bac7f7431302041dd36dc9bae2eadbf2__designer-drift-audit.md,84d1e352bac7f7431302041dd36dc9bae2eadbf2,2026-08-02T00:18:42Z,en,0.9999967111675504,317,333
github/gh-aw:.github/workflows/detection-analysis-report.md,github/gh-aw,.github/workflows/detection-analysis-report.md,github__gh-aw__43a12fd770ca/history.json,github__gh-aw__43a12fd770ca/snapshots/gh-aw__github__8fcdd9f048c3f75a5046372f4000abef92cdac1b__detection-analysis-report.md,8fcdd9f048c3f75a5046372f4000abef92cdac1b,2026-07-30T07:02:05Z,en,0.999995808939621,603,601
github/gh-aw:.github/workflows/dev-hawk.md,github/gh-aw,.github/workflows/dev-hawk.md,github__gh-aw__b1cc5fd8eb07/history.json,github__gh-aw__b1cc5fd8eb07/snapshots/gh-aw__github__be3ac2da448062fdeac0afb2900589b08483eefa__dev-hawk.md,be3ac2da448062fdeac0afb2900589b08483eefa,2026-07-28T21:46:02Z,en,0.9999961140904331,655,632
github/gh-aw:.github/workflows/dev.md,github/gh-aw,.github/workflows/dev.md,github__gh-aw__2442461b397b/history.json,github__gh-aw__2442461b397b/snapshots/gh-aw__github__8fcdd9f048c3f75a5046372f4000abef92cdac1b__dev.md,8fcdd9f048c3f75a5046372f4000abef92cdac1b,2026-07-30T07:02:05Z,en,0.9999964591761298,175,173
github/gh-aw:.github/workflows/developer-docs-consolidator.md,github/gh-aw,.github/workflows/developer-docs-consolidator.md,github__gh-aw__54f1f612eecc/history.json,github__gh-aw__54f1f612eecc/snapshots/gh-aw__github__8fcdd9f048c3f75a5046372f4000abef92cdac1b__developer-docs-consolidator.md,8fcdd9f048c3f75a5046372f4000abef92cdac1b,2026-07-30T07:02:05Z,en,0.9999953535853772,1264,1152
github/gh-aw:.github/workflows/dictation-prompt.md,github/gh-aw,.github/workflows/dictation-prompt.md,github__gh-aw__5c49731a39e6/history.json,github__gh-aw__5c49731a39e6/snapshots/gh-aw__github__8fcdd9f048c3f75a5046372f4000abef92cdac1b__dictation-prompt.md,8fcdd9f048c3f75a5046372f4000abef92cdac1b,2026-07-30T07:02:05Z,en,0.9999967361066594,519,498
github/gh-aw:.github/workflows/discussion-task-miner.md,github/gh-aw,.github/workflows/discussion-task-miner.md,github__gh-aw__7aadfaf52c49/history.json,github__gh-aw__7aadfaf52c49/snapshots/gh-aw__github__be3ac2da448062fdeac0afb2900589b08483eefa__discussion-task-miner.md,be3ac2da448062fdeac0afb2900589b08483eefa,2026-07-28T21:46:02Z,en,0.9999953502404147,874,804
github/gh-aw:.github/workflows/docs-noob-tester.md,github/gh-aw,.github/workflows/docs-noob-tester.md,github__gh-aw__25d4ea8cd1cf/history.json,github__gh-aw__25d4ea8cd1cf/snapshots/gh-aw__github__0667c32998bc47953560a5461883c149996176c9__docs-noob-tester.md,0667c32998bc47953560a5461883c149996176c9,2026-08-03T11:03:35Z,en,0.9999948118124223,627,583
github/gh-aw:.github/workflows/draft-pr-cleanup.md,github/gh-aw,.github/workflows/draft-pr-cleanup.md,github__gh-aw__cf5fe17ff2df/history.json,github__gh-aw__cf5fe17ff2df/snapshots/gh-aw__github__8cd73e156dfcdb8a74b0b340814a1d2921df3ae3__draft-pr-cleanup.md,8cd73e156dfcdb8a74b0b340814a1d2921df3ae3,2026-07-27T06:18:51Z,en,0.9999947673871529,652,603
github/gh-aw:.github/workflows/duplicate-code-detector.md,github/gh-aw,.github/workflows/duplicate-code-detector.md,github__gh-aw__f44b26568533/history.json,github__gh-aw__f44b26568533/snapshots/gh-aw__github__34035eee5108896501e37e08a6f809f60ddb70a0__duplicate-code-detector.md,34035eee5108896501e37e08a6f809f60ddb70a0,2026-08-02T15:25:17Z,en,0.9999971806679806,787,798
github/gh-aw:.github/workflows/eslint-miner.md,github/gh-aw,.github/workflows/eslint-miner.md,github__gh-aw__1df25a019051/history.json,github__gh-aw__1df25a019051/snapshots/gh-aw__github__8fcdd9f048c3f75a5046372f4000abef92cdac1b__eslint-miner.md,8fcdd9f048c3f75a5046372f4000abef92cdac1b,2026-07-30T07:02:05Z,en,0.9999940760768024,143,152
github/gh-aw:.github/workflows/eslint-monster.md,github/gh-aw,.github/workflows/eslint-monster.md,github__gh-aw__5ffca795e8d3/history.json,github__gh-aw__5ffca795e8d3/snapshots/gh-aw__github__34035eee5108896501e37e08a6f809f60ddb70a0__eslint-monster.md,34035eee5108896501e37e08a6f809f60ddb70a0,2026-08-02T15:25:17Z,en,0.999996445451782,159,164
github/gh-aw:.github/workflows/eslint-refiner.md,github/gh-aw,.github/workflows/eslint-refiner.md,github__gh-aw__81819671d15e/history.json,github__gh-aw__81819671d15e/snapshots/gh-aw__github__8fcdd9f048c3f75a5046372f4000abef92cdac1b__eslint-refiner.md,8fcdd9f048c3f75a5046372f4000abef92cdac1b,2026-07-30T07:02:05Z,en,0.9999960322938369,125,123
github/gh-aw:.github/workflows/evoskill-evolver.md,github/gh-aw,.github/workflows/evoskill-evolver.md,github__gh-aw__ea59781b7791/history.json,github__gh-aw__ea59781b7791/snapshots/gh-aw__github__8b16f5b4eb350d73eda666fe7d5b87ecc7ee310d__evoskill-evolver.md,8b16f5b4eb350d73eda666fe7d5b87ecc7ee310d,2026-07-28T20:21:03Z,en,0.9999964986916439,920,855
github/gh-aw:.github/workflows/example-failure-category-filter.md,github/gh-aw,.github/workflows/example-failure-category-filter.md,github__gh-aw__0b90e1f4006c/history.json,github__gh-aw__0b90e1f4006c/snapshots/gh-aw__github__a2c8ef53839b08f76646833fd1859f4d1cf7079d__example-failure-category-filter.md,a2c8ef53839b08f76646833fd1859f4d1cf7079d,2026-06-28T18:46:18Z,en,0.9999951462864742,95,69
github/gh-aw:.github/workflows/example-permissions-warning.md,github/gh-aw,.github/workflows/example-permissions-warning.md,github__gh-aw__e5583d21b4cb/history.json,github__gh-aw__e5583d21b4cb/snapshots/gh-aw__github__a2c8ef53839b08f76646833fd1859f4d1cf7079d__example-permissions-warning.md,a2c8ef53839b08f76646833fd1859f4d1cf7079d,2026-06-28T18:46:18Z,en,0.9999969451253099,70,72
github/gh-aw:.github/workflows/example-workflow-analyzer.md,github/gh-aw,.github/workflows/example-workflow-analyzer.md,github__gh-aw__aa536b6649b6/history.json,github__gh-aw__aa536b6649b6/snapshots/gh-aw__github__be43f8cbb5e15ace63be6fe35f6ac5e905849d4a__example-workflow-analyzer.md,be43f8cbb5e15ace63be6fe35f6ac5e905849d4a,2026-07-15T03:24:58Z,en,0.9999973774543265,161,163
github/gh-aw:.github/workflows/firewall-escape.md,github/gh-aw,.github/workflows/firewall-escape.md,github__gh-aw__af52fb094161/history.json,github__gh-aw__af52fb094161/snapshots/gh-aw__github__9c4703514b8f99867ae28dd8cb234faa5da91138__firewall-escape.md,9c4703514b8f99867ae28dd8cb234faa5da91138,2026-08-03T00:59:12Z,en,0.9999973804984932,1082,989
github/gh-aw:.github/workflows/firewall.md,github/gh-aw,.github/workflows/firewall.md,github__gh-aw__6dd1385b7e29/history.json,github__gh-aw__6dd1385b7e29/snapshots/gh-aw__github__8cd73e156dfcdb8a74b0b340814a1d2921df3ae3__firewall.md,8cd73e156dfcdb8a74b0b340814a1d2921df3ae3,2026-07-27T06:18:51Z,en,0.9999973516918782,83,76
github/gh-aw:.github/workflows/functional-pragmatist.md,github/gh-aw,.github/workflows/functional-pragmatist.md,github__gh-aw__3e2d8fcddc8a/history.json,github__gh-aw__3e2d8fcddc8a/snapshots/gh-aw__github__8fcdd9f048c3f75a5046372f4000abef92cdac1b__functional-pragmatist.md,8fcdd9f048c3f75a5046372f4000abef92cdac1b,2026-07-30T07:02:05Z,en,0.999997382478939,1992,1826
github/gh-aw:.github/workflows/github-mcp-structural-analysis.md,github/gh-aw,.github/workflows/github-mcp-structural-analysis.md,github__gh-aw__7e8fb94a95ab/history.json,github__gh-aw__7e8fb94a95ab/snapshots/gh-aw__github__9a9a67ff1b759de97722da8333824856fecaf039__github-mcp-structural-analysis.md,9a9a67ff1b759de97722da8333824856fecaf039,2026-07-30T06:32:15Z,en,0.9999960982771537,763,707
github/gh-aw:.github/workflows/github-mcp-tools-report.md,github/gh-aw,.github/workflows/github-mcp-tools-report.md,github__gh-aw__f6be66740a7e/history.json,github__gh-aw__f6be66740a7e/snapshots/gh-aw__github__1170fc484978ff65b6e026755866aea0af490710__github-mcp-tools-report.md,1170fc484978ff65b6e026755866aea0af490710,2026-07-07T06:08:34Z,en,0.9999980555094278,1479,1559
github/gh-aw:.github/workflows/github-remote-mcp-auth-test.md,github/gh-aw,.github/workflows/github-remote-mcp-auth-test.md,github__gh-aw__4d4d7b455cab/history.json,github__gh-aw__4d4d7b455cab/snapshots/gh-aw__github__36884336ee4366866880539677bbd7864122497e__github-remote-mcp-auth-test.md,36884336ee4366866880539677bbd7864122497e,2026-07-19T09:39:37Z,en,0.9999967586312506,571,564
github/gh-aw:.github/workflows/glossary-maintainer.md,github/gh-aw,.github/workflows/glossary-maintainer.md,github__gh-aw__0fc733c30a55/history.json,github__gh-aw__0fc733c30a55/snapshots/gh-aw__github__cc2708368025905df0bc39544c1333a7a09d12de__glossary-maintainer.md,cc2708368025905df0bc39544c1333a7a09d12de,2026-07-22T16:45:52Z,en,0.9999952756539544,1200,1156
github/gh-aw:.github/workflows/go-fan.md,github/gh-aw,.github/workflows/go-fan.md,github__gh-aw__ba94aecad6a0/history.json,github__gh-aw__ba94aecad6a0/snapshots/gh-aw__github__1170fc484978ff65b6e026755866aea0af490710__go-fan.md,1170fc484978ff65b6e026755866aea0af490710,2026-07-07T06:08:34Z,en,0.9999948644336283,941,855
github/gh-aw:.github/workflows/go-logger.md,github/gh-aw,.github/workflows/go-logger.md,github__gh-aw__2762950288f7/history.json,github__gh-aw__2762950288f7/snapshots/gh-aw__github__9c4703514b8f99867ae28dd8cb234faa5da91138__go-logger.md,9c4703514b8f99867ae28dd8cb234faa5da91138,2026-08-03T00:59:12Z,en,0.9999962137314049,606,570
github/gh-aw:.github/workflows/go-pattern-detector.md,github/gh-aw,.github/workflows/go-pattern-detector.md,github__gh-aw__1cace5f6b0a4/history.json,github__gh-aw__1cace5f6b0a4/snapshots/gh-aw__github__706873ea95494f8314d08cba146592a199249922__go-pattern-detector.md,706873ea95494f8314d08cba146592a199249922,2026-07-24T05:48:33Z,en,0.9999950439564638,309,288
github/gh-aw:.github/workflows/gpclean.md,github/gh-aw,.github/workflows/gpclean.md,github__gh-aw__f1a27b801dc7/history.json,github__gh-aw__f1a27b801dc7/snapshots/gh-aw__github__3b1d700775ea104a0bb709943897b2c43b997d8c__gpclean.md,3b1d700775ea104a0bb709943897b2c43b997d8c,2026-07-29T07:38:16Z,en,0.9999956880391028,1363,1316
github/gh-aw:.github/workflows/grumpy-reviewer.md,github/gh-aw,.github/workflows/grumpy-reviewer.md,github__gh-aw__5eadf44bac2b/history.json,github__gh-aw__5eadf44bac2b/snapshots/gh-aw__github__1170fc484978ff65b6e026755866aea0af490710__grumpy-reviewer.md,1170fc484978ff65b6e026755866aea0af490710,2026-07-07T06:08:34Z,en,0.9999983075103385,734,701
github/gh-aw:.github/workflows/hippo-embed.md,github/gh-aw,.github/workflows/hippo-embed.md,github__gh-aw__e3fff5432f59/history.json,github__gh-aw__e3fff5432f59/snapshots/gh-aw__github__36884336ee4366866880539677bbd7864122497e__hippo-embed.md,36884336ee4366866880539677bbd7864122497e,2026-07-19T09:39:37Z,en,0.9999975268519085,209,186
github/gh-aw:.github/workflows/hourly-ci-cleaner.md,github/gh-aw,.github/workflows/hourly-ci-cleaner.md,github__gh-aw__4c00282e491b/history.json,github__gh-aw__4c00282e491b/snapshots/gh-aw__github__9c4703514b8f99867ae28dd8cb234faa5da91138__hourly-ci-cleaner.md,9c4703514b8f99867ae28dd8cb234faa5da91138,2026-08-03T00:59:12Z,en,0.9999987475562719,850,846
github/gh-aw:.github/workflows/impeccable-skills-reviewer.md,github/gh-aw,.github/workflows/impeccable-skills-reviewer.md,github__gh-aw__dc421c087d1f/history.json,github__gh-aw__dc421c087d1f/snapshots/gh-aw__github__7f6314a88b4ea6e67ddbcee30d5bfb8f8207b683__impeccable-skills-reviewer.md,7f6314a88b4ea6e67ddbcee30d5bfb8f8207b683,2026-07-30T07:52:45Z,en,0.9999975903379594,242,254
github/gh-aw:.github/workflows/instructions-janitor.md,github/gh-aw,.github/workflows/instructions-janitor.md,github__gh-aw__40c9e862025d/history.json,github__gh-aw__40c9e862025d/snapshots/gh-aw__github__b8e3d31f7cd8d332fea73c80ddbf153ddd60947b__instructions-janitor.md,b8e3d31f7cd8d332fea73c80ddbf153ddd60947b,2026-07-29T22:21:20Z,en,0.9999980545326045,478,405
github/gh-aw:.github/workflows/issue-arborist.md,github/gh-aw,.github/workflows/issue-arborist.md,github__gh-aw__291473d28b71/history.json,github__gh-aw__291473d28b71/snapshots/gh-aw__github__8bd48bb936100c7e77eb6f4a4db523b85b9d1405__issue-arborist.md,8bd48bb936100c7e77eb6f4a4db523b85b9d1405,2026-08-03T12:50:39Z,en,0.9999960458977449,739,721
github/gh-aw:.github/workflows/issue-monster.md,github/gh-aw,.github/workflows/issue-monster.md,github__gh-aw__f2b55303c668/history.json,github__gh-aw__f2b55303c668/snapshots/gh-aw__github__b9d9d6bf5b67e1cfe3abb3b1ff19086555bd9cb3__issue-monster.md,b9d9d6bf5b67e1cfe3abb3b1ff19086555bd9cb3,2026-08-03T22:35:35Z,en,0.9999965665136192,1991,1952
github/gh-aw:.github/workflows/issue-triage-agent.md,github/gh-aw,.github/workflows/issue-triage-agent.md,github__gh-aw__94262a919c21/history.json,github__gh-aw__94262a919c21/snapshots/gh-aw__github__b06151b803df288dc5b8cb290766539723509730__issue-triage-agent.md,b06151b803df288dc5b8cb290766539723509730,2026-07-28T02:07:34Z,en,0.9999972561396124,275,285
github/gh-aw:.github/workflows/jsweep.md,github/gh-aw,.github/workflows/jsweep.md,github__gh-aw__ee853af3dc58/history.json,github__gh-aw__ee853af3dc58/snapshots/gh-aw__github__8cd73e156dfcdb8a74b0b340814a1d2921df3ae3__jsweep.md,8cd73e156dfcdb8a74b0b340814a1d2921df3ae3,2026-07-27T06:18:51Z,en,0.9999957783051419,1417,1462
github/gh-aw:.github/workflows/layout-spec-maintainer.md,github/gh-aw,.github/workflows/layout-spec-maintainer.md,github__gh-aw__f8c839e67ae6/history.json,github__gh-aw__f8c839e67ae6/snapshots/gh-aw__github__dd3a2662924c0669acc210f7d014900e7de37d72__layout-spec-maintainer.md,dd3a2662924c0669acc210f7d014900e7de37d72,2026-08-03T13:03:22Z,en,0.999996810174101,509,477
github/gh-aw:.github/workflows/lint-monster.md,github/gh-aw,.github/workflows/lint-monster.md,github__gh-aw__9da3c8a06d3e/history.json,github__gh-aw__9da3c8a06d3e/snapshots/gh-aw__github__54ee3988215ac13b07989db48d5c83f31a8823eb__lint-monster.md,54ee3988215ac13b07989db48d5c83f31a8823eb,2026-08-03T19:17:54Z,en,0.999997439976357,493,505
github/gh-aw:.github/workflows/linter-miner.md,github/gh-aw,.github/workflows/linter-miner.md,github__gh-aw__c5cabf6362c1/history.json,github__gh-aw__c5cabf6362c1/snapshots/gh-aw__github__8cd73e156dfcdb8a74b0b340814a1d2921df3ae3__linter-miner.md,8cd73e156dfcdb8a74b0b340814a1d2921df3ae3,2026-07-27T06:18:51Z,en,0.9999972912698504,995,969
github/gh-aw:.github/workflows/lockfile-stats.md,github/gh-aw,.github/workflows/lockfile-stats.md,github__gh-aw__4ac970260fc2/history.json,github__gh-aw__4ac970260fc2/snapshots/gh-aw__github__1170fc484978ff65b6e026755866aea0af490710__lockfile-stats.md,1170fc484978ff65b6e026755866aea0af490710,2026-07-07T06:08:34Z,en,0.9999953814249256,564,551
github/gh-aw:.github/workflows/mattpocock-skills-reviewer.md,github/gh-aw,.github/workflows/mattpocock-skills-reviewer.md,github__gh-aw__33472252c2f9/history.json,github__gh-aw__33472252c2f9/snapshots/gh-aw__github__9c4703514b8f99867ae28dd8cb234faa5da91138__mattpocock-skills-reviewer.md,9c4703514b8f99867ae28dd8cb234faa5da91138,2026-08-03T00:59:12Z,en,0.9999985075362177,1073,1085
github/gh-aw:.github/workflows/mcp-inspector.md,github/gh-aw,.github/workflows/mcp-inspector.md,github__gh-aw__5bab5033830c/history.json,github__gh-aw__5bab5033830c/snapshots/gh-aw__github__6c11d67d508d2233d583f467b4beea91f538fda0__mcp-inspector.md,6c11d67d508d2233d583f467b4beea91f538fda0,2026-08-02T17:04:36Z,en,0.999995782137235,47,46
github/gh-aw:.github/workflows/mergefest.md,github/gh-aw,.github/workflows/mergefest.md,github__gh-aw__200bf4013c3c/history.json,github__gh-aw__200bf4013c3c/snapshots/gh-aw__github__8cd73e156dfcdb8a74b0b340814a1d2921df3ae3__mergefest.md,8cd73e156dfcdb8a74b0b340814a1d2921df3ae3,2026-07-27T06:18:51Z,en,0.999996522012849,577,525
github/gh-aw:.github/workflows/metrics-collector.md,github/gh-aw,.github/workflows/metrics-collector.md,github__gh-aw__b9197707acb5/history.json,github__gh-aw__b9197707acb5/snapshots/gh-aw__github__7570484492e4396e270baefe89958d4a164f353c__metrics-collector.md,7570484492e4396e270baefe89958d4a164f353c,2026-08-03T15:12:47Z,en,0.99999707782037,1162,1143
github/gh-aw:.github/workflows/necromancer.md,github/gh-aw,.github/workflows/necromancer.md,github__gh-aw__e0eb751f3593/history.json,github__gh-aw__e0eb751f3593/snapshots/gh-aw__github__34035eee5108896501e37e08a6f809f60ddb70a0__necromancer.md,34035eee5108896501e37e08a6f809f60ddb70a0,2026-08-02T15:25:17Z,en,0.9999991374149684,336,341
github/gh-aw:.github/workflows/notion-issue-summary.md,github/gh-aw,.github/workflows/notion-issue-summary.md,github__gh-aw__24448106415a/history.json,github__gh-aw__24448106415a/snapshots/gh-aw__github__b9e72a822c863ee91f0e097097149ad17f633fa9__notion-issue-summary.md,b9e72a822c863ee91f0e097097149ad17f633fa9,2026-06-29T19:41:06Z,en,0.9999945801295433,78,75
github/gh-aw:.github/workflows/objective-impact-report.md,github/gh-aw,.github/workflows/objective-impact-report.md,github__gh-aw__d21de971248e/history.json,github__gh-aw__d21de971248e/snapshots/gh-aw__github__9c4703514b8f99867ae28dd8cb234faa5da91138__objective-impact-report.md,9c4703514b8f99867ae28dd8cb234faa5da91138,2026-08-03T00:59:12Z,en,0.9999970048190313,1916,1924
github/gh-aw:.github/workflows/org-health-report.md,github/gh-aw,.github/workflows/org-health-report.md,github__gh-aw__e720f12547c3/history.json,github__gh-aw__e720f12547c3/snapshots/gh-aw__github__9a9a67ff1b759de97722da8333824856fecaf039__org-health-report.md,9a9a67ff1b759de97722da8333824856fecaf039,2026-07-30T06:32:15Z,en,0.999996382497508,757,710
github/gh-aw:.github/workflows/outcome-collector.md,github/gh-aw,.github/workflows/outcome-collector.md,github__gh-aw__d2bf550425ac/history.json,github__gh-aw__d2bf550425ac/snapshots/gh-aw__github__36884336ee4366866880539677bbd7864122497e__outcome-collector.md,36884336ee4366866880539677bbd7864122497e,2026-07-19T09:39:37Z,en,0.9999972512281621,954,783
github/gh-aw:.github/workflows/pdf-summary.md,github/gh-aw,.github/workflows/pdf-summary.md,github__gh-aw__7e715d8b32d6/history.json,github__gh-aw__7e715d8b32d6/snapshots/gh-aw__github__1fafcdbb18ce775b11190e86300e5843be5bf92c__pdf-summary.md,1fafcdbb18ce775b11190e86300e5843be5bf92c,2026-08-02T15:48:56Z,en,0.9999972738798466,771,742
github/gh-aw:.github/workflows/plan.md,github/gh-aw,.github/workflows/plan.md,github__gh-aw__cf4a02bcb195/history.json,github__gh-aw__cf4a02bcb195/snapshots/gh-aw__github__8cd73e156dfcdb8a74b0b340814a1d2921df3ae3__plan.md,8cd73e156dfcdb8a74b0b340814a1d2921df3ae3,2026-07-27T06:18:51Z,en,0.9999955438626622,704,669
github/gh-aw:.github/workflows/poem-bot.md,github/gh-aw,.github/workflows/poem-bot.md,github__gh-aw__a25589c8b96f/history.json,github__gh-aw__a25589c8b96f/snapshots/gh-aw__github__34035eee5108896501e37e08a6f809f60ddb70a0__poem-bot.md,34035eee5108896501e37e08a6f809f60ddb70a0,2026-08-02T15:25:17Z,en,0.9999983920923822,204,183
github/gh-aw:.github/workflows/portfolio-analyst.md,github/gh-aw,.github/workflows/portfolio-analyst.md,github__gh-aw__7da2617f8306/history.json,github__gh-aw__7da2617f8306/snapshots/gh-aw__github__53baccde5390bbd2f062b7528266e9dd8edfcda9__portfolio-analyst.md,53baccde5390bbd2f062b7528266e9dd8edfcda9,2026-08-03T23:40:47Z,en,0.9999962551229595,1245,1201
github/gh-aw:.github/workflows/pr-code-quality-reviewer.md,github/gh-aw,.github/workflows/pr-code-quality-reviewer.md,github__gh-aw__7e6149295215/history.json,github__gh-aw__7e6149295215/snapshots/gh-aw__github__29a5115b2887d9831fd1e76f8220cf80b33e89ee__pr-code-quality-reviewer.md,29a5115b2887d9831fd1e76f8220cf80b33e89ee,2026-08-02T17:47:42Z,en,0.9999982517095086,898,894
github/gh-aw:.github/workflows/pr-description-caveman.md,github/gh-aw,.github/workflows/pr-description-caveman.md,github__gh-aw__93ffc1841cf3/history.json,github__gh-aw__93ffc1841cf3/snapshots/gh-aw__github__d1adb685cd4a0992301f4d1a9360846934dbcf0c__pr-description-caveman.md,d1adb685cd4a0992301f4d1a9360846934dbcf0c,2026-08-01T05:31:32Z,en,0.99999511057517,564,529
github/gh-aw:.github/workflows/pr-nitpick-reviewer.md,github/gh-aw,.github/workflows/pr-nitpick-reviewer.md,github__gh-aw__eeed028edbfe/history.json,github__gh-aw__eeed028edbfe/snapshots/gh-aw__github__8cd73e156dfcdb8a74b0b340814a1d2921df3ae3__pr-nitpick-reviewer.md,8cd73e156dfcdb8a74b0b340814a1d2921df3ae3,2026-07-27T06:18:51Z,en,0.9999953043716096,1039,943
github/gh-aw:.github/workflows/pr-sous-chef.md,github/gh-aw,.github/workflows/pr-sous-chef.md,github__gh-aw__5a246aa83ce7/history.json,github__gh-aw__5a246aa83ce7/snapshots/gh-aw__github__9c4703514b8f99867ae28dd8cb234faa5da91138__pr-sous-chef.md,9c4703514b8f99867ae28dd8cb234faa5da91138,2026-08-03T00:59:12Z,en,0.9999973518134571,1232,1228
github/gh-aw:.github/workflows/pr-triage-agent.md,github/gh-aw,.github/workflows/pr-triage-agent.md,github__gh-aw__2d63d7202d79/history.json,github__gh-aw__2d63d7202d79/snapshots/gh-aw__github__be3ac2da448062fdeac0afb2900589b08483eefa__pr-triage-agent.md,be3ac2da448062fdeac0afb2900589b08483eefa,2026-07-28T21:46:02Z,en,0.9999965856520431,433,423
github/gh-aw:.github/workflows/prompt-clustering-analysis.md,github/gh-aw,.github/workflows/prompt-clustering-analysis.md,github__gh-aw__73e76f10e6fe/history.json,github__gh-aw__73e76f10e6fe/snapshots/gh-aw__github__08ed007531a4725a436264a239abf6733be2b546__prompt-clustering-analysis.md,08ed007531a4725a436264a239abf6733be2b546,2026-08-02T12:55:07Z,en,0.9999960040944371,1018,971
github/gh-aw:.github/workflows/python-data-charts.md,github/gh-aw,.github/workflows/python-data-charts.md,github__gh-aw__358bf2b9a3de/history.json,github__gh-aw__358bf2b9a3de/snapshots/gh-aw__github__8cd73e156dfcdb8a74b0b340814a1d2921df3ae3__python-data-charts.md,8cd73e156dfcdb8a74b0b340814a1d2921df3ae3,2026-07-27T06:18:51Z,en,0.9999950444047849,416,378
github/gh-aw:.github/workflows/q.md,github/gh-aw,.github/workflows/q.md,github__gh-aw__c2910f9d2ebe/history.json,github__gh-aw__c2910f9d2ebe/snapshots/gh-aw__github__8cd73e156dfcdb8a74b0b340814a1d2921df3ae3__q.md,8cd73e156dfcdb8a74b0b340814a1d2921df3ae3,2026-07-27T06:18:51Z,en,0.9999964114009146,2141,2050
github/gh-aw:.github/workflows/refactoring-cadence.md,github/gh-aw,.github/workflows/refactoring-cadence.md,github__gh-aw__e2f295f48aea/history.json,github__gh-aw__e2f295f48aea/snapshots/gh-aw__github__a2c8ef53839b08f76646833fd1859f4d1cf7079d__refactoring-cadence.md,a2c8ef53839b08f76646833fd1859f4d1cf7079d,2026-06-28T18:46:18Z,en,0.9999978955859357,734,603
github/gh-aw:.github/workflows/refiner.md,github/gh-aw,.github/workflows/refiner.md,github__gh-aw__c11950299c86/history.json,github__gh-aw__c11950299c86/snapshots/gh-aw__github__b981f99fc8c95c15714ce096f0482cb26d3005cb__refiner.md,b981f99fc8c95c15714ce096f0482cb26d3005cb,2026-07-16T12:17:42Z,en,0.9999969033373555,1202,1161
github/gh-aw:.github/workflows/release.md,github/gh-aw,.github/workflows/release.md,github__gh-aw__891afa594390/history.json,github__gh-aw__891afa594390/snapshots/gh-aw__github__9c4703514b8f99867ae28dd8cb234faa5da91138__release.md,9c4703514b8f99867ae28dd8cb234faa5da91138,2026-08-03T00:59:12Z,en,0.999996145913932,471,482
github/gh-aw:.github/workflows/repo-audit-analyzer.md,github/gh-aw,.github/workflows/repo-audit-analyzer.md,github__gh-aw__fcc73fb6b9e7/history.json,github__gh-aw__fcc73fb6b9e7/snapshots/gh-aw__github__84d1e352bac7f7431302041dd36dc9bae2eadbf2__repo-audit-analyzer.md,84d1e352bac7f7431302041dd36dc9bae2eadbf2,2026-08-02T00:18:42Z,en,0.9999961725868337,1321,1071
github/gh-aw:.github/workflows/repo-tree-map.md,github/gh-aw,.github/workflows/repo-tree-map.md,github__gh-aw__cfa8af4ebba3/history.json,github__gh-aw__cfa8af4ebba3/snapshots/gh-aw__github__1170fc484978ff65b6e026755866aea0af490710__repo-tree-map.md,1170fc484978ff65b6e026755866aea0af490710,2026-07-07T06:08:34Z,en,0.9999944554456133,357,333
github/gh-aw:.github/workflows/repository-quality-improver.md,github/gh-aw,.github/workflows/repository-quality-improver.md,github__gh-aw__9e7933300f18/history.json,github__gh-aw__9e7933300f18/snapshots/gh-aw__github__8d0ce55a0109076c5ffeaeb610751fdf1731ebbd__repository-quality-improver.md,8d0ce55a0109076c5ffeaeb610751fdf1731ebbd,2026-08-02T11:20:24Z,en,0.9999968992266469,658,528
github/gh-aw:.github/workflows/research.md,github/gh-aw,.github/workflows/research.md,github__gh-aw__ecdf2f95d5de/history.json,github__gh-aw__ecdf2f95d5de/snapshots/gh-aw__github__be3ac2da448062fdeac0afb2900589b08483eefa__research.md,be3ac2da448062fdeac0afb2900589b08483eefa,2026-07-28T21:46:02Z,en,0.9999986412305931,101,93
github/gh-aw:.github/workflows/ruflo-backed-task.md,github/gh-aw,.github/workflows/ruflo-backed-task.md,github__gh-aw__d7f2c972f078/history.json,github__gh-aw__d7f2c972f078/snapshots/gh-aw__github__1170fc484978ff65b6e026755866aea0af490710__ruflo-backed-task.md,1170fc484978ff65b6e026755866aea0af490710,2026-07-07T06:08:34Z,en,0.9999959691337107,674,646
github/gh-aw:.github/workflows/safe-output-health.md,github/gh-aw,.github/workflows/safe-output-health.md,github__gh-aw__3918fe5718fe/history.json,github__gh-aw__3918fe5718fe/snapshots/gh-aw__github__3fb25260ba3e5f78984d2799b8d881b82fac8ecc__safe-output-health.md,3fb25260ba3e5f78984d2799b8d881b82fac8ecc,2026-07-15T18:05:39Z,en,0.9999968569610355,1113,1058
github/gh-aw:.github/workflows/schema-consistency-checker.md,github/gh-aw,.github/workflows/schema-consistency-checker.md,github__gh-aw__9a1eef69dae4/history.json,github__gh-aw__9a1eef69dae4/snapshots/gh-aw__github__36884336ee4366866880539677bbd7864122497e__schema-consistency-checker.md,36884336ee4366866880539677bbd7864122497e,2026-07-19T09:39:37Z,en,0.9999951162485302,1208,1157
github/gh-aw:.github/workflows/schema-feature-coverage.md,github/gh-aw,.github/workflows/schema-feature-coverage.md,github__gh-aw__6cd348ba5cb9/history.json,github__gh-aw__6cd348ba5cb9/snapshots/gh-aw__github__a2c8ef53839b08f76646833fd1859f4d1cf7079d__schema-feature-coverage.md,a2c8ef53839b08f76646833fd1859f4d1cf7079d,2026-06-28T18:46:18Z,en,0.999996323199453,408,398
github/gh-aw:.github/workflows/scout.md,github/gh-aw,.github/workflows/scout.md,github__gh-aw__a4e5eeab2e68/history.json,github__gh-aw__a4e5eeab2e68/snapshots/gh-aw__github__1fafcdbb18ce775b11190e86300e5843be5bf92c__scout.md,1fafcdbb18ce775b11190e86300e5843be5bf92c,2026-08-02T15:48:56Z,en,0.9999963673194956,818,810
github/gh-aw:.github/workflows/security-compliance.md,github/gh-aw,.github/workflows/security-compliance.md,github__gh-aw__16f49da0e6c2/history.json,github__gh-aw__16f49da0e6c2/snapshots/gh-aw__github__1170fc484978ff65b6e026755866aea0af490710__security-compliance.md,1170fc484978ff65b6e026755866aea0af490710,2026-07-07T06:08:34Z,en,0.9999972369837271,374,353
github/gh-aw:.github/workflows/security-review.md,github/gh-aw,.github/workflows/security-review.md,github__gh-aw__5c39c5d414ee/history.json,github__gh-aw__5c39c5d414ee/snapshots/gh-aw__github__b06151b803df288dc5b8cb290766539723509730__security-review.md,b06151b803df288dc5b8cb290766539723509730,2026-07-28T02:07:34Z,en,0.9999976934273139,713,678
github/gh-aw:.github/workflows/semantic-function-refactor.md,github/gh-aw,.github/workflows/semantic-function-refactor.md,github__gh-aw__a3469aadb4da/history.json,github__gh-aw__a3469aadb4da/snapshots/gh-aw__github__24f6c45b9f15890ee46153b68e5787f425e3443c__semantic-function-refactor.md,24f6c45b9f15890ee46153b68e5787f425e3443c,2026-08-03T04:08:31Z,en,0.9999959780919887,1215,1173
github/gh-aw:.github/workflows/sergo.md,github/gh-aw,.github/workflows/sergo.md,github__gh-aw__98146ac7ec4f/history.json,github__gh-aw__98146ac7ec4f/snapshots/gh-aw__github__33fe97c4a1cc712f9c41640f7f0f7231c822adf7__sergo.md,33fe97c4a1cc712f9c41640f7f0f7231c822adf7,2026-07-22T20:34:48Z,en,0.9999967832648735,420,415
github/gh-aw:.github/workflows/sighthound-security-scan.md,github/gh-aw,.github/workflows/sighthound-security-scan.md,github__gh-aw__c3015e2ca69b/history.json,github__gh-aw__c3015e2ca69b/snapshots/gh-aw__github__3e487cf76bcf32f46a7ca3382d56398a8d2c18ff__sighthound-security-scan.md,3e487cf76bcf32f46a7ca3382d56398a8d2c18ff,2026-07-28T11:54:57Z,en,0.9999985975126958,70,75
github/gh-aw:.github/workflows/skillet.md,github/gh-aw,.github/workflows/skillet.md,github__gh-aw__d0f5c75e962e/history.json,github__gh-aw__d0f5c75e962e/snapshots/gh-aw__github__9c4703514b8f99867ae28dd8cb234faa5da91138__skillet.md,9c4703514b8f99867ae28dd8cb234faa5da91138,2026-08-03T00:59:12Z,en,0.999995884972386,186,187
github/gh-aw:.github/workflows/slide-deck-maintainer.md,github/gh-aw,.github/workflows/slide-deck-maintainer.md,github__gh-aw__0ab3d5e8141d/history.json,github__gh-aw__0ab3d5e8141d/snapshots/gh-aw__github__9c4703514b8f99867ae28dd8cb234faa5da91138__slide-deck-maintainer.md,9c4703514b8f99867ae28dd8cb234faa5da91138,2026-08-03T00:59:12Z,en,0.9999950864240505,779,711
github/gh-aw:.github/workflows/smoke-agent-all-merged.md,github/gh-aw,.github/workflows/smoke-agent-all-merged.md,github__gh-aw__4a23fd345107/history.json,github__gh-aw__4a23fd345107/snapshots/gh-aw__github__cd0b423cc66f05fbe79faac926c3358274f9c0be__smoke-agent-all-merged.md,cd0b423cc66f05fbe79faac926c3358274f9c0be,2026-07-03T02:32:04Z,en,0.9999953364387959,211,183
github/gh-aw:.github/workflows/smoke-agent-all-none.md,github/gh-aw,.github/workflows/smoke-agent-all-none.md,github__gh-aw__dc08202ecff9/history.json,github__gh-aw__dc08202ecff9/snapshots/gh-aw__github__cd0b423cc66f05fbe79faac926c3358274f9c0be__smoke-agent-all-none.md,cd0b423cc66f05fbe79faac926c3358274f9c0be,2026-07-03T02:32:04Z,en,0.999995246428293,181,159
github/gh-aw:.github/workflows/smoke-agent-public-approved.md,github/gh-aw,.github/workflows/smoke-agent-public-approved.md,github__gh-aw__ad9330a81882/history.json,github__gh-aw__ad9330a81882/snapshots/gh-aw__github__a2c8ef53839b08f76646833fd1859f4d1cf7079d__smoke-agent-public-approved.md,a2c8ef53839b08f76646833fd1859f4d1cf7079d,2026-06-28T18:46:18Z,en,0.9999991192837865,102,102
github/gh-aw:.github/workflows/smoke-agent-public-none.md,github/gh-aw,.github/workflows/smoke-agent-public-none.md,github__gh-aw__865f88ff065d/history.json,github__gh-aw__865f88ff065d/snapshots/gh-aw__github__cd0b423cc66f05fbe79faac926c3358274f9c0be__smoke-agent-public-none.md,cd0b423cc66f05fbe79faac926c3358274f9c0be,2026-07-03T02:32:04Z,en,0.9999954563245456,245,211
github/gh-aw:.github/workflows/smoke-agent-scoped-approved.md,github/gh-aw,.github/workflows/smoke-agent-scoped-approved.md,github__gh-aw__2078d8838e5c/history.json,github__gh-aw__2078d8838e5c/snapshots/gh-aw__github__cd0b423cc66f05fbe79faac926c3358274f9c0be__smoke-agent-scoped-approved.md,cd0b423cc66f05fbe79faac926c3358274f9c0be,2026-07-03T02:32:04Z,en,0.9999950098464011,242,203
github/gh-aw:.github/workflows/smoke-antigravity.md,github/gh-aw,.github/workflows/smoke-antigravity.md,github__gh-aw__042b05dce0ea/history.json,github__gh-aw__042b05dce0ea/snapshots/gh-aw__github__3b1d700775ea104a0bb709943897b2c43b997d8c__smoke-antigravity.md,3b1d700775ea104a0bb709943897b2c43b997d8c,2026-07-29T07:38:16Z,en,0.9999956412649389,436,437
github/gh-aw:.github/workflows/smoke-call-workflow.md,github/gh-aw,.github/workflows/smoke-call-workflow.md,github__gh-aw__64db6ae57c7b/history.json,github__gh-aw__64db6ae57c7b/snapshots/gh-aw__github__36884336ee4366866880539677bbd7864122497e__smoke-call-workflow.md,36884336ee4366866880539677bbd7864122497e,2026-07-19T09:39:37Z,en,0.9999973871906451,71,76
github/gh-aw:.github/workflows/smoke-checkout-pr-dispatch.md,github/gh-aw,.github/workflows/smoke-checkout-pr-dispatch.md,github__gh-aw__3254e4768a2f/history.json,github__gh-aw__3254e4768a2f/snapshots/gh-aw__github__81f056d0446bd08fdd6ac0c3403c951930c86eeb__smoke-checkout-pr-dispatch.md,81f056d0446bd08fdd6ac0c3403c951930c86eeb,2026-08-01T19:43:53Z,en,0.9999959349173403,193,210
github/gh-aw:.github/workflows/smoke-ci.md,github/gh-aw,.github/workflows/smoke-ci.md,github__gh-aw__e51858bcfcb2/history.json,github__gh-aw__e51858bcfcb2/snapshots/gh-aw__github__69e457e9b946f2a47bb82ca4d1f9b8586fd59d47__smoke-ci.md,69e457e9b946f2a47bb82ca4d1f9b8586fd59d47,2026-07-11T11:32:39Z,en,0.9999967936694127,276,311
github/gh-aw:.github/workflows/smoke-claude-on-copilot.md,github/gh-aw,.github/workflows/smoke-claude-on-copilot.md,github__gh-aw__148cbb513f51/history.json,github__gh-aw__148cbb513f51/snapshots/gh-aw__github__36884336ee4366866880539677bbd7864122497e__smoke-claude-on-copilot.md,36884336ee4366866880539677bbd7864122497e,2026-07-19T09:39:37Z,en,0.9999980404166614,80,77
github/gh-aw:.github/workflows/smoke-claude.md,github/gh-aw,.github/workflows/smoke-claude.md,github__gh-aw__1f3bba43bbe1/history.json,github__gh-aw__1f3bba43bbe1/snapshots/gh-aw__github__2a7ac3d34e2d1795112b2e8d6703b17cc42dfe73__smoke-claude.md,2a7ac3d34e2d1795112b2e8d6703b17cc42dfe73,2026-07-21T14:10:44Z,en,0.9999954464623823,1014,1062
github/gh-aw:.github/workflows/smoke-codex.md,github/gh-aw,.github/workflows/smoke-codex.md,github__gh-aw__01471b5294f8/history.json,github__gh-aw__01471b5294f8/snapshots/gh-aw__github__13e4b550f01b2112b0f6f30399dd08fd31e0a64d__smoke-codex.md,13e4b550f01b2112b0f6f30399dd08fd31e0a64d,2026-08-03T20:48:50Z,en,0.9999956351517325,585,617
github/gh-aw:.github/workflows/smoke-copilot-aoai-apikey.md,github/gh-aw,.github/workflows/smoke-copilot-aoai-apikey.md,github__gh-aw__5dc5118c21cb/history.json,github__gh-aw__5dc5118c21cb/snapshots/gh-aw__github__3b1d700775ea104a0bb709943897b2c43b997d8c__smoke-copilot-aoai-apikey.md,3b1d700775ea104a0bb709943897b2c43b997d8c,2026-07-29T07:38:16Z,en,0.9999976075894661,744,798
github/gh-aw:.github/workflows/smoke-copilot-aoai-entra.md,github/gh-aw,.github/workflows/smoke-copilot-aoai-entra.md,github__gh-aw__0588263364c6/history.json,github__gh-aw__0588263364c6/snapshots/gh-aw__github__3b1d700775ea104a0bb709943897b2c43b997d8c__smoke-copilot-aoai-entra.md,3b1d700775ea104a0bb709943897b2c43b997d8c,2026-07-29T07:38:16Z,en,0.9999976122225059,676,715
github/gh-aw:.github/workflows/smoke-copilot-arm.md,github/gh-aw,.github/workflows/smoke-copilot-arm.md,github__gh-aw__72c66cd3e1db/history.json,github__gh-aw__72c66cd3e1db/snapshots/gh-aw__github__1170fc484978ff65b6e026755866aea0af490710__smoke-copilot-arm.md,1170fc484978ff65b6e026755866aea0af490710,2026-07-07T06:08:34Z,en,0.9999955619337284,578,599
github/gh-aw:.github/workflows/smoke-copilot-auto.md,github/gh-aw,.github/workflows/smoke-copilot-auto.md,github__gh-aw__0cfd5737d858/history.json,github__gh-aw__0cfd5737d858/snapshots/gh-aw__github__8d91a01d473cef493b197fca862c51ffcde8784a__smoke-copilot-auto.md,8d91a01d473cef493b197fca862c51ffcde8784a,2026-07-27T20:53:29Z,en,0.9999973502297148,81,77
github/gh-aw:.github/workflows/smoke-copilot-mai.md,github/gh-aw,.github/workflows/smoke-copilot-mai.md,github__gh-aw__bbe3008438d1/history.json,github__gh-aw__bbe3008438d1/snapshots/gh-aw__github__36884336ee4366866880539677bbd7864122497e__smoke-copilot-mai.md,36884336ee4366866880539677bbd7864122497e,2026-07-19T09:39:37Z,en,0.9999974533098132,145,140
github/gh-aw:.github/workflows/smoke-copilot-sdk.md,github/gh-aw,.github/workflows/smoke-copilot-sdk.md,github__gh-aw__4261c1776624/history.json,github__gh-aw__4261c1776624/snapshots/gh-aw__github__8cd73e156dfcdb8a74b0b340814a1d2921df3ae3__smoke-copilot-sdk.md,8cd73e156dfcdb8a74b0b340814a1d2921df3ae3,2026-07-27T06:18:51Z,en,0.9999993967542011,87,83
github/gh-aw:.github/workflows/smoke-copilot-small.md,github/gh-aw,.github/workflows/smoke-copilot-small.md,github__gh-aw__9dfb53c44496/history.json,github__gh-aw__9dfb53c44496/snapshots/gh-aw__github__36884336ee4366866880539677bbd7864122497e__smoke-copilot-small.md,36884336ee4366866880539677bbd7864122497e,2026-07-19T09:39:37Z,en,0.9999969253181162,89,85
github/gh-aw:.github/workflows/smoke-copilot-sub-agents.md,github/gh-aw,.github/workflows/smoke-copilot-sub-agents.md,github__gh-aw__6d4ae88dcceb/history.json,github__gh-aw__6d4ae88dcceb/snapshots/gh-aw__github__3b1d700775ea104a0bb709943897b2c43b997d8c__smoke-copilot-sub-agents.md,3b1d700775ea104a0bb709943897b2c43b997d8c,2026-07-29T07:38:16Z,en,0.9999980778906364,240,221
github/gh-aw:.github/workflows/smoke-copilot.md,github/gh-aw,.github/workflows/smoke-copilot.md,github__gh-aw__fafd4bc98677/history.json,github__gh-aw__fafd4bc98677/snapshots/gh-aw__github__da702a8aa120f4d36ffd3bd592e7d499b1dd5f0d__smoke-copilot.md,da702a8aa120f4d36ffd3bd592e7d499b1dd5f0d,2026-08-03T20:30:18Z,en,0.9999973671700041,602,656
github/gh-aw:.github/workflows/smoke-create-cross-repo-pr.md,github/gh-aw,.github/workflows/smoke-create-cross-repo-pr.md,github__gh-aw__0781de76cb5b/history.json,github__gh-aw__0781de76cb5b/snapshots/gh-aw__github__33ae87ae331774efd917d521c36b272263a8c1e8__smoke-create-cross-repo-pr.md,33ae87ae331774efd917d521c36b272263a8c1e8,2026-06-25T23:29:22Z,en,0.9999977059573848,282,276
github/gh-aw:.github/workflows/smoke-gemini.md,github/gh-aw,.github/workflows/smoke-gemini.md,github__gh-aw__b1e0244703cd/history.json,github__gh-aw__b1e0244703cd/snapshots/gh-aw__github__3b1d700775ea104a0bb709943897b2c43b997d8c__smoke-gemini.md,3b1d700775ea104a0bb709943897b2c43b997d8c,2026-07-29T07:38:16Z,en,0.9999950062157574,436,437
github/gh-aw:.github/workflows/smoke-github-claude.md,github/gh-aw,.github/workflows/smoke-github-claude.md,github__gh-aw__03aeb4db4cea/history.json,github__gh-aw__03aeb4db4cea/snapshots/gh-aw__github__36884336ee4366866880539677bbd7864122497e__smoke-github-claude.md,36884336ee4366866880539677bbd7864122497e,2026-07-19T09:39:37Z,en,0.9999980404166614,80,77
github/gh-aw:.github/workflows/smoke-goose.md,github/gh-aw,.github/workflows/smoke-goose.md,github__gh-aw__7317742cc75e/history.json,github__gh-aw__7317742cc75e/snapshots/gh-aw__github__57b002417b2f0be0cd5b86325af2d6121c53d314__smoke-goose.md,57b002417b2f0be0cd5b86325af2d6121c53d314,2026-08-04T05:10:51Z,en,0.999997450727349,274,274
github/gh-aw:.github/workflows/smoke-multi-pr.md,github/gh-aw,.github/workflows/smoke-multi-pr.md,github__gh-aw__5ab08d899926/history.json,github__gh-aw__5ab08d899926/snapshots/gh-aw__github__1170fc484978ff65b6e026755866aea0af490710__smoke-multi-pr.md,1170fc484978ff65b6e026755866aea0af490710,2026-07-07T06:08:34Z,en,0.9999970780540837,208,196
github/gh-aw:.github/workflows/smoke-opencode.md,github/gh-aw,.github/workflows/smoke-opencode.md,github__gh-aw__18593184d0d4/history.json,github__gh-aw__18593184d0d4/snapshots/gh-aw__github__87b330ed76a605c67633931d9fa321a674fcf80e__smoke-opencode.md,87b330ed76a605c67633931d9fa321a674fcf80e,2026-08-04T04:26:41Z,en,0.999996499877637,274,274
github/gh-aw:.github/workflows/smoke-otel-backends.md,github/gh-aw,.github/workflows/smoke-otel-backends.md,github__gh-aw__87cc90d9d488/history.json,github__gh-aw__87cc90d9d488/snapshots/gh-aw__github__33ae87ae331774efd917d521c36b272263a8c1e8__smoke-otel-backends.md,33ae87ae331774efd917d521c36b272263a8c1e8,2026-06-25T23:29:22Z,en,0.9999966681879953,1077,1148
github/gh-aw:.github/workflows/smoke-pi.md,github/gh-aw,.github/workflows/smoke-pi.md,github__gh-aw__94f6311a2235/history.json,github__gh-aw__94f6311a2235/snapshots/gh-aw__github__36884336ee4366866880539677bbd7864122497e__smoke-pi.md,36884336ee4366866880539677bbd7864122497e,2026-07-19T09:39:37Z,en,0.9999973548441756,330,333
github/gh-aw:.github/workflows/smoke-project.md,github/gh-aw,.github/workflows/smoke-project.md,github__gh-aw__f7d514d00395/history.json,github__gh-aw__f7d514d00395/snapshots/gh-aw__github__3b1d700775ea104a0bb709943897b2c43b997d8c__smoke-project.md,3b1d700775ea104a0bb709943897b2c43b997d8c,2026-07-29T07:38:16Z,en,0.999994858996643,365,414
github/gh-aw:.github/workflows/smoke-service-ports.md,github/gh-aw,.github/workflows/smoke-service-ports.md,github__gh-aw__4786039b8521/history.json,github__gh-aw__4786039b8521/snapshots/gh-aw__github__1ac664c82b697ecf0c9a84222f48bbd8fd11e93a__smoke-service-ports.md,1ac664c82b697ecf0c9a84222f48bbd8fd11e93a,2026-07-16T04:53:03Z,en,0.9999943533658996,169,174
github/gh-aw:.github/workflows/smoke-temporary-id.md,github/gh-aw,.github/workflows/smoke-temporary-id.md,github__gh-aw__c262a5cb0608/history.json,github__gh-aw__c262a5cb0608/snapshots/gh-aw__github__3b1d700775ea104a0bb709943897b2c43b997d8c__smoke-temporary-id.md,3b1d700775ea104a0bb709943897b2c43b997d8c,2026-07-29T07:38:16Z,en,0.9999964377959454,399,378
github/gh-aw:.github/workflows/smoke-test-tools.md,github/gh-aw,.github/workflows/smoke-test-tools.md,github__gh-aw__729d2a6647a7/history.json,github__gh-aw__729d2a6647a7/snapshots/gh-aw__github__1170fc484978ff65b6e026755866aea0af490710__smoke-test-tools.md,1170fc484978ff65b6e026755866aea0af490710,2026-07-07T06:08:34Z,en,0.9999958081521331,197,198
github/gh-aw:.github/workflows/smoke-update-cross-repo-pr.md,github/gh-aw,.github/workflows/smoke-update-cross-repo-pr.md,github__gh-aw__400ed26a4799/history.json,github__gh-aw__400ed26a4799/snapshots/gh-aw__github__33ae87ae331774efd917d521c36b272263a8c1e8__smoke-update-cross-repo-pr.md,33ae87ae331774efd917d521c36b272263a8c1e8,2026-06-25T23:29:22Z,en,0.9999965355403049,280,279
github/gh-aw:.github/workflows/smoke-workflow-call-with-inputs.md,github/gh-aw,.github/workflows/smoke-workflow-call-with-inputs.md,github__gh-aw__532dd8143689/history.json,github__gh-aw__532dd8143689/snapshots/gh-aw__github__33ae87ae331774efd917d521c36b272263a8c1e8__smoke-workflow-call-with-inputs.md,33ae87ae331774efd917d521c36b272263a8c1e8,2026-06-25T23:29:22Z,en,0.9999979189598671,72,66
github/gh-aw:.github/workflows/smoke-workflow-call.md,github/gh-aw,.github/workflows/smoke-workflow-call.md,github__gh-aw__1ee2664c6605/history.json,github__gh-aw__1ee2664c6605/snapshots/gh-aw__github__1170fc484978ff65b6e026755866aea0af490710__smoke-workflow-call.md,1170fc484978ff65b6e026755866aea0af490710,2026-07-07T06:08:34Z,en,0.9999961361439365,111,109
github/gh-aw:.github/workflows/spec-enforcer.md,github/gh-aw,.github/workflows/spec-enforcer.md,github__gh-aw__5344f92231ab/history.json,github__gh-aw__5344f92231ab/snapshots/gh-aw__github__34035eee5108896501e37e08a6f809f60ddb70a0__spec-enforcer.md,34035eee5108896501e37e08a6f809f60ddb70a0,2026-08-02T15:25:17Z,en,0.9999950356467705,1087,982
github/gh-aw:.github/workflows/spec-extractor.md,github/gh-aw,.github/workflows/spec-extractor.md,github__gh-aw__0432bd768c51/history.json,github__gh-aw__0432bd768c51/snapshots/gh-aw__github__8d0ce55a0109076c5ffeaeb610751fdf1731ebbd__spec-extractor.md,8d0ce55a0109076c5ffeaeb610751fdf1731ebbd,2026-08-02T11:20:24Z,en,0.9999971815594386,342,315
github/gh-aw:.github/workflows/spec-librarian.md,github/gh-aw,.github/workflows/spec-librarian.md,github__gh-aw__a13c5d4a9433/history.json,github__gh-aw__a13c5d4a9433/snapshots/gh-aw__github__1170fc484978ff65b6e026755866aea0af490710__spec-librarian.md,1170fc484978ff65b6e026755866aea0af490710,2026-07-07T06:08:34Z,en,0.9999969681167483,464,412
github/gh-aw:.github/workflows/squad-game-planner.md,github/gh-aw,.github/workflows/squad-game-planner.md,github__gh-aw__0bd623cf9a58/history.json,github__gh-aw__0bd623cf9a58/snapshots/gh-aw__github__57d128a0ed79e84db54fc4e0540752897aca6dd9__squad-game-planner.md,57d128a0ed79e84db54fc4e0540752897aca6dd9,2026-08-03T21:32:43Z,en,0.9999943783506491,252,254
github/gh-aw:.github/workflows/stale-pr-cleanup.md,github/gh-aw,.github/workflows/stale-pr-cleanup.md,github__gh-aw__40fec89fe1ea/history.json,github__gh-aw__40fec89fe1ea/snapshots/gh-aw__github__ad4b4ad0237ca4704c8a5473b7fe783d1d830d3c__stale-pr-cleanup.md,ad4b4ad0237ca4704c8a5473b7fe783d1d830d3c,2026-07-15T14:47:08Z,en,0.9999982485945836,838,782
github/gh-aw:.github/workflows/stale-repo-identifier.md,github/gh-aw,.github/workflows/stale-repo-identifier.md,github__gh-aw__bb8efcde0529/history.json,github__gh-aw__bb8efcde0529/snapshots/gh-aw__github__9a9a67ff1b759de97722da8333824856fecaf039__stale-repo-identifier.md,9a9a67ff1b759de97722da8333824856fecaf039,2026-07-30T06:32:15Z,en,0.9999960817996774,810,744
github/gh-aw:.github/workflows/static-analysis-report.md,github/gh-aw,.github/workflows/static-analysis-report.md,github__gh-aw__157ca1e3a679/history.json,github__gh-aw__157ca1e3a679/snapshots/gh-aw__github__021887f5dce36f83f9d513f4a0ce9546c7560f9d__static-analysis-report.md,021887f5dce36f83f9d513f4a0ce9546c7560f9d,2026-08-04T04:04:54Z,en,0.9999967478808646,1547,1492
github/gh-aw:.github/workflows/step-name-alignment.md,github/gh-aw,.github/workflows/step-name-alignment.md,github__gh-aw__27fb83867632/history.json,github__gh-aw__27fb83867632/snapshots/gh-aw__github__cc2708368025905df0bc39544c1333a7a09d12de__step-name-alignment.md,cc2708368025905df0bc39544c1333a7a09d12de,2026-07-22T16:45:52Z,en,0.9999953356612998,1426,1370
github/gh-aw:.github/workflows/sub-issue-closer.md,github/gh-aw,.github/workflows/sub-issue-closer.md,github__gh-aw__3b5550b804f2/history.json,github__gh-aw__3b5550b804f2/snapshots/gh-aw__github__b981f99fc8c95c15714ce096f0482cb26d3005cb__sub-issue-closer.md,b981f99fc8c95c15714ce096f0482cb26d3005cb,2026-07-16T12:17:42Z,en,0.9999955710433643,462,444
github/gh-aw:.github/workflows/super-linter.md,github/gh-aw,.github/workflows/super-linter.md,github__gh-aw__8f7d5fd0c5b8/history.json,github__gh-aw__8f7d5fd0c5b8/snapshots/gh-aw__github__13e4b550f01b2112b0f6f30399dd08fd31e0a64d__super-linter.md,13e4b550f01b2112b0f6f30399dd08fd31e0a64d,2026-08-03T20:48:50Z,en,0.9999967176886357,313,290
github/gh-aw:.github/workflows/technical-doc-writer.md,github/gh-aw,.github/workflows/technical-doc-writer.md,github__gh-aw__0d52888619ef/history.json,github__gh-aw__0d52888619ef/snapshots/gh-aw__github__9c4703514b8f99867ae28dd8cb234faa5da91138__technical-doc-writer.md,9c4703514b8f99867ae28dd8cb234faa5da91138,2026-08-03T00:59:12Z,en,0.9999953291695121,344,344
github/gh-aw:.github/workflows/terminal-stylist.md,github/gh-aw,.github/workflows/terminal-stylist.md,github__gh-aw__d3c5f5ff5a39/history.json,github__gh-aw__d3c5f5ff5a39/snapshots/gh-aw__github__bd3fff39f6cd81b0a81cf396c116a8b1557f02c9__terminal-stylist.md,bd3fff39f6cd81b0a81cf396c116a8b1557f02c9,2026-06-25T02:44:09Z,en,0.9999963309924368,672,637
github/gh-aw:.github/workflows/test-quality-sentinel.md,github/gh-aw,.github/workflows/test-quality-sentinel.md,github__gh-aw__5cba846b31a9/history.json,github__gh-aw__5cba846b31a9/snapshots/gh-aw__github__3b1d700775ea104a0bb709943897b2c43b997d8c__test-quality-sentinel.md,3b1d700775ea104a0bb709943897b2c43b997d8c,2026-07-29T07:38:16Z,en,0.9999969947665969,1126,1161
github/gh-aw:.github/workflows/tidy.md,github/gh-aw,.github/workflows/tidy.md,github__gh-aw__10411c78cf7e/history.json,github__gh-aw__10411c78cf7e/snapshots/gh-aw__github__9c4703514b8f99867ae28dd8cb234faa5da91138__tidy.md,9c4703514b8f99867ae28dd8cb234faa5da91138,2026-08-03T00:59:12Z,en,0.9999972892704909,559,524
github/gh-aw:.github/workflows/typist.md,github/gh-aw,.github/workflows/typist.md,github__gh-aw__1bdcaf23f968/history.json,github__gh-aw__1bdcaf23f968/snapshots/gh-aw__github__3b1d700775ea104a0bb709943897b2c43b997d8c__typist.md,3b1d700775ea104a0bb709943897b2c43b997d8c,2026-07-29T07:38:16Z,en,0.9999963702154911,1379,1294
github/gh-aw:.github/workflows/ubuntu-image-analyzer.md,github/gh-aw,.github/workflows/ubuntu-image-analyzer.md,github__gh-aw__698663165206/history.json,github__gh-aw__698663165206/snapshots/gh-aw__github__b4ba2d60d64b175e4423883dd56f2ecc9b839b02__ubuntu-image-analyzer.md,b4ba2d60d64b175e4423883dd56f2ecc9b839b02,2026-07-05T13:29:41Z,en,0.9999959618789191,962,904
github/gh-aw:.github/workflows/uk-ai-operational-resilience.md,github/gh-aw,.github/workflows/uk-ai-operational-resilience.md,github__gh-aw__b5590cc3a969/history.json,github__gh-aw__b5590cc3a969/snapshots/gh-aw__github__9a9a67ff1b759de97722da8333824856fecaf039__uk-ai-operational-resilience.md,9a9a67ff1b759de97722da8333824856fecaf039,2026-07-30T06:32:15Z,en,0.999996314953773,764,732
github/gh-aw:.github/workflows/unbloat-docs.md,github/gh-aw,.github/workflows/unbloat-docs.md,github__gh-aw__03f6389f8f22/history.json,github__gh-aw__03f6389f8f22/snapshots/gh-aw__github__9c4703514b8f99867ae28dd8cb234faa5da91138__unbloat-docs.md,9c4703514b8f99867ae28dd8cb234faa5da91138,2026-08-03T00:59:12Z,en,0.9999951863809048,1165,1116
github/gh-aw:.github/workflows/update-astro.md,github/gh-aw,.github/workflows/update-astro.md,github__gh-aw__116872108fb6/history.json,github__gh-aw__116872108fb6/snapshots/gh-aw__github__9c4703514b8f99867ae28dd8cb234faa5da91138__update-astro.md,9c4703514b8f99867ae28dd8cb234faa5da91138,2026-08-03T00:59:12Z,en,0.9999990631211082,342,336
github/gh-aw:.github/workflows/video-analyzer.md,github/gh-aw,.github/workflows/video-analyzer.md,github__gh-aw__dae8f0a438e5/history.json,github__gh-aw__dae8f0a438e5/snapshots/gh-aw__github__b4ba2d60d64b175e4423883dd56f2ecc9b839b02__video-analyzer.md,b4ba2d60d64b175e4423883dd56f2ecc9b839b02,2026-07-05T13:29:41Z,en,0.9999972556744986,313,272
github/gh-aw:.github/workflows/visual-regression-checker.md,github/gh-aw,.github/workflows/visual-regression-checker.md,github__gh-aw__3feaa1b87388/history.json,github__gh-aw__3feaa1b87388/snapshots/gh-aw__github__9c4703514b8f99867ae28dd8cb234faa5da91138__visual-regression-checker.md,9c4703514b8f99867ae28dd8cb234faa5da91138,2026-08-03T00:59:12Z,en,0.9999967578356784,134,136
github/gh-aw:.github/workflows/weekly-blog-post-writer.md,github/gh-aw,.github/workflows/weekly-blog-post-writer.md,github__gh-aw__1af22f5a7996/history.json,github__gh-aw__1af22f5a7996/snapshots/gh-aw__github__9a9a67ff1b759de97722da8333824856fecaf039__weekly-blog-post-writer.md,9a9a67ff1b759de97722da8333824856fecaf039,2026-07-30T06:32:15Z,en,0.9999960459241786,1577,1503
github/gh-aw:.github/workflows/weekly-editors-health-check.md,github/gh-aw,.github/workflows/weekly-editors-health-check.md,github__gh-aw__57bcb8e8de0f/history.json,github__gh-aw__57bcb8e8de0f/snapshots/gh-aw__github__b4ba2d60d64b175e4423883dd56f2ecc9b839b02__weekly-editors-health-check.md,b4ba2d60d64b175e4423883dd56f2ecc9b839b02,2026-07-05T13:29:41Z,en,0.9999979472087143,553,539
github/gh-aw:.github/workflows/weekly-issue-summary.md,github/gh-aw,.github/workflows/weekly-issue-summary.md,github__gh-aw__b28f3c2471bb/history.json,github__gh-aw__b28f3c2471bb/snapshots/gh-aw__github__e613685dfe1cd15c82560b26bef8650eef7c0b8b__weekly-issue-summary.md,e613685dfe1cd15c82560b26bef8650eef7c0b8b,2026-06-26T11:25:32Z,en,0.9999962269626517,480,474
github/gh-aw:.github/workflows/weekly-safe-outputs-spec-review.md,github/gh-aw,.github/workflows/weekly-safe-outputs-spec-review.md,github__gh-aw__8e89b107dccb/history.json,github__gh-aw__8e89b107dccb/snapshots/gh-aw__github__b4ba2d60d64b175e4423883dd56f2ecc9b839b02__weekly-safe-outputs-spec-review.md,b4ba2d60d64b175e4423883dd56f2ecc9b839b02,2026-07-05T13:29:41Z,en,0.9999952364413718,755,711
github/gh-aw:.github/workflows/workflow-generator.md,github/gh-aw,.github/workflows/workflow-generator.md,github__gh-aw__e01d7da0d9e0/history.json,github__gh-aw__e01d7da0d9e0/snapshots/gh-aw__github__bd3fff39f6cd81b0a81cf396c116a8b1557f02c9__workflow-generator.md,bd3fff39f6cd81b0a81cf396c116a8b1557f02c9,2026-06-25T02:44:09Z,en,0.9999958890384602,185,181
github/gh-aw:.github/workflows/workflow-health-manager.md,github/gh-aw,.github/workflows/workflow-health-manager.md,github__gh-aw__67a4aec78020/history.json,github__gh-aw__67a4aec78020/snapshots/gh-aw__github__203c3de3995e81ec769a541715687b72b8d4d397__workflow-health-manager.md,203c3de3995e81ec769a541715687b72b8d4d397,2026-07-29T10:39:07Z,en,0.9999960570227844,1457,1430
github/gh-aw:.github/workflows/workflow-normalizer.md,github/gh-aw,.github/workflows/workflow-normalizer.md,github__gh-aw__24db678a9172/history.json,github__gh-aw__24db678a9172/snapshots/gh-aw__github__bf4445090962cf9c0700d299770ca0fea8ef02a6__workflow-normalizer.md,bf4445090962cf9c0700d299770ca0fea8ef02a6,2026-06-05T19:30:28Z,en,0.9999984392964651,614,604
github/gh-aw:.github/workflows/workflow-skill-extractor.md,github/gh-aw,.github/workflows/workflow-skill-extractor.md,github__gh-aw__0e78cd4c9aa6/history.json,github__gh-aw__0e78cd4c9aa6/snapshots/gh-aw__github__9c4703514b8f99867ae28dd8cb234faa5da91138__workflow-skill-extractor.md,9c4703514b8f99867ae28dd8cb234faa5da91138,2026-08-03T00:59:12Z,en,0.999995786958459,289,280
github/spec-kit:.github/workflows/add-community-bundle.md,github/spec-kit,.github/workflows/add-community-bundle.md,github__spec-kit__cae2aecf93e1/history.json,github__spec-kit__cae2aecf93e1/snapshots/spec-kit__github__5760061316eb3092f7b58e58a17e9251bdb8e295__add-community-bundle.md,5760061316eb3092f7b58e58a17e9251bdb8e295,2026-07-21T17:28:40Z,en,0.9999972308726541,920,858
github/spec-kit:.github/workflows/add-community-extension.md,github/spec-kit,.github/workflows/add-community-extension.md,github__spec-kit__cc9bed260158/history.json,github__spec-kit__cc9bed260158/snapshots/spec-kit__github__2dd1ca4fb6ce9b36ea5d912c48a73c763e506d33__add-community-extension.md,2dd1ca4fb6ce9b36ea5d912c48a73c763e506d33,2026-06-17T23:00:09Z,en,0.9999983879261097,719,637
github/spec-kit:.github/workflows/add-community-preset.md,github/spec-kit,.github/workflows/add-community-preset.md,github__spec-kit__4f1dcfd7a607/history.json,github__spec-kit__4f1dcfd7a607/snapshots/spec-kit__github__96039d36d2adada7f0653e3b985179ab397d581f__add-community-preset.md,96039d36d2adada7f0653e3b985179ab397d581f,2026-06-24T22:06:51Z,en,0.9999947624051027,1101,1046
github/spec-kit:.github/workflows/bug-assess.md,github/spec-kit,.github/workflows/bug-assess.md,github__spec-kit__c6a7502936ef/history.json,github__spec-kit__c6a7502936ef/snapshots/spec-kit__github__9775c2719ed5c24a2b5f2f13359378caa427b3dd__bug-assess.md,9775c2719ed5c24a2b5f2f13359378caa427b3dd,2026-06-17T21:26:17Z,en,0.9999965586191748,978,968
github/spec-kit:.github/workflows/bug-fix.md,github/spec-kit,.github/workflows/bug-fix.md,github__spec-kit__494318d9dbba/history.json,github__spec-kit__494318d9dbba/snapshots/spec-kit__github__c34a505d1c70c23d4cd4cd28f0729d3cd502e077__bug-fix.md,c34a505d1c70c23d4cd4cd28f0729d3cd502e077,2026-07-01T17:52:35Z,en,0.9999960968019618,1550,1556
github/spec-kit:.github/workflows/bug-test.md,github/spec-kit,.github/workflows/bug-test.md,github__spec-kit__faae720de969/history.json,github__spec-kit__faae720de969/snapshots/spec-kit__github__ac6eef45207a341e6a384e33de977062e72fca00__bug-test.md,ac6eef45207a341e6a384e33de977062e72fca00,2026-07-01T17:13:09Z,en,0.9999978846157469,1619,1655
githubnext/ado-aw:.github/workflows/ado-task-ir-contributor.md,githubnext/ado-aw,.github/workflows/ado-task-ir-contributor.md,githubnext__ado-aw__d7a26147d489/history.json,githubnext__ado-aw__d7a26147d489/snapshots/ado-aw__githubnext__e06f17da0e8020a36fdff4b6033adc32f6b09ce1__ado-task-ir-contributor.md,e06f17da0e8020a36fdff4b6033adc32f6b09ce1,2026-07-02T09:30:40Z,en,0.9999950964892614,1031,1063
githubnext/ado-aw:.github/workflows/bash-lint-auditor.md,githubnext/ado-aw,.github/workflows/bash-lint-auditor.md,githubnext__ado-aw__4df9a3cb9e3d/history.json,githubnext__ado-aw__4df9a3cb9e3d/snapshots/ado-aw__githubnext__49be01ba747c16935d0790d3ff74bd5487183b7c__bash-lint-auditor.md,49be01ba747c16935d0790d3ff74bd5487183b7c,2026-07-29T13:18:10Z,en,0.9999972941428319,916,830
githubnext/ado-aw:.github/workflows/clippy-fixer.md,githubnext/ado-aw,.github/workflows/clippy-fixer.md,githubnext__ado-aw__a4b22eae131d/history.json,githubnext__ado-aw__a4b22eae131d/snapshots/ado-aw__githubnext__e06f17da0e8020a36fdff4b6033adc32f6b09ce1__clippy-fixer.md,e06f17da0e8020a36fdff4b6033adc32f6b09ce1,2026-07-02T09:30:40Z,en,0.9999975283585589,1005,963
githubnext/ado-aw:.github/workflows/cyclomatic-complexity-reducer.md,githubnext/ado-aw,.github/workflows/cyclomatic-complexity-reducer.md,githubnext__ado-aw__3743d686d395/history.json,githubnext__ado-aw__3743d686d395/snapshots/ado-aw__githubnext__e06f17da0e8020a36fdff4b6033adc32f6b09ce1__cyclomatic-complexity-reducer.md,e06f17da0e8020a36fdff4b6033adc32f6b09ce1,2026-07-02T09:30:40Z,en,0.999995017992815,453,415
githubnext/ado-aw:.github/workflows/deps-notes-consolidator.md,githubnext/ado-aw,.github/workflows/deps-notes-consolidator.md,githubnext__ado-aw__0399f13c9d37/history.json,githubnext__ado-aw__0399f13c9d37/snapshots/ado-aw__githubnext__63ea2382b6725e30e8c5d58e8fea9f5e9f4135db__deps-notes-consolidator.md,63ea2382b6725e30e8c5d58e8fea9f5e9f4135db,2026-07-02T12:29:15Z,en,0.9999980497548542,634,638
githubnext/ado-aw:.github/workflows/doc-freshness-check.md,githubnext/ado-aw,.github/workflows/doc-freshness-check.md,githubnext__ado-aw__16508430bca6/history.json,githubnext__ado-aw__16508430bca6/snapshots/ado-aw__githubnext__5001f4a6502f1e477ad8f2d835f8201c8f6f061c__doc-freshness-check.md,5001f4a6502f1e477ad8f2d835f8201c8f6f061c,2026-07-15T14:38:52Z,en,0.9999957907596653,1221,1176
githubnext/ado-aw:.github/workflows/docs-writer.md,githubnext/ado-aw,.github/workflows/docs-writer.md,githubnext__ado-aw__6c9dd4b295d6/history.json,githubnext__ado-aw__6c9dd4b295d6/snapshots/ado-aw__githubnext__e06f17da0e8020a36fdff4b6033adc32f6b09ce1__docs-writer.md,e06f17da0e8020a36fdff4b6033adc32f6b09ce1,2026-07-02T09:30:40Z,en,0.999996016502372,759,779
githubnext/ado-aw:.github/workflows/frontmatter-aligner.md,githubnext/ado-aw,.github/workflows/frontmatter-aligner.md,githubnext__ado-aw__2ec5fe8e3d12/history.json,githubnext__ado-aw__2ec5fe8e3d12/snapshots/ado-aw__githubnext__e06f17da0e8020a36fdff4b6033adc32f6b09ce1__frontmatter-aligner.md,e06f17da0e8020a36fdff4b6033adc32f6b09ce1,2026-07-02T09:30:40Z,en,0.9999950688950284,504,452
githubnext/ado-aw:.github/workflows/issue-arborist.md,githubnext/ado-aw,.github/workflows/issue-arborist.md,githubnext__ado-aw__5fd225765614/history.json,githubnext__ado-aw__5fd225765614/snapshots/ado-aw__githubnext__e06f17da0e8020a36fdff4b6033adc32f6b09ce1__issue-arborist.md,e06f17da0e8020a36fdff4b6033adc32f6b09ce1,2026-07-02T09:30:40Z,en,0.9999974275999466,418,423
githubnext/ado-aw:.github/workflows/issue-plan-maker.md,githubnext/ado-aw,.github/workflows/issue-plan-maker.md,githubnext__ado-aw__669f6dabe647/history.json,githubnext__ado-aw__669f6dabe647/snapshots/ado-aw__githubnext__603279af578e112f6987e2bbc50a6322e93eeab6__issue-plan-maker.md,603279af578e112f6987e2bbc50a6322e93eeab6,2026-07-31T20:01:52Z,en,0.999997816998794,276,273
githubnext/ado-aw:.github/workflows/issue-triage.md,githubnext/ado-aw,.github/workflows/issue-triage.md,githubnext__ado-aw__39e15f30c6b2/history.json,githubnext__ado-aw__39e15f30c6b2/snapshots/ado-aw__githubnext__e06f17da0e8020a36fdff4b6033adc32f6b09ce1__issue-triage.md,e06f17da0e8020a36fdff4b6033adc32f6b09ce1,2026-07-02T09:30:40Z,en,0.9999966363501102,466,468
githubnext/ado-aw:.github/workflows/pr-sous-chef.md,githubnext/ado-aw,.github/workflows/pr-sous-chef.md,githubnext__ado-aw__9c5d4de98b6e/history.json,githubnext__ado-aw__9c5d4de98b6e/snapshots/ado-aw__githubnext__603279af578e112f6987e2bbc50a6322e93eeab6__pr-sous-chef.md,603279af578e112f6987e2bbc50a6322e93eeab6,2026-07-31T20:01:52Z,en,0.9999955593514643,944,974
githubnext/ado-aw:.github/workflows/prompt-evaluator.md,githubnext/ado-aw,.github/workflows/prompt-evaluator.md,githubnext__ado-aw__6d56239c8dd9/history.json,githubnext__ado-aw__6d56239c8dd9/snapshots/ado-aw__githubnext__08807f5a8917dd9cf83edd0f90f5262597842a6b__prompt-evaluator.md,08807f5a8917dd9cf83edd0f90f5262597842a6b,2026-07-29T13:42:42Z,en,0.9999978406780676,229,242
githubnext/ado-aw:.github/workflows/red-team-security.md,githubnext/ado-aw,.github/workflows/red-team-security.md,githubnext__ado-aw__28a1c3e3f96b/history.json,githubnext__ado-aw__28a1c3e3f96b/snapshots/ado-aw__githubnext__e06f17da0e8020a36fdff4b6033adc32f6b09ce1__red-team-security.md,e06f17da0e8020a36fdff4b6033adc32f6b09ce1,2026-07-02T09:30:40Z,en,0.9999956165659997,876,865
githubnext/ado-aw:.github/workflows/review-compiler-contract.md,githubnext/ado-aw,.github/workflows/review-compiler-contract.md,githubnext__ado-aw__06cf33e5af7d/history.json,githubnext__ado-aw__06cf33e5af7d/snapshots/ado-aw__githubnext__9d0e4428c29d398c47778066fd66c2753158e3b5__review-compiler-contract.md,9d0e4428c29d398c47778066fd66c2753158e3b5,2026-08-03T15:23:42Z,en,0.9999963980961718,837,866
githubnext/ado-aw:.github/workflows/review-rust.md,githubnext/ado-aw,.github/workflows/review-rust.md,githubnext__ado-aw__ba7b6881bdf9/history.json,githubnext__ado-aw__ba7b6881bdf9/snapshots/ado-aw__githubnext__d19e021d854286176976d107a6d1422a1c2c188f__review-rust.md,d19e021d854286176976d107a6d1422a1c2c188f,2026-08-03T13:18:54Z,en,0.9999977890919671,760,783
githubnext/ado-aw:.github/workflows/review-security.md,githubnext/ado-aw,.github/workflows/review-security.md,githubnext__ado-aw__0f7040c743f0/history.json,githubnext__ado-aw__0f7040c743f0/snapshots/ado-aw__githubnext__d19e021d854286176976d107a6d1422a1c2c188f__review-security.md,d19e021d854286176976d107a6d1422a1c2c188f,2026-08-03T13:18:54Z,en,0.9999961687372443,732,751
githubnext/ado-aw:.github/workflows/review-tests.md,githubnext/ado-aw,.github/workflows/review-tests.md,githubnext__ado-aw__43fa0b1bd600/history.json,githubnext__ado-aw__43fa0b1bd600/snapshots/ado-aw__githubnext__9d0e4428c29d398c47778066fd66c2753158e3b5__review-tests.md,9d0e4428c29d398c47778066fd66c2753158e3b5,2026-08-03T15:23:42Z,en,0.9999955119822206,614,560
githubnext/ado-aw:.github/workflows/review-typescript.md,githubnext/ado-aw,.github/workflows/review-typescript.md,githubnext__ado-aw__dd9668ed7069/history.json,githubnext__ado-aw__dd9668ed7069/snapshots/ado-aw__githubnext__6129b92e56e9ab316ea0637c528fd3496d77586e__review-typescript.md,6129b92e56e9ab316ea0637c528fd3496d77586e,2026-08-03T13:57:08Z,en,0.999996658469605,754,763
githubnext/ado-aw:.github/workflows/risk.md,githubnext/ado-aw,.github/workflows/risk.md,githubnext__ado-aw__361e0959c9e7/history.json,githubnext__ado-aw__361e0959c9e7/snapshots/ado-aw__githubnext__603279af578e112f6987e2bbc50a6322e93eeab6__risk.md,603279af578e112f6987e2bbc50a6322e93eeab6,2026-07-31T20:01:52Z,en,0.9999957744957007,391,363
githubnext/ado-aw:.github/workflows/scout-command.md,githubnext/ado-aw,.github/workflows/scout-command.md,githubnext__ado-aw__e2d447d50070/history.json,githubnext__ado-aw__e2d447d50070/snapshots/ado-aw__githubnext__603279af578e112f6987e2bbc50a6322e93eeab6__scout-command.md,603279af578e112f6987e2bbc50a6322e93eeab6,2026-07-31T20:01:52Z,en,0.999996933678175,162,154
githubnext/ado-aw:.github/workflows/stale-bot-issue-janitor.md,githubnext/ado-aw,.github/workflows/stale-bot-issue-janitor.md,githubnext__ado-aw__35f546c4e2f8/history.json,githubnext__ado-aw__35f546c4e2f8/snapshots/ado-aw__githubnext__9d0e4428c29d398c47778066fd66c2753158e3b5__stale-bot-issue-janitor.md,9d0e4428c29d398c47778066fd66c2753158e3b5,2026-08-03T15:23:42Z,en,0.9999976960235559,543,552
githubnext/ado-aw:.github/workflows/test-gap-finder.md,githubnext/ado-aw,.github/workflows/test-gap-finder.md,githubnext__ado-aw__ee30a9a28ecf/history.json,githubnext__ado-aw__ee30a9a28ecf/snapshots/ado-aw__githubnext__5001f4a6502f1e477ad8f2d835f8201c8f6f061c__test-gap-finder.md,5001f4a6502f1e477ad8f2d835f8201c8f6f061c,2026-07-15T14:38:52Z,en,0.9999977956998493,473,453
githubnext/ado-aw:.github/workflows/test-reducer.md,githubnext/ado-aw,.github/workflows/test-reducer.md,githubnext__ado-aw__ba87173951ec/history.json,githubnext__ado-aw__ba87173951ec/snapshots/ado-aw__githubnext__e06f17da0e8020a36fdff4b6033adc32f6b09ce1__test-reducer.md,e06f17da0e8020a36fdff4b6033adc32f6b09ce1,2026-07-02T09:30:40Z,en,0.9999966939259318,1029,985
githubnext/ado-aw:.github/workflows/update-awf-version.md,githubnext/ado-aw,.github/workflows/update-awf-version.md,githubnext__ado-aw__689303cafc99/history.json,githubnext__ado-aw__689303cafc99/snapshots/ado-aw__githubnext__5001f4a6502f1e477ad8f2d835f8201c8f6f061c__update-awf-version.md,5001f4a6502f1e477ad8f2d835f8201c8f6f061c,2026-07-15T14:38:52Z,en,0.9999964700843729,1490,1432
githubnext/ado-aw:.github/workflows/update-copilot-models.md,githubnext/ado-aw,.github/workflows/update-copilot-models.md,githubnext__ado-aw__1ab49cd8dfc8/history.json,githubnext__ado-aw__1ab49cd8dfc8/snapshots/ado-aw__githubnext__07ca947d9c7666d4c0f9d57ee125f6d3e3f58b99__update-copilot-models.md,07ca947d9c7666d4c0f9d57ee125f6d3e3f58b99,2026-07-31T21:49:31Z,en,0.9999951732223711,758,798
githubnext/agentic-ops:.github/workflows/agentic-token-audit.md,githubnext/agentic-ops,.github/workflows/agentic-token-audit.md,githubnext__agentic-ops__fb3d23c70ed0/history.json,githubnext__agentic-ops__fb3d23c70ed0/snapshots/agentic-ops__githubnext__da5d05741e0ce942a15926bd00da5955f5f1a823__agentic-token-audit.md,da5d05741e0ce942a15926bd00da5955f5f1a823,2026-06-14T06:18:16Z,en,0.9999962443109507,805,759
githubnext/agentic-ops:.github/workflows/agentic-token-optimizer.md,githubnext/agentic-ops,.github/workflows/agentic-token-optimizer.md,githubnext__agentic-ops__97f7e7f69681/history.json,githubnext__agentic-ops__97f7e7f69681/snapshots/agentic-ops__githubnext__1472ece5e108a84d7b4b5f360bc5c85e0043b1e8__agentic-token-optimizer.md,1472ece5e108a84d7b4b5f360bc5c85e0043b1e8,2026-06-18T07:01:54Z,en,0.9999976112122917,1109,983
githubnext/agentic-ops:.github/workflows/daily-agentic-research.md,githubnext/agentic-ops,.github/workflows/daily-agentic-research.md,githubnext__agentic-ops__65d26e05d91e/history.json,githubnext__agentic-ops__65d26e05d91e/snapshots/agentic-ops__githubnext__cc4aed043b767864d26714b8d898ae2a65c07d1c__daily-agentic-research.md,cc4aed043b767864d26714b8d898ae2a65c07d1c,2026-06-18T05:57:07Z,en,0.9999947739680985,270,262
githubnext/agentic-ops:.github/workflows/daily-ai-poem.md,githubnext/agentic-ops,.github/workflows/daily-ai-poem.md,githubnext__agentic-ops__cd913987bbca/history.json,githubnext__agentic-ops__cd913987bbca/snapshots/agentic-ops__githubnext__0301ac799c8fded0de1ada1a71a0e917c454e9bc__daily-ai-poem.md,0301ac799c8fded0de1ada1a71a0e917c454e9bc,2026-06-18T05:57:38Z,en,0.9999968770382428,240,233
githubnext/agentic-ops:.github/workflows/daily-xkcd.md,githubnext/agentic-ops,.github/workflows/daily-xkcd.md,githubnext__agentic-ops__30258417a9ef/history.json,githubnext__agentic-ops__30258417a9ef/snapshots/agentic-ops__githubnext__562962b1197142d42f5ae5af88c959b698e172c6__daily-xkcd.md,562962b1197142d42f5ae5af88c959b698e172c6,2026-06-18T05:55:10Z,en,0.9999965002083495,296,298
githubnext/agentic-ops:.github/workflows/release.md,githubnext/agentic-ops,.github/workflows/release.md,githubnext__agentic-ops__e635b5b02c20/history.json,githubnext__agentic-ops__e635b5b02c20/snapshots/agentic-ops__githubnext__514098d5ddc31b18247fd140cf17ef33bc9317d8__release.md,514098d5ddc31b18247fd140cf17ef33bc9317d8,2026-06-14T08:46:25Z,en,0.9999944792274524,1067,1102
githubnext/agentics:.github/workflows/daily-repo-goals.md,githubnext/agentics,.github/workflows/daily-repo-goals.md,githubnext__agentics__c8d4dd7de15e/history.json,githubnext__agentics__c8d4dd7de15e/snapshots/agentics__githubnext__cbf4f2d1683044c883037fb8c9c1055b1bba251d__daily-repo-goals.md,cbf4f2d1683044c883037fb8c9c1055b1bba251d,2026-06-26T05:45:50Z,en,0.9999985785037893,931,903
githubnext/agentics:.github/workflows/daily-workflow-sync.md,githubnext/agentics,.github/workflows/daily-workflow-sync.md,githubnext__agentics__10838913dc43/history.json,githubnext__agentics__10838913dc43/snapshots/agentics__githubnext__cbf4f2d1683044c883037fb8c9c1055b1bba251d__daily-workflow-sync.md,cbf4f2d1683044c883037fb8c9c1055b1bba251d,2026-06-26T05:45:50Z,en,0.999994112626737,507,498
githubnext/agentics:.github/workflows/import-workflow.md,githubnext/agentics,.github/workflows/import-workflow.md,githubnext__agentics__b80bb6035e5d/history.json,githubnext__agentics__b80bb6035e5d/snapshots/agentics__githubnext__cbf4f2d1683044c883037fb8c9c1055b1bba251d__import-workflow.md,cbf4f2d1683044c883037fb8c9c1055b1bba251d,2026-06-26T05:45:50Z,en,0.99999772167534,789,772
githubnext/agentics:.github/workflows/link-checker.md,githubnext/agentics,.github/workflows/link-checker.md,githubnext__agentics__2e591bc5000d/history.json,githubnext__agentics__2e591bc5000d/snapshots/agentics__githubnext__cbf4f2d1683044c883037fb8c9c1055b1bba251d__link-checker.md,cbf4f2d1683044c883037fb8c9c1055b1bba251d,2026-06-26T05:45:50Z,en,0.9999985210398136,579,542
githubnext/agentics:.github/workflows/maintainer.md,githubnext/agentics,.github/workflows/maintainer.md,githubnext__agentics__78f041943fe7/history.json,githubnext__agentics__78f041943fe7/snapshots/agentics__githubnext__cbf4f2d1683044c883037fb8c9c1055b1bba251d__maintainer.md,cbf4f2d1683044c883037fb8c9c1055b1bba251d,2026-06-26T05:45:50Z,en,0.9999979121189733,382,387
githubnext/agentics:workflows/agentic-wiki-writer.md,githubnext/agentics,workflows/agentic-wiki-writer.md,githubnext__agentics__c6daea6e6196/history.json,githubnext__agentics__c6daea6e6196/snapshots/agentics__githubnext__497230d3867fe453aae74b15d06178d45a39fcce__agentic-wiki-writer.md,497230d3867fe453aae74b15d06178d45a39fcce,2026-05-08T20:56:58Z,en,0.9999945849789802,3624,3515
githubnext/agentics:workflows/ci-doctor.md,githubnext/agentics,workflows/ci-doctor.md,githubnext__agentics__bd9e11c38184/history.json,githubnext__agentics__bd9e11c38184/snapshots/agentics__githubnext__497230d3867fe453aae74b15d06178d45a39fcce__ci-doctor.md,497230d3867fe453aae74b15d06178d45a39fcce,2026-05-08T20:56:58Z,en,0.9999967883149423,839,803
githubnext/agentics:workflows/code-simplifier.md,githubnext/agentics,workflows/code-simplifier.md,githubnext__agentics__ec1da453b797/history.json,githubnext__agentics__ec1da453b797/snapshots/agentics__githubnext__899b885494293202a03b67147ebf4ff419d08498__code-simplifier.md,899b885494293202a03b67147ebf4ff419d08498,2026-06-26T05:31:45Z,en,0.9999970477164025,848,756
githubnext/agentics:workflows/contribution-guidelines-checker.md,githubnext/agentics,workflows/contribution-guidelines-checker.md,githubnext__agentics__ac1bc2e829fd/history.json,githubnext__agentics__ac1bc2e829fd/snapshots/agentics__githubnext__497230d3867fe453aae74b15d06178d45a39fcce__contribution-guidelines-checker.md,497230d3867fe453aae74b15d06178d45a39fcce,2026-05-08T20:56:58Z,en,0.9999968482767526,324,311
githubnext/agentics:workflows/daily-issue-triage.md,githubnext/agentics,workflows/daily-issue-triage.md,githubnext__agentics__0c6470ca5348/history.json,githubnext__agentics__0c6470ca5348/snapshots/agentics__githubnext__d7c1dc4b72b00607a67caaffdcc216cb64379cf9__daily-issue-triage.md,d7c1dc4b72b00607a67caaffdcc216cb64379cf9,2026-05-29T16:23:59Z,en,0.9999954533689812,714,674
githubnext/agentics:workflows/dependabot-pr-bundler.md,githubnext/agentics,workflows/dependabot-pr-bundler.md,githubnext__agentics__10d9db80a966/history.json,githubnext__agentics__10d9db80a966/snapshots/agentics__githubnext__d63b34de41bc0dc052096e094c732cf28eafc659__dependabot-pr-bundler.md,d63b34de41bc0dc052096e094c732cf28eafc659,2026-06-19T16:58:37Z,en,0.9999982999477378,184,184
githubnext/agentics:workflows/doc-updater.md,githubnext/agentics,workflows/doc-updater.md,githubnext__agentics__9f74c9899f0a/history.json,githubnext__agentics__9f74c9899f0a/snapshots/agentics__githubnext__5e9180a13d27ede1ba730b4bbb674eaabb57b404__doc-updater.md,5e9180a13d27ede1ba730b4bbb674eaabb57b404,2026-07-29T14:02:29Z,en,0.9999969986195543,626,598
githubnext/agentics:workflows/duplicate-code-detector.md,githubnext/agentics,workflows/duplicate-code-detector.md,githubnext__agentics__bb1a5f12e219/history.json,githubnext__agentics__bb1a5f12e219/snapshots/agentics__githubnext__1591361a690358c7b85d8b759f3121fc33840113__duplicate-code-detector.md,1591361a690358c7b85d8b759f3121fc33840113,2026-03-19T03:06:45Z,en,0.9999976731265716,667,649
githubnext/agentics:workflows/efficiency-improver.md,githubnext/agentics,workflows/efficiency-improver.md,githubnext__agentics__e93203da4932/history.json,githubnext__agentics__e93203da4932/snapshots/agentics__githubnext__5e9180a13d27ede1ba730b4bbb674eaabb57b404__efficiency-improver.md,5e9180a13d27ede1ba730b4bbb674eaabb57b404,2026-07-29T14:02:29Z,en,0.9999948959283915,2383,2274
githubnext/agentics:workflows/grumpy-reviewer.md,githubnext/agentics,workflows/grumpy-reviewer.md,githubnext__agentics__e7658c9281c9/history.json,githubnext__agentics__e7658c9281c9/snapshots/agentics__githubnext__4957663821dbb3260348084fa2f1659701950fef__grumpy-reviewer.md,4957663821dbb3260348084fa2f1659701950fef,2026-03-23T00:38:53Z,en,0.9999979724903063,752,713
githubnext/agentics:workflows/issue-triage.md,githubnext/agentics,workflows/issue-triage.md,githubnext__agentics__9ac85c9fe49a/history.json,githubnext__agentics__9ac85c9fe49a/snapshots/agentics__githubnext__e59994b330d765823202927b3fb26e909fbc72ab__issue-triage.md,e59994b330d765823202927b3fb26e909fbc72ab,2026-05-12T13:58:09Z,en,0.9999974530500965,639,609
githubnext/agentics:workflows/large-file-simplifier.md,githubnext/agentics,workflows/large-file-simplifier.md,githubnext__agentics__2dcac7e75432/history.json,githubnext__agentics__2dcac7e75432/snapshots/agentics__githubnext__fc4ab36dedc44e2a1cdc195cecce262f06c81230__large-file-simplifier.md,fc4ab36dedc44e2a1cdc195cecce262f06c81230,2026-05-05T14:57:37Z,en,0.9999966282499331,520,470
githubnext/agentics:workflows/malicious-code-scan.md,githubnext/agentics,workflows/malicious-code-scan.md,githubnext__agentics__e7ca7545f944/history.json,githubnext__agentics__e7ca7545f944/snapshots/agentics__githubnext__054f7e0bbd8746b147fc60baf2df35a5dead710a__malicious-code-scan.md,054f7e0bbd8746b147fc60baf2df35a5dead710a,2026-06-06T12:32:28Z,en,0.9999971248942771,891,868
githubnext/agentics:workflows/perf-improver.md,githubnext/agentics,workflows/perf-improver.md,githubnext__agentics__c65c72670525/history.json,githubnext__agentics__c65c72670525/snapshots/agentics__githubnext__5e9180a13d27ede1ba730b4bbb674eaabb57b404__perf-improver.md,5e9180a13d27ede1ba730b4bbb674eaabb57b404,2026-07-29T14:02:29Z,en,0.9999948177672384,1811,1761
githubnext/agentics:workflows/pr-fix.md,githubnext/agentics,workflows/pr-fix.md,githubnext__agentics__da5130c83cb4/history.json,githubnext__agentics__da5130c83cb4/snapshots/agentics__githubnext__4b12a3d5f552843947e88b60d38100426e4a8aea__pr-fix.md,4b12a3d5f552843947e88b60d38100426e4a8aea,2026-06-26T05:31:15Z,en,0.9999973182959031,259,257
githubnext/agentics:workflows/q.md,githubnext/agentics,workflows/q.md,githubnext__agentics__e24ec84fe045/history.json,githubnext__agentics__e24ec84fe045/snapshots/agentics__githubnext__410f8f4fdfbd7d855fc58c2df6438d2ebfa7c93e__q.md,410f8f4fdfbd7d855fc58c2df6438d2ebfa7c93e,2026-03-25T14:30:08Z,en,0.9999981875178919,1289,1189
githubnext/agentics:workflows/repo-assist.md,githubnext/agentics,workflows/repo-assist.md,githubnext__agentics__d31b170084a7/history.json,githubnext__agentics__d31b170084a7/snapshots/agentics__githubnext__5e9180a13d27ede1ba730b4bbb674eaabb57b404__repo-assist.md,5e9180a13d27ede1ba730b4bbb674eaabb57b404,2026-07-29T14:02:29Z,en,0.9999980200978267,2399,2209
githubnext/agentics:workflows/repo-status.md,githubnext/agentics,workflows/repo-status.md,githubnext__agentics__3fc9d80ba114/history.json,githubnext__agentics__3fc9d80ba114/snapshots/agentics__githubnext__497230d3867fe453aae74b15d06178d45a39fcce__repo-status.md,497230d3867fe453aae74b15d06178d45a39fcce,2026-05-08T20:56:58Z,en,0.9999963346952526,88,81
githubnext/agentics:workflows/test-improver.md,githubnext/agentics,workflows/test-improver.md,githubnext__agentics__76f4845b67d3/history.json,githubnext__agentics__76f4845b67d3/snapshots/agentics__githubnext__5e9180a13d27ede1ba730b4bbb674eaabb57b404__test-improver.md,5e9180a13d27ede1ba730b4bbb674eaabb57b404,2026-07-29T14:02:29Z,en,0.9999960003742825,2023,1965
githubnext/agentics:workflows/unbloat-docs.md,githubnext/agentics,workflows/unbloat-docs.md,githubnext__agentics__d02b9976bcb6/history.json,githubnext__agentics__d02b9976bcb6/snapshots/agentics__githubnext__5e9180a13d27ede1ba730b4bbb674eaabb57b404__unbloat-docs.md,5e9180a13d27ede1ba730b4bbb674eaabb57b404,2026-07-29T14:02:29Z,en,0.9999968484864707,820,767
githubnext/agentics:workflows/update-docs.md,githubnext/agentics,workflows/update-docs.md,githubnext__agentics__8bd426e3d7e6/history.json,githubnext__agentics__8bd426e3d7e6/snapshots/agentics__githubnext__497230d3867fe453aae74b15d06178d45a39fcce__update-docs.md,497230d3867fe453aae74b15d06178d45a39fcce,2026-05-08T20:56:58Z,en,0.9999975355030155,418,400
githubnext/agentics:workflows/weekly-research.md,githubnext/agentics,workflows/weekly-research.md,githubnext__agentics__5474b5ad4f6e/history.json,githubnext__agentics__5474b5ad4f6e/snapshots/agentics__githubnext__497230d3867fe453aae74b15d06178d45a39fcce__weekly-research.md,497230d3867fe453aae74b15d06178d45a39fcce,2026-05-08T20:56:58Z,en,0.9999975777663792,131,127
githubnext/autoloop:.github/workflows/autoloop.md,githubnext/autoloop,.github/workflows/autoloop.md,githubnext__autoloop__e2eb3da88003/history.json,githubnext__autoloop__e2eb3da88003/snapshots/autoloop__githubnext__758a49144e1f8a6c84381e7cd6b7f592666ae89b__autoloop.md,758a49144e1f8a6c84381e7cd6b7f592666ae89b,2026-04-25T14:55:20Z,en,0.99999601068773,3229,3166
githubnext/gh-aw-workshop:.github/workflows/aw-accuracy-reviewer.md,githubnext/gh-aw-workshop,.github/workflows/aw-accuracy-reviewer.md,githubnext__gh-aw-workshop__6f90c94e2bab/history.json,githubnext__gh-aw-workshop__6f90c94e2bab/snapshots/gh-aw-workshop__githubnext__2f5b89eebb36bfc0fafa5683354082ade60bb5c0__aw-accuracy-reviewer.md,2f5b89eebb36bfc0fafa5683354082ade60bb5c0,2026-07-17T07:32:59Z,en,0.999997567119306,196,196
githubnext/gh-aw-workshop:.github/workflows/curriculum-evaluator.md,githubnext/gh-aw-workshop,.github/workflows/curriculum-evaluator.md,githubnext__gh-aw-workshop__365de2cde49d/history.json,githubnext__gh-aw-workshop__365de2cde49d/snapshots/gh-aw-workshop__githubnext__475fb0453b4473c751d08b5a1d5920698705ec93__curriculum-evaluator.md,475fb0453b4473c751d08b5a1d5920698705ec93,2026-07-29T09:13:14Z,en,0.9999965984231114,701,541
githubnext/gh-aw-workshop:.github/workflows/docs-linker.md,githubnext/gh-aw-workshop,.github/workflows/docs-linker.md,githubnext__gh-aw-workshop__3d934b92ab67/history.json,githubnext__gh-aw-workshop__3d934b92ab67/snapshots/gh-aw-workshop__githubnext__b348d4925ec1bb528a069820804ee8c1dcda38f0__docs-linker.md,b348d4925ec1bb528a069820804ee8c1dcda38f0,2026-07-30T09:57:38Z,en,0.9999944039896074,615,633
githubnext/gh-aw-workshop:.github/workflows/guidelines-enforcer.md,githubnext/gh-aw-workshop,.github/workflows/guidelines-enforcer.md,githubnext__gh-aw-workshop__965cd511f048/history.json,githubnext__gh-aw-workshop__965cd511f048/snapshots/gh-aw-workshop__githubnext__eb5b88edb17f8d02ae5f78e590bdc9380de7f321__guidelines-enforcer.md,eb5b88edb17f8d02ae5f78e590bdc9380de7f321,2026-08-01T02:00:04Z,en,0.9999978488277851,859,852
githubnext/gh-aw-workshop:.github/workflows/manual-semver-release.md,githubnext/gh-aw-workshop,.github/workflows/manual-semver-release.md,githubnext__gh-aw-workshop__1681a1d801c8/history.json,githubnext__gh-aw-workshop__1681a1d801c8/snapshots/gh-aw-workshop__githubnext__2ada3468471dba6ed7ff88bfd40b52212c9b276d__manual-semver-release.md,2ada3468471dba6ed7ff88bfd40b52212c9b276d,2026-07-20T12:07:52Z,en,0.9999957701610981,280,291
githubnext/gh-aw-workshop:.github/workflows/markdown-dedup.md,githubnext/gh-aw-workshop,.github/workflows/markdown-dedup.md,githubnext__gh-aw-workshop__f8f2213d7e10/history.json,githubnext__gh-aw-workshop__f8f2213d7e10/snapshots/gh-aw-workshop__githubnext__2ada3468471dba6ed7ff88bfd40b52212c9b276d__markdown-dedup.md,2ada3468471dba6ed7ff88bfd40b52212c9b276d,2026-07-20T12:07:52Z,en,0.9999963211002783,314,288
githubnext/gh-aw-workshop:.github/workflows/q.md,githubnext/gh-aw-workshop,.github/workflows/q.md,githubnext__gh-aw-workshop__7dd34e939f4b/history.json,githubnext__gh-aw-workshop__7dd34e939f4b/snapshots/gh-aw-workshop__githubnext__511a0db85d1cb16dabfcfb287466836fea422fd4__q.md,511a0db85d1cb16dabfcfb287466836fea422fd4,2026-08-02T10:18:36Z,en,0.9999979449440471,1048,978
githubnext/gh-aw-workshop:.github/workflows/security-side-quest.md,githubnext/gh-aw-workshop,.github/workflows/security-side-quest.md,githubnext__gh-aw-workshop__36c4a9755df8/history.json,githubnext__gh-aw-workshop__36c4a9755df8/snapshots/gh-aw-workshop__githubnext__475fb0453b4473c751d08b5a1d5920698705ec93__security-side-quest.md,475fb0453b4473c751d08b5a1d5920698705ec93,2026-07-29T09:13:14Z,en,0.9999983392784072,565,564
githubnext/gh-aw-workshop:.github/workflows/side-quest.md,githubnext/gh-aw-workshop,.github/workflows/side-quest.md,githubnext__gh-aw-workshop__87f8f4e0d979/history.json,githubnext__gh-aw-workshop__87f8f4e0d979/snapshots/gh-aw-workshop__githubnext__475fb0453b4473c751d08b5a1d5920698705ec93__side-quest.md,475fb0453b4473c751d08b5a1d5920698705ec93,2026-07-29T09:13:14Z,en,0.9999949809665459,420,410
githubnext/gh-aw-workshop:.github/workflows/title-similarity-review.md,githubnext/gh-aw-workshop,.github/workflows/title-similarity-review.md,githubnext__gh-aw-workshop__3fc7ea29cf46/history.json,githubnext__gh-aw-workshop__3fc7ea29cf46/snapshots/gh-aw-workshop__githubnext__475fb0453b4473c751d08b5a1d5920698705ec93__title-similarity-review.md,475fb0453b4473c751d08b5a1d5920698705ec93,2026-07-29T09:13:14Z,en,0.9999969770523204,253,250
githubnext/gh-aw-workshop:.github/workflows/training-plan-research.md,githubnext/gh-aw-workshop,.github/workflows/training-plan-research.md,githubnext__gh-aw-workshop__784c7c318a89/history.json,githubnext__gh-aw-workshop__784c7c318a89/snapshots/gh-aw-workshop__githubnext__475fb0453b4473c751d08b5a1d5920698705ec93__training-plan-research.md,475fb0453b4473c751d08b5a1d5920698705ec93,2026-07-29T09:13:14Z,en,0.9999956499468612,276,276
githubnext/gh-aw-workshop:.github/workflows/workflow-skills-editor.md,githubnext/gh-aw-workshop,.github/workflows/workflow-skills-editor.md,githubnext__gh-aw-workshop__b81a7909fe9a/history.json,githubnext__gh-aw-workshop__b81a7909fe9a/snapshots/gh-aw-workshop__githubnext__964af15393f94c1cd7239080ac7e2207139848fb__workflow-skills-editor.md,964af15393f94c1cd7239080ac7e2207139848fb,2026-07-14T22:45:21Z,en,0.9999971184809533,339,334
githubnext/gh-aw-workshop:.github/workflows/workshop-author.md,githubnext/gh-aw-workshop,.github/workflows/workshop-author.md,githubnext__gh-aw-workshop__8b8b567c196c/history.json,githubnext__gh-aw-workshop__8b8b567c196c/snapshots/gh-aw-workshop__githubnext__475fb0453b4473c751d08b5a1d5920698705ec93__workshop-author.md,475fb0453b4473c751d08b5a1d5920698705ec93,2026-07-29T09:13:14Z,en,0.9999958575531492,1348,1354
githubnext/gh-aw-workshop:.github/workflows/workshop-builder.md,githubnext/gh-aw-workshop,.github/workflows/workshop-builder.md,githubnext__gh-aw-workshop__52a48af083fc/history.json,githubnext__gh-aw-workshop__52a48af083fc/snapshots/gh-aw-workshop__githubnext__77b7b4a71dd4544fed192eaaac30bc2ae0bb10f9__workshop-builder.md,77b7b4a71dd4544fed192eaaac30bc2ae0bb10f9,2026-07-27T05:02:39Z,en,0.999995367870266,1487,1280
githubnext/gh-aw-workshop:.github/workflows/workshop-explanatory-diagrams.md,githubnext/gh-aw-workshop,.github/workflows/workshop-explanatory-diagrams.md,githubnext__gh-aw-workshop__8f28b319f3f7/history.json,githubnext__gh-aw-workshop__8f28b319f3f7/snapshots/gh-aw-workshop__githubnext__33464a364bba517dbacafa3e736574a42d41d56b__workshop-explanatory-diagrams.md,33464a364bba517dbacafa3e736574a42d41d56b,2026-07-31T00:02:58Z,en,0.9999977053463448,1115,1146
githubnext/gh-aw-workshop:.github/workflows/workshop-link-checker.md,githubnext/gh-aw-workshop,.github/workflows/workshop-link-checker.md,githubnext__gh-aw-workshop__dae32e7d7489/history.json,githubnext__gh-aw-workshop__dae32e7d7489/snapshots/gh-aw-workshop__githubnext__964af15393f94c1cd7239080ac7e2207139848fb__workshop-link-checker.md,964af15393f94c1cd7239080ac7e2207139848fb,2026-07-14T22:45:21Z,en,0.9999963587051071,401,412
githubnext/gh-aw-workshop:.github/workflows/workshop-order-review.md,githubnext/gh-aw-workshop,.github/workflows/workshop-order-review.md,githubnext__gh-aw-workshop__5c1e55c5c3dd/history.json,githubnext__gh-aw-workshop__5c1e55c5c3dd/snapshots/gh-aw-workshop__githubnext__475fb0453b4473c751d08b5a1d5920698705ec93__workshop-order-review.md,475fb0453b4473c751d08b5a1d5920698705ec93,2026-07-29T09:13:14Z,en,0.9999972789836706,404,406
githubnext/gh-aw-workshop:.github/workflows/workshop-playwright-qa.md,githubnext/gh-aw-workshop,.github/workflows/workshop-playwright-qa.md,githubnext__gh-aw-workshop__a2bc8f28ec60/history.json,githubnext__gh-aw-workshop__a2bc8f28ec60/snapshots/gh-aw-workshop__githubnext__33464a364bba517dbacafa3e736574a42d41d56b__workshop-playwright-qa.md,33464a364bba517dbacafa3e736574a42d41d56b,2026-07-31T00:02:58Z,en,0.9999969127419213,723,758
githubnext/gh-aw-workshop:.github/workflows/workshop-skill-activity-author.md,githubnext/gh-aw-workshop,.github/workflows/workshop-skill-activity-author.md,githubnext__gh-aw-workshop__c715f7329148/history.json,githubnext__gh-aw-workshop__c715f7329148/snapshots/gh-aw-workshop__githubnext__10b73f9c1ecbec56a214aa4965db0a080c91a3e5__workshop-skill-activity-author.md,10b73f9c1ecbec56a214aa4965db0a080c91a3e5,2026-07-24T17:12:22Z,en,0.9999952836219308,385,393
githubnext/gh-aw-workshop:.github/workflows/workshop-student-simulator.md,githubnext/gh-aw-workshop,.github/workflows/workshop-student-simulator.md,githubnext__gh-aw-workshop__8294c99b9e5e/history.json,githubnext__gh-aw-workshop__8294c99b9e5e/snapshots/gh-aw-workshop__githubnext__3b4a656dde957b85f090c8c64dc90d958d113808__workshop-student-simulator.md,3b4a656dde957b85f090c8c64dc90d958d113808,2026-08-03T02:52:51Z,en,0.9999962219299694,1981,2141
githubnext/gh-aw-workshop:.github/workflows/workshop-sync-check.md,githubnext/gh-aw-workshop,.github/workflows/workshop-sync-check.md,githubnext__gh-aw-workshop__0ce0e6705a96/history.json,githubnext__gh-aw-workshop__0ce0e6705a96/snapshots/gh-aw-workshop__githubnext__6a684dea17567cdd0381b09b400682ce608391fd__workshop-sync-check.md,6a684dea17567cdd0381b09b400682ce608391fd,2026-07-31T00:12:53Z,en,0.9999978137043619,640,631
githubnext/gh-aw-workshop:.github/workflows/workshop-ui-screenshots.md,githubnext/gh-aw-workshop,.github/workflows/workshop-ui-screenshots.md,githubnext__gh-aw-workshop__1832432c4adf/history.json,githubnext__gh-aw-workshop__1832432c4adf/snapshots/gh-aw-workshop__githubnext__33464a364bba517dbacafa3e736574a42d41d56b__workshop-ui-screenshots.md,33464a364bba517dbacafa3e736574a42d41d56b,2026-07-31T00:02:58Z,en,0.999995539799253,1193,1242
globalbao/awesome-azure-policy:.github/workflows/update-azure-policy-content.md,globalbao/awesome-azure-policy,.github/workflows/update-azure-policy-content.md,globalbao__awesome-azure-policy__4982d3480b3c/history.json,globalbao__awesome-azure-policy__4982d3480b3c/snapshots/awesome-azure-policy__globalbao__92b30b571abefc0822da440925499e37a3083d77__update-azure-policy-content.md,92b30b571abefc0822da440925499e37a3083d77,2026-05-30T07:05:01Z,en,0.9999957698343789,2444,2495
guitarrapc/githubactions-lab:.github/workflows/monthly-oss-repo-status.md,guitarrapc/githubactions-lab,.github/workflows/monthly-oss-repo-status.md,guitarrapc__githubactions-lab__4b4d2871a981/history.json,guitarrapc__githubactions-lab__4b4d2871a981/snapshots/githubactions-lab__guitarrapc__693d8ad8a9c1ff6251c4d44f3b8ead17b290aa74__monthly-oss-repo-status.md,693d8ad8a9c1ff6251c4d44f3b8ead17b290aa74,2026-04-01T10:45:46Z,en,0.9999981852852057,99,95
GuyKh/iec-custom-component:.github/workflows/issue-duplicate-finder.md,GuyKh/iec-custom-component,.github/workflows/issue-duplicate-finder.md,GuyKh__iec-custom-component__682fb7acc97d/history.json,GuyKh__iec-custom-component__682fb7acc97d/snapshots/iec-custom-component__GuyKh__d71acc9d7e126a2f31b7a790bb26c30dc4ea23e3__issue-duplicate-finder.md,d71acc9d7e126a2f31b7a790bb26c30dc4ea23e3,2026-02-15T16:01:23Z,en,0.9999962929219072,374,338
Hack23/euparliamentmonitor:.github/workflows/news-breaking.md,Hack23/euparliamentmonitor,.github/workflows/news-breaking.md,Hack23__euparliamentmonitor__be1c5320bf65/history.json,Hack23__euparliamentmonitor__be1c5320bf65/snapshots/euparliamentmonitor__Hack23__e415f8dc22ca8613b03395e41633c60c27663ab4__news-breaking.md,e415f8dc22ca8613b03395e41633c60c27663ab4,2026-06-23T08:07:23Z,en,0.9999952349536158,327,108
Hack23/euparliamentmonitor:.github/workflows/news-committee-reports.md,Hack23/euparliamentmonitor,.github/workflows/news-committee-reports.md,Hack23__euparliamentmonitor__e33b9e6b70be/history.json,Hack23__euparliamentmonitor__e33b9e6b70be/snapshots/euparliamentmonitor__Hack23__e415f8dc22ca8613b03395e41633c60c27663ab4__news-committee-reports.md,e415f8dc22ca8613b03395e41633c60c27663ab4,2026-06-23T08:07:23Z,en,0.9999951914067602,452,236
Hack23/euparliamentmonitor:.github/workflows/news-election-cycle.md,Hack23/euparliamentmonitor,.github/workflows/news-election-cycle.md,Hack23__euparliamentmonitor__45c8f7921393/history.json,Hack23__euparliamentmonitor__45c8f7921393/snapshots/euparliamentmonitor__Hack23__e415f8dc22ca8613b03395e41633c60c27663ab4__news-election-cycle.md,e415f8dc22ca8613b03395e41633c60c27663ab4,2026-06-23T08:07:23Z,en,0.9999962621254865,482,277
Hack23/euparliamentmonitor:.github/workflows/news-month-ahead.md,Hack23/euparliamentmonitor,.github/workflows/news-month-ahead.md,Hack23__euparliamentmonitor__562756affdbf/history.json,Hack23__euparliamentmonitor__562756affdbf/snapshots/euparliamentmonitor__Hack23__e415f8dc22ca8613b03395e41633c60c27663ab4__news-month-ahead.md,e415f8dc22ca8613b03395e41633c60c27663ab4,2026-06-23T08:07:23Z,en,0.9999963400755777,425,212
Hack23/euparliamentmonitor:.github/workflows/news-month-in-review.md,Hack23/euparliamentmonitor,.github/workflows/news-month-in-review.md,Hack23__euparliamentmonitor__ba386bd8073f/history.json,Hack23__euparliamentmonitor__ba386bd8073f/snapshots/euparliamentmonitor__Hack23__e415f8dc22ca8613b03395e41633c60c27663ab4__news-month-in-review.md,e415f8dc22ca8613b03395e41633c60c27663ab4,2026-06-23T08:07:23Z,en,0.9999972607681384,315,98
Hack23/euparliamentmonitor:.github/workflows/news-motions.md,Hack23/euparliamentmonitor,.github/workflows/news-motions.md,Hack23__euparliamentmonitor__0631d272b403/history.json,Hack23__euparliamentmonitor__0631d272b403/snapshots/euparliamentmonitor__Hack23__e415f8dc22ca8613b03395e41633c60c27663ab4__news-motions.md,e415f8dc22ca8613b03395e41633c60c27663ab4,2026-06-23T08:07:23Z,en,0.9999943691705786,295,86
Hack23/euparliamentmonitor:.github/workflows/news-propositions.md,Hack23/euparliamentmonitor,.github/workflows/news-propositions.md,Hack23__euparliamentmonitor__2b2b24abd974/history.json,Hack23__euparliamentmonitor__2b2b24abd974/snapshots/euparliamentmonitor__Hack23__e415f8dc22ca8613b03395e41633c60c27663ab4__news-propositions.md,e415f8dc22ca8613b03395e41633c60c27663ab4,2026-06-23T08:07:23Z,en,0.9999988286992633,284,76
Hack23/euparliamentmonitor:.github/workflows/news-quarter-ahead.md,Hack23/euparliamentmonitor,.github/workflows/news-quarter-ahead.md,Hack23__euparliamentmonitor__329481b4e732/history.json,Hack23__euparliamentmonitor__329481b4e732/snapshots/euparliamentmonitor__Hack23__e415f8dc22ca8613b03395e41633c60c27663ab4__news-quarter-ahead.md,e415f8dc22ca8613b03395e41633c60c27663ab4,2026-06-23T08:07:23Z,en,0.9999955270652824,426,209
Hack23/euparliamentmonitor:.github/workflows/news-quarter-in-review.md,Hack23/euparliamentmonitor,.github/workflows/news-quarter-in-review.md,Hack23__euparliamentmonitor__8bf0f3d0fc31/history.json,Hack23__euparliamentmonitor__8bf0f3d0fc31/snapshots/euparliamentmonitor__Hack23__e415f8dc22ca8613b03395e41633c60c27663ab4__news-quarter-in-review.md,e415f8dc22ca8613b03395e41633c60c27663ab4,2026-06-23T08:07:23Z,en,0.9999978708172076,407,189
Hack23/euparliamentmonitor:.github/workflows/news-term-outlook.md,Hack23/euparliamentmonitor,.github/workflows/news-term-outlook.md,Hack23__euparliamentmonitor__32179b842eea/history.json,Hack23__euparliamentmonitor__32179b842eea/snapshots/euparliamentmonitor__Hack23__e415f8dc22ca8613b03395e41633c60c27663ab4__news-term-outlook.md,e415f8dc22ca8613b03395e41633c60c27663ab4,2026-06-23T08:07:23Z,en,0.999995023568172,409,192
Hack23/euparliamentmonitor:.github/workflows/news-translate.md,Hack23/euparliamentmonitor,.github/workflows/news-translate.md,Hack23__euparliamentmonitor__deef1569be4c/history.json,Hack23__euparliamentmonitor__deef1569be4c/snapshots/euparliamentmonitor__Hack23__e415f8dc22ca8613b03395e41633c60c27663ab4__news-translate.md,e415f8dc22ca8613b03395e41633c60c27663ab4,2026-06-23T08:07:23Z,en,0.9999968074649594,2532,2479
Hack23/euparliamentmonitor:.github/workflows/news-week-ahead.md,Hack23/euparliamentmonitor,.github/workflows/news-week-ahead.md,Hack23__euparliamentmonitor__8bd82baa9a5e/history.json,Hack23__euparliamentmonitor__8bd82baa9a5e/snapshots/euparliamentmonitor__Hack23__e415f8dc22ca8613b03395e41633c60c27663ab4__news-week-ahead.md,e415f8dc22ca8613b03395e41633c60c27663ab4,2026-06-23T08:07:23Z,en,0.9999965639257075,445,248
Hack23/euparliamentmonitor:.github/workflows/news-week-in-review.md,Hack23/euparliamentmonitor,.github/workflows/news-week-in-review.md,Hack23__euparliamentmonitor__f1bb3c753fe6/history.json,Hack23__euparliamentmonitor__f1bb3c753fe6/snapshots/euparliamentmonitor__Hack23__e415f8dc22ca8613b03395e41633c60c27663ab4__news-week-in-review.md,e415f8dc22ca8613b03395e41633c60c27663ab4,2026-06-23T08:07:23Z,en,0.9999974543080942,454,234
Hack23/euparliamentmonitor:.github/workflows/news-year-ahead.md,Hack23/euparliamentmonitor,.github/workflows/news-year-ahead.md,Hack23__euparliamentmonitor__37d4789e6445/history.json,Hack23__euparliamentmonitor__37d4789e6445/snapshots/euparliamentmonitor__Hack23__e415f8dc22ca8613b03395e41633c60c27663ab4__news-year-ahead.md,e415f8dc22ca8613b03395e41633c60c27663ab4,2026-06-23T08:07:23Z,en,0.9999980037033264,415,206
Hack23/euparliamentmonitor:.github/workflows/news-year-in-review.md,Hack23/euparliamentmonitor,.github/workflows/news-year-in-review.md,Hack23__euparliamentmonitor__33d2ad0fe152/history.json,Hack23__euparliamentmonitor__33d2ad0fe152/snapshots/euparliamentmonitor__Hack23__e415f8dc22ca8613b03395e41633c60c27663ab4__news-year-in-review.md,e415f8dc22ca8613b03395e41633c60c27663ab4,2026-06-23T08:07:23Z,en,0.9999953947599334,392,180
Hack23/riksdagsmonitor:.github/workflows/news-committee-reports.md,Hack23/riksdagsmonitor,.github/workflows/news-committee-reports.md,Hack23__riksdagsmonitor__384dc29ee6f6/history.json,Hack23__riksdagsmonitor__384dc29ee6f6/snapshots/riksdagsmonitor__Hack23__18461d77f83dbce1774875fa4683773d5664bdb6__news-committee-reports.md,18461d77f83dbce1774875fa4683773d5664bdb6,2026-07-23T18:25:01Z,en,0.9999981864706531,582,513
Hack23/riksdagsmonitor:.github/workflows/news-election-cycle.md,Hack23/riksdagsmonitor,.github/workflows/news-election-cycle.md,Hack23__riksdagsmonitor__854040733a7e/history.json,Hack23__riksdagsmonitor__854040733a7e/snapshots/riksdagsmonitor__Hack23__18461d77f83dbce1774875fa4683773d5664bdb6__news-election-cycle.md,18461d77f83dbce1774875fa4683773d5664bdb6,2026-07-23T18:25:01Z,en,0.9999957896671855,785,728
Hack23/riksdagsmonitor:.github/workflows/news-evening-analysis.md,Hack23/riksdagsmonitor,.github/workflows/news-evening-analysis.md,Hack23__riksdagsmonitor__e09ab9cd3739/history.json,Hack23__riksdagsmonitor__e09ab9cd3739/snapshots/riksdagsmonitor__Hack23__18461d77f83dbce1774875fa4683773d5664bdb6__news-evening-analysis.md,18461d77f83dbce1774875fa4683773d5664bdb6,2026-07-23T18:25:01Z,en,0.9999990023039054,597,529
Hack23/riksdagsmonitor:.github/workflows/news-interpellations.md,Hack23/riksdagsmonitor,.github/workflows/news-interpellations.md,Hack23__riksdagsmonitor__c4ab9254f78a/history.json,Hack23__riksdagsmonitor__c4ab9254f78a/snapshots/riksdagsmonitor__Hack23__18461d77f83dbce1774875fa4683773d5664bdb6__news-interpellations.md,18461d77f83dbce1774875fa4683773d5664bdb6,2026-07-23T18:25:01Z,en,0.9999972097823098,598,532
Hack23/riksdagsmonitor:.github/workflows/news-month-ahead.md,Hack23/riksdagsmonitor,.github/workflows/news-month-ahead.md,Hack23__riksdagsmonitor__524ed84d7664/history.json,Hack23__riksdagsmonitor__524ed84d7664/snapshots/riksdagsmonitor__Hack23__18461d77f83dbce1774875fa4683773d5664bdb6__news-month-ahead.md,18461d77f83dbce1774875fa4683773d5664bdb6,2026-07-23T18:25:01Z,en,0.9999971160419713,655,589
Hack23/riksdagsmonitor:.github/workflows/news-monthly-review.md,Hack23/riksdagsmonitor,.github/workflows/news-monthly-review.md,Hack23__riksdagsmonitor__d2060081d19e/history.json,Hack23__riksdagsmonitor__d2060081d19e/snapshots/riksdagsmonitor__Hack23__18461d77f83dbce1774875fa4683773d5664bdb6__news-monthly-review.md,18461d77f83dbce1774875fa4683773d5664bdb6,2026-07-23T18:25:01Z,en,0.9999962688427135,597,529
Hack23/riksdagsmonitor:.github/workflows/news-motions.md,Hack23/riksdagsmonitor,.github/workflows/news-motions.md,Hack23__riksdagsmonitor__eb13ba9a1364/history.json,Hack23__riksdagsmonitor__eb13ba9a1364/snapshots/riksdagsmonitor__Hack23__18461d77f83dbce1774875fa4683773d5664bdb6__news-motions.md,18461d77f83dbce1774875fa4683773d5664bdb6,2026-07-23T18:25:01Z,en,0.9999961073615039,581,512
Hack23/riksdagsmonitor:.github/workflows/news-propositions.md,Hack23/riksdagsmonitor,.github/workflows/news-propositions.md,Hack23__riksdagsmonitor__d67f6d3c0052/history.json,Hack23__riksdagsmonitor__d67f6d3c0052/snapshots/riksdagsmonitor__Hack23__18461d77f83dbce1774875fa4683773d5664bdb6__news-propositions.md,18461d77f83dbce1774875fa4683773d5664bdb6,2026-07-23T18:25:01Z,en,0.9999960748199598,655,592
Hack23/riksdagsmonitor:.github/workflows/news-quarter-ahead.md,Hack23/riksdagsmonitor,.github/workflows/news-quarter-ahead.md,Hack23__riksdagsmonitor__04f36ae015e2/history.json,Hack23__riksdagsmonitor__04f36ae015e2/snapshots/riksdagsmonitor__Hack23__18461d77f83dbce1774875fa4683773d5664bdb6__news-quarter-ahead.md,18461d77f83dbce1774875fa4683773d5664bdb6,2026-07-23T18:25:01Z,en,0.9999947767549711,565,502
Hack23/riksdagsmonitor:.github/workflows/news-realtime-monitor.md,Hack23/riksdagsmonitor,.github/workflows/news-realtime-monitor.md,Hack23__riksdagsmonitor__fc05b8e5062e/history.json,Hack23__riksdagsmonitor__fc05b8e5062e/snapshots/riksdagsmonitor__Hack23__18461d77f83dbce1774875fa4683773d5664bdb6__news-realtime-monitor.md,18461d77f83dbce1774875fa4683773d5664bdb6,2026-07-23T18:25:01Z,en,0.9999962620679161,597,529
Hack23/riksdagsmonitor:.github/workflows/news-translate.md,Hack23/riksdagsmonitor,.github/workflows/news-translate.md,Hack23__riksdagsmonitor__d40f7a08d56b/history.json,Hack23__riksdagsmonitor__d40f7a08d56b/snapshots/riksdagsmonitor__Hack23__18461d77f83dbce1774875fa4683773d5664bdb6__news-translate.md,18461d77f83dbce1774875fa4683773d5664bdb6,2026-07-23T18:25:01Z,en,0.9999960311720106,1937,1749
Hack23/riksdagsmonitor:.github/workflows/news-week-ahead.md,Hack23/riksdagsmonitor,.github/workflows/news-week-ahead.md,Hack23__riksdagsmonitor__a007c83a03b4/history.json,Hack23__riksdagsmonitor__a007c83a03b4/snapshots/riksdagsmonitor__Hack23__18461d77f83dbce1774875fa4683773d5664bdb6__news-week-ahead.md,18461d77f83dbce1774875fa4683773d5664bdb6,2026-07-23T18:25:01Z,en,0.9999957638149178,597,529
Hack23/riksdagsmonitor:.github/workflows/news-weekly-review.md,Hack23/riksdagsmonitor,.github/workflows/news-weekly-review.md,Hack23__riksdagsmonitor__ccd4d84a9509/history.json,Hack23__riksdagsmonitor__ccd4d84a9509/snapshots/riksdagsmonitor__Hack23__18461d77f83dbce1774875fa4683773d5664bdb6__news-weekly-review.md,18461d77f83dbce1774875fa4683773d5664bdb6,2026-07-23T18:25:01Z,en,0.9999953819040199,597,529
Hack23/riksdagsmonitor:.github/workflows/news-year-ahead.md,Hack23/riksdagsmonitor,.github/workflows/news-year-ahead.md,Hack23__riksdagsmonitor__c0b8b4ea4b3d/history.json,Hack23__riksdagsmonitor__c0b8b4ea4b3d/snapshots/riksdagsmonitor__Hack23__18461d77f83dbce1774875fa4683773d5664bdb6__news-year-ahead.md,18461d77f83dbce1774875fa4683773d5664bdb6,2026-07-23T18:25:01Z,en,0.9999973356919769,609,585
harvester/harvester:.github/workflows/component-upgrade-risk-profile.md,harvester/harvester,.github/workflows/component-upgrade-risk-profile.md,harvester__harvester__98a07c91fb84/history.json,harvester__harvester__98a07c91fb84/snapshots/harvester__harvester__64acc488b959965065d4f9c40840ad7b9bbc1e25__component-upgrade-risk-profile.md,64acc488b959965065d4f9c40840ad7b9bbc1e25,2026-07-28T04:36:31Z,en,0.9999984802531798,1234,1179
hatch3r/hatch3r:.github/workflows/generate-docusaurus-docs.md,hatch3r/hatch3r,.github/workflows/generate-docusaurus-docs.md,hatch3r__hatch3r__2a6eb399a31c/history.json,hatch3r__hatch3r__2a6eb399a31c/snapshots/hatch3r__hatch3r__cd72ff650f126c9d2b405684fed1882f1473f3a0__generate-docusaurus-docs.md,cd72ff650f126c9d2b405684fed1882f1473f3a0,2026-03-02T06:54:18Z,en,0.9999975495485648,688,536
henrybravo/docker-sandbox-run-copilot:.github/workflows/check-copilot-version.md,henrybravo/docker-sandbox-run-copilot,.github/workflows/check-copilot-version.md,henrybravo__docker-sandbox-run-copilot__36b2449c4566/history.json,henrybravo__docker-sandbox-run-copilot__36b2449c4566/snapshots/docker-sandbox-run-copilot__henrybravo__9723ff8fb033c9d8dcb3299f41b817f67910d6cd__check-copilot-version.md,9723ff8fb033c9d8dcb3299f41b817f67910d6cd,2026-04-11T07:14:58Z,en,0.9999961159511154,260,239
home-assistant/core:.github/workflows/check-requirements.md,home-assistant/core,.github/workflows/check-requirements.md,home-assistant__core__d2132d9d962b/history.json,home-assistant__core__d2132d9d962b/snapshots/core__home-assistant__628989846c84c922bdab0e589a98fc78235a4163__check-requirements.md,628989846c84c922bdab0e589a98fc78235a4163,2026-08-03T16:15:25Z,en,0.9999973579857363,1464,1645
homeles/RunWatch:.github/workflows/metrics-collector.md,homeles/RunWatch,.github/workflows/metrics-collector.md,homeles__RunWatch__ed8139101c60/history.json,homeles__RunWatch__ed8139101c60/snapshots/RunWatch__homeles__4de080ae8b2554f3393671c9b4f2a3711dbc81a7__metrics-collector.md,4de080ae8b2554f3393671c9b4f2a3711dbc81a7,2026-03-04T21:45:57Z,en,0.9999955242107607,792,750
htekdev/vidpipe:.github/workflows/issue-triage.md,htekdev/vidpipe,.github/workflows/issue-triage.md,htekdev__vidpipe__971dfdbda77f/history.json,htekdev__vidpipe__971dfdbda77f/snapshots/vidpipe__htekdev__b6cb2cc29d655502ce55f3de2723158ef6c81a02__issue-triage.md,b6cb2cc29d655502ce55f3de2723158ef6c81a02,2026-03-11T20:52:32Z,en,0.999997783279418,887,796
htekdev/vidpipe:.github/workflows/pr-triage.md,htekdev/vidpipe,.github/workflows/pr-triage.md,htekdev__vidpipe__0720502dc9b0/history.json,htekdev__vidpipe__0720502dc9b0/snapshots/vidpipe__htekdev__83af5f1eb060e257ee40980585313fde0c65c081__pr-triage.md,83af5f1eb060e257ee40980585313fde0c65c081,2026-03-11T20:56:11Z,en,0.9999969106582027,636,615
iamnbutler/gpui-unofficial:.github/workflows/ci-fix.md,iamnbutler/gpui-unofficial,.github/workflows/ci-fix.md,iamnbutler__gpui-unofficial__01f82c30ed49/history.json,iamnbutler__gpui-unofficial__01f82c30ed49/snapshots/gpui-unofficial__iamnbutler__0b00946a1119330820b49958558244dfd1ff4078__ci-fix.md,0b00946a1119330820b49958558244dfd1ff4078,2026-04-17T14:18:05Z,en,0.999995576704936,447,468
iamnbutler/sol-ui:.github/workflows/daily-perf-improver.md,iamnbutler/sol-ui,.github/workflows/daily-perf-improver.md,iamnbutler__sol-ui__7b608e9007d6/history.json,iamnbutler__sol-ui__7b608e9007d6/snapshots/sol-ui__iamnbutler__92e31de790512448d050c8c1817d6e69f85b0262__daily-perf-improver.md,92e31de790512448d050c8c1817d6e69f85b0262,2025-08-26T19:41:50Z,en,0.9999963540308359,1495,1498
iamnbutler/sol-ui:.github/workflows/daily-test-improver.md,iamnbutler/sol-ui,.github/workflows/daily-test-improver.md,iamnbutler__sol-ui__267790904f90/history.json,iamnbutler__sol-ui__267790904f90/snapshots/sol-ui__iamnbutler__92e31de790512448d050c8c1817d6e69f85b0262__daily-test-improver.md,92e31de790512448d050c8c1817d6e69f85b0262,2025-08-26T19:41:50Z,en,0.9999976897085285,1210,1218
inference-sh/shadcn-registry:.github/workflows/code-review.md,inference-sh/shadcn-registry,.github/workflows/code-review.md,inference-sh__shadcn-registry__9020f52edcd3/history.json,inference-sh__shadcn-registry__9020f52edcd3/snapshots/shadcn-registry__inference-sh__fdb6a9ec35c374a30d5abf18b7791a01f592846b__code-review.md,fdb6a9ec35c374a30d5abf18b7791a01f592846b,2026-05-19T08:13:55Z,en,0.9999951069887082,102,84
intent-integrity-chain/kit:.github/workflows/review-anthropic.md,intent-integrity-chain/kit,.github/workflows/review-anthropic.md,intent-integrity-chain__kit__49b14b83c831/history.json,intent-integrity-chain__kit__49b14b83c831/snapshots/kit__intent-integrity-chain__ae87bb9e28d72c0ac2e067d5ff917af34c2d00c9__review-anthropic.md,ae87bb9e28d72c0ac2e067d5ff917af34c2d00c9,2026-06-02T08:35:34Z,en,0.9999963250913213,926,978
intent-integrity-chain/kit:.github/workflows/review-openai.md,intent-integrity-chain/kit,.github/workflows/review-openai.md,intent-integrity-chain__kit__4400eafd39c5/history.json,intent-integrity-chain__kit__4400eafd39c5/snapshots/kit__intent-integrity-chain__ae87bb9e28d72c0ac2e067d5ff917af34c2d00c9__review-openai.md,ae87bb9e28d72c0ac2e067d5ff917af34c2d00c9,2026-06-02T08:35:34Z,en,0.9999981822343414,1190,1262
jamesmontemagno/ohmyposh-configurator:.github/workflows/create-theme-contribution-pr.md,jamesmontemagno/ohmyposh-configurator,.github/workflows/create-theme-contribution-pr.md,jamesmontemagno__ohmyposh-configurator__b09b5277ef5a/history.json,jamesmontemagno__ohmyposh-configurator__b09b5277ef5a/snapshots/ohmyposh-configurator__jamesmontemagno__ed8b95944a0bb018cb2e639d05835bf7cbd62a8c__create-theme-contribution-pr.md,ed8b95944a0bb018cb2e639d05835bf7cbd62a8c,2026-08-03T00:05:38Z,en,0.9999963434820768,307,333
jamesmontemagno/ohmyposh-configurator:.github/workflows/weekly-segment-sync.md,jamesmontemagno/ohmyposh-configurator,.github/workflows/weekly-segment-sync.md,jamesmontemagno__ohmyposh-configurator__3c3682439de2/history.json,jamesmontemagno__ohmyposh-configurator__3c3682439de2/snapshots/ohmyposh-configurator__jamesmontemagno__c426ec206d3d236899a333f9a0dc5842f0e5cc7c__weekly-segment-sync.md,c426ec206d3d236899a333f9a0dc5842f0e5cc7c,2026-08-01T13:43:22Z,en,0.9999958212075963,177,180
jamesmontemagno/tiny-clips:.github/workflows/weekly-feature-parity.md,jamesmontemagno/tiny-clips,.github/workflows/weekly-feature-parity.md,jamesmontemagno__tiny-clips__22e270877e33/history.json,jamesmontemagno__tiny-clips__22e270877e33/snapshots/tiny-clips__jamesmontemagno__95d0409de7484501ca38a33b91ded2607230643c__weekly-feature-parity.md,95d0409de7484501ca38a33b91ded2607230643c,2026-07-10T05:38:00Z,en,0.999993906074833,281,284
JKamsker/JKToolKit.CodexSDK:.github/workflows/codex-sdk-parity-coderabbit-fix.md,JKamsker/JKToolKit.CodexSDK,.github/workflows/codex-sdk-parity-coderabbit-fix.md,JKamsker__JKToolKit.CodexSDK__13b7fd6685f0/history.json,JKamsker__JKToolKit.CodexSDK__13b7fd6685f0/snapshots/JKToolKit.CodexSDK__JKamsker__8d68c76b3f8d3f8a05f4735695690701469d9b7e__codex-sdk-parity-coderabbit-fix.md,8d68c76b3f8d3f8a05f4735695690701469d9b7e,2026-06-28T17:47:15Z,en,0.9999977967077989,419,421
JKamsker/JKToolKit.CodexSDK:.github/workflows/codex-sdk-parity-pass.md,JKamsker/JKToolKit.CodexSDK,.github/workflows/codex-sdk-parity-pass.md,JKamsker__JKToolKit.CodexSDK__e520cf886276/history.json,JKamsker__JKToolKit.CodexSDK__e520cf886276/snapshots/JKToolKit.CodexSDK__JKamsker__9c6b1ede5901a0eb781ab9bd1e409ce28fc93df7__codex-sdk-parity-pass.md,9c6b1ede5901a0eb781ab9bd1e409ce28fc93df7,2026-07-09T23:07:25Z,en,0.9999964483388205,790,823
jonathanpeppers/dotnes:.github/workflows/dotnes-reviewer.md,jonathanpeppers/dotnes,.github/workflows/dotnes-reviewer.md,jonathanpeppers__dotnes__8f3aa919f04a/history.json,jonathanpeppers__dotnes__8f3aa919f04a/snapshots/dotnes__jonathanpeppers__61748a0016494801effa400b360a9412b850b5ee__dotnes-reviewer.md,61748a0016494801effa400b360a9412b850b5ee,2026-07-15T19:40:35Z,en,0.9999970323559966,270,282
Josverl/micropython-stubs:.github/workflows/quality-issue-triage.md,Josverl/micropython-stubs,.github/workflows/quality-issue-triage.md,Josverl__micropython-stubs__f47ea75d380f/history.json,Josverl__micropython-stubs__f47ea75d380f/snapshots/micropython-stubs__Josverl__08552b799ef9aa46bd2a64fed14a817d9095df53__quality-issue-triage.md,08552b799ef9aa46bd2a64fed14a817d9095df53,2026-05-10T17:36:01Z,en,0.9999966573408644,556,581
jurre/huebar:.github/workflows/code-review.md,jurre/huebar,.github/workflows/code-review.md,jurre__huebar__99342769724d/history.json,jurre__huebar__99342769724d/snapshots/huebar__jurre__fae2b1bbcc974ae523b463acdb3cda5cda7c4e10__code-review.md,fae2b1bbcc974ae523b463acdb3cda5cda7c4e10,2026-02-15T20:51:58Z,en,0.9999965480849891,383,378
jurre/huebar:.github/workflows/release-notes.md,jurre/huebar,.github/workflows/release-notes.md,jurre__huebar__2c2ac0aa60fd/history.json,jurre__huebar__2c2ac0aa60fd/snapshots/huebar__jurre__fae2b1bbcc974ae523b463acdb3cda5cda7c4e10__release-notes.md,fae2b1bbcc974ae523b463acdb3cda5cda7c4e10,2026-02-15T20:51:58Z,en,0.9999962049351067,135,117
kaito-tokyo/live-backgroundremoval-lite:.github/workflows/validate-pr.md,kaito-tokyo/live-backgroundremoval-lite,.github/workflows/validate-pr.md,kaito-tokyo__live-backgroundremoval-lite__9f345694fc83/history.json,kaito-tokyo__live-backgroundremoval-lite__9f345694fc83/snapshots/live-backgroundremoval-lite__kaito-tokyo__93c010ef0ed12b2393056ac952a0ec2f25ca4e75__validate-pr.md,93c010ef0ed12b2393056ac952a0ec2f25ca4e75,2026-04-13T21:07:16Z,en,0.9999975223316477,245,252
Keboo/DotnetTemplates:.github/workflows/update-dependencies.md,Keboo/DotnetTemplates,.github/workflows/update-dependencies.md,Keboo__DotnetTemplates__a6d32bda7e9c/history.json,Keboo__DotnetTemplates__a6d32bda7e9c/snapshots/DotnetTemplates__Keboo__73e0e5b562c756088fd528d8352d09f243747300__update-dependencies.md,73e0e5b562c756088fd528d8352d09f243747300,2026-07-23T05:29:09Z,en,0.9999974472954015,400,411
Kong/kongctl:.github/workflows/benchmark-regression-analysis.md,Kong/kongctl,.github/workflows/benchmark-regression-analysis.md,Kong__kongctl__436a430e7eec/history.json,Kong__kongctl__436a430e7eec/snapshots/kongctl__Kong__7e96c3097583958968fcede249b175bef8bb88dc__benchmark-regression-analysis.md,7e96c3097583958968fcede249b175bef8bb88dc,2026-05-26T17:12:18Z,en,0.9999964048913698,450,473
Kong/kongctl:.github/workflows/e2e-coverage-scanner.md,Kong/kongctl,.github/workflows/e2e-coverage-scanner.md,Kong__kongctl__b8bd24adc82d/history.json,Kong__kongctl__b8bd24adc82d/snapshots/kongctl__Kong__b43ccba31548d8778bffbca802a248032b097742__e2e-coverage-scanner.md,b43ccba31548d8778bffbca802a248032b097742,2026-06-05T15:41:02Z,en,0.9999960872976044,1573,1614
Kong/kongctl:.github/workflows/kongctl-feature-user-agent.md,Kong/kongctl,.github/workflows/kongctl-feature-user-agent.md,Kong__kongctl__9d3ac6ede2b6/history.json,Kong__kongctl__9d3ac6ede2b6/snapshots/kongctl__Kong__1a025163b2c19b034fc08e6633e34d712e86ee32__kongctl-feature-user-agent.md,1a025163b2c19b034fc08e6633e34d712e86ee32,2026-07-08T14:38:51Z,en,0.9999986818000318,2203,2321
Kong/kongctl:.github/workflows/release.md,Kong/kongctl,.github/workflows/release.md,Kong__kongctl__40a68688075d/history.json,Kong__kongctl__40a68688075d/snapshots/kongctl__Kong__1420225c42e4179399cc27b7e25f87beda87ef90__release.md,1420225c42e4179399cc27b7e25f87beda87ef90,2026-07-16T18:49:52Z,en,0.9999950582041616,511,502
kubestellar/console:.github/workflows/auto-triage.md,kubestellar/console,.github/workflows/auto-triage.md,kubestellar__console__e53158e4fc68/history.json,kubestellar__console__e53158e4fc68/snapshots/console__kubestellar__2432c7b78891238f33065321541e640690c7f669__auto-triage.md,2432c7b78891238f33065321541e640690c7f669,2026-06-24T20:48:03Z,en,0.9999972331251381,121,117
kubestellar/console:.github/workflows/implement-fix.md,kubestellar/console,.github/workflows/implement-fix.md,kubestellar__console__9d5c419dc270/history.json,kubestellar__console__9d5c419dc270/snapshots/console__kubestellar__2432c7b78891238f33065321541e640690c7f669__implement-fix.md,2432c7b78891238f33065321541e640690c7f669,2026-06-24T20:48:03Z,en,0.9999967880692586,315,308
kubestellar/docs:.github/workflows/maintainer-metrics.md,kubestellar/docs,.github/workflows/maintainer-metrics.md,kubestellar__docs__78bba6b39c79/history.json,kubestellar__docs__78bba6b39c79/snapshots/docs__kubestellar__2c6c74b4bd2173817025e45883143d3fe66f7fca__maintainer-metrics.md,2c6c74b4bd2173817025e45883143d3fe66f7fca,2026-05-28T07:53:27Z,en,0.9999971384800492,963,980
kubestellar/docs:.github/workflows/technical-doc-writer.md,kubestellar/docs,.github/workflows/technical-doc-writer.md,kubestellar__docs__df50b3d7ac30/history.json,kubestellar__docs__df50b3d7ac30/snapshots/docs__kubestellar__f2de3b465fc1a5b90ce11354faed9aa497a69ef8__technical-doc-writer.md,f2de3b465fc1a5b90ce11354faed9aa497a69ef8,2026-05-04T15:11:48Z,en,0.9999964753778416,596,563
KunalSin9h/meltcd:.github/workflows/new.md,KunalSin9h/meltcd,.github/workflows/new.md,KunalSin9h__meltcd__df365e505b74/history.json,KunalSin9h__meltcd__df365e505b74/snapshots/meltcd__KunalSin9h__c28d3aaa87ddf2ba0d018999b8d80d7085f68a9f__new.md,c28d3aaa87ddf2ba0d018999b8d80d7085f68a9f,2026-02-27T06:34:23Z,en,0.9999953894481353,26,23
KunalSin9h/meltcd:.github/workflows/safedep-on-pr.md,KunalSin9h/meltcd,.github/workflows/safedep-on-pr.md,KunalSin9h__meltcd__6b62d68981f7/history.json,KunalSin9h__meltcd__6b62d68981f7/snapshots/meltcd__KunalSin9h__4be5787fb8a95d1c95c93ad7e0ba5615df1b5fd7__safedep-on-pr.md,4be5787fb8a95d1c95c93ad7e0ba5615df1b5fd7,2026-02-27T06:20:44Z,insufficient,0.0,7,7
lablup/backend.ai-webui:.github/workflows/e2e-healer.md,lablup/backend.ai-webui,.github/workflows/e2e-healer.md,lablup__backend.ai-webui__55ecfb6b4214/history.json,lablup__backend.ai-webui__55ecfb6b4214/snapshots/backend.ai-webui__lablup__4f5711e5ce1fe6bed98852b5707491b7e12bf7c6__e2e-healer.md,4f5711e5ce1fe6bed98852b5707491b7e12bf7c6,2026-06-14T11:28:53Z,en,0.9999964773083903,396,397
lablup/backend.ai-webui:.github/workflows/e2e-watchdog.md,lablup/backend.ai-webui,.github/workflows/e2e-watchdog.md,lablup__backend.ai-webui__4287406cedd1/history.json,lablup__backend.ai-webui__4287406cedd1/snapshots/backend.ai-webui__lablup__4f5711e5ce1fe6bed98852b5707491b7e12bf7c6__e2e-watchdog.md,4f5711e5ce1fe6bed98852b5707491b7e12bf7c6,2026-06-14T11:28:53Z,en,0.9999976254671188,370,371
lablup/backend.ai-webui:.github/workflows/storybook-coverage-checker.md,lablup/backend.ai-webui,.github/workflows/storybook-coverage-checker.md,lablup__backend.ai-webui__1e745fd3807a/history.json,lablup__backend.ai-webui__1e745fd3807a/snapshots/backend.ai-webui__lablup__1c047052d2ea45fb2bc018584215560384bd154b__storybook-coverage-checker.md,1c047052d2ea45fb2bc018584215560384bd154b,2026-07-07T02:32:41Z,en,0.9999964749640549,372,368
langfuse/langfuse:.github/workflows/ci-runtime-analyst.md,langfuse/langfuse,.github/workflows/ci-runtime-analyst.md,langfuse__langfuse__f40241983de6/history.json,langfuse__langfuse__f40241983de6/snapshots/langfuse__langfuse__6b5ef25e7e18439a1b0dffd00130aaaa585550da__ci-runtime-analyst.md,6b5ef25e7e18439a1b0dffd00130aaaa585550da,2026-07-30T16:30:33Z,en,0.999998174644274,3727,3817
LionSR/TNLean:.github/workflows/docs-blueprint-sync.md,LionSR/TNLean,.github/workflows/docs-blueprint-sync.md,LionSR__TNLean__74b6439e2ad8/history.json,LionSR__TNLean__74b6439e2ad8/snapshots/TNLean__LionSR__36d80ef44543f3666201afbf02a35d6547b6844e__docs-blueprint-sync.md,36d80ef44543f3666201afbf02a35d6547b6844e,2026-06-20T23:17:14Z,en,0.9999952933915565,369,376
lostindark/DriverStoreExplorer:.github/workflows/release-highlights.md,lostindark/DriverStoreExplorer,.github/workflows/release-highlights.md,lostindark__DriverStoreExplorer__50f3081eb0bd/history.json,lostindark__DriverStoreExplorer__50f3081eb0bd/snapshots/DriverStoreExplorer__lostindark__7ac6df1221518568224180b59553192f03cc3972__release-highlights.md,7ac6df1221518568224180b59553192f03cc3972,2026-03-31T06:53:41Z,en,0.9999981430490581,467,457
MaggieAppleton/maggieappleton.com-V3:.github/workflows/code-quality-improver.md,MaggieAppleton/maggieappleton.com-V3,.github/workflows/code-quality-improver.md,MaggieAppleton__maggieappleton.com-V3__301e041b4fb1/history.json,MaggieAppleton__maggieappleton.com-V3__301e041b4fb1/snapshots/maggieappleton.com-V3__MaggieAppleton__6bd55a3624fb480d794b235b00659f6400075781__code-quality-improver.md,6bd55a3624fb480d794b235b00659f6400075781,2026-02-25T10:22:01Z,en,0.9999971864743684,438,445
MaggieAppleton/maggieappleton.com-V3:.github/workflows/draft-research.md,MaggieAppleton/maggieappleton.com-V3,.github/workflows/draft-research.md,MaggieAppleton__maggieappleton.com-V3__ce5c1f1d1b3e/history.json,MaggieAppleton__maggieappleton.com-V3__ce5c1f1d1b3e/snapshots/maggieappleton.com-V3__MaggieAppleton__b987ad6c652f75f806a60c02ce2b1614b20ad5fd__draft-research.md,b987ad6c652f75f806a60c02ce2b1614b20ad5fd,2026-05-01T08:45:22Z,en,0.999997763572994,807,797
MaggieAppleton/maggieappleton.com-V3:.github/workflows/implementer.md,MaggieAppleton/maggieappleton.com-V3,.github/workflows/implementer.md,MaggieAppleton__maggieappleton.com-V3__de2a75e2379a/history.json,MaggieAppleton__maggieappleton.com-V3__de2a75e2379a/snapshots/maggieappleton.com-V3__MaggieAppleton__f2d2769b70efb0f75cde609d2da186f2bbcf19a4__implementer.md,f2d2769b70efb0f75cde609d2da186f2bbcf19a4,2026-04-25T14:29:45Z,en,0.999997372302971,309,309
MaggieAppleton/maggieappleton.com-V3:.github/workflows/planner.md,MaggieAppleton/maggieappleton.com-V3,.github/workflows/planner.md,MaggieAppleton__maggieappleton.com-V3__720e7f51cd1f/history.json,MaggieAppleton__maggieappleton.com-V3__720e7f51cd1f/snapshots/maggieappleton.com-V3__MaggieAppleton__cd4542cd737035def3cd2c0e5aa82cdca8d4427e__planner.md,cd4542cd737035def3cd2c0e5aa82cdca8d4427e,2026-05-01T08:29:20Z,en,0.9999962442835455,399,400
meshery/meshery:.github/workflows/pull-request-reviewer.md,meshery/meshery,.github/workflows/pull-request-reviewer.md,meshery__meshery__f73d33a84104/history.json,meshery__meshery__f73d33a84104/snapshots/meshery__meshery__e4a48d8b88ab4c2e5e9cdac83dc2ac1bafe30239__pull-request-reviewer.md,e4a48d8b88ab4c2e5e9cdac83dc2ac1bafe30239,2026-05-15T00:19:43Z,en,0.9999975570401698,22,22
meteostat/meteostat:.github/workflows/bug-reproducer.md,meteostat/meteostat,.github/workflows/bug-reproducer.md,meteostat__meteostat__95fe5e7b855d/history.json,meteostat__meteostat__95fe5e7b855d/snapshots/meteostat__meteostat__27f17ce94033c3917bf77a66a52d8e68481bb43d__bug-reproducer.md,27f17ce94033c3917bf77a66a52d8e68481bb43d,2026-02-14T18:12:12Z,en,0.9999984253557489,564,547
microsoft/agent-framework-go:.github/workflows/dotnet-code-portability-nightly.md,microsoft/agent-framework-go,.github/workflows/dotnet-code-portability-nightly.md,microsoft__agent-framework-go__75e42e1c8d8d/history.json,microsoft__agent-framework-go__75e42e1c8d8d/snapshots/agent-framework-go__microsoft__a55fb3ec877409f92b3c0d1cffd0504ab95af354__dotnet-code-portability-nightly.md,a55fb3ec877409f92b3c0d1cffd0504ab95af354,2026-07-29T16:37:53Z,en,0.9999960479059866,340,343
microsoft/agent-framework-go:.github/workflows/dotnet-port-api-nightly.md,microsoft/agent-framework-go,.github/workflows/dotnet-port-api-nightly.md,microsoft__agent-framework-go__44ec2c697f82/history.json,microsoft__agent-framework-go__44ec2c697f82/snapshots/agent-framework-go__microsoft__a55fb3ec877409f92b3c0d1cffd0504ab95af354__dotnet-port-api-nightly.md,a55fb3ec877409f92b3c0d1cffd0504ab95af354,2026-07-29T16:37:53Z,en,0.999996699611946,1290,1297
microsoft/agent-framework-go:.github/workflows/dotnet-port-fixes-nightly.md,microsoft/agent-framework-go,.github/workflows/dotnet-port-fixes-nightly.md,microsoft__agent-framework-go__7b8e811ba0b9/history.json,microsoft__agent-framework-go__7b8e811ba0b9/snapshots/agent-framework-go__microsoft__a55fb3ec877409f92b3c0d1cffd0504ab95af354__dotnet-port-fixes-nightly.md,a55fb3ec877409f92b3c0d1cffd0504ab95af354,2026-07-29T16:37:53Z,en,0.9999953628931446,1338,1346
microsoft/agent-framework-go:.github/workflows/go-api-consistency-review.md,microsoft/agent-framework-go,.github/workflows/go-api-consistency-review.md,microsoft__agent-framework-go__b4de7b7ee001/history.json,microsoft__agent-framework-go__b4de7b7ee001/snapshots/agent-framework-go__microsoft__a55fb3ec877409f92b3c0d1cffd0504ab95af354__go-api-consistency-review.md,a55fb3ec877409f92b3c0d1cffd0504ab95af354,2026-07-29T16:37:53Z,en,0.9999964069881686,1118,1122
microsoft/agentrc:.github/workflows/ci-doctor.md,microsoft/agentrc,.github/workflows/ci-doctor.md,microsoft__agentrc__c729090ff159/history.json,microsoft__agentrc__c729090ff159/snapshots/agentrc__microsoft__a9a15ad42ab2e7896971fea09a8de2a34d5ca710__ci-doctor.md,a9a15ad42ab2e7896971fea09a8de2a34d5ca710,2026-05-13T23:28:10Z,en,0.999996825929774,881,846
microsoft/agentrc:.github/workflows/code-simplifier.md,microsoft/agentrc,.github/workflows/code-simplifier.md,microsoft__agentrc__a9e0f3e47d00/history.json,microsoft__agentrc__a9e0f3e47d00/snapshots/agentrc__microsoft__a9a15ad42ab2e7896971fea09a8de2a34d5ca710__code-simplifier.md,a9a15ad42ab2e7896971fea09a8de2a34d5ca710,2026-05-13T23:28:10Z,en,0.9999965274632998,874,797
microsoft/agentrc:.github/workflows/daily-doc-updater.md,microsoft/agentrc,.github/workflows/daily-doc-updater.md,microsoft__agentrc__761b5f76bdfe/history.json,microsoft__agentrc__761b5f76bdfe/snapshots/agentrc__microsoft__a9a15ad42ab2e7896971fea09a8de2a34d5ca710__daily-doc-updater.md,a9a15ad42ab2e7896971fea09a8de2a34d5ca710,2026-05-13T23:28:10Z,en,0.9999972296783121,676,678
microsoft/apm-action:.github/workflows/apm-demo.md,microsoft/apm-action,.github/workflows/apm-demo.md,microsoft__apm-action__65aa133c53ab/history.json,microsoft__apm-action__65aa133c53ab/snapshots/apm-action__microsoft__9afe4886ca111372d9e54a3b93dc3513d869fdb0__apm-demo.md,9afe4886ca111372d9e54a3b93dc3513d869fdb0,2026-03-05T22:35:04Z,en,0.9999934204017873,75,70
microsoft/apm:.github/workflows/cli-consistency-checker.md,microsoft/apm,.github/workflows/cli-consistency-checker.md,microsoft__apm__1ed3adf41567/history.json,microsoft__apm__1ed3adf41567/snapshots/apm__microsoft__0b75ae2911fd01847c22608023e479b81ff836f0__cli-consistency-checker.md,0b75ae2911fd01847c22608023e479b81ff836f0,2026-02-26T22:20:21Z,en,0.9999972898959322,617,555
microsoft/apm:.github/workflows/docs-sync.md,microsoft/apm,.github/workflows/docs-sync.md,microsoft__apm__f85b7c620f4e/history.json,microsoft__apm__f85b7c620f4e/snapshots/apm__microsoft__8b6c49ea76741efcb19a89e1f797a415d0f91e2b__docs-sync.md,8b6c49ea76741efcb19a89e1f797a415d0f91e2b,2026-05-11T19:39:48Z,en,0.9999955437683966,227,228
microsoft/apm:.github/workflows/perf-scan.md,microsoft/apm,.github/workflows/perf-scan.md,microsoft__apm__0cdc20ee2421/history.json,microsoft__apm__0cdc20ee2421/snapshots/apm__microsoft__ee1f586b5f7f82e56d54fe47d4e5110ab162dc1a__perf-scan.md,ee1f586b5f7f82e56d54fe47d4e5110ab162dc1a,2026-07-17T12:47:09Z,en,0.9999966280064811,695,621
microsoft/apm:.github/workflows/pr-review-panel.md,microsoft/apm,.github/workflows/pr-review-panel.md,microsoft__apm__14ded7157906/history.json,microsoft__apm__14ded7157906/snapshots/apm__microsoft__60746461d70eaa554cc6bf3c84340724a1b731d6__pr-review-panel.md,60746461d70eaa554cc6bf3c84340724a1b731d6,2026-07-10T05:45:58Z,en,0.9999965303167649,162,155
microsoft/apm:.github/workflows/triage-panel.md,microsoft/apm,.github/workflows/triage-panel.md,microsoft__apm__a3dd9fedee64/history.json,microsoft__apm__a3dd9fedee64/snapshots/apm__microsoft__26daaa0b8f6660ec7287827e806a19486f9713be__triage-panel.md,26daaa0b8f6660ec7287827e806a19486f9713be,2026-05-26T21:26:44Z,en,0.9999965141898306,1701,1761
microsoft/aspire:.github/workflows/analyze-ci-failure.md,microsoft/aspire,.github/workflows/analyze-ci-failure.md,microsoft__aspire__b39566204ad9/history.json,microsoft__aspire__b39566204ad9/snapshots/aspire__microsoft__7b221e942d558b7d2f05bcbf6a0538b6d1483317__analyze-ci-failure.md,7b221e942d558b7d2f05bcbf6a0538b6d1483317,2026-07-07T09:56:10Z,en,0.9999955686284722,1398,1429
microsoft/aspire:.github/workflows/daily-repo-status.md,microsoft/aspire,.github/workflows/daily-repo-status.md,microsoft__aspire__35c376107345/history.json,microsoft__aspire__35c376107345/snapshots/aspire__microsoft__06d004a86fd7e0dacf5491c0c713a32a4d34fcd7__daily-repo-status.md,06d004a86fd7e0dacf5491c0c713a32a4d34fcd7,2026-07-15T18:36:22Z,en,0.9999979036546522,808,752
microsoft/aspire:.github/workflows/extension-changelog.md,microsoft/aspire,.github/workflows/extension-changelog.md,microsoft__aspire__98554f658653/history.json,microsoft__aspire__98554f658653/snapshots/aspire__microsoft__cd699602c68cc6157075562abdc15871ff8f3437__extension-changelog.md,cd699602c68cc6157075562abdc15871ff8f3437,2026-06-18T02:43:47Z,en,0.9999960968125736,1249,1247
microsoft/aspire:.github/workflows/milestone-changelog.md,microsoft/aspire,.github/workflows/milestone-changelog.md,microsoft__aspire__ce46d7a2ec16/history.json,microsoft__aspire__ce46d7a2ec16/snapshots/aspire__microsoft__cd699602c68cc6157075562abdc15871ff8f3437__milestone-changelog.md,cd699602c68cc6157075562abdc15871ff8f3437,2026-06-18T02:43:47Z,en,0.9999957436192131,4858,4559
microsoft/aspire:.github/workflows/pr-docs-check.md,microsoft/aspire,.github/workflows/pr-docs-check.md,microsoft__aspire__324ba6a1dd24/history.json,microsoft__aspire__324ba6a1dd24/snapshots/aspire__microsoft__6a1561b603f5acbb9ede2b31bd47d89f5b3ff29d__pr-docs-check.md,6a1561b603f5acbb9ede2b31bd47d89f5b3ff29d,2026-06-26T22:49:41Z,en,0.9999985056586393,3220,2969
microsoft/aspire:.github/workflows/release-notes-generate.md,microsoft/aspire,.github/workflows/release-notes-generate.md,microsoft__aspire__c4f71a35f91b/history.json,microsoft__aspire__c4f71a35f91b/snapshots/aspire__microsoft__cd699602c68cc6157075562abdc15871ff8f3437__release-notes-generate.md,cd699602c68cc6157075562abdc15871ff8f3437,2026-06-18T02:43:47Z,en,0.9999969175333743,1455,1466
microsoft/aspire:.github/workflows/release-update-support-mdx.md,microsoft/aspire,.github/workflows/release-update-support-mdx.md,microsoft__aspire__1c40c9b918d0/history.json,microsoft__aspire__1c40c9b918d0/snapshots/aspire__microsoft__cd699602c68cc6157075562abdc15871ff8f3437__release-update-support-mdx.md,cd699602c68cc6157075562abdc15871ff8f3437,2026-06-18T02:43:47Z,en,0.9999954026246959,947,988
microsoft/aspire:.github/workflows/repo-pulse.md,microsoft/aspire,.github/workflows/repo-pulse.md,microsoft__aspire__f074c405bd50/history.json,microsoft__aspire__f074c405bd50/snapshots/aspire__microsoft__06d004a86fd7e0dacf5491c0c713a32a4d34fcd7__repo-pulse.md,06d004a86fd7e0dacf5491c0c713a32a4d34fcd7,2026-07-15T18:36:22Z,en,0.9999956160994222,898,879
microsoft/azure-pipelines-tasks:.github/workflows/copilot-issue-triage.md,microsoft/azure-pipelines-tasks,.github/workflows/copilot-issue-triage.md,microsoft__azure-pipelines-tasks__7477dcb44599/history.json,microsoft__azure-pipelines-tasks__7477dcb44599/snapshots/azure-pipelines-tasks__microsoft__5b64f0ac674c3f34b4d4fffeaf21d1057bc56c6f__copilot-issue-triage.md,5b64f0ac674c3f34b4d4fffeaf21d1057bc56c6f,2026-07-14T10:23:31Z,en,0.9999981074383494,588,589
microsoft/finnts:.github/workflows/repo-improver.md,microsoft/finnts,.github/workflows/repo-improver.md,microsoft__finnts__f15bf0a4d6ad/history.json,microsoft__finnts__f15bf0a4d6ad/snapshots/finnts__microsoft__ba304986845ade0234cba00317c6e553d34bc7f7__repo-improver.md,ba304986845ade0234cba00317c6e553d34bc7f7,2026-04-29T21:08:06Z,en,0.9999993159868497,765,755
microsoft/gctoolkit:.github/workflows/relevance-check.md,microsoft/gctoolkit,.github/workflows/relevance-check.md,microsoft__gctoolkit__93c4bd2d757f/history.json,microsoft__gctoolkit__93c4bd2d757f/snapshots/gctoolkit__microsoft__edaf4c27f290c7444fe4487113e637a5a25dff47__relevance-check.md,edaf4c27f290c7444fe4487113e637a5a25dff47,2026-02-26T15:50:07Z,en,0.9999970925076915,335,322
microsoft/gctoolkit:.github/workflows/relevance-summary.md,microsoft/gctoolkit,.github/workflows/relevance-summary.md,microsoft__gctoolkit__8d557a69062c/history.json,microsoft__gctoolkit__8d557a69062c/snapshots/gctoolkit__microsoft__6cea1b4d3772827f51e6ce19922b0fd229eeebad__relevance-summary.md,6cea1b4d3772827f51e6ce19922b0fd229eeebad,2026-02-26T18:10:59Z,en,0.9999958055571847,234,220
microsoft/GitHub-Copilot-for-Azure:.github/workflows/issue-triage.md,microsoft/GitHub-Copilot-for-Azure,.github/workflows/issue-triage.md,microsoft__GitHub-Copilot-for-Azure__e068510e8326/history.json,microsoft__GitHub-Copilot-for-Azure__e068510e8326/snapshots/GitHub-Copilot-for-Azure__microsoft__59e113438627c8e6f271e05cfdb72aec0f51070e__issue-triage.md,59e113438627c8e6f271e05cfdb72aec0f51070e,2026-07-22T20:50:45Z,en,0.9999973960168247,576,585
microsoft/go-images:.github/workflows/docker-tools-review.md,microsoft/go-images,.github/workflows/docker-tools-review.md,microsoft__go-images__44a9d7cd4abb/history.json,microsoft__go-images__44a9d7cd4abb/snapshots/go-images__microsoft__807e7c00c8b8ce8221b774914db31c1803cd7dff__docker-tools-review.md,807e7c00c8b8ce8221b774914db31c1803cd7dff,2026-07-21T09:43:26Z,en,0.99999707031194,869,847
microsoft/hve-core:.github/workflows/dependency-pr-review.md,microsoft/hve-core,.github/workflows/dependency-pr-review.md,microsoft__hve-core__cd5d7aed82e1/history.json,microsoft__hve-core__cd5d7aed82e1/snapshots/hve-core__microsoft__1bf0c2bf858692f9122807f59b20b4f7d9d5b677__dependency-pr-review.md,1bf0c2bf858692f9122807f59b20b4f7d9d5b677,2026-06-12T17:55:17Z,en,0.999996937799795,555,567
microsoft/hve-core:.github/workflows/doc-update-check.md,microsoft/hve-core,.github/workflows/doc-update-check.md,microsoft__hve-core__fef10468a50e/history.json,microsoft__hve-core__fef10468a50e/snapshots/hve-core__microsoft__a4414194e3d14639f5864680993739348ed5fdc3__doc-update-check.md,a4414194e3d14639f5864680993739348ed5fdc3,2026-06-22T20:37:03Z,en,0.9999970280166395,326,269
microsoft/hve-core:.github/workflows/issue-implement.md,microsoft/hve-core,.github/workflows/issue-implement.md,microsoft__hve-core__c13decd2c4b1/history.json,microsoft__hve-core__c13decd2c4b1/snapshots/hve-core__microsoft__130ab64338bb77e912e603693672c31f14bc60c6__issue-implement.md,130ab64338bb77e912e603693672c31f14bc60c6,2026-07-27T02:29:00Z,en,0.9999959339809837,253,251
microsoft/hve-core:.github/workflows/issue-triage.md,microsoft/hve-core,.github/workflows/issue-triage.md,microsoft__hve-core__a89176cc0e60/history.json,microsoft__hve-core__a89176cc0e60/snapshots/hve-core__microsoft__3420081fc8ca7b9904dafb206445b01b6e4b38d6__issue-triage.md,3420081fc8ca7b9904dafb206445b01b6e4b38d6,2026-06-29T18:25:10Z,en,0.9999969443401111,346,365
microsoft/hve-core:.github/workflows/pr-review.md,microsoft/hve-core,.github/workflows/pr-review.md,microsoft__hve-core__a00e949bc0e2/history.json,microsoft__hve-core__a00e949bc0e2/snapshots/hve-core__microsoft__7ca4cb26df450a7ffea8ff0a2bc550a13398f5f4__pr-review.md,7ca4cb26df450a7ffea8ff0a2bc550a13398f5f4,2026-06-27T00:16:44Z,en,0.999992794764885,1191,1197
microsoft/hve-core:.github/workflows/vex-draft.md,microsoft/hve-core,.github/workflows/vex-draft.md,microsoft__hve-core__d3457c3768fb/history.json,microsoft__hve-core__d3457c3768fb/snapshots/hve-core__microsoft__e6f414dabf65d67d59763ce776fa2212bd70b028__vex-draft.md,e6f414dabf65d67d59763ce776fa2212bd70b028,2026-07-03T17:40:18Z,en,0.99999703848227,637,617
microsoft/mcp:.github/workflows/doc-gap-detector.md,microsoft/mcp,.github/workflows/doc-gap-detector.md,microsoft__mcp__d063b37dc3c5/history.json,microsoft__mcp__d063b37dc3c5/snapshots/mcp__microsoft__579e73ffc0945484b9655c472881ae4232d7237f__doc-gap-detector.md,579e73ffc0945484b9655c472881ae4232d7237f,2026-05-19T20:57:49Z,en,0.9999959467012671,514,498
microsoft/mcp:.github/workflows/issue-triage-agent.md,microsoft/mcp,.github/workflows/issue-triage-agent.md,microsoft__mcp__ff9a262aa8c6/history.json,microsoft__mcp__ff9a262aa8c6/snapshots/mcp__microsoft__b031dd8512c1ef44a409942edef4d861b152870a__issue-triage-agent.md,b031dd8512c1ef44a409942edef4d861b152870a,2026-07-20T15:41:42Z,en,0.9999967978835514,394,397
microsoft/Microsoft-AI-Decision-Framework:.github/workflows/link-checker.md,microsoft/Microsoft-AI-Decision-Framework,.github/workflows/link-checker.md,microsoft__Microsoft-AI-Decision-Framework__8dd7082adeb9/history.json,microsoft__Microsoft-AI-Decision-Framework__8dd7082adeb9/snapshots/Microsoft-AI-Decision-Framework__microsoft__be53689f1c9f9f46d0f301a24597bceecbd514d3__link-checker.md,be53689f1c9f9f46d0f301a24597bceecbd514d3,2026-07-18T14:18:34Z,en,0.9999988763205101,620,615
microsoft/mxc:.github/workflows/issue-investigation.md,microsoft/mxc,.github/workflows/issue-investigation.md,microsoft__mxc__51545ce67344/history.json,microsoft__mxc__51545ce67344/snapshots/mxc__microsoft__a9257ebee221c040055efc948d2b9f93fe6fdaf0__issue-investigation.md,a9257ebee221c040055efc948d2b9f93fe6fdaf0,2026-07-28T17:58:14Z,en,0.9999977618453629,371,388
microsoft/mxc:.github/workflows/issue-triage.md,microsoft/mxc,.github/workflows/issue-triage.md,microsoft__mxc__eec0a6924e88/history.json,microsoft__mxc__eec0a6924e88/snapshots/mxc__microsoft__a9257ebee221c040055efc948d2b9f93fe6fdaf0__issue-triage.md,a9257ebee221c040055efc948d2b9f93fe6fdaf0,2026-07-28T17:58:14Z,en,0.9999968656074307,500,413
microsoft/physical-ai-toolchain:.github/workflows/aw-dependabot-pr-review.md,microsoft/physical-ai-toolchain,.github/workflows/aw-dependabot-pr-review.md,microsoft__physical-ai-toolchain__7c8c03d5c6aa/history.json,microsoft__physical-ai-toolchain__7c8c03d5c6aa/snapshots/physical-ai-toolchain__microsoft__9dfe22a4dbb55ee64b495fbe535096a9fa47e1e6__aw-dependabot-pr-review.md,9dfe22a4dbb55ee64b495fbe535096a9fa47e1e6,2026-06-23T07:26:13Z,en,0.9999970531828282,689,777
microsoft/pxt-arcade:.github/workflows/documentation.md,microsoft/pxt-arcade,.github/workflows/documentation.md,microsoft__pxt-arcade__920d765c1267/history.json,microsoft__pxt-arcade__920d765c1267/snapshots/pxt-arcade__microsoft__fde69dd5ea5b192e0ca139edc01556006327c649__documentation.md,fde69dd5ea5b192e0ca139edc01556006327c649,2026-02-12T23:22:51Z,en,0.9999966634685598,315,294
microsoft/pxt-arcade:.github/workflows/triage.md,microsoft/pxt-arcade,.github/workflows/triage.md,microsoft__pxt-arcade__a04ecd0859da/history.json,microsoft__pxt-arcade__a04ecd0859da/snapshots/pxt-arcade__microsoft__fde69dd5ea5b192e0ca139edc01556006327c649__triage.md,fde69dd5ea5b192e0ca139edc01556006327c649,2026-02-12T23:22:51Z,insufficient,0.0,14,14
microsoft/pxt:.github/workflows/documentation.md,microsoft/pxt,.github/workflows/documentation.md,microsoft__pxt__4249c3d1a145/history.json,microsoft__pxt__4249c3d1a145/snapshots/pxt__microsoft__d88df57f7b35472d8d7acb4e4ec6334ad2db33de__documentation.md,d88df57f7b35472d8d7acb4e4ec6334ad2db33de,2025-12-10T22:43:49Z,en,0.9999983294371035,485,484
microsoft/pylance-release:.github/workflows/issue-assignment.md,microsoft/pylance-release,.github/workflows/issue-assignment.md,microsoft__pylance-release__52141cd98e2b/history.json,microsoft__pylance-release__52141cd98e2b/snapshots/pylance-release__microsoft__4e11c661fd9527fa8b000fc973a42bcfe5e951fb__issue-assignment.md,4e11c661fd9527fa8b000fc973a42bcfe5e951fb,2026-02-13T21:49:25Z,en,0.9999968186748593,332,313
microsoft/security-devops-action:.github/workflows/ci-doctor.md,microsoft/security-devops-action,.github/workflows/ci-doctor.md,microsoft__security-devops-action__4431368a8d5e/history.json,microsoft__security-devops-action__4431368a8d5e/snapshots/security-devops-action__microsoft__7c2112b65197d69394401b7d2f6af061aac3b1fc__ci-doctor.md,7c2112b65197d69394401b7d2f6af061aac3b1fc,2026-04-24T07:46:07Z,en,0.9999967500770154,258,247
microsoft/security-devops-action:.github/workflows/msdo-breach-monitor.md,microsoft/security-devops-action,.github/workflows/msdo-breach-monitor.md,microsoft__security-devops-action__6f1005a64bdc/history.json,microsoft__security-devops-action__6f1005a64bdc/snapshots/security-devops-action__microsoft__7c2112b65197d69394401b7d2f6af061aac3b1fc__msdo-breach-monitor.md,7c2112b65197d69394401b7d2f6af061aac3b1fc,2026-04-24T07:46:07Z,en,0.9999983887508207,910,852
microsoft/security-devops-action:.github/workflows/msdo-issue-assistant.md,microsoft/security-devops-action,.github/workflows/msdo-issue-assistant.md,microsoft__security-devops-action__76d4395aa39b/history.json,microsoft__security-devops-action__76d4395aa39b/snapshots/security-devops-action__microsoft__7c2112b65197d69394401b7d2f6af061aac3b1fc__msdo-issue-assistant.md,7c2112b65197d69394401b7d2f6af061aac3b1fc,2026-04-24T07:46:07Z,en,0.9999951855657254,713,711
microsoft/security-devops-azdevops:.github/workflows/msdo-issue-assistant.md,microsoft/security-devops-azdevops,.github/workflows/msdo-issue-assistant.md,microsoft__security-devops-azdevops__bd41dd95a715/history.json,microsoft__security-devops-azdevops__bd41dd95a715/snapshots/security-devops-azdevops__microsoft__c786c8c5a1b7120fdc0757eee4261514d211ac25__msdo-issue-assistant.md,c786c8c5a1b7120fdc0757eee4261514d211ac25,2026-03-25T13:26:15Z,en,0.9999962881699495,788,773
microsoft/skills:.github/workflows/update-llms-txt.md,microsoft/skills,.github/workflows/update-llms-txt.md,microsoft__skills__0589b8f59fcd/history.json,microsoft__skills__0589b8f59fcd/snapshots/skills__microsoft__dde39f0229574e01b8d6e48153f77329727daa24__update-llms-txt.md,dde39f0229574e01b8d6e48153f77329727daa24,2026-01-29T05:06:40Z,en,0.9999978727604812,147,142
microsoft/testfx:.github/workflows/add-tests.md,microsoft/testfx,.github/workflows/add-tests.md,microsoft__testfx__159bc9a5f6f6/history.json,microsoft__testfx__159bc9a5f6f6/snapshots/testfx__microsoft__9f4e6c68f9dc3e757c161409d75b115f5b63ee5f__add-tests.md,9f4e6c68f9dc3e757c161409d75b115f5b63ee5f,2026-07-07T11:17:29Z,en,0.999995707243845,411,409
microsoft/testfx:.github/workflows/adhoc-qa.md,microsoft/testfx,.github/workflows/adhoc-qa.md,microsoft__testfx__c0053b6b422d/history.json,microsoft__testfx__c0053b6b422d/snapshots/testfx__microsoft__0b5b18ed6db6c6e707c2d4d172a59d56c7370b93__adhoc-qa.md,0b5b18ed6db6c6e707c2d4d172a59d56c7370b93,2026-08-04T09:37:10Z,en,0.9999963076980393,423,420
microsoft/testfx:.github/workflows/code-simplifier.md,microsoft/testfx,.github/workflows/code-simplifier.md,microsoft__testfx__241b511ad119/history.json,microsoft__testfx__241b511ad119/snapshots/testfx__microsoft__9f4e6c68f9dc3e757c161409d75b115f5b63ee5f__code-simplifier.md,9f4e6c68f9dc3e757c161409d75b115f5b63ee5f,2026-07-07T11:17:29Z,en,0.9999970477164025,848,756
microsoft/testfx:.github/workflows/daily-file-diet.md,microsoft/testfx,.github/workflows/daily-file-diet.md,microsoft__testfx__8333e324ca02/history.json,microsoft__testfx__8333e324ca02/snapshots/testfx__microsoft__9f4e6c68f9dc3e757c161409d75b115f5b63ee5f__daily-file-diet.md,9f4e6c68f9dc3e757c161409d75b115f5b63ee5f,2026-07-07T11:17:29Z,en,0.9999967484286695,379,352
microsoft/testfx:.github/workflows/dependabot-issue-bundler.md,microsoft/testfx,.github/workflows/dependabot-issue-bundler.md,microsoft__testfx__cb157b6e8cde/history.json,microsoft__testfx__cb157b6e8cde/snapshots/testfx__microsoft__9f4e6c68f9dc3e757c161409d75b115f5b63ee5f__dependabot-issue-bundler.md,9f4e6c68f9dc3e757c161409d75b115f5b63ee5f,2026-07-07T11:17:29Z,en,0.9999964892883202,124,121
microsoft/testfx:.github/workflows/dependabot-pr-bundler.md,microsoft/testfx,.github/workflows/dependabot-pr-bundler.md,microsoft__testfx__37eaaa2e3332/history.json,microsoft__testfx__37eaaa2e3332/snapshots/testfx__microsoft__9f4e6c68f9dc3e757c161409d75b115f5b63ee5f__dependabot-pr-bundler.md,9f4e6c68f9dc3e757c161409d75b115f5b63ee5f,2026-07-07T11:17:29Z,en,0.9999982999477378,184,184
microsoft/testfx:.github/workflows/duplicate-code-detector.md,microsoft/testfx,.github/workflows/duplicate-code-detector.md,microsoft__testfx__b2acc1bea4cb/history.json,microsoft__testfx__b2acc1bea4cb/snapshots/testfx__microsoft__0b5b18ed6db6c6e707c2d4d172a59d56c7370b93__duplicate-code-detector.md,0b5b18ed6db6c6e707c2d4d172a59d56c7370b93,2026-08-04T09:37:10Z,en,0.9999976864170859,675,660
microsoft/testfx:.github/workflows/efficiency-improver.md,microsoft/testfx,.github/workflows/efficiency-improver.md,microsoft__testfx__0708f3965a2c/history.json,microsoft__testfx__0708f3965a2c/snapshots/testfx__microsoft__0b5b18ed6db6c6e707c2d4d172a59d56c7370b93__efficiency-improver.md,0b5b18ed6db6c6e707c2d4d172a59d56c7370b93,2026-08-04T09:37:10Z,en,0.9999969367083159,2445,2335
microsoft/testfx:.github/workflows/glossary-maintainer.md,microsoft/testfx,.github/workflows/glossary-maintainer.md,microsoft__testfx__a7f51972726f/history.json,microsoft__testfx__a7f51972726f/snapshots/testfx__microsoft__0b5b18ed6db6c6e707c2d4d172a59d56c7370b93__glossary-maintainer.md,0b5b18ed6db6c6e707c2d4d172a59d56c7370b93,2026-08-04T09:37:10Z,en,0.9999961307346134,829,789
microsoft/testfx:.github/workflows/link-checker.md,microsoft/testfx,.github/workflows/link-checker.md,microsoft__testfx__5fcb89073154/history.json,microsoft__testfx__5fcb89073154/snapshots/testfx__microsoft__0b5b18ed6db6c6e707c2d4d172a59d56c7370b93__link-checker.md,0b5b18ed6db6c6e707c2d4d172a59d56c7370b93,2026-08-04T09:37:10Z,en,0.9999985210398136,579,542
microsoft/testfx:.github/workflows/malicious-code-scan.md,microsoft/testfx,.github/workflows/malicious-code-scan.md,microsoft__testfx__baec8c70446f/history.json,microsoft__testfx__baec8c70446f/snapshots/testfx__microsoft__0b5b18ed6db6c6e707c2d4d172a59d56c7370b93__malicious-code-scan.md,0b5b18ed6db6c6e707c2d4d172a59d56c7370b93,2026-08-04T09:37:10Z,en,0.9999971248942771,891,868
microsoft/testfx:.github/workflows/markdown-linter.md,microsoft/testfx,.github/workflows/markdown-linter.md,microsoft__testfx__4030d4312e6b/history.json,microsoft__testfx__4030d4312e6b/snapshots/testfx__microsoft__5e9bc5a841ab009077b755645b7b4e67e7be7737__markdown-linter.md,5e9bc5a841ab009077b755645b7b4e67e7be7737,2026-07-23T14:42:42Z,en,0.9999975105389265,174,165
microsoft/testfx:.github/workflows/perf-improver.md,microsoft/testfx,.github/workflows/perf-improver.md,microsoft__testfx__e2292eefbfe4/history.json,microsoft__testfx__e2292eefbfe4/snapshots/testfx__microsoft__0b5b18ed6db6c6e707c2d4d172a59d56c7370b93__perf-improver.md,0b5b18ed6db6c6e707c2d4d172a59d56c7370b93,2026-08-04T09:37:10Z,en,0.9999958767413328,1870,1819
microsoft/testfx:.github/workflows/pr-fix.md,microsoft/testfx,.github/workflows/pr-fix.md,microsoft__testfx__7eba0f9b566a/history.json,microsoft__testfx__7eba0f9b566a/snapshots/testfx__microsoft__0b5b18ed6db6c6e707c2d4d172a59d56c7370b93__pr-fix.md,0b5b18ed6db6c6e707c2d4d172a59d56c7370b93,2026-08-04T09:37:10Z,en,0.9999973182959031,259,257
microsoft/testfx:.github/workflows/repository-quality-improver.md,microsoft/testfx,.github/workflows/repository-quality-improver.md,microsoft__testfx__063b9b518aaf/history.json,microsoft__testfx__063b9b518aaf/snapshots/testfx__microsoft__0b5b18ed6db6c6e707c2d4d172a59d56c7370b93__repository-quality-improver.md,0b5b18ed6db6c6e707c2d4d172a59d56c7370b93,2026-08-04T09:37:10Z,en,0.999996667091484,743,679
microsoft/testfx:.github/workflows/sub-issue-closer.md,microsoft/testfx,.github/workflows/sub-issue-closer.md,microsoft__testfx__d816bbc15663/history.json,microsoft__testfx__d816bbc15663/snapshots/testfx__microsoft__0b5b18ed6db6c6e707c2d4d172a59d56c7370b93__sub-issue-closer.md,0b5b18ed6db6c6e707c2d4d172a59d56c7370b93,2026-08-04T09:37:10Z,en,0.9999962350625708,421,390
microsoft/testfx:.github/workflows/test-improver.md,microsoft/testfx,.github/workflows/test-improver.md,microsoft__testfx__5f745e58fb02/history.json,microsoft__testfx__5f745e58fb02/snapshots/testfx__microsoft__0b5b18ed6db6c6e707c2d4d172a59d56c7370b93__test-improver.md,0b5b18ed6db6c6e707c2d4d172a59d56c7370b93,2026-08-04T09:37:10Z,en,0.9999975951801607,2187,2128
microsoft/testfx:.github/workflows/weekly-issue-activity.md,microsoft/testfx,.github/workflows/weekly-issue-activity.md,microsoft__testfx__eb69bf6f00a6/history.json,microsoft__testfx__eb69bf6f00a6/snapshots/testfx__microsoft__0b5b18ed6db6c6e707c2d4d172a59d56c7370b93__weekly-issue-activity.md,0b5b18ed6db6c6e707c2d4d172a59d56c7370b93,2026-08-04T09:37:10Z,en,0.9999975541492603,545,492
microsoft/typespec:.github/workflows/bump-tcgc-csharp.md,microsoft/typespec,.github/workflows/bump-tcgc-csharp.md,microsoft__typespec__ebf76bf1fec1/history.json,microsoft__typespec__ebf76bf1fec1/snapshots/typespec__microsoft__93deb428eb68f8967d5c6098e66f6eddd0dff9d2__bump-tcgc-csharp.md,93deb428eb68f8967d5c6098e66f6eddd0dff9d2,2026-06-29T18:49:12Z,en,0.9999953060257172,380,423
microsoft/vscode-azureresourcegroups:.github/workflows/info-needed-triage.md,microsoft/vscode-azureresourcegroups,.github/workflows/info-needed-triage.md,microsoft__vscode-azureresourcegroups__3b0802cca7ea/history.json,microsoft__vscode-azureresourcegroups__3b0802cca7ea/snapshots/vscode-azureresourcegroups__microsoft__eb016249303f37f6b676308fa99d1c0f277e479b__info-needed-triage.md,eb016249303f37f6b676308fa99d1c0f277e479b,2026-07-28T19:22:41Z,en,0.9999939989243282,86,91
microsoft/vscode-black-formatter:.github/workflows/check-python-versions.md,microsoft/vscode-black-formatter,.github/workflows/check-python-versions.md,microsoft__vscode-black-formatter__587aa24a413c/history.json,microsoft__vscode-black-formatter__587aa24a413c/snapshots/vscode-black-formatter__microsoft__c3b61fab53100b20e953f201091c2435ee6d7de1__check-python-versions.md,c3b61fab53100b20e953f201091c2435ee6d7de1,2026-06-23T19:17:50Z,en,0.9999959010713879,446,451
microsoft/vscode-black-formatter:.github/workflows/extension-template-sync.md,microsoft/vscode-black-formatter,.github/workflows/extension-template-sync.md,microsoft__vscode-black-formatter__0f3b0a068eba/history.json,microsoft__vscode-black-formatter__0f3b0a068eba/snapshots/vscode-black-formatter__microsoft__c3b61fab53100b20e953f201091c2435ee6d7de1__extension-template-sync.md,c3b61fab53100b20e953f201091c2435ee6d7de1,2026-06-23T19:17:50Z,en,0.9999962644946332,578,583
microsoft/vscode-black-formatter:.github/workflows/issue-triage.md,microsoft/vscode-black-formatter,.github/workflows/issue-triage.md,microsoft__vscode-black-formatter__a92e28bd57bf/history.json,microsoft__vscode-black-formatter__a92e28bd57bf/snapshots/vscode-black-formatter__microsoft__c3b61fab53100b20e953f201091c2435ee6d7de1__issue-triage.md,c3b61fab53100b20e953f201091c2435ee6d7de1,2026-06-23T19:17:50Z,en,0.9999962891136529,1278,1285
microsoft/vscode-flake8:.github/workflows/check-python-versions.md,microsoft/vscode-flake8,.github/workflows/check-python-versions.md,microsoft__vscode-flake8__903320f216cf/history.json,microsoft__vscode-flake8__903320f216cf/snapshots/vscode-flake8__microsoft__7c3cd3c9e952f6d0961aeb1cdb33cc2c7b347ac5__check-python-versions.md,7c3cd3c9e952f6d0961aeb1cdb33cc2c7b347ac5,2026-06-23T19:17:05Z,en,0.999996515578254,447,453
microsoft/vscode-flake8:.github/workflows/extension-template-sync.md,microsoft/vscode-flake8,.github/workflows/extension-template-sync.md,microsoft__vscode-flake8__80ec9a834817/history.json,microsoft__vscode-flake8__80ec9a834817/snapshots/vscode-flake8__microsoft__7c3cd3c9e952f6d0961aeb1cdb33cc2c7b347ac5__extension-template-sync.md,7c3cd3c9e952f6d0961aeb1cdb33cc2c7b347ac5,2026-06-23T19:17:05Z,en,0.9999971380978838,586,584
microsoft/vscode-flake8:.github/workflows/issue-triage.md,microsoft/vscode-flake8,.github/workflows/issue-triage.md,microsoft__vscode-flake8__469265038626/history.json,microsoft__vscode-flake8__469265038626/snapshots/vscode-flake8__microsoft__7c3cd3c9e952f6d0961aeb1cdb33cc2c7b347ac5__issue-triage.md,7c3cd3c9e952f6d0961aeb1cdb33cc2c7b347ac5,2026-06-23T19:17:05Z,en,0.999996870710362,1307,1311
microsoft/vscode-isort:.github/workflows/check-python-versions.md,microsoft/vscode-isort,.github/workflows/check-python-versions.md,microsoft__vscode-isort__42e25eb86718/history.json,microsoft__vscode-isort__42e25eb86718/snapshots/vscode-isort__microsoft__3acb87f2c95311f73df4513b0a35b736efb6a7ef__check-python-versions.md,3acb87f2c95311f73df4513b0a35b736efb6a7ef,2026-06-23T19:18:45Z,en,0.999996515578254,447,453
microsoft/vscode-isort:.github/workflows/extension-template-sync.md,microsoft/vscode-isort,.github/workflows/extension-template-sync.md,microsoft__vscode-isort__62202f05069b/history.json,microsoft__vscode-isort__62202f05069b/snapshots/vscode-isort__microsoft__3acb87f2c95311f73df4513b0a35b736efb6a7ef__extension-template-sync.md,3acb87f2c95311f73df4513b0a35b736efb6a7ef,2026-06-23T19:18:45Z,en,0.9999971350783934,576,569
microsoft/vscode-isort:.github/workflows/issue-triage.md,microsoft/vscode-isort,.github/workflows/issue-triage.md,microsoft__vscode-isort__21c16840bbe5/history.json,microsoft__vscode-isort__21c16840bbe5/snapshots/vscode-isort__microsoft__3acb87f2c95311f73df4513b0a35b736efb6a7ef__issue-triage.md,3acb87f2c95311f73df4513b0a35b736efb6a7ef,2026-06-23T19:18:45Z,en,0.9999959829398716,1276,1272
microsoft/vscode-mypy:.github/workflows/check-python-versions.md,microsoft/vscode-mypy,.github/workflows/check-python-versions.md,microsoft__vscode-mypy__50442454377d/history.json,microsoft__vscode-mypy__50442454377d/snapshots/vscode-mypy__microsoft__57c4b9e3758f16ee42826e2da69df92be4bec17f__check-python-versions.md,57c4b9e3758f16ee42826e2da69df92be4bec17f,2026-06-23T19:22:12Z,en,0.999996515578254,447,453
microsoft/vscode-mypy:.github/workflows/extension-template-sync.md,microsoft/vscode-mypy,.github/workflows/extension-template-sync.md,microsoft__vscode-mypy__d627089123be/history.json,microsoft__vscode-mypy__d627089123be/snapshots/vscode-mypy__microsoft__57c4b9e3758f16ee42826e2da69df92be4bec17f__extension-template-sync.md,57c4b9e3758f16ee42826e2da69df92be4bec17f,2026-06-23T19:22:12Z,en,0.999995381146709,574,565
microsoft/vscode-mypy:.github/workflows/issue-triage.md,microsoft/vscode-mypy,.github/workflows/issue-triage.md,microsoft__vscode-mypy__da2e4b8d516d/history.json,microsoft__vscode-mypy__da2e4b8d516d/snapshots/vscode-mypy__microsoft__57c4b9e3758f16ee42826e2da69df92be4bec17f__issue-triage.md,57c4b9e3758f16ee42826e2da69df92be4bec17f,2026-06-23T19:22:12Z,en,0.9999978938889559,1278,1270
microsoft/vscode-pylint:.github/workflows/check-python-versions.md,microsoft/vscode-pylint,.github/workflows/check-python-versions.md,microsoft__vscode-pylint__105d81898c57/history.json,microsoft__vscode-pylint__105d81898c57/snapshots/vscode-pylint__microsoft__3cff4cd78bfd2facc1f35086389ba66c5a688d87__check-python-versions.md,3cff4cd78bfd2facc1f35086389ba66c5a688d87,2026-06-23T19:22:55Z,en,0.999996515578254,447,453
microsoft/vscode-pylint:.github/workflows/extension-template-sync.md,microsoft/vscode-pylint,.github/workflows/extension-template-sync.md,microsoft__vscode-pylint__55b774b841a9/history.json,microsoft__vscode-pylint__55b774b841a9/snapshots/vscode-pylint__microsoft__3cff4cd78bfd2facc1f35086389ba66c5a688d87__extension-template-sync.md,3cff4cd78bfd2facc1f35086389ba66c5a688d87,2026-06-23T19:22:55Z,en,0.9999947846365003,583,587
microsoft/vscode-pylint:.github/workflows/issue-triage.md,microsoft/vscode-pylint,.github/workflows/issue-triage.md,microsoft__vscode-pylint__8dce6b3259c3/history.json,microsoft__vscode-pylint__8dce6b3259c3/snapshots/vscode-pylint__microsoft__3cff4cd78bfd2facc1f35086389ba66c5a688d87__issue-triage.md,3cff4cd78bfd2facc1f35086389ba66c5a688d87,2026-06-23T19:22:55Z,en,0.9999973569201906,1284,1290
microsoft/vstest:.github/workflows/code-simplifier.md,microsoft/vstest,.github/workflows/code-simplifier.md,microsoft__vstest__0ef88fa57667/history.json,microsoft__vstest__0ef88fa57667/snapshots/vstest__microsoft__77c3673ef28372023e5602802748ab727408a33f__code-simplifier.md,77c3673ef28372023e5602802748ab727408a33f,2026-07-07T12:25:41Z,en,0.9999970477164025,848,756
microsoft/vstest:.github/workflows/daily-file-diet.md,microsoft/vstest,.github/workflows/daily-file-diet.md,microsoft__vstest__35f024b82d27/history.json,microsoft__vstest__35f024b82d27/snapshots/vstest__microsoft__77c3673ef28372023e5602802748ab727408a33f__daily-file-diet.md,77c3673ef28372023e5602802748ab727408a33f,2026-07-07T12:25:41Z,en,0.9999967484286695,379,352
microsoft/vstest:.github/workflows/efficiency-improver.md,microsoft/vstest,.github/workflows/efficiency-improver.md,microsoft__vstest__e71168bdb887/history.json,microsoft__vstest__e71168bdb887/snapshots/vstest__microsoft__4ae2fb075798fdcaa9819abc3a4aefbb1cbf16c2__efficiency-improver.md,4ae2fb075798fdcaa9819abc3a4aefbb1cbf16c2,2026-07-07T12:54:34Z,en,0.9999970117564563,3407,3288
microsoft/vstest:.github/workflows/http-link-checker.md,microsoft/vstest,.github/workflows/http-link-checker.md,microsoft__vstest__7a182cdf33e9/history.json,microsoft__vstest__7a182cdf33e9/snapshots/vstest__microsoft__77c3673ef28372023e5602802748ab727408a33f__http-link-checker.md,77c3673ef28372023e5602802748ab727408a33f,2026-07-07T12:25:41Z,en,0.9999976964567483,607,569
microsoft/vstest:.github/workflows/issue-repro-triage.md,microsoft/vstest,.github/workflows/issue-repro-triage.md,microsoft__vstest__cb188b61c40d/history.json,microsoft__vstest__cb188b61c40d/snapshots/vstest__microsoft__77c3673ef28372023e5602802748ab727408a33f__issue-repro-triage.md,77c3673ef28372023e5602802748ab727408a33f,2026-07-07T12:25:41Z,en,0.9999970650440433,1222,1157
microsoft/vstest:.github/workflows/malicious-code-scan.md,microsoft/vstest,.github/workflows/malicious-code-scan.md,microsoft__vstest__e43511673e4f/history.json,microsoft__vstest__e43511673e4f/snapshots/vstest__microsoft__77c3673ef28372023e5602802748ab727408a33f__malicious-code-scan.md,77c3673ef28372023e5602802748ab727408a33f,2026-07-07T12:25:41Z,en,0.9999971248942771,891,868
microsoft/vstest:.github/workflows/markdown-linter.md,microsoft/vstest,.github/workflows/markdown-linter.md,microsoft__vstest__a4b5efcc518a/history.json,microsoft__vstest__a4b5efcc518a/snapshots/vstest__microsoft__77c3673ef28372023e5602802748ab727408a33f__markdown-linter.md,77c3673ef28372023e5602802748ab727408a33f,2026-07-07T12:25:41Z,en,0.9999975105389265,174,165
microsoft/vstest:.github/workflows/md-link-checker.md,microsoft/vstest,.github/workflows/md-link-checker.md,microsoft__vstest__1ccb6a4a0949/history.json,microsoft__vstest__1ccb6a4a0949/snapshots/vstest__microsoft__77c3673ef28372023e5602802748ab727408a33f__md-link-checker.md,77c3673ef28372023e5602802748ab727408a33f,2026-07-07T12:25:41Z,en,0.9999956614018465,641,613
microsoft/vstest:.github/workflows/pr-expert-reviewer.md,microsoft/vstest,.github/workflows/pr-expert-reviewer.md,microsoft__vstest__51df85837e42/history.json,microsoft__vstest__51df85837e42/snapshots/vstest__microsoft__4d4dbec339235570f26e2d8fd67892e686ed102d__pr-expert-reviewer.md,4d4dbec339235570f26e2d8fd67892e686ed102d,2026-07-21T08:41:40Z,en,0.999997522378957,1163,1132
microsoft/vstest:.github/workflows/pr-iteration.md,microsoft/vstest,.github/workflows/pr-iteration.md,microsoft__vstest__96c639cefbdd/history.json,microsoft__vstest__96c639cefbdd/snapshots/vstest__microsoft__77c3673ef28372023e5602802748ab727408a33f__pr-iteration.md,77c3673ef28372023e5602802748ab727408a33f,2026-07-07T12:25:41Z,en,0.9999960807478833,767,754
microsoft/vstest:.github/workflows/repository-quality-improver.md,microsoft/vstest,.github/workflows/repository-quality-improver.md,microsoft__vstest__ab6c6d00eb9e/history.json,microsoft__vstest__ab6c6d00eb9e/snapshots/vstest__microsoft__77c3673ef28372023e5602802748ab727408a33f__repository-quality-improver.md,77c3673ef28372023e5602802748ab727408a33f,2026-07-07T12:25:41Z,en,0.999996667091484,743,679
microsoft/wassette:.github/workflows/changelog-pr-link.md,microsoft/wassette,.github/workflows/changelog-pr-link.md,microsoft__wassette__8a36a489e5a4/history.json,microsoft__wassette__8a36a489e5a4/snapshots/wassette__microsoft__e4d255e1dc75f01ac10eeb515952aa1272147305__changelog-pr-link.md,e4d255e1dc75f01ac10eeb515952aa1272147305,2025-10-22T06:07:20Z,en,0.9999957611926336,475,474
microsoft/wassette:.github/workflows/ci-doctor.md,microsoft/wassette,.github/workflows/ci-doctor.md,microsoft__wassette__8e111c34a177/history.json,microsoft__wassette__8e111c34a177/snapshots/wassette__microsoft__d52ee6b724a0b53c0e74228d6447aaa25b5cccba__ci-doctor.md,d52ee6b724a0b53c0e74228d6447aaa25b5cccba,2025-10-09T01:08:25Z,en,0.9999966691801314,743,709
microsoft/wassette:.github/workflows/issue-triage.md,microsoft/wassette,.github/workflows/issue-triage.md,microsoft__wassette__80ea022930b4/history.json,microsoft__wassette__80ea022930b4/snapshots/wassette__microsoft__652b2ce4d49bd89d54106f15a7a8cf79b21336df__issue-triage.md,652b2ce4d49bd89d54106f15a7a8cf79b21336df,2025-10-22T03:17:53Z,en,0.9999988366716273,290,293
microsoft/wassette:.github/workflows/plan.md,microsoft/wassette,.github/workflows/plan.md,microsoft__wassette__f6dc21292639/history.json,microsoft__wassette__f6dc21292639/snapshots/wassette__microsoft__b1490f9d39d8876186219bb3e600e15ecf4fd9aa__plan.md,b1490f9d39d8876186219bb3e600e15ecf4fd9aa,2025-11-12T06:26:09Z,en,0.9999974032826658,681,625
microsoft/wassette:.github/workflows/pr-triage.md,microsoft/wassette,.github/workflows/pr-triage.md,microsoft__wassette__5f628d77edd2/history.json,microsoft__wassette__5f628d77edd2/snapshots/wassette__microsoft__65dd374c3ef2b878e6b9f05a1d3c27556cb1d8eb__pr-triage.md,65dd374c3ef2b878e6b9f05a1d3c27556cb1d8eb,2025-11-14T04:59:46Z,en,0.9999983179686454,336,340
microsoft/wassette:.github/workflows/release-doctor.md,microsoft/wassette,.github/workflows/release-doctor.md,microsoft__wassette__8a97b0ef7d36/history.json,microsoft__wassette__8a97b0ef7d36/snapshots/wassette__microsoft__ed9464d5b14c61590d5cc8e0bcb402c6e73bc3fd__release-doctor.md,ed9464d5b14c61590d5cc8e0bcb402c6e73bc3fd,2025-11-02T23:53:32Z,en,0.9999974596897369,995,962
microsoft/wassette:.github/workflows/scout.md,microsoft/wassette,.github/workflows/scout.md,microsoft__wassette__79a3635bfc8c/history.json,microsoft__wassette__79a3635bfc8c/snapshots/wassette__microsoft__f9a5bcc899a42f5879670fb7ce046d448aa2c494__scout.md,f9a5bcc899a42f5879670fb7ce046d448aa2c494,2025-10-08T21:59:28Z,en,0.9999958769666576,509,479
microsoft/winget-cli:.github/workflows/duplicate-surfacing.md,microsoft/winget-cli,.github/workflows/duplicate-surfacing.md,microsoft__winget-cli__7cf9de9490ad/history.json,microsoft__winget-cli__7cf9de9490ad/snapshots/winget-cli__microsoft__4638f90ef0cb360d082c3774ca63dc9f0e27ff0c__duplicate-surfacing.md,4638f90ef0cb360d082c3774ca63dc9f0e27ff0c,2026-07-30T19:44:55Z,en,0.999996492273933,520,517
microsoft/winget-cli:.github/workflows/issue-closure-recommendation.md,microsoft/winget-cli,.github/workflows/issue-closure-recommendation.md,microsoft__winget-cli__190b8bc65e9e/history.json,microsoft__winget-cli__190b8bc65e9e/snapshots/winget-cli__microsoft__3e2887e7b303ac377a550d9bbfd77e02d6a8f380__issue-closure-recommendation.md,3e2887e7b303ac377a550d9bbfd77e02d6a8f380,2026-08-03T21:48:49Z,en,0.9999951836774471,570,568
microsoft/winget-create:.github/workflows/duplicate-surfacing.md,microsoft/winget-create,.github/workflows/duplicate-surfacing.md,microsoft__winget-create__3b25b791e127/history.json,microsoft__winget-create__3b25b791e127/snapshots/winget-create__microsoft__e1be7e0ee6dc86ef341e69473d7e132c046afddc__duplicate-surfacing.md,e1be7e0ee6dc86ef341e69473d7e132c046afddc,2026-07-30T19:45:06Z,en,0.999996492273933,520,517
microsoft/winget-dsc:.github/workflows/duplicate-surfacing.md,microsoft/winget-dsc,.github/workflows/duplicate-surfacing.md,microsoft__winget-dsc__44232f910df3/history.json,microsoft__winget-dsc__44232f910df3/snapshots/winget-dsc__microsoft__966de19fab24da61dd7a0f68dc7a40571265bc7f__duplicate-surfacing.md,966de19fab24da61dd7a0f68dc7a40571265bc7f,2026-07-30T19:56:07Z,en,0.999996492273933,520,517
modeled-information-format/MIF:.github/workflows/daily-docs-review.md,modeled-information-format/MIF,.github/workflows/daily-docs-review.md,modeled-information-format__MIF__3e708178df10/history.json,modeled-information-format__MIF__3e708178df10/snapshots/MIF__modeled-information-format__1c61f015a789935ba9752ad0dc23a0cd71fd2345__daily-docs-review.md,1c61f015a789935ba9752ad0dc23a0cd71fd2345,2026-06-29T22:27:30Z,en,0.9999964836107798,152,154
moeru-ai/airi:.github/workflows/pr-triage.md,moeru-ai/airi,.github/workflows/pr-triage.md,moeru-ai__airi__353973e12280/history.json,moeru-ai__airi__353973e12280/snapshots/airi__moeru-ai__61371060e7068af702d8eff3cefd686c9698d27b__pr-triage.md,61371060e7068af702d8eff3cefd686c9698d27b,2026-04-13T08:24:15Z,en,0.9999955947558363,800,850
mono/SkiaSharp-API-docs:.github/workflows/auto-api-docs-writer.md,mono/SkiaSharp-API-docs,.github/workflows/auto-api-docs-writer.md,mono__SkiaSharp-API-docs__c8a7212d3dc5/history.json,mono__SkiaSharp-API-docs__c8a7212d3dc5/snapshots/SkiaSharp-API-docs__mono__60e95d470179d435867d786bef4d5118c6b75c05__auto-api-docs-writer.md,60e95d470179d435867d786bef4d5118c6b75c05,2026-06-30T12:41:32Z,en,0.9999963015961144,506,511
mono/SkiaSharp:.github/workflows/auto-skia-sync.md,mono/SkiaSharp,.github/workflows/auto-skia-sync.md,mono__SkiaSharp__9229af25e2d4/history.json,mono__SkiaSharp__9229af25e2d4/snapshots/SkiaSharp__mono__7a5b2f067912d8e2a2d9f24a62c08af7f07dd75a__auto-skia-sync.md,7a5b2f067912d8e2a2d9f24a62c08af7f07dd75a,2026-07-02T10:48:37Z,en,0.9999969949131982,939,1013
mono/SkiaSharp:.github/workflows/auto-triage.md,mono/SkiaSharp,.github/workflows/auto-triage.md,mono__SkiaSharp__5f8eb3688707/history.json,mono__SkiaSharp__5f8eb3688707/snapshots/SkiaSharp__mono__23d43e4770df281d04969029bda1482d7350d67e__auto-triage.md,23d43e4770df281d04969029bda1482d7350d67e,2026-07-07T20:39:41Z,en,0.9999964170259814,386,326
mono/SkiaSharp:.github/workflows/memory-leak-fixer.md,mono/SkiaSharp,.github/workflows/memory-leak-fixer.md,mono__SkiaSharp__1ed8986413a5/history.json,mono__SkiaSharp__1ed8986413a5/snapshots/SkiaSharp__mono__295f63966b9a4a4efae265ffe5f623f080c79aab__memory-leak-fixer.md,295f63966b9a4a4efae265ffe5f623f080c79aab,2026-07-12T18:47:44Z,en,0.9999975120172071,899,925
mono/SkiaSharp:.github/workflows/performance-fixer.md,mono/SkiaSharp,.github/workflows/performance-fixer.md,mono__SkiaSharp__c0c3a2453ca4/history.json,mono__SkiaSharp__c0c3a2453ca4/snapshots/SkiaSharp__mono__295f63966b9a4a4efae265ffe5f623f080c79aab__performance-fixer.md,295f63966b9a4a4efae265ffe5f623f080c79aab,2026-07-12T18:47:44Z,en,0.999998733903247,1190,1238
mono/SkiaSharp:.github/workflows/update-release-notes.md,mono/SkiaSharp,.github/workflows/update-release-notes.md,mono__SkiaSharp__1f0d2a44bd8e/history.json,mono__SkiaSharp__1f0d2a44bd8e/snapshots/SkiaSharp__mono__b34b586175a6ea8e74c3bbea7764c1839b75ba41__update-release-notes.md,b34b586175a6ea8e74c3bbea7764c1839b75ba41,2026-07-13T22:16:53Z,en,0.9999978627383461,604,621
natnew/Awesome-Data-Science:.github/workflows/issue-triage-agent.md,natnew/Awesome-Data-Science,.github/workflows/issue-triage-agent.md,natnew__Awesome-Data-Science__7e33fc5b6d44/history.json,natnew__Awesome-Data-Science__7e33fc5b6d44/snapshots/Awesome-Data-Science__natnew__1c70f259aa9090ceb241cf8ef8651b165e787808__issue-triage-agent.md,1c70f259aa9090ceb241cf8ef8651b165e787808,2026-02-18T10:05:18Z,en,0.9999973074419922,91,95
natnew/Awesome-Prompt-Engineering:.github/workflows/issue-triage-agent.md,natnew/Awesome-Prompt-Engineering,.github/workflows/issue-triage-agent.md,natnew__Awesome-Prompt-Engineering__5c69acaa9d68/history.json,natnew__Awesome-Prompt-Engineering__5c69acaa9d68/snapshots/Awesome-Prompt-Engineering__natnew__9e5fc9e5ef1352ba675eadca62173d65adf538b7__issue-triage-agent.md,9e5fc9e5ef1352ba675eadca62173d65adf538b7,2026-02-16T17:33:24Z,en,0.9999973074419922,91,95
navikt/copilot:.github/workflows/news-excerpts.md,navikt/copilot,.github/workflows/news-excerpts.md,navikt__copilot__bbeb4e863718/history.json,navikt__copilot__bbeb4e863718/snapshots/copilot__navikt__aff21812ef1658db54e456238ce1cab606b96ceb__news-excerpts.md,aff21812ef1658db54e456238ce1cab606b96ceb,2026-05-08T20:58:34Z,en,0.9999956288412413,821,716
neurodesk/neurodesktop:.github/workflows/issue-investigator-review.md,neurodesk/neurodesktop,.github/workflows/issue-investigator-review.md,neurodesk__neurodesktop__199826c1da8a/history.json,neurodesk__neurodesktop__199826c1da8a/snapshots/neurodesktop__neurodesk__8d63aa7f979e9ea0818308b1d868c5bd9e995894__issue-investigator-review.md,8d63aa7f979e9ea0818308b1d868c5bd9e995894,2026-07-31T16:23:08Z,en,0.9999984417405855,294,298
neurodesk/neurodesktop:.github/workflows/issue-investigator.md,neurodesk/neurodesktop,.github/workflows/issue-investigator.md,neurodesk__neurodesktop__172b9ac05870/history.json,neurodesk__neurodesktop__172b9ac05870/snapshots/neurodesktop__neurodesk__a895f367d92b03f16ae906e59ddc488d89fca0c3__issue-investigator.md,a895f367d92b03f16ae906e59ddc488d89fca0c3,2026-08-04T01:39:26Z,en,0.9999986481679332,595,606
neurodesk/neurodesktop:.github/workflows/maintenance-abstraction-police.md,neurodesk/neurodesktop,.github/workflows/maintenance-abstraction-police.md,neurodesk__neurodesktop__ea6f997f2838/history.json,neurodesk__neurodesktop__ea6f997f2838/snapshots/neurodesktop__neurodesk__a895f367d92b03f16ae906e59ddc488d89fca0c3__maintenance-abstraction-police.md,a895f367d92b03f16ae906e59ddc488d89fca0c3,2026-08-04T01:39:26Z,en,0.999996927804159,112,110
neurodesk/neurodesktop:.github/workflows/maintenance-dead-code.md,neurodesk/neurodesktop,.github/workflows/maintenance-dead-code.md,neurodesk__neurodesktop__7e42d816690a/history.json,neurodesk__neurodesktop__7e42d816690a/snapshots/neurodesktop__neurodesk__a895f367d92b03f16ae906e59ddc488d89fca0c3__maintenance-dead-code.md,a895f367d92b03f16ae906e59ddc488d89fca0c3,2026-08-04T01:39:26Z,en,0.9999979123204822,119,117
neurodesk/neurodesktop:.github/workflows/maintenance-docs-drift.md,neurodesk/neurodesktop,.github/workflows/maintenance-docs-drift.md,neurodesk__neurodesktop__187b41ebe1bb/history.json,neurodesk__neurodesktop__187b41ebe1bb/snapshots/neurodesktop__neurodesk__341a6f03388f657d799579c4f964b787e1161e87__maintenance-docs-drift.md,341a6f03388f657d799579c4f964b787e1161e87,2026-08-03T20:56:33Z,en,0.9999968188335336,97,100
neurodesk/neurodesktop:.github/workflows/maintenance-flaky-tests.md,neurodesk/neurodesktop,.github/workflows/maintenance-flaky-tests.md,neurodesk__neurodesktop__218409c90916/history.json,neurodesk__neurodesktop__218409c90916/snapshots/neurodesktop__neurodesk__a895f367d92b03f16ae906e59ddc488d89fca0c3__maintenance-flaky-tests.md,a895f367d92b03f16ae906e59ddc488d89fca0c3,2026-08-04T01:39:26Z,en,0.9999973349529425,113,112
neurodesk/neurodesktop:.github/workflows/maintenance-review.md,neurodesk/neurodesktop,.github/workflows/maintenance-review.md,neurodesk__neurodesktop__42a72db7d232/history.json,neurodesk__neurodesktop__42a72db7d232/snapshots/neurodesktop__neurodesk__8d63aa7f979e9ea0818308b1d868c5bd9e995894__maintenance-review.md,8d63aa7f979e9ea0818308b1d868c5bd9e995894,2026-07-31T16:23:08Z,en,0.999995583010318,267,273
neurodesk/neurodesktop:.github/workflows/maintenance-test-coverage.md,neurodesk/neurodesktop,.github/workflows/maintenance-test-coverage.md,neurodesk__neurodesktop__4a8ccb74d089/history.json,neurodesk__neurodesktop__4a8ccb74d089/snapshots/neurodesktop__neurodesk__a895f367d92b03f16ae906e59ddc488d89fca0c3__maintenance-test-coverage.md,a895f367d92b03f16ae906e59ddc488d89fca0c3,2026-08-04T01:39:26Z,en,0.9999943872144545,106,104
neurodesk/neurodesktop:.github/workflows/maintenance-test-pruning.md,neurodesk/neurodesktop,.github/workflows/maintenance-test-pruning.md,neurodesk__neurodesktop__f5c11d8ab024/history.json,neurodesk__neurodesktop__f5c11d8ab024/snapshots/neurodesktop__neurodesk__a895f367d92b03f16ae906e59ddc488d89fca0c3__maintenance-test-pruning.md,a895f367d92b03f16ae906e59ddc488d89fca0c3,2026-08-04T01:39:26Z,en,0.9999972222381658,137,136
neurodesk/neurodesktop:.github/workflows/maintenance-updates.md,neurodesk/neurodesktop,.github/workflows/maintenance-updates.md,neurodesk__neurodesktop__04b016f301b9/history.json,neurodesk__neurodesktop__04b016f301b9/snapshots/neurodesktop__neurodesk__a895f367d92b03f16ae906e59ddc488d89fca0c3__maintenance-updates.md,a895f367d92b03f16ae906e59ddc488d89fca0c3,2026-08-04T01:39:26Z,en,0.9999975269382205,119,119
neurodesk/neurodesktop:.github/workflows/package-update-radar.md,neurodesk/neurodesktop,.github/workflows/package-update-radar.md,neurodesk__neurodesktop__cf132f83fe01/history.json,neurodesk__neurodesktop__cf132f83fe01/snapshots/neurodesktop__neurodesk__a895f367d92b03f16ae906e59ddc488d89fca0c3__package-update-radar.md,a895f367d92b03f16ae906e59ddc488d89fca0c3,2026-08-04T01:39:26Z,en,0.9999961482243499,809,845
neverinfamous/db-mcp:.github/workflows/ci-health-monitor.md,neverinfamous/db-mcp,.github/workflows/ci-health-monitor.md,neverinfamous__db-mcp__241fbc512dab/history.json,neverinfamous__db-mcp__241fbc512dab/snapshots/db-mcp__neverinfamous__ae1a03a88400041fc12e7ff60e804bb4994be31a__ci-health-monitor.md,ae1a03a88400041fc12e7ff60e804bb4994be31a,2026-06-06T09:21:27Z,en,0.9999943995406301,269,251
neverinfamous/db-mcp:.github/workflows/docs-drift-detector.md,neverinfamous/db-mcp,.github/workflows/docs-drift-detector.md,neverinfamous__db-mcp__453b8a7b7d37/history.json,neverinfamous__db-mcp__453b8a7b7d37/snapshots/db-mcp__neverinfamous__9c1631e1341a3232e6cdab128be074377eb8af81__docs-drift-detector.md,9c1631e1341a3232e6cdab128be074377eb8af81,2026-06-03T03:36:25Z,en,0.9999964459288829,449,416
neverinfamous/db-mcp:.github/workflows/wiki-drift-detector.md,neverinfamous/db-mcp,.github/workflows/wiki-drift-detector.md,neverinfamous__db-mcp__e79c41652327/history.json,neverinfamous__db-mcp__e79c41652327/snapshots/db-mcp__neverinfamous__9c1631e1341a3232e6cdab128be074377eb8af81__wiki-drift-detector.md,9c1631e1341a3232e6cdab128be074377eb8af81,2026-06-03T03:36:25Z,en,0.9999979049872235,348,325
neverinfamous/memory-journal-mcp:.github/workflows/ci-health-monitor.md,neverinfamous/memory-journal-mcp,.github/workflows/ci-health-monitor.md,neverinfamous__memory-journal-mcp__11ad8f4340c7/history.json,neverinfamous__memory-journal-mcp__11ad8f4340c7/snapshots/memory-journal-mcp__neverinfamous__14d9c70ea17deb637cde33b8b45fa57063c9e217__ci-health-monitor.md,14d9c70ea17deb637cde33b8b45fa57063c9e217,2026-04-11T01:45:17Z,en,0.9999957735350897,269,251
neverinfamous/memory-journal-mcp:.github/workflows/docs-drift-detector.md,neverinfamous/memory-journal-mcp,.github/workflows/docs-drift-detector.md,neverinfamous__memory-journal-mcp__8fe029d65644/history.json,neverinfamous__memory-journal-mcp__8fe029d65644/snapshots/memory-journal-mcp__neverinfamous__fcab2d750ac51334a6d138c952f47ac7843e14a3__docs-drift-detector.md,fcab2d750ac51334a6d138c952f47ac7843e14a3,2026-05-31T22:00:58Z,en,0.9999964531411873,428,394
neverinfamous/memory-journal-mcp:.github/workflows/wiki-drift-detector.md,neverinfamous/memory-journal-mcp,.github/workflows/wiki-drift-detector.md,neverinfamous__memory-journal-mcp__26e6928116d5/history.json,neverinfamous__memory-journal-mcp__26e6928116d5/snapshots/memory-journal-mcp__neverinfamous__14d9c70ea17deb637cde33b8b45fa57063c9e217__wiki-drift-detector.md,14d9c70ea17deb637cde33b8b45fa57063c9e217,2026-04-11T01:45:17Z,en,0.999995289845076,352,322
neverinfamous/postgres-mcp:.github/workflows/docs-drift-detector.md,neverinfamous/postgres-mcp,.github/workflows/docs-drift-detector.md,neverinfamous__postgres-mcp__2ad01b705c48/history.json,neverinfamous__postgres-mcp__2ad01b705c48/snapshots/postgres-mcp__neverinfamous__9749ac6ab1ed0913aa7eeeed0fe0c902094d7393__docs-drift-detector.md,9749ac6ab1ed0913aa7eeeed0fe0c902094d7393,2026-04-05T04:05:27Z,en,0.9999969086020575,414,379
neverinfamous/postgres-mcp:.github/workflows/wiki-drift-detector.md,neverinfamous/postgres-mcp,.github/workflows/wiki-drift-detector.md,neverinfamous__postgres-mcp__85d10a756a40/history.json,neverinfamous__postgres-mcp__85d10a756a40/snapshots/postgres-mcp__neverinfamous__9749ac6ab1ed0913aa7eeeed0fe0c902094d7393__wiki-drift-detector.md,9749ac6ab1ed0913aa7eeeed0fe0c902094d7393,2026-04-05T04:05:27Z,en,0.999997676570291,343,313
NikiforovAll/claude-code-rules:.github/workflows/handbookbot-audit.md,NikiforovAll/claude-code-rules,.github/workflows/handbookbot-audit.md,NikiforovAll__claude-code-rules__ff1a25a88dca/history.json,NikiforovAll__claude-code-rules__ff1a25a88dca/snapshots/claude-code-rules__NikiforovAll__9f8f01e0de54543cd4234a52216e3a7ee56125b8__handbookbot-audit.md,9f8f01e0de54543cd4234a52216e3a7ee56125b8,2026-03-30T12:55:45Z,en,0.999998980891117,215,194
NikiforovAll/claude-code-rules:.github/workflows/handbookbot.md,NikiforovAll/claude-code-rules,.github/workflows/handbookbot.md,NikiforovAll__claude-code-rules__881e714ec363/history.json,NikiforovAll__claude-code-rules__881e714ec363/snapshots/claude-code-rules__NikiforovAll__79fbbd2187080066e54ac81cc22fb199dd81e1fc__handbookbot.md,79fbbd2187080066e54ac81cc22fb199dd81e1fc,2026-05-02T16:08:14Z,en,0.9999949623757185,426,411
NikiforovAll/keycloak-authorization-services-dotnet:.github/workflows/keybot.md,NikiforovAll/keycloak-authorization-services-dotnet,.github/workflows/keybot.md,NikiforovAll__keycloak-authorization-services-dotnet__24aab09771e0/history.json,NikiforovAll__keycloak-authorization-services-dotnet__24aab09771e0/snapshots/keycloak-authorization-services-dotnet__NikiforovAll__1800824d225dd97d5115eaeb61af2e0ef0272421__keybot.md,1800824d225dd97d5115eaeb61af2e0ef0272421,2026-05-02T16:09:19Z,en,0.9999976618743053,953,937
oboapp/oboapp:.github/workflows/ci-failure-fix.md,oboapp/oboapp,.github/workflows/ci-failure-fix.md,oboapp__oboapp__7e32cd416e77/history.json,oboapp__oboapp__7e32cd416e77/snapshots/oboapp__oboapp__73ad2f40238bac9c526f7399c4f7dcb3a95a20b7__ci-failure-fix.md,73ad2f40238bac9c526f7399c4f7dcb3a95a20b7,2026-04-17T16:13:54Z,en,0.9999966395281257,165,171
ohcnetwork/care_fe:.github/workflows/daily-playwright-improver.md,ohcnetwork/care_fe,.github/workflows/daily-playwright-improver.md,ohcnetwork__care_fe__2050f1894117/history.json,ohcnetwork__care_fe__2050f1894117/snapshots/care_fe__ohcnetwork__0a0305ebc1e05542ed470585d5afea70599c26a7__daily-playwright-improver.md,0a0305ebc1e05542ed470585d5afea70599c26a7,2026-07-08T11:36:16Z,en,0.9999974904817082,612,610
ohcnetwork/care_fe:.github/workflows/grumpy-reviewer.md,ohcnetwork/care_fe,.github/workflows/grumpy-reviewer.md,ohcnetwork__care_fe__2ac72e010b17/history.json,ohcnetwork__care_fe__2ac72e010b17/snapshots/care_fe__ohcnetwork__dea49853619eaf2e5b7c18d6f89a1c1bf67567a0__grumpy-reviewer.md,dea49853619eaf2e5b7c18d6f89a1c1bf67567a0,2026-07-31T16:19:17Z,en,0.9999961348404526,242,237
ohcnetwork/care_fe:.github/workflows/thank-you-note.md,ohcnetwork/care_fe,.github/workflows/thank-you-note.md,ohcnetwork__care_fe__5b3b3cf617ed/history.json,ohcnetwork__care_fe__5b3b3cf617ed/snapshots/care_fe__ohcnetwork__94ee99281229f82971139eb21910463adec84d53__thank-you-note.md,94ee99281229f82971139eb21910463adec84d53,2026-02-07T23:13:38Z,en,0.9999988455843613,168,165
ok-oldking/ok-wuthering-waves:.github/workflows/issue-triage.md,ok-oldking/ok-wuthering-waves,.github/workflows/issue-triage.md,ok-oldking__ok-wuthering-waves__7f580efedecc/history.json,ok-oldking__ok-wuthering-waves__7f580efedecc/snapshots/ok-wuthering-waves__ok-oldking__8c74ac283d7c1fde26cd0441317fde28426b920a__issue-triage.md,8c74ac283d7c1fde26cd0441317fde28426b920a,2026-08-03T04:19:51Z,en,0.9999971948306686,1597,1629
OP5dev/TF-via-PR:.github/workflows/docs-updater.md,OP5dev/TF-via-PR,.github/workflows/docs-updater.md,OP5dev__TF-via-PR__b4a6a629c262/history.json,OP5dev__TF-via-PR__b4a6a629c262/snapshots/TF-via-PR__OP5dev__188c1b1e4a0ff3a0206ce87c35cfb8d5684f03dd__docs-updater.md,188c1b1e4a0ff3a0206ce87c35cfb8d5684f03dd,2026-05-31T01:51:38Z,en,0.999997608640812,422,434
open-feature/dotnet-sdk-contrib:.github/workflows/issue-triage.md,open-feature/dotnet-sdk-contrib,.github/workflows/issue-triage.md,open-feature__dotnet-sdk-contrib__9232fc690013/history.json,open-feature__dotnet-sdk-contrib__9232fc690013/snapshots/dotnet-sdk-contrib__open-feature__b36a36bd472e0906e4e66af7177d0cdcf1908afb__issue-triage.md,b36a36bd472e0906e4e66af7177d0cdcf1908afb,2026-06-20T07:54:56Z,en,0.9999972678074787,263,300
open-telemetry/opentelemetry-java-instrumentation:.github/workflows/module-cleanup.md,open-telemetry/opentelemetry-java-instrumentation,.github/workflows/module-cleanup.md,open-telemetry__opentelemetry-java-instrumentation__416bf576e998/history.json,open-telemetry__opentelemetry-java-instrumentation__416bf576e998/snapshots/opentelemetry-java-instrumentation__open-telemetry__304149f749fcb148678f8a933d67bd5285b08e7e__module-cleanup.md,304149f749fcb148678f8a933d67bd5285b08e7e,2026-07-30T20:13:19Z,en,0.9999984353745539,326,338
open-telemetry/opentelemetry-java-instrumentation:.github/workflows/pr-review.md,open-telemetry/opentelemetry-java-instrumentation,.github/workflows/pr-review.md,open-telemetry__opentelemetry-java-instrumentation__301d98638d02/history.json,open-telemetry__opentelemetry-java-instrumentation__301d98638d02/snapshots/opentelemetry-java-instrumentation__open-telemetry__4b1df29f40a19392b6b3cf1c12223352d20d1203__pr-review.md,4b1df29f40a19392b6b3cf1c12223352d20d1203,2026-07-22T21:14:55Z,en,0.999995406329103,176,184
OpenMS/OpenMS:.github/workflows/changelog-sync.md,OpenMS/OpenMS,.github/workflows/changelog-sync.md,OpenMS__OpenMS__baca7fa382fe/history.json,OpenMS__OpenMS__baca7fa382fe/snapshots/OpenMS__OpenMS__a4e55651230626206f7c89203fccc05b368e18f5__changelog-sync.md,a4e55651230626206f7c89203fccc05b368e18f5,2026-03-16T14:33:14Z,en,0.999997699360321,477,453
OpenMS/OpenMS:.github/workflows/doc-sync.md,OpenMS/OpenMS,.github/workflows/doc-sync.md,OpenMS__OpenMS__0e0dadd03ea8/history.json,OpenMS__OpenMS__0e0dadd03ea8/snapshots/OpenMS__OpenMS__46c250f43bf9e50ca3a7554a04f19bdd73c62c2c__doc-sync.md,46c250f43bf9e50ca3a7554a04f19bdd73c62c2c,2026-03-09T12:06:12Z,en,0.9999983125972582,503,482
openvinotoolkit/openvino.genai:.github/workflows/ci-doctor.md,openvinotoolkit/openvino.genai,.github/workflows/ci-doctor.md,openvinotoolkit__openvino.genai__3f8e9fdbfc85/history.json,openvinotoolkit__openvino.genai__3f8e9fdbfc85/snapshots/openvino.genai__openvinotoolkit__6166efedfac66a83926c1f1f8b8912708ebbcff4__ci-doctor.md,6166efedfac66a83926c1f1f8b8912708ebbcff4,2026-07-22T13:59:22Z,en,0.9999950329182894,1219,1206
openvinotoolkit/openvino:.github/workflows/ci-doctor-mq.md,openvinotoolkit/openvino,.github/workflows/ci-doctor-mq.md,openvinotoolkit__openvino__9e894d91b3c8/history.json,openvinotoolkit__openvino__9e894d91b3c8/snapshots/openvino__openvinotoolkit__04972c078a3b24ed9ac9e29491b1f47f9c6f632d__ci-doctor-mq.md,04972c078a3b24ed9ac9e29491b1f47f9c6f632d,2026-07-30T10:32:34Z,en,0.9999996163351219,6105,6537
openvinotoolkit/openvino:.github/workflows/ci-doctor.md,openvinotoolkit/openvino,.github/workflows/ci-doctor.md,openvinotoolkit__openvino__a93debb947aa/history.json,openvinotoolkit__openvino__a93debb947aa/snapshots/openvino__openvinotoolkit__04972c078a3b24ed9ac9e29491b1f47f9c6f632d__ci-doctor.md,04972c078a3b24ed9ac9e29491b1f47f9c6f632d,2026-07-30T10:32:34Z,en,0.9999970087230428,1495,1509
opsmill/infrahub:.github/workflows/bug-agent-analyst.md,opsmill/infrahub,.github/workflows/bug-agent-analyst.md,opsmill__infrahub__17705f5020ed/history.json,opsmill__infrahub__17705f5020ed/snapshots/infrahub__opsmill__76850e4e176136b9cb8c8b610ae815cf55c77cb7__bug-agent-analyst.md,76850e4e176136b9cb8c8b610ae815cf55c77cb7,2026-06-03T08:01:44Z,en,0.9999947140452972,532,497
opsmill/infrahub:.github/workflows/bug-agent-fix.md,opsmill/infrahub,.github/workflows/bug-agent-fix.md,opsmill__infrahub__762ce51efe88/history.json,opsmill__infrahub__762ce51efe88/snapshots/infrahub__opsmill__27b4ee21b041940df0a02a14dd08edb167e987e1__bug-agent-fix.md,27b4ee21b041940df0a02a14dd08edb167e987e1,2026-07-26T08:58:41Z,en,0.9999984654273801,1119,1107
opsmill/infrahub:.github/workflows/bug-agent-review.md,opsmill/infrahub,.github/workflows/bug-agent-review.md,opsmill__infrahub__f6a02c14ab3f/history.json,opsmill__infrahub__f6a02c14ab3f/snapshots/infrahub__opsmill__a693dabad1f170c8c2264bc366cbb03c82b677df__bug-agent-review.md,a693dabad1f170c8c2264bc366cbb03c82b677df,2026-07-16T17:05:58Z,en,0.9999978994544468,817,797
opsmill/infrahub:.github/workflows/bug-agent-test.md,opsmill/infrahub,.github/workflows/bug-agent-test.md,opsmill__infrahub__2edaea82f00c/history.json,opsmill__infrahub__2edaea82f00c/snapshots/infrahub__opsmill__a693dabad1f170c8c2264bc366cbb03c82b677df__bug-agent-test.md,a693dabad1f170c8c2264bc366cbb03c82b677df,2026-07-16T17:05:58Z,en,0.9999964017677493,1194,1191
OtterMind/Chat2DB:.github/workflows/ai-issue-assistant.md,OtterMind/Chat2DB,.github/workflows/ai-issue-assistant.md,OtterMind__Chat2DB__f58074692f0a/history.json,OtterMind__Chat2DB__f58074692f0a/snapshots/Chat2DB__OtterMind__a9a095c166013a3378f4a06111559da7245d8558__ai-issue-assistant.md,a9a095c166013a3378f4a06111559da7245d8558,2026-07-23T09:56:09Z,en,0.9999966134041176,625,634
OtterMind/Chat2DB:.github/workflows/ai-pr-reviewer.md,OtterMind/Chat2DB,.github/workflows/ai-pr-reviewer.md,OtterMind__Chat2DB__fea3fb24f757/history.json,OtterMind__Chat2DB__fea3fb24f757/snapshots/Chat2DB__OtterMind__a9a095c166013a3378f4a06111559da7245d8558__ai-pr-reviewer.md,a9a095c166013a3378f4a06111559da7245d8558,2026-07-23T09:56:09Z,en,0.9999971843691371,642,653
Philess/gh-copilot-demo:.github/workflows/triage_issues.md,Philess/gh-copilot-demo,.github/workflows/triage_issues.md,Philess__gh-copilot-demo__d50649892ee7/history.json,Philess__gh-copilot-demo__d50649892ee7/snapshots/gh-copilot-demo__Philess__767cfa67656a5267d8aaa1de0dcd646c66710549__triage_issues.md,767cfa67656a5267d8aaa1de0dcd646c66710549,2026-03-03T10:26:32Z,en,0.9999970023065354,128,115
plengauer/Thoth:.github/workflows/autoapprove.md,plengauer/Thoth,.github/workflows/autoapprove.md,plengauer__Thoth__d53112d55da4/history.json,plengauer__Thoth__d53112d55da4/snapshots/Thoth__plengauer__38f9a121b72626544b18bce7454625ff3f4b7267__autoapprove.md,38f9a121b72626544b18bce7454625ff3f4b7267,2026-03-19T18:03:22Z,en,0.9999961924288489,365,346
plengauer/Thoth:.github/workflows/autofix.md,plengauer/Thoth,.github/workflows/autofix.md,plengauer__Thoth__a773ad57cf15/history.json,plengauer__Thoth__a773ad57cf15/snapshots/Thoth__plengauer__b96ea740fc107bccab76ced4675fd9903d436698__autofix.md,b96ea740fc107bccab76ced4675fd9903d436698,2026-07-05T07:58:49Z,en,0.9999967125351346,340,344
plengauer/Thoth:.github/workflows/autotriage.md,plengauer/Thoth,.github/workflows/autotriage.md,plengauer__Thoth__3721d64d60b0/history.json,plengauer__Thoth__3721d64d60b0/snapshots/Thoth__plengauer__b96ea740fc107bccab76ced4675fd9903d436698__autotriage.md,b96ea740fc107bccab76ced4675fd9903d436698,2026-07-05T07:58:49Z,en,0.9999978424546667,253,249
plengauer/Thoth:.github/workflows/monitor_changelog.md,plengauer/Thoth,.github/workflows/monitor_changelog.md,plengauer__Thoth__6de1152def47/history.json,plengauer__Thoth__6de1152def47/snapshots/Thoth__plengauer__b96ea740fc107bccab76ced4675fd9903d436698__monitor_changelog.md,b96ea740fc107bccab76ced4675fd9903d436698,2026-07-05T07:58:49Z,en,0.9999959804178499,583,585
pockebot/openpocket:.github/workflows/issue-fix.md,pockebot/openpocket,.github/workflows/issue-fix.md,pockebot__openpocket__3d373c24d938/history.json,pockebot__openpocket__3d373c24d938/snapshots/openpocket__pockebot__3c388f1b2ed57f3fba9439b8fe2700ff0766da2e__issue-fix.md,3c388f1b2ed57f3fba9439b8fe2700ff0766da2e,2026-02-23T01:53:40Z,en,0.9999947430690809,86,82
pockebot/openpocket:.github/workflows/issue-plan.md,pockebot/openpocket,.github/workflows/issue-plan.md,pockebot__openpocket__ced4a2b41be1/history.json,pockebot__openpocket__ced4a2b41be1/snapshots/openpocket__pockebot__b533d15ab5b2cfe6798912b4d75765c16d188d56__issue-plan.md,b533d15ab5b2cfe6798912b4d75765c16d188d56,2026-02-23T01:29:41Z,en,0.9999970085169085,80,77
prasadhonrao/ghcp-cli-cheatsheet:.github/workflows/cheatsheet-updater.md,prasadhonrao/ghcp-cli-cheatsheet,.github/workflows/cheatsheet-updater.md,prasadhonrao__ghcp-cli-cheatsheet__d1c5e9b53dfb/history.json,prasadhonrao__ghcp-cli-cheatsheet__d1c5e9b53dfb/snapshots/ghcp-cli-cheatsheet__prasadhonrao__ddc344ed6aca8d900ff6b0ad045e95b59855ca87__cheatsheet-updater.md,ddc344ed6aca8d900ff6b0ad045e95b59855ca87,2026-05-27T07:39:19Z,en,0.9999980656130092,807,803
prasadhonrao/ghcp-cli-cheatsheet:.github/workflows/traffic-updater.md,prasadhonrao/ghcp-cli-cheatsheet,.github/workflows/traffic-updater.md,prasadhonrao__ghcp-cli-cheatsheet__19360927edfa/history.json,prasadhonrao__ghcp-cli-cheatsheet__19360927edfa/snapshots/ghcp-cli-cheatsheet__prasadhonrao__e4c804a7a19f6419c303307fdb449e86da4ba4f9__traffic-updater.md,e4c804a7a19f6419c303307fdb449e86da4ba4f9,2026-05-27T09:29:35Z,en,0.9999954870279834,321,295
primer/css:.github/workflows/issue-triage.md,primer/css,.github/workflows/issue-triage.md,primer__css__a5b4de77e097/history.json,primer__css__a5b4de77e097/snapshots/css__primer__b650ac543fe5658dc8d193b1d4079bad3c0da7b4__issue-triage.md,b650ac543fe5658dc8d193b1d4079bad3c0da7b4,2026-07-24T18:54:45Z,en,0.9999961088898592,203,201
primer/eslint-plugin-primer-react:.github/workflows/issue-triage.md,primer/eslint-plugin-primer-react,.github/workflows/issue-triage.md,primer__eslint-plugin-primer-react__d2c1ca597bdb/history.json,primer__eslint-plugin-primer-react__d2c1ca597bdb/snapshots/eslint-plugin-primer-react__primer__f9f25b4a96b60f99127ba260916add70b2d7f3f7__issue-triage.md,f9f25b4a96b60f99127ba260916add70b2d7f3f7,2026-07-27T08:10:21Z,en,0.9999974566145663,250,248
primer/react:.github/workflows/issue-triage.md,primer/react,.github/workflows/issue-triage.md,primer__react__42528244c742/history.json,primer__react__42528244c742/snapshots/react__primer__ae4d2c158efe2fb839e232dd14c800510c263c24__issue-triage.md,ae4d2c158efe2fb839e232dd14c800510c263c24,2026-07-24T19:03:37Z,en,0.9999949496360869,255,253
prowler-cloud/prowler:.github/workflows/issue-triage.md,prowler-cloud/prowler,.github/workflows/issue-triage.md,prowler-cloud__prowler__2ba6a0042cf3/history.json,prowler-cloud__prowler__2ba6a0042cf3/snapshots/prowler__prowler-cloud__2a077cae5ef8e3d3329eb94f6bf7cdb8f3569738__issue-triage.md,2a077cae5ef8e3d3329eb94f6bf7cdb8f3569738,2026-07-10T07:00:40Z,en,0.999997283750784,67,64
pulumi-labs/gh-aw-internal:.github/workflows/gh-aw-pr-rereview.md,pulumi-labs/gh-aw-internal,.github/workflows/gh-aw-pr-rereview.md,pulumi-labs__gh-aw-internal__e54710be17b0/history.json,pulumi-labs__gh-aw-internal__e54710be17b0/snapshots/gh-aw-internal__pulumi-labs__242988150273951aad5f67b008256266bdff6112__gh-aw-pr-rereview.md,242988150273951aad5f67b008256266bdff6112,2026-05-28T15:56:48Z,en,0.9999957554025769,34,32
pulumi-labs/gh-aw-internal:.github/workflows/gh-aw-pr-review.md,pulumi-labs/gh-aw-internal,.github/workflows/gh-aw-pr-review.md,pulumi-labs__gh-aw-internal__556ef3bad454/history.json,pulumi-labs__gh-aw-internal__556ef3bad454/snapshots/gh-aw-internal__pulumi-labs__242988150273951aad5f67b008256266bdff6112__gh-aw-pr-review.md,242988150273951aad5f67b008256266bdff6112,2026-05-28T15:56:48Z,en,0.9999982196293096,29,28
pulumi/pulumi-kubernetes-operator:.github/workflows/kubernetes-operator-pr-rereview.md,pulumi/pulumi-kubernetes-operator,.github/workflows/kubernetes-operator-pr-rereview.md,pulumi__pulumi-kubernetes-operator__25e3eeabf9a0/history.json,pulumi__pulumi-kubernetes-operator__25e3eeabf9a0/snapshots/pulumi-kubernetes-operator__pulumi__e7b6f3dac5105cbdb2835e75e05999608486d672__kubernetes-operator-pr-rereview.md,e7b6f3dac5105cbdb2835e75e05999608486d672,2026-07-07T15:40:58Z,en,0.9999957554025769,34,32
pulumi/pulumi-kubernetes-operator:.github/workflows/kubernetes-operator-pr-review.md,pulumi/pulumi-kubernetes-operator,.github/workflows/kubernetes-operator-pr-review.md,pulumi__pulumi-kubernetes-operator__2b0eb91e3b40/history.json,pulumi__pulumi-kubernetes-operator__2b0eb91e3b40/snapshots/pulumi-kubernetes-operator__pulumi__e7b6f3dac5105cbdb2835e75e05999608486d672__kubernetes-operator-pr-review.md,e7b6f3dac5105cbdb2835e75e05999608486d672,2026-07-07T15:40:58Z,en,0.9999982196293096,29,28
pydantic/genai-prices:.github/workflows/agentic-price-check-google-mistral.md,pydantic/genai-prices,.github/workflows/agentic-price-check-google-mistral.md,pydantic__genai-prices__481508a80f03/history.json,pydantic__genai-prices__481508a80f03/snapshots/genai-prices__pydantic__f596b71588e70868dfb483d594649d8b97e6cefb__agentic-price-check-google-mistral.md,f596b71588e70868dfb483d594649d8b97e6cefb,2026-07-31T03:47:45Z,en,0.9999970160734164,799,803
pydantic/genai-prices:.github/workflows/agentic-price-check-openai-anthropic.md,pydantic/genai-prices,.github/workflows/agentic-price-check-openai-anthropic.md,pydantic__genai-prices__d5ec9b8df29b/history.json,pydantic__genai-prices__d5ec9b8df29b/snapshots/genai-prices__pydantic__f596b71588e70868dfb483d594649d8b97e6cefb__agentic-price-check-openai-anthropic.md,f596b71588e70868dfb483d594649d8b97e6cefb,2026-07-31T03:47:45Z,en,0.9999974340770832,776,789
pydantic/pydantic-ai:.github/workflows/pydantic-ai-attention-triage.md,pydantic/pydantic-ai,.github/workflows/pydantic-ai-attention-triage.md,pydantic__pydantic-ai__1aca1ae8e17b/history.json,pydantic__pydantic-ai__1aca1ae8e17b/snapshots/pydantic-ai__pydantic__2375e5a3120d19b12bd6b2706815bb61dfbbf66e__pydantic-ai-attention-triage.md,2375e5a3120d19b12bd6b2706815bb61dfbbf66e,2026-08-02T04:23:07Z,en,0.9999968625747337,246,254
pydantic/pydantic-ai:.github/workflows/pydantic-ai-bug-hunter.md,pydantic/pydantic-ai,.github/workflows/pydantic-ai-bug-hunter.md,pydantic__pydantic-ai__2a35924287f8/history.json,pydantic__pydantic-ai__2a35924287f8/snapshots/pydantic-ai__pydantic__2375e5a3120d19b12bd6b2706815bb61dfbbf66e__pydantic-ai-bug-hunter.md,2375e5a3120d19b12bd6b2706815bb61dfbbf66e,2026-08-02T04:23:07Z,insufficient,0.0,1,1
pydantic/pydantic-ai:.github/workflows/pydantic-ai-docs-drift.md,pydantic/pydantic-ai,.github/workflows/pydantic-ai-docs-drift.md,pydantic__pydantic-ai__634800cece80/history.json,pydantic__pydantic-ai__634800cece80/snapshots/pydantic-ai__pydantic__2375e5a3120d19b12bd6b2706815bb61dfbbf66e__pydantic-ai-docs-drift.md,2375e5a3120d19b12bd6b2706815bb61dfbbf66e,2026-08-02T04:23:07Z,insufficient,0.0,1,1
pydantic/pydantic-ai:.github/workflows/pydantic-ai-pr-review.md,pydantic/pydantic-ai,.github/workflows/pydantic-ai-pr-review.md,pydantic__pydantic-ai__f3a5076da863/history.json,pydantic__pydantic-ai__f3a5076da863/snapshots/pydantic-ai__pydantic__2375e5a3120d19b12bd6b2706815bb61dfbbf66e__pydantic-ai-pr-review.md,2375e5a3120d19b12bd6b2706815bb61dfbbf66e,2026-08-02T04:23:07Z,en,0.9999988506504682,171,176
pydantic/pydantic-ai:.github/workflows/pydantic-ai-provider-mapping-sweep.md,pydantic/pydantic-ai,.github/workflows/pydantic-ai-provider-mapping-sweep.md,pydantic__pydantic-ai__19a8cb0b2688/history.json,pydantic__pydantic-ai__19a8cb0b2688/snapshots/pydantic-ai__pydantic__2375e5a3120d19b12bd6b2706815bb61dfbbf66e__pydantic-ai-provider-mapping-sweep.md,2375e5a3120d19b12bd6b2706815bb61dfbbf66e,2026-08-02T04:23:07Z,insufficient,0.0,1,1
pydantic/pydantic-ai:.github/workflows/pydantic-ai-provider-parity-explore.md,pydantic/pydantic-ai,.github/workflows/pydantic-ai-provider-parity-explore.md,pydantic__pydantic-ai__86c83f268cb8/history.json,pydantic__pydantic-ai__86c83f268cb8/snapshots/pydantic-ai__pydantic__2375e5a3120d19b12bd6b2706815bb61dfbbf66e__pydantic-ai-provider-parity-explore.md,2375e5a3120d19b12bd6b2706815bb61dfbbf66e,2026-08-02T04:23:07Z,insufficient,0.0,1,1
pydantic/pydantic-ai:.github/workflows/pydantic-ai-regression-detector.md,pydantic/pydantic-ai,.github/workflows/pydantic-ai-regression-detector.md,pydantic__pydantic-ai__976ccf78abbb/history.json,pydantic__pydantic-ai__976ccf78abbb/snapshots/pydantic-ai__pydantic__2375e5a3120d19b12bd6b2706815bb61dfbbf66e__pydantic-ai-regression-detector.md,2375e5a3120d19b12bd6b2706815bb61dfbbf66e,2026-08-02T04:23:07Z,insufficient,0.0,1,1
pydantic/pydantic-ai:.github/workflows/pydantic-ai-roundtrip-sweep.md,pydantic/pydantic-ai,.github/workflows/pydantic-ai-roundtrip-sweep.md,pydantic__pydantic-ai__c9ed486e497f/history.json,pydantic__pydantic-ai__c9ed486e497f/snapshots/pydantic-ai__pydantic__2375e5a3120d19b12bd6b2706815bb61dfbbf66e__pydantic-ai-roundtrip-sweep.md,2375e5a3120d19b12bd6b2706815bb61dfbbf66e,2026-08-02T04:23:07Z,insufficient,0.0,1,1
pydantic/pydantic-ai:.github/workflows/pydantic-ai-stale-issues-finder.md,pydantic/pydantic-ai,.github/workflows/pydantic-ai-stale-issues-finder.md,pydantic__pydantic-ai__f6579f10bc0f/history.json,pydantic__pydantic-ai__f6579f10bc0f/snapshots/pydantic-ai__pydantic__2375e5a3120d19b12bd6b2706815bb61dfbbf66e__pydantic-ai-stale-issues-finder.md,2375e5a3120d19b12bd6b2706815bb61dfbbf66e,2026-08-02T04:23:07Z,insufficient,0.0,1,1
pydantic/pydantic-ai:.github/workflows/pydantic-ai-streaming-resilience-sweep.md,pydantic/pydantic-ai,.github/workflows/pydantic-ai-streaming-resilience-sweep.md,pydantic__pydantic-ai__dbd60d2e8917/history.json,pydantic__pydantic-ai__dbd60d2e8917/snapshots/pydantic-ai__pydantic__2375e5a3120d19b12bd6b2706815bb61dfbbf66e__pydantic-ai-streaming-resilience-sweep.md,2375e5a3120d19b12bd6b2706815bb61dfbbf66e,2026-08-02T04:23:07Z,insufficient,0.0,1,1
pydantic/pydantic-ai:.github/workflows/pydantic-ai-ui-security-review.md,pydantic/pydantic-ai,.github/workflows/pydantic-ai-ui-security-review.md,pydantic__pydantic-ai__e5907e3e463f/history.json,pydantic__pydantic-ai__e5907e3e463f/snapshots/pydantic-ai__pydantic__2375e5a3120d19b12bd6b2706815bb61dfbbf66e__pydantic-ai-ui-security-review.md,2375e5a3120d19b12bd6b2706815bb61dfbbf66e,2026-08-02T04:23:07Z,insufficient,0.0,1,1
rancher/dashboard:.github/workflows/daily-accessibility-review.md,rancher/dashboard,.github/workflows/daily-accessibility-review.md,rancher__dashboard__acf6cdbf7dee/history.json,rancher__dashboard__acf6cdbf7dee/snapshots/dashboard__rancher__72acea81aa093d417f06f975f69a100c35af4671__daily-accessibility-review.md,72acea81aa093d417f06f975f69a100c35af4671,2026-07-28T16:08:02Z,en,0.9999974812960879,275,281
rancher/dashboard:.github/workflows/daily-issue-grooming.md,rancher/dashboard,.github/workflows/daily-issue-grooming.md,rancher__dashboard__9fc3e605e259/history.json,rancher__dashboard__9fc3e605e259/snapshots/dashboard__rancher__72acea81aa093d417f06f975f69a100c35af4671__daily-issue-grooming.md,72acea81aa093d417f06f975f69a100c35af4671,2026-07-28T16:08:02Z,en,0.9999943411335444,837,814
rancher/dashboard:.github/workflows/daily-repo-status.md,rancher/dashboard,.github/workflows/daily-repo-status.md,rancher__dashboard__a54a479bc2dd/history.json,rancher__dashboard__a54a479bc2dd/snapshots/dashboard__rancher__72acea81aa093d417f06f975f69a100c35af4671__daily-repo-status.md,72acea81aa093d417f06f975f69a100c35af4671,2026-07-28T16:08:02Z,en,0.9999953931998443,89,81
rancher/dashboard:.github/workflows/daily-test-improver.md,rancher/dashboard,.github/workflows/daily-test-improver.md,rancher__dashboard__3be9c6e24868/history.json,rancher__dashboard__3be9c6e24868/snapshots/dashboard__rancher__72acea81aa093d417f06f975f69a100c35af4671__daily-test-improver.md,72acea81aa093d417f06f975f69a100c35af4671,2026-07-28T16:08:02Z,en,0.9999956317018766,2178,2143
rancher/dashboard:.github/workflows/duplicate-code-detector.md,rancher/dashboard,.github/workflows/duplicate-code-detector.md,rancher__dashboard__eb760d7d8cc9/history.json,rancher__dashboard__eb760d7d8cc9/snapshots/dashboard__rancher__72acea81aa093d417f06f975f69a100c35af4671__duplicate-code-detector.md,72acea81aa093d417f06f975f69a100c35af4671,2026-07-28T16:08:02Z,en,0.9999976731265716,667,649
rancher/dashboard:.github/workflows/issue-triage.md,rancher/dashboard,.github/workflows/issue-triage.md,rancher__dashboard__4a1f12f46bd2/history.json,rancher__dashboard__4a1f12f46bd2/snapshots/dashboard__rancher__72acea81aa093d417f06f975f69a100c35af4671__issue-triage.md,72acea81aa093d417f06f975f69a100c35af4671,2026-07-28T16:08:02Z,en,0.9999951111494929,493,499
rancher/dashboard:.github/workflows/pr-fix.md,rancher/dashboard,.github/workflows/pr-fix.md,rancher__dashboard__02d9e9bc66c3/history.json,rancher__dashboard__02d9e9bc66c3/snapshots/dashboard__rancher__72acea81aa093d417f06f975f69a100c35af4671__pr-fix.md,72acea81aa093d417f06f975f69a100c35af4671,2026-07-28T16:08:02Z,en,0.999998456366771,360,359
ReactiveX/RxPY:.github/workflows/repo-assist.md,ReactiveX/RxPY,.github/workflows/repo-assist.md,ReactiveX__RxPY__e15d01e68c0d/history.json,ReactiveX__RxPY__e15d01e68c0d/snapshots/RxPY__ReactiveX__e1ead2414b7d5f0ee893931bb31fe25356b4f334__repo-assist.md,e1ead2414b7d5f0ee893931bb31fe25356b4f334,2026-05-09T09:16:47Z,en,0.9999963695508107,2552,2574
ROCm/rocm-libraries:.github/workflows/hipblaslt-doc-agent.md,ROCm/rocm-libraries,.github/workflows/hipblaslt-doc-agent.md,ROCm__rocm-libraries__657795859361/history.json,ROCm__rocm-libraries__657795859361/snapshots/rocm-libraries__ROCm__f4f3c932d90799e7e145b75b17dfbab0683d706c__hipblaslt-doc-agent.md,f4f3c932d90799e7e145b75b17dfbab0683d706c,2026-03-23T18:56:20Z,en,0.9999977810410117,2284,2208
royshil/obs-backgroundremoval:.github/workflows/validate-pr.md,royshil/obs-backgroundremoval,.github/workflows/validate-pr.md,royshil__obs-backgroundremoval__36d03bd26eb6/history.json,royshil__obs-backgroundremoval__36d03bd26eb6/snapshots/obs-backgroundremoval__royshil__0dd2746cff35c59de74924737de2d5913e72ffe5__validate-pr.md,0dd2746cff35c59de74924737de2d5913e72ffe5,2026-03-30T22:54:20Z,en,0.9999975223316477,245,252
RustPython/RustPython:.github/workflows/upgrade-pylib.md,RustPython/RustPython,.github/workflows/upgrade-pylib.md,RustPython__RustPython__2d9ad1ef0b98/history.json,RustPython__RustPython__2d9ad1ef0b98/snapshots/RustPython__RustPython__f38b8b8dfd0cba520d3cceceaeccf179308e053a__upgrade-pylib.md,f38b8b8dfd0cba520d3cceceaeccf179308e053a,2026-06-12T02:08:27Z,en,0.9999973978309773,218,191
rysweet/amplihack:.github/workflows/bot-detection.md,rysweet/amplihack,.github/workflows/bot-detection.md,rysweet__amplihack__818110ef8c28/history.json,rysweet__amplihack__818110ef8c28/snapshots/amplihack__rysweet__9fc6b0576d539fad43f61e900aa37a5504f60232__bot-detection.md,9fc6b0576d539fad43f61e900aa37a5504f60232,2026-03-09T04:48:01Z,en,0.9999971562799852,521,567
rysweet/amplihack:.github/workflows/code-simplifier.md,rysweet/amplihack,.github/workflows/code-simplifier.md,rysweet__amplihack__dc04ebaf4e08/history.json,rysweet__amplihack__dc04ebaf4e08/snapshots/amplihack__rysweet__9fc6b0576d539fad43f61e900aa37a5504f60232__code-simplifier.md,9fc6b0576d539fad43f61e900aa37a5504f60232,2026-03-09T04:48:01Z,en,0.9999971098029992,1157,1065
rysweet/amplihack:.github/workflows/daily-code-metrics.md,rysweet/amplihack,.github/workflows/daily-code-metrics.md,rysweet__amplihack__032c2a49aaf9/history.json,rysweet__amplihack__032c2a49aaf9/snapshots/amplihack__rysweet__ae53358dc7c0e2bc124ac86b3a08dca4c1502866__daily-code-metrics.md,ae53358dc7c0e2bc124ac86b3a08dca4c1502866,2026-04-02T00:36:09Z,en,0.9999989485420143,739,754
rysweet/amplihack:.github/workflows/daily-doc-updater.md,rysweet/amplihack,.github/workflows/daily-doc-updater.md,rysweet__amplihack__07800f6e5034/history.json,rysweet__amplihack__07800f6e5034/snapshots/amplihack__rysweet__20d7d4e601d9d9db18494ff6de6e3485d33dbe0c__daily-doc-updater.md,20d7d4e601d9d9db18494ff6de6e3485d33dbe0c,2026-02-15T19:57:42Z,insufficient,0.0,20,17
rysweet/amplihack:.github/workflows/daily-file-diet.md,rysweet/amplihack,.github/workflows/daily-file-diet.md,rysweet__amplihack__a5a069656df0/history.json,rysweet__amplihack__a5a069656df0/snapshots/amplihack__rysweet__9fc6b0576d539fad43f61e900aa37a5504f60232__daily-file-diet.md,9fc6b0576d539fad43f61e900aa37a5504f60232,2026-03-09T04:48:01Z,en,0.999998295762567,787,745
rysweet/amplihack:.github/workflows/daily-security-red-team.md,rysweet/amplihack,.github/workflows/daily-security-red-team.md,rysweet__amplihack__9775929fb2a0/history.json,rysweet__amplihack__9775929fb2a0/snapshots/amplihack__rysweet__20d7d4e601d9d9db18494ff6de6e3485d33dbe0c__daily-security-red-team.md,20d7d4e601d9d9db18494ff6de6e3485d33dbe0c,2026-02-15T19:57:42Z,en,0.9999967517048423,684,576
rysweet/amplihack:.github/workflows/daily-syntax-error-quality.md,rysweet/amplihack,.github/workflows/daily-syntax-error-quality.md,rysweet__amplihack__7863fef06b4c/history.json,rysweet__amplihack__7863fef06b4c/snapshots/amplihack__rysweet__9fc6b0576d539fad43f61e900aa37a5504f60232__daily-syntax-error-quality.md,9fc6b0576d539fad43f61e900aa37a5504f60232,2026-03-09T04:48:01Z,en,0.9999962310823691,228,187
rysweet/amplihack:.github/workflows/dependabot-burner.md,rysweet/amplihack,.github/workflows/dependabot-burner.md,rysweet__amplihack__ee1cc509a659/history.json,rysweet__amplihack__ee1cc509a659/snapshots/amplihack__rysweet__9fc6b0576d539fad43f61e900aa37a5504f60232__dependabot-burner.md,9fc6b0576d539fad43f61e900aa37a5504f60232,2026-03-09T04:48:01Z,en,0.9999962317037822,128,123
rysweet/amplihack:.github/workflows/docs-noob-tester.md,rysweet/amplihack,.github/workflows/docs-noob-tester.md,rysweet__amplihack__9ef5ec05d5d6/history.json,rysweet__amplihack__9ef5ec05d5d6/snapshots/amplihack__rysweet__9fc6b0576d539fad43f61e900aa37a5504f60232__docs-noob-tester.md,9fc6b0576d539fad43f61e900aa37a5504f60232,2026-03-09T04:48:01Z,en,0.9999961646604864,611,533
rysweet/amplihack:.github/workflows/duplicate-code-detector.md,rysweet/amplihack,.github/workflows/duplicate-code-detector.md,rysweet__amplihack__4cd004cda7ac/history.json,rysweet__amplihack__4cd004cda7ac/snapshots/amplihack__rysweet__ea16b856d480791435967f5c88cf6c21db3ea614__duplicate-code-detector.md,ea16b856d480791435967f5c88cf6c21db3ea614,2026-02-16T15:47:37Z,en,0.999997006179457,750,729
rysweet/amplihack:.github/workflows/issue-classifier.md,rysweet/amplihack,.github/workflows/issue-classifier.md,rysweet__amplihack__774cd4508d75/history.json,rysweet__amplihack__774cd4508d75/snapshots/amplihack__rysweet__39ed19b20ca47a23c46051e42a9674153bfe8df0__issue-classifier.md,39ed19b20ca47a23c46051e42a9674153bfe8df0,2026-04-01T23:33:58Z,en,0.9999952164004992,830,811
rysweet/amplihack:.github/workflows/pr-triage-agent.md,rysweet/amplihack,.github/workflows/pr-triage-agent.md,rysweet__amplihack__080ad0da4396/history.json,rysweet__amplihack__080ad0da4396/snapshots/amplihack__rysweet__9fc6b0576d539fad43f61e900aa37a5504f60232__pr-triage-agent.md,9fc6b0576d539fad43f61e900aa37a5504f60232,2026-03-09T04:48:01Z,en,0.999996138753368,55,52
rysweet/amplihack:.github/workflows/repo-guardian.md,rysweet/amplihack,.github/workflows/repo-guardian.md,rysweet__amplihack__d17074ac20c9/history.json,rysweet__amplihack__d17074ac20c9/snapshots/amplihack__rysweet__9fc6b0576d539fad43f61e900aa37a5504f60232__repo-guardian.md,9fc6b0576d539fad43f61e900aa37a5504f60232,2026-03-09T04:48:01Z,en,0.9999954509904623,469,466
rysweet/amplihack:.github/workflows/security-compliance.md,rysweet/amplihack,.github/workflows/security-compliance.md,rysweet__amplihack__f3a6e689ddea/history.json,rysweet__amplihack__f3a6e689ddea/snapshots/amplihack__rysweet__9fc6b0576d539fad43f61e900aa37a5504f60232__security-compliance.md,9fc6b0576d539fad43f61e900aa37a5504f60232,2026-03-09T04:48:01Z,en,0.9999978658382521,512,435
rysweet/amplihack:.github/workflows/static-analysis-report.md,rysweet/amplihack,.github/workflows/static-analysis-report.md,rysweet__amplihack__541f0a584597/history.json,rysweet__amplihack__541f0a584597/snapshots/amplihack__rysweet__352b5837d086d801ed123e93c91acaba1610b879__static-analysis-report.md,352b5837d086d801ed123e93c91acaba1610b879,2026-03-01T02:27:56Z,en,0.9999965569445417,985,872
rysweet/amplihack:.github/workflows/weekly-issue-summary.md,rysweet/amplihack,.github/workflows/weekly-issue-summary.md,rysweet__amplihack__4769348bb918/history.json,rysweet__amplihack__4769348bb918/snapshots/amplihack__rysweet__9fc6b0576d539fad43f61e900aa37a5504f60232__weekly-issue-summary.md,9fc6b0576d539fad43f61e900aa37a5504f60232,2026-03-09T04:48:01Z,en,0.9999978712632187,401,365
rysweet/amplihack:.github/workflows/workflow-health-manager.md,rysweet/amplihack,.github/workflows/workflow-health-manager.md,rysweet__amplihack__6d23cfe91736/history.json,rysweet__amplihack__6d23cfe91736/snapshots/amplihack__rysweet__9fc6b0576d539fad43f61e900aa37a5504f60232__workflow-health-manager.md,9fc6b0576d539fad43f61e900aa37a5504f60232,2026-03-09T04:48:01Z,en,0.9999964203550737,358,352
SatelliteQE/broker:.github/workflows/wiki-sync.md,SatelliteQE/broker,.github/workflows/wiki-sync.md,SatelliteQE__broker__3d2f9863fdcc/history.json,SatelliteQE__broker__3d2f9863fdcc/snapshots/broker__SatelliteQE__af4f9dd4217d48a9baa4aaa63f948c62e8d437f7__wiki-sync.md,af4f9dd4217d48a9baa4aaa63f948c62e8d437f7,2026-04-20T04:58:48Z,en,0.9999964285432555,872,880
SatelliteQE/robottelo:.github/workflows/wiki-sync.md,SatelliteQE/robottelo,.github/workflows/wiki-sync.md,SatelliteQE__robottelo__1fbdb5e8b31b/history.json,SatelliteQE__robottelo__1fbdb5e8b31b/snapshots/robottelo__SatelliteQE__1f8c1eba089c396dfe47a2a5fbe0b00097f8392c__wiki-sync.md,1f8c1eba089c396dfe47a2a5fbe0b00097f8392c,2026-06-11T18:07:52Z,en,0.9999966312773323,892,938
shopware/shopware:.github/workflows/sw-bugfixer.md,shopware/shopware,.github/workflows/sw-bugfixer.md,shopware__shopware__74d82d76a4c7/history.json,shopware__shopware__74d82d76a4c7/snapshots/shopware__shopware__6ae48120549492f0ceb1da1d7cbe627cd0925401__sw-bugfixer.md,6ae48120549492f0ceb1da1d7cbe627cd0925401,2026-07-03T08:57:26Z,en,0.9999974154176484,126,130
shopware/shopware:.github/workflows/sw-review.md,shopware/shopware,.github/workflows/sw-review.md,shopware__shopware__6b4e02cc2c06/history.json,shopware__shopware__6b4e02cc2c06/snapshots/shopware__shopware__d56af93bdff4aaf2d9ff2228c07fedb25dfe257c__sw-review.md,d56af93bdff4aaf2d9ff2228c07fedb25dfe257c,2026-07-03T12:31:25Z,en,0.9999961498640256,670,585
shopware/shopware:.github/workflows/sw-triage.md,shopware/shopware,.github/workflows/sw-triage.md,shopware__shopware__6ef8cd8f74e1/history.json,shopware__shopware__6ef8cd8f74e1/snapshots/shopware__shopware__6ae48120549492f0ceb1da1d7cbe627cd0925401__sw-triage.md,6ae48120549492f0ceb1da1d7cbe627cd0925401,2026-07-03T08:57:26Z,en,0.9999960103099057,146,146
shyamagu-ms/ai-scrum:.github/workflows/run-backlog-refinement.md,shyamagu-ms/ai-scrum,.github/workflows/run-backlog-refinement.md,shyamagu-ms__ai-scrum__b3ecf1ceae20/history.json,shyamagu-ms__ai-scrum__b3ecf1ceae20/snapshots/ai-scrum__shyamagu-ms__184facd7d741cb9afe2a7761d9272c3777497d5f__run-backlog-refinement.md,184facd7d741cb9afe2a7761d9272c3777497d5f,2026-04-08T23:46:53Z,insufficient,0.0,5,7
shyamagu-ms/ai-scrum:.github/workflows/run-day1.md,shyamagu-ms/ai-scrum,.github/workflows/run-day1.md,shyamagu-ms__ai-scrum__63270345911e/history.json,shyamagu-ms__ai-scrum__63270345911e/snapshots/ai-scrum__shyamagu-ms__184facd7d741cb9afe2a7761d9272c3777497d5f__run-day1.md,184facd7d741cb9afe2a7761d9272c3777497d5f,2026-04-08T23:46:53Z,insufficient,0.0,7,9
shyamagu-ms/ai-scrum:.github/workflows/run-day2.md,shyamagu-ms/ai-scrum,.github/workflows/run-day2.md,shyamagu-ms__ai-scrum__273bf7f1a530/history.json,shyamagu-ms__ai-scrum__273bf7f1a530/snapshots/ai-scrum__shyamagu-ms__184facd7d741cb9afe2a7761d9272c3777497d5f__run-day2.md,184facd7d741cb9afe2a7761d9272c3777497d5f,2026-04-08T23:46:53Z,insufficient,0.0,7,9
shyamagu-ms/ai-scrum:.github/workflows/run-day3.md,shyamagu-ms/ai-scrum,.github/workflows/run-day3.md,shyamagu-ms__ai-scrum__00b2956a6c1a/history.json,shyamagu-ms__ai-scrum__00b2956a6c1a/snapshots/ai-scrum__shyamagu-ms__184facd7d741cb9afe2a7761d9272c3777497d5f__run-day3.md,184facd7d741cb9afe2a7761d9272c3777497d5f,2026-04-08T23:46:53Z,insufficient,0.0,7,9
shyamagu-ms/ai-scrum:.github/workflows/run-day4.md,shyamagu-ms/ai-scrum,.github/workflows/run-day4.md,shyamagu-ms__ai-scrum__8e38f9bedf65/history.json,shyamagu-ms__ai-scrum__8e38f9bedf65/snapshots/ai-scrum__shyamagu-ms__184facd7d741cb9afe2a7761d9272c3777497d5f__run-day4.md,184facd7d741cb9afe2a7761d9272c3777497d5f,2026-04-08T23:46:53Z,insufficient,0.0,7,9
shyamagu-ms/ai-scrum:.github/workflows/run-day5.md,shyamagu-ms/ai-scrum,.github/workflows/run-day5.md,shyamagu-ms__ai-scrum__691fb2372349/history.json,shyamagu-ms__ai-scrum__691fb2372349/snapshots/ai-scrum__shyamagu-ms__184facd7d741cb9afe2a7761d9272c3777497d5f__run-day5.md,184facd7d741cb9afe2a7761d9272c3777497d5f,2026-04-08T23:46:53Z,insufficient,0.0,7,9
shyamagu-ms/ai-scrum:.github/workflows/run-order-create.md,shyamagu-ms/ai-scrum,.github/workflows/run-order-create.md,shyamagu-ms__ai-scrum__342719b7636f/history.json,shyamagu-ms__ai-scrum__342719b7636f/snapshots/ai-scrum__shyamagu-ms__184facd7d741cb9afe2a7761d9272c3777497d5f__run-order-create.md,184facd7d741cb9afe2a7761d9272c3777497d5f,2026-04-08T23:46:53Z,insufficient,0.0,5,7
shyamagu-ms/ai-scrum:.github/workflows/run-sprint-planning.md,shyamagu-ms/ai-scrum,.github/workflows/run-sprint-planning.md,shyamagu-ms__ai-scrum__9754a44a7aa4/history.json,shyamagu-ms__ai-scrum__9754a44a7aa4/snapshots/ai-scrum__shyamagu-ms__184facd7d741cb9afe2a7761d9272c3777497d5f__run-sprint-planning.md,184facd7d741cb9afe2a7761d9272c3777497d5f,2026-04-08T23:46:53Z,insufficient,0.0,5,7
shyamagu-ms/ai-scrum:.github/workflows/run-sprint-retrospective.md,shyamagu-ms/ai-scrum,.github/workflows/run-sprint-retrospective.md,shyamagu-ms__ai-scrum__618396bcd805/history.json,shyamagu-ms__ai-scrum__618396bcd805/snapshots/ai-scrum__shyamagu-ms__184facd7d741cb9afe2a7761d9272c3777497d5f__run-sprint-retrospective.md,184facd7d741cb9afe2a7761d9272c3777497d5f,2026-04-08T23:46:53Z,insufficient,0.0,5,7
shyamagu-ms/ai-scrum:.github/workflows/run-sprint-review.md,shyamagu-ms/ai-scrum,.github/workflows/run-sprint-review.md,shyamagu-ms__ai-scrum__dfa7bf312e2f/history.json,shyamagu-ms__ai-scrum__dfa7bf312e2f/snapshots/ai-scrum__shyamagu-ms__184facd7d741cb9afe2a7761d9272c3777497d5f__run-sprint-review.md,184facd7d741cb9afe2a7761d9272c3777497d5f,2026-04-08T23:46:53Z,insufficient,0.0,5,7
SocketDev/socket-cli:.github/workflows/get-green.md,SocketDev/socket-cli,.github/workflows/get-green.md,SocketDev__socket-cli__6e7e1f10a034/history.json,SocketDev__socket-cli__6e7e1f10a034/snapshots/socket-cli__SocketDev__7f65bfd01581d94c9f0e85c7ae0f7c7fe59d2e3d__get-green.md,7f65bfd01581d94c9f0e85c7ae0f7c7fe59d2e3d,2026-08-02T01:30:44Z,en,0.9999950373318305,228,227
SocketDev/socket-cli:.github/workflows/weekly-update.md,SocketDev/socket-cli,.github/workflows/weekly-update.md,SocketDev__socket-cli__d49bf2f0e08b/history.json,SocketDev__socket-cli__d49bf2f0e08b/snapshots/socket-cli__SocketDev__7f65bfd01581d94c9f0e85c7ae0f7c7fe59d2e3d__weekly-update.md,7f65bfd01581d94c9f0e85c7ae0f7c7fe59d2e3d,2026-08-02T01:30:44Z,en,0.9999959931198792,406,423
SocketDev/socket-mcp:.github/workflows/get-green.md,SocketDev/socket-mcp,.github/workflows/get-green.md,SocketDev__socket-mcp__1053f34d1fbe/history.json,SocketDev__socket-mcp__1053f34d1fbe/snapshots/socket-mcp__SocketDev__223ac7b4a1ccea4b5abafee60c6640fd9bfcbee9__get-green.md,223ac7b4a1ccea4b5abafee60c6640fd9bfcbee9,2026-08-01T16:09:51Z,en,0.9999950373318305,228,227
SocketDev/socket-registry:.github/workflows/get-green.md,SocketDev/socket-registry,.github/workflows/get-green.md,SocketDev__socket-registry__106f08b0e848/history.json,SocketDev__socket-registry__106f08b0e848/snapshots/socket-registry__SocketDev__a065eeb10eb24f77794053b0a70574f950de7dab__get-green.md,a065eeb10eb24f77794053b0a70574f950de7dab,2026-08-01T16:45:54Z,en,0.9999950373318305,228,227
SocketDev/socket-sdk-js:.github/workflows/get-green.md,SocketDev/socket-sdk-js,.github/workflows/get-green.md,SocketDev__socket-sdk-js__d9809c4ab4e0/history.json,SocketDev__socket-sdk-js__d9809c4ab4e0/snapshots/socket-sdk-js__SocketDev__cd33b12bdd7bccd03853448231064a4682c12faa__get-green.md,cd33b12bdd7bccd03853448231064a4682c12faa,2026-08-01T16:47:10Z,en,0.9999950373318305,228,227
SocketDev/socket-vscode:.github/workflows/get-green.md,SocketDev/socket-vscode,.github/workflows/get-green.md,SocketDev__socket-vscode__01a01cfd8671/history.json,SocketDev__socket-vscode__01a01cfd8671/snapshots/socket-vscode__SocketDev__08727a993b5126ffedcc80c027cd1f7e4337b6fd__get-green.md,08727a993b5126ffedcc80c027cd1f7e4337b6fd,2026-08-02T01:32:26Z,en,0.9999950373318305,228,227
SonarSource/sonarqube-cli:.github/workflows/ci-failure-triage-agent.md,SonarSource/sonarqube-cli,.github/workflows/ci-failure-triage-agent.md,SonarSource__sonarqube-cli__5c9b7bbd12fd/history.json,SonarSource__sonarqube-cli__5c9b7bbd12fd/snapshots/sonarqube-cli__SonarSource__596ae691a2ce79413c449eacf99f57701ed9bc30__ci-failure-triage-agent.md,596ae691a2ce79413c449eacf99f57701ed9bc30,2026-06-08T08:30:19Z,insufficient,0.0,5,5
srinitude/pi-until-done:.github/workflows/issue-triage.md,srinitude/pi-until-done,.github/workflows/issue-triage.md,srinitude__pi-until-done__e40f3ddf9ee5/history.json,srinitude__pi-until-done__e40f3ddf9ee5/snapshots/pi-until-done__srinitude__4153586aadb79446b981e249f9a0edd40aef3ee2__issue-triage.md,4153586aadb79446b981e249f9a0edd40aef3ee2,2026-07-22T18:51:37Z,en,0.9999969859603617,280,281
srinitude/pi-until-done:.github/workflows/pi-runtime-review.md,srinitude/pi-until-done,.github/workflows/pi-runtime-review.md,srinitude__pi-until-done__25fd8f82f191/history.json,srinitude__pi-until-done__25fd8f82f191/snapshots/pi-until-done__srinitude__5d863623263ac6be21ba757c060056250d9b4d23__pi-runtime-review.md,5d863623263ac6be21ba757c060056250d9b4d23,2026-07-22T12:32:21Z,en,0.99999488089601,203,202
srinitude/pi-until-done:.github/workflows/pi-upstream-lockstep.md,srinitude/pi-until-done,.github/workflows/pi-upstream-lockstep.md,srinitude__pi-until-done__e2da3855f0e5/history.json,srinitude__pi-until-done__e2da3855f0e5/snapshots/pi-until-done__srinitude__4153586aadb79446b981e249f9a0edd40aef3ee2__pi-upstream-lockstep.md,4153586aadb79446b981e249f9a0edd40aef3ee2,2026-07-22T18:51:37Z,en,0.9999961972508968,219,227
SSWConsulting/SSW.Rules.Content:.github/workflows/content-campaign.md,SSWConsulting/SSW.Rules.Content,.github/workflows/content-campaign.md,SSWConsulting__SSW.Rules.Content__58d2e1982c14/history.json,SSWConsulting__SSW.Rules.Content__58d2e1982c14/snapshots/SSW.Rules.Content__SSWConsulting__0a9e7b77dc698a3fb4ea446221daf3c33523439b__content-campaign.md,0a9e7b77dc698a3fb4ea446221daf3c33523439b,2026-05-15T01:11:10Z,en,0.999998419697765,771,722
SSWConsulting/SSW.Rules.Content:.github/workflows/content-fixer.md,SSWConsulting/SSW.Rules.Content,.github/workflows/content-fixer.md,SSWConsulting__SSW.Rules.Content__d38daccf6de5/history.json,SSWConsulting__SSW.Rules.Content__d38daccf6de5/snapshots/SSW.Rules.Content__SSWConsulting__0a9e7b77dc698a3fb4ea446221daf3c33523439b__content-fixer.md,0a9e7b77dc698a3fb4ea446221daf3c33523439b,2026-05-15T01:11:10Z,en,0.9999963781658888,1182,1140
SSWConsulting/SSW.Rules.Content:.github/workflows/content-judge-pr.md,SSWConsulting/SSW.Rules.Content,.github/workflows/content-judge-pr.md,SSWConsulting__SSW.Rules.Content__138f00605bc2/history.json,SSWConsulting__SSW.Rules.Content__138f00605bc2/snapshots/SSW.Rules.Content__SSWConsulting__0a9e7b77dc698a3fb4ea446221daf3c33523439b__content-judge-pr.md,0a9e7b77dc698a3fb4ea446221daf3c33523439b,2026-05-15T01:11:10Z,en,0.9999957964419727,628,632
SSWConsulting/SSW.Rules.Content:.github/workflows/content-judge.md,SSWConsulting/SSW.Rules.Content,.github/workflows/content-judge.md,SSWConsulting__SSW.Rules.Content__6cf3281ff7ca/history.json,SSWConsulting__SSW.Rules.Content__6cf3281ff7ca/snapshots/SSW.Rules.Content__SSWConsulting__0a9e7b77dc698a3fb4ea446221daf3c33523439b__content-judge.md,0a9e7b77dc698a3fb4ea446221daf3c33523439b,2026-05-15T01:11:10Z,en,0.9999977030188945,914,890
SSWConsulting/SSW.Rules.Content:.github/workflows/content-snapshot-done.md,SSWConsulting/SSW.Rules.Content,.github/workflows/content-snapshot-done.md,SSWConsulting__SSW.Rules.Content__59d37a9f9dc4/history.json,SSWConsulting__SSW.Rules.Content__59d37a9f9dc4/snapshots/SSW.Rules.Content__SSWConsulting__6c44a5e1161d74bfcc84e874b58cffc3f4baee9e__content-snapshot-done.md,6c44a5e1161d74bfcc84e874b58cffc3f4baee9e,2026-05-27T23:15:45Z,en,0.9999964710281136,535,522
SSWConsulting/SSW.Rules.Content:.github/workflows/semrush-fixer.md,SSWConsulting/SSW.Rules.Content,.github/workflows/semrush-fixer.md,SSWConsulting__SSW.Rules.Content__be44bbc5e3ea/history.json,SSWConsulting__SSW.Rules.Content__be44bbc5e3ea/snapshots/SSW.Rules.Content__SSWConsulting__67bb4e6710eedbb0a88cf9f4ae6c42357721750b__semrush-fixer.md,67bb4e6710eedbb0a88cf9f4ae6c42357721750b,2026-04-27T16:14:45Z,en,0.9999978656568771,374,384
SSWConsulting/SSW.Rules:.github/workflows/issue-triage.md,SSWConsulting/SSW.Rules,.github/workflows/issue-triage.md,SSWConsulting__SSW.Rules__8177f4cf7303/history.json,SSWConsulting__SSW.Rules__8177f4cf7303/snapshots/SSW.Rules__SSWConsulting__f0c6c07b8b96126598863e0592a4a4e7cd3340ad__issue-triage.md,f0c6c07b8b96126598863e0592a4a4e7cd3340ad,2026-03-05T01:17:35Z,en,0.9999987933838301,879,866
SSWConsulting/SSW.Website:.github/workflows/auto-approve-content-changes.md,SSWConsulting/SSW.Website,.github/workflows/auto-approve-content-changes.md,SSWConsulting__SSW.Website__939287720ea3/history.json,SSWConsulting__SSW.Website__939287720ea3/snapshots/SSW.Website__SSWConsulting__eadb98f58f588d3f702408acc123a9407e9b76f9__auto-approve-content-changes.md,eadb98f58f588d3f702408acc123a9407e9b76f9,2026-05-22T02:27:04Z,en,0.9999970687173796,635,658
stbenjam/skillsaw:.github/workflows/issue-triage.md,stbenjam/skillsaw,.github/workflows/issue-triage.md,stbenjam__skillsaw__fa53e5d7be9a/history.json,stbenjam__skillsaw__fa53e5d7be9a/snapshots/skillsaw__stbenjam__3bef6a65e87e2b8b820f4d24d33c2466d8bb5ccb__issue-triage.md,3bef6a65e87e2b8b820f4d24d33c2466d8bb5ccb,2026-07-25T21:23:36Z,en,0.9999955872559392,32,31
stellar/rs-soroban-sdk:.github/workflows/semver.md,stellar/rs-soroban-sdk,.github/workflows/semver.md,stellar__rs-soroban-sdk__ff202d5846a9/history.json,stellar__rs-soroban-sdk__ff202d5846a9/snapshots/rs-soroban-sdk__stellar__e1b300e264567d21b9b1ac5ce8dd28835fa7725c__semver.md,e1b300e264567d21b9b1ac5ce8dd28835fa7725c,2026-07-31T17:01:18Z,en,0.999996208842042,566,583
stride3d/stride-community-toolkit:.github/workflows/daily-activity-report.md,stride3d/stride-community-toolkit,.github/workflows/daily-activity-report.md,stride3d__stride-community-toolkit__bf40582149d0/history.json,stride3d__stride-community-toolkit__bf40582149d0/snapshots/stride-community-toolkit__stride3d__f9a11868a71638da0d99b91f1f3da158587eeb62__daily-activity-report.md,f9a11868a71638da0d99b91f1f3da158587eeb62,2026-05-24T23:20:52Z,en,0.9999976620294444,336,321
svenjacobs/lokksmith:.github/workflows/update-dependency-matrix.md,svenjacobs/lokksmith,.github/workflows/update-dependency-matrix.md,svenjacobs__lokksmith__64cc913b477d/history.json,svenjacobs__lokksmith__64cc913b477d/snapshots/lokksmith__svenjacobs__d7231583a84ecf8a42b1c666d77782d7170b4154__update-dependency-matrix.md,d7231583a84ecf8a42b1c666d77782d7170b4154,2026-06-09T13:36:33Z,en,0.9999985375668354,378,406
talk2MeGooseman/stream_closed_captioner_phoenix:.github/workflows/daily-test-improver.md,talk2MeGooseman/stream_closed_captioner_phoenix,.github/workflows/daily-test-improver.md,talk2MeGooseman__stream_closed_captioner_phoenix__a64922cc77d3/history.json,talk2MeGooseman__stream_closed_captioner_phoenix__a64922cc77d3/snapshots/stream_closed_captioner_phoenix__talk2MeGooseman__0bd181fb439fc0327392911b90906eec5bb0a762__daily-test-improver.md,0bd181fb439fc0327392911b90906eec5bb0a762,2026-04-12T03:11:17Z,en,0.9999960003742825,2025,1966
taosdata/TDengine:.github/workflows/weekly-report.md,taosdata/TDengine,.github/workflows/weekly-report.md,taosdata__TDengine__7100629a98af/history.json,taosdata__TDengine__7100629a98af/snapshots/TDengine__taosdata__34cda8affe1d9937ec4dfa7610232fc5f04ac77b__weekly-report.md,34cda8affe1d9937ec4dfa7610232fc5f04ac77b,2026-03-08T06:59:17Z,en,0.9999970267456886,550,540
tenstorrent/tt-metal:.github/workflows/ci-failure-triage.md,tenstorrent/tt-metal,.github/workflows/ci-failure-triage.md,tenstorrent__tt-metal__2b125637c52e/history.json,tenstorrent__tt-metal__2b125637c52e/snapshots/tt-metal__tenstorrent__f94179ee5985044074771a93ed96d10fcdff39f5__ci-failure-triage.md,f94179ee5985044074771a93ed96d10fcdff39f5,2026-07-31T00:12:34Z,en,0.9999972748730407,1212,1200
tesslio/good-oss-citizen:.github/workflows/review-anthropic.md,tesslio/good-oss-citizen,.github/workflows/review-anthropic.md,tesslio__good-oss-citizen__3d0d10316a48/history.json,tesslio__good-oss-citizen__3d0d10316a48/snapshots/good-oss-citizen__tesslio__9bae1d5db4f74f9d2b72afe8f35c60959e8b9812__review-anthropic.md,9bae1d5db4f74f9d2b72afe8f35c60959e8b9812,2026-06-09T14:00:53Z,en,0.9999963250913213,926,978
tesslio/good-oss-citizen:.github/workflows/review-openai.md,tesslio/good-oss-citizen,.github/workflows/review-openai.md,tesslio__good-oss-citizen__f8035f073fbe/history.json,tesslio__good-oss-citizen__f8035f073fbe/snapshots/good-oss-citizen__tesslio__9bae1d5db4f74f9d2b72afe8f35c60959e8b9812__review-openai.md,9bae1d5db4f74f9d2b72afe8f35c60959e8b9812,2026-06-09T14:00:53Z,en,0.9999971353777383,926,978
thaw-app/Thaw:.github/workflows/issue-triage.md,thaw-app/Thaw,.github/workflows/issue-triage.md,thaw-app__Thaw__43ff778f50eb/history.json,thaw-app__Thaw__43ff778f50eb/snapshots/Thaw__thaw-app__2168eb56fb19f5fea69103991646b4021dd1b11b__issue-triage.md,2168eb56fb19f5fea69103991646b4021dd1b11b,2026-07-28T10:26:37Z,en,0.9999984282417362,1247,1088
tkubica12/gh-copilot-demo:.github/workflows/issue-triage.md,tkubica12/gh-copilot-demo,.github/workflows/issue-triage.md,tkubica12__gh-copilot-demo__a9d759f99095/history.json,tkubica12__gh-copilot-demo__a9d759f99095/snapshots/gh-copilot-demo__tkubica12__1619804d09b8000325e20b1688939a4e9ce83792__issue-triage.md,1619804d09b8000325e20b1688939a4e9ce83792,2026-06-10T09:33:13Z,en,0.9999956190969171,168,172
tosin2013/mcp-adr-analysis-server:.github/workflows/ai-executor-integration.md,tosin2013/mcp-adr-analysis-server,.github/workflows/ai-executor-integration.md,tosin2013__mcp-adr-analysis-server__2d9562bf179b/history.json,tosin2013__mcp-adr-analysis-server__2d9562bf179b/snapshots/mcp-adr-analysis-server__tosin2013__72f88fa814801e4acb65e1eaf7f4f0437de3fdef__ai-executor-integration.md,72f88fa814801e4acb65e1eaf7f4f0437de3fdef,2026-03-16T17:48:59Z,en,0.9999971996595732,345,307
tosin2013/mcp-adr-analysis-server:.github/workflows/ai-release-notes-agent.md,tosin2013/mcp-adr-analysis-server,.github/workflows/ai-release-notes-agent.md,tosin2013__mcp-adr-analysis-server__657beee3d5b3/history.json,tosin2013__mcp-adr-analysis-server__657beee3d5b3/snapshots/mcp-adr-analysis-server__tosin2013__24ff1b346378d00273797f78ac63d1f8ea3c5423__ai-release-notes-agent.md,24ff1b346378d00273797f78ac63d1f8ea3c5423,2026-02-16T16:07:01Z,en,0.9999964469905658,283,228
tosin2013/mcp-adr-analysis-server:.github/workflows/ci-doctor.md,tosin2013/mcp-adr-analysis-server,.github/workflows/ci-doctor.md,tosin2013__mcp-adr-analysis-server__d2f6f52ea10c/history.json,tosin2013__mcp-adr-analysis-server__d2f6f52ea10c/snapshots/mcp-adr-analysis-server__tosin2013__24ff1b346378d00273797f78ac63d1f8ea3c5423__ci-doctor.md,24ff1b346378d00273797f78ac63d1f8ea3c5423,2026-02-16T16:07:01Z,en,0.9999962388193451,367,264
tosin2013/mcp-adr-analysis-server:.github/workflows/dependabot-bundler.md,tosin2013/mcp-adr-analysis-server,.github/workflows/dependabot-bundler.md,tosin2013__mcp-adr-analysis-server__a582c5e805a7/history.json,tosin2013__mcp-adr-analysis-server__a582c5e805a7/snapshots/mcp-adr-analysis-server__tosin2013__60ddaf6b47ae4e72b1f972430749d1f79eef5d44__dependabot-bundler.md,60ddaf6b47ae4e72b1f972430749d1f79eef5d44,2026-02-20T00:13:55Z,en,0.9999964539072341,402,275
tosin2013/mcp-adr-analysis-server:.github/workflows/deployment-pattern-validation.md,tosin2013/mcp-adr-analysis-server,.github/workflows/deployment-pattern-validation.md,tosin2013__mcp-adr-analysis-server__e5ed2680c676/history.json,tosin2013__mcp-adr-analysis-server__e5ed2680c676/snapshots/mcp-adr-analysis-server__tosin2013__72f88fa814801e4acb65e1eaf7f4f0437de3fdef__deployment-pattern-validation.md,72f88fa814801e4acb65e1eaf7f4f0437de3fdef,2026-03-16T17:48:59Z,en,0.9999959687596861,343,308
tosin2013/mcp-adr-analysis-server:.github/workflows/docs-noob-tester.md,tosin2013/mcp-adr-analysis-server,.github/workflows/docs-noob-tester.md,tosin2013__mcp-adr-analysis-server__5a7d2f9298c0/history.json,tosin2013__mcp-adr-analysis-server__5a7d2f9298c0/snapshots/mcp-adr-analysis-server__tosin2013__72f88fa814801e4acb65e1eaf7f4f0437de3fdef__docs-noob-tester.md,72f88fa814801e4acb65e1eaf7f4f0437de3fdef,2026-03-16T17:48:59Z,en,0.9999959291430187,579,577
tosin2013/mcp-adr-analysis-server:.github/workflows/docs-site-validator.md,tosin2013/mcp-adr-analysis-server,.github/workflows/docs-site-validator.md,tosin2013__mcp-adr-analysis-server__1a5e8c1c3239/history.json,tosin2013__mcp-adr-analysis-server__1a5e8c1c3239/snapshots/mcp-adr-analysis-server__tosin2013__8f650881f6db2dbe131f4472da3192de4eec7a3f__docs-site-validator.md,8f650881f6db2dbe131f4472da3192de4eec7a3f,2026-04-19T18:26:37Z,en,0.9999952420523142,740,699
tosin2013/mcp-adr-analysis-server:.github/workflows/esm-module-validation.md,tosin2013/mcp-adr-analysis-server,.github/workflows/esm-module-validation.md,tosin2013__mcp-adr-analysis-server__db257b849fd6/history.json,tosin2013__mcp-adr-analysis-server__db257b849fd6/snapshots/mcp-adr-analysis-server__tosin2013__72f88fa814801e4acb65e1eaf7f4f0437de3fdef__esm-module-validation.md,72f88fa814801e4acb65e1eaf7f4f0437de3fdef,2026-03-16T17:48:59Z,en,0.9999952953831981,201,173
tosin2013/mcp-adr-analysis-server:.github/workflows/knowledge-graph-validation.md,tosin2013/mcp-adr-analysis-server,.github/workflows/knowledge-graph-validation.md,tosin2013__mcp-adr-analysis-server__c8e2762e8147/history.json,tosin2013__mcp-adr-analysis-server__c8e2762e8147/snapshots/mcp-adr-analysis-server__tosin2013__72f88fa814801e4acb65e1eaf7f4f0437de3fdef__knowledge-graph-validation.md,72f88fa814801e4acb65e1eaf7f4f0437de3fdef,2026-03-16T17:48:59Z,en,0.9999963332239267,272,241
tosin2013/mcp-adr-analysis-server:.github/workflows/mcp-server-validation.md,tosin2013/mcp-adr-analysis-server,.github/workflows/mcp-server-validation.md,tosin2013__mcp-adr-analysis-server__81c29199ef8f/history.json,tosin2013__mcp-adr-analysis-server__81c29199ef8f/snapshots/mcp-adr-analysis-server__tosin2013__72f88fa814801e4acb65e1eaf7f4f0437de3fdef__mcp-server-validation.md,72f88fa814801e4acb65e1eaf7f4f0437de3fdef,2026-03-16T17:48:59Z,en,0.9999983751239171,342,301
tosin2013/mcp-adr-analysis-server:.github/workflows/mcp-tool-checker.md,tosin2013/mcp-adr-analysis-server,.github/workflows/mcp-tool-checker.md,tosin2013__mcp-adr-analysis-server__b855f1bb2db7/history.json,tosin2013__mcp-adr-analysis-server__b855f1bb2db7/snapshots/mcp-adr-analysis-server__tosin2013__72f88fa814801e4acb65e1eaf7f4f0437de3fdef__mcp-tool-checker.md,72f88fa814801e4acb65e1eaf7f4f0437de3fdef,2026-03-16T17:48:59Z,en,0.9999970195691962,348,337
UbiHome/UbiHome:.github/workflows/pr-documentation-check.md,UbiHome/UbiHome,.github/workflows/pr-documentation-check.md,UbiHome__UbiHome__1967a0790a5b/history.json,UbiHome__UbiHome__1967a0790a5b/snapshots/UbiHome__UbiHome__2ef2dd1b34baea56f1789fc9d0f18778159bdac1__pr-documentation-check.md,2ef2dd1b34baea56f1789fc9d0f18778159bdac1,2026-07-15T20:49:41Z,en,0.9999959721497715,339,291
unipept/unipept:.github/workflows/dependency-update.md,unipept/unipept,.github/workflows/dependency-update.md,unipept__unipept__1c77ab11ccb7/history.json,unipept__unipept__1c77ab11ccb7/snapshots/unipept__unipept__615bf5d4b38d0a48f9619b3ee4657a51fd52cf71__dependency-update.md,615bf5d4b38d0a48f9619b3ee4657a51fd52cf71,2026-06-01T13:58:09Z,en,0.9999963509326258,195,212
vaadin/flow:.github/workflows/doc-bot.md,vaadin/flow,.github/workflows/doc-bot.md,vaadin__flow__dd3eff0e237f/history.json,vaadin__flow__dd3eff0e237f/snapshots/flow__vaadin__94e71c12717440292609c11ce849a5430e5abb35__doc-bot.md,94e71c12717440292609c11ce849a5430e5abb35,2026-06-04T11:15:04Z,en,0.999998950977448,982,890
webmaxru/web-ai-agent-skills:.github/workflows/skill-update-worker.md,webmaxru/web-ai-agent-skills,.github/workflows/skill-update-worker.md,webmaxru__web-ai-agent-skills__9d36aeea8a4d/history.json,webmaxru__web-ai-agent-skills__9d36aeea8a4d/snapshots/web-ai-agent-skills__webmaxru__0d3db743102b99df57099dc879eac6e44781f24b__skill-update-worker.md,0d3db743102b99df57099dc879eac6e44781f24b,2026-05-15T09:50:54Z,en,0.9999979798663988,319,320
WordPress/grunt-patch-wordpress:.github/workflows/dependabot-pr-review.md,WordPress/grunt-patch-wordpress,.github/workflows/dependabot-pr-review.md,WordPress__grunt-patch-wordpress__2d46c490f12b/history.json,WordPress__grunt-patch-wordpress__2d46c490f12b/snapshots/grunt-patch-wordpress__WordPress__3997450b85e5f367dfbe554b73b872477ddc0e96__dependabot-pr-review.md,3997450b85e5f367dfbe554b73b872477ddc0e96,2026-05-28T03:56:57Z,en,0.9999980184490771,119,119
wp-media/wp-rocket:.github/workflows/pr-release-doc-generator.md,wp-media/wp-rocket,.github/workflows/pr-release-doc-generator.md,wp-media__wp-rocket__2970a0a27533/history.json,wp-media__wp-rocket__2970a0a27533/snapshots/wp-rocket__wp-media__7534f1fbeab6b42c801b277251066a262c8aef79__pr-release-doc-generator.md,7534f1fbeab6b42c801b277251066a262c8aef79,2026-08-03T09:22:43Z,en,0.9999970630392014,968,910
YousefHadder/markdown-plus.nvim:.github/workflows/config-sync-checker.md,YousefHadder/markdown-plus.nvim,.github/workflows/config-sync-checker.md,YousefHadder__markdown-plus.nvim__da83a18613f2/history.json,YousefHadder__markdown-plus.nvim__da83a18613f2/snapshots/markdown-plus.nvim__YousefHadder__ef70186e8bea88c414177ef283fa9937ee7cb4c8__config-sync-checker.md,ef70186e8bea88c414177ef283fa9937ee7cb4c8,2026-05-12T17:16:31Z,en,0.9999976844971031,558,544
YousefHadder/markdown-plus.nvim:.github/workflows/contributor-recognition.md,YousefHadder/markdown-plus.nvim,.github/workflows/contributor-recognition.md,YousefHadder__markdown-plus.nvim__6d742c634816/history.json,YousefHadder__markdown-plus.nvim__6d742c634816/snapshots/markdown-plus.nvim__YousefHadder__34f1cc4e5dd5270837c8236805b9f0f86f2cf24d__contributor-recognition.md,34f1cc4e5dd5270837c8236805b9f0f86f2cf24d,2026-06-19T19:25:19Z,en,0.9999969995863146,1452,1360
YousefHadder/markdown-plus.nvim:.github/workflows/wiki-updater.md,YousefHadder/markdown-plus.nvim,.github/workflows/wiki-updater.md,YousefHadder__markdown-plus.nvim__2f6f93a4a64e/history.json,YousefHadder__markdown-plus.nvim__2f6f93a4a64e/snapshots/markdown-plus.nvim__YousefHadder__34f1cc4e5dd5270837c8236805b9f0f86f2cf24d__wiki-updater.md,34f1cc4e5dd5270837c8236805b9f0f86f2cf24d,2026-06-19T19:25:19Z,en,0.9999960202917958,565,575
Z3Prover/z3:.github/workflows/a3-python.md,Z3Prover/z3,.github/workflows/a3-python.md,Z3Prover__z3__3bbe305abab0/history.json,Z3Prover__z3__3bbe305abab0/snapshots/z3__Z3Prover__24242ec2a12aae6bc10a5d5108c521dcc7da0ff9__a3-python.md,24242ec2a12aae6bc10a5d5108c521dcc7da0ff9,2026-06-12T03:57:43Z,en,0.9999974842214427,651,567
Z3Prover/z3:.github/workflows/academic-citation-tracker.md,Z3Prover/z3,.github/workflows/academic-citation-tracker.md,Z3Prover__z3__b1a4dc790b8a/history.json,Z3Prover__z3__b1a4dc790b8a/snapshots/z3__Z3Prover__b1168b48680a7b35d639f0243cf5b8c8a3ff0277__academic-citation-tracker.md,b1168b48680a7b35d639f0243cf5b8c8a3ff0277,2026-07-28T09:22:11Z,en,0.9999975363464951,845,800
Z3Prover/z3:.github/workflows/api-coherence-checker.md,Z3Prover/z3,.github/workflows/api-coherence-checker.md,Z3Prover__z3__bea9aee3904d/history.json,Z3Prover__z3__bea9aee3904d/snapshots/z3__Z3Prover__b1168b48680a7b35d639f0243cf5b8c8a3ff0277__api-coherence-checker.md,b1168b48680a7b35d639f0243cf5b8c8a3ff0277,2026-07-28T09:22:11Z,en,0.9999963318485117,1020,998
Z3Prover/z3:.github/workflows/build-warning-fixer.md,Z3Prover/z3,.github/workflows/build-warning-fixer.md,Z3Prover__z3__08aff789c26c/history.json,Z3Prover__z3__08aff789c26c/snapshots/z3__Z3Prover__068edf6a4661b53693f934c90a0d173de295ffe4__build-warning-fixer.md,068edf6a4661b53693f934c90a0d173de295ffe4,2026-08-01T21:35:53Z,en,0.9999955335205867,580,578
Z3Prover/z3:.github/workflows/code-conventions-analyzer.md,Z3Prover/z3,.github/workflows/code-conventions-analyzer.md,Z3Prover__z3__c03ea98fa413/history.json,Z3Prover__z3__c03ea98fa413/snapshots/z3__Z3Prover__24242ec2a12aae6bc10a5d5108c521dcc7da0ff9__code-conventions-analyzer.md,24242ec2a12aae6bc10a5d5108c521dcc7da0ff9,2026-06-12T03:57:43Z,en,0.9999990936180223,2420,2277
Z3Prover/z3:.github/workflows/compare-stats-anomaly-reporter.md,Z3Prover/z3,.github/workflows/compare-stats-anomaly-reporter.md,Z3Prover__z3__dd3a8bde6352/history.json,Z3Prover__z3__dd3a8bde6352/snapshots/z3__Z3Prover__24242ec2a12aae6bc10a5d5108c521dcc7da0ff9__compare-stats-anomaly-reporter.md,24242ec2a12aae6bc10a5d5108c521dcc7da0ff9,2026-06-12T03:57:43Z,en,0.9999966405713079,534,533
Z3Prover/z3:.github/workflows/csa-analysis.md,Z3Prover/z3,.github/workflows/csa-analysis.md,Z3Prover__z3__010c4d930aba/history.json,Z3Prover__z3__010c4d930aba/snapshots/z3__Z3Prover__24242ec2a12aae6bc10a5d5108c521dcc7da0ff9__csa-analysis.md,24242ec2a12aae6bc10a5d5108c521dcc7da0ff9,2026-06-12T03:57:43Z,en,0.9999971090721252,572,534
Z3Prover/z3:.github/workflows/issue-backlog-processor.md,Z3Prover/z3,.github/workflows/issue-backlog-processor.md,Z3Prover__z3__3962b0df2d1a/history.json,Z3Prover__z3__3962b0df2d1a/snapshots/z3__Z3Prover__b1168b48680a7b35d639f0243cf5b8c8a3ff0277__issue-backlog-processor.md,b1168b48680a7b35d639f0243cf5b8c8a3ff0277,2026-07-28T09:22:11Z,en,0.9999960819942223,1346,1297
Z3Prover/z3:.github/workflows/memory-safety-report.md,Z3Prover/z3,.github/workflows/memory-safety-report.md,Z3Prover__z3__bafb0f913e6c/history.json,Z3Prover__z3__bafb0f913e6c/snapshots/z3__Z3Prover__b1168b48680a7b35d639f0243cf5b8c8a3ff0277__memory-safety-report.md,b1168b48680a7b35d639f0243cf5b8c8a3ff0277,2026-07-28T09:22:11Z,en,0.9999963187719498,486,467
Z3Prover/z3:.github/workflows/ostrich-benchmark.md,Z3Prover/z3,.github/workflows/ostrich-benchmark.md,Z3Prover__z3__28f169a95a70/history.json,Z3Prover__z3__28f169a95a70/snapshots/z3__Z3Prover__24242ec2a12aae6bc10a5d5108c521dcc7da0ff9__ostrich-benchmark.md,24242ec2a12aae6bc10a5d5108c521dcc7da0ff9,2026-06-12T03:57:43Z,en,0.9999972367854945,819,822
Z3Prover/z3:.github/workflows/release-notes-updater.md,Z3Prover/z3,.github/workflows/release-notes-updater.md,Z3Prover__z3__1ea78bc99b58/history.json,Z3Prover__z3__1ea78bc99b58/snapshots/z3__Z3Prover__424bcc545e609b99bf8f643221e60281a55009a6__release-notes-updater.md,424bcc545e609b99bf8f643221e60281a55009a6,2026-07-14T00:13:31Z,en,0.9999968289558516,852,811
Z3Prover/z3:.github/workflows/smtlib-benchmark-finder.md,Z3Prover/z3,.github/workflows/smtlib-benchmark-finder.md,Z3Prover__z3__6c8c834fa4d2/history.json,Z3Prover__z3__6c8c834fa4d2/snapshots/z3__Z3Prover__b1168b48680a7b35d639f0243cf5b8c8a3ff0277__smtlib-benchmark-finder.md,b1168b48680a7b35d639f0243cf5b8c8a3ff0277,2026-07-28T09:22:11Z,en,0.9999973183468813,927,844
Z3Prover/z3:.github/workflows/specbot-crash-analyzer.md,Z3Prover/z3,.github/workflows/specbot-crash-analyzer.md,Z3Prover__z3__02eb03f87b8e/history.json,Z3Prover__z3__02eb03f87b8e/snapshots/z3__Z3Prover__b1168b48680a7b35d639f0243cf5b8c8a3ff0277__specbot-crash-analyzer.md,b1168b48680a7b35d639f0243cf5b8c8a3ff0277,2026-07-28T09:22:11Z,en,0.9999968005739002,472,487
Z3Prover/z3:.github/workflows/tactic-to-simplifier.md,Z3Prover/z3,.github/workflows/tactic-to-simplifier.md,Z3Prover__z3__c355e82aef34/history.json,Z3Prover__z3__c355e82aef34/snapshots/z3__Z3Prover__24242ec2a12aae6bc10a5d5108c521dcc7da0ff9__tactic-to-simplifier.md,24242ec2a12aae6bc10a5d5108c521dcc7da0ff9,2026-06-12T03:57:43Z,en,0.999995794318635,496,471
Z3Prover/z3:.github/workflows/tptp-benchmark.md,Z3Prover/z3,.github/workflows/tptp-benchmark.md,Z3Prover__z3__566b95077e44/history.json,Z3Prover__z3__566b95077e44/snapshots/z3__Z3Prover__b1168b48680a7b35d639f0243cf5b8c8a3ff0277__tptp-benchmark.md,b1168b48680a7b35d639f0243cf5b8c8a3ff0277,2026-07-28T09:22:11Z,en,0.9999968471550663,606,608
Z3Prover/z3:.github/workflows/workflow-suggestion-agent.md,Z3Prover/z3,.github/workflows/workflow-suggestion-agent.md,Z3Prover__z3__8c9a24f626ec/history.json,Z3Prover__z3__8c9a24f626ec/snapshots/z3__Z3Prover__b1168b48680a7b35d639f0243cf5b8c8a3ff0277__workflow-suggestion-agent.md,b1168b48680a7b35d639f0243cf5b8c8a3ff0277,2026-07-28T09:22:11Z,en,0.9999967354737206,1227,1184
Z3Prover/z3:.github/workflows/zipt-code-reviewer.md,Z3Prover/z3,.github/workflows/zipt-code-reviewer.md,Z3Prover__z3__c631085daf5e/history.json,Z3Prover__z3__c631085daf5e/snapshots/z3__Z3Prover__1a63ac9042fa8ee62006cbfd24e749dad15bb424__zipt-code-reviewer.md,1a63ac9042fa8ee62006cbfd24e749dad15bb424,2026-07-28T08:05:54Z,en,0.9999980185373238,598,523
zircote/rlm-rs:.github/workflows/docs-freshness.md,zircote/rlm-rs,.github/workflows/docs-freshness.md,zircote__rlm-rs__ca4ca90a393d/history.json,zircote__rlm-rs__ca4ca90a393d/snapshots/rlm-rs__zircote__fc9091ee6c57ff1294cda7b13b9e02df3cd39361__docs-freshness.md,fc9091ee6c57ff1294cda7b13b9e02df3cd39361,2026-02-26T21:36:38Z,en,0.9999961456222446,257,264
ZSWatch/ZSWatch:.github/workflows/docs-pr-analyze.md,ZSWatch/ZSWatch,.github/workflows/docs-pr-analyze.md,ZSWatch__ZSWatch__9a53bdf5ca32/history.json,ZSWatch__ZSWatch__9a53bdf5ca32/snapshots/ZSWatch__ZSWatch__6b17f256f453e1c578ef2a31b1251f3f7123137d__docs-pr-analyze.md,6b17f256f453e1c578ef2a31b1251f3f7123137d,2026-03-02T21:37:06Z,en,0.9999971091566842,562,484
zwave-js/bot-workflows:workflows/analyze-logfile-auto.md,zwave-js/bot-workflows,workflows/analyze-logfile-auto.md,zwave-js__bot-workflows__0b43730a4d17/history.json,zwave-js__bot-workflows__0b43730a4d17/snapshots/bot-workflows__zwave-js__53b6db7db2a2157e33b684f0609a3b021d918163__analyze-logfile-auto.md,53b6db7db2a2157e33b684f0609a3b021d918163,2026-08-04T08:21:13Z,en,0.9999975328505661,117,117
zwave-js/bot-workflows:workflows/analyze-logfile-command.md,zwave-js/bot-workflows,workflows/analyze-logfile-command.md,zwave-js__bot-workflows__debe5f214d41/history.json,zwave-js__bot-workflows__debe5f214d41/snapshots/bot-workflows__zwave-js__6bde20fc11df63026cfbbeab21c2101e8a68f7a7__analyze-logfile-command.md,6bde20fc11df63026cfbbeab21c2101e8a68f7a7,2026-08-04T09:46:43Z,en,0.9999975544767999,135,141
zwave-js/bot-workflows:workflows/answer-from-docs.md,zwave-js/bot-workflows,workflows/answer-from-docs.md,zwave-js__bot-workflows__bf906650c3db/history.json,zwave-js__bot-workflows__bf906650c3db/snapshots/bot-workflows__zwave-js__af08eadd9af802c4d28ba310867710d0b266328e__answer-from-docs.md,af08eadd9af802c4d28ba310867710d0b266328e,2026-08-03T18:19:47Z,insufficient,0.0,7,7
zwave-js/bot-workflows:workflows/classify-issue-repo.md,zwave-js/bot-workflows,workflows/classify-issue-repo.md,zwave-js__bot-workflows__b3a3819c7abc/history.json,zwave-js__bot-workflows__b3a3819c7abc/snapshots/bot-workflows__zwave-js__af08eadd9af802c4d28ba310867710d0b266328e__classify-issue-repo.md,af08eadd9af802c4d28ba310867710d0b266328e,2026-08-03T18:19:47Z,en,0.9999979759053262,172,174
