id,tp,fp,fn,reference_labels,predicted_labels
rq3_001,2,5,2,CONSTRAINT:Evidence Grounding | CONSTRAINT:Scope Boundary | EVALUATION:Execution Check | TASK:Artifact Change,CONSTRAINT:Evidence Grounding | OUTPUT:Repository Change | PROCESS:Required Sequence | RESOURCE:Development Toolchain | RESOURCE:Local Workspace | TASK:Artifact Change | TASK:Executable Validation
rq3_002,12,6,0,COMMUNICATION:Expert Role | CONSTRAINT:Scope Boundary | CONTEXT:Repository Context | EXAMPLE:Output Template | OUTPUT:Control Signal | OUTPUT:Existing Thread Response | PROCESS:Decision Branch | PROCESS:Required Sequence | RESOURCE:GitHub Interface | SAFETY:Information Confidentiality | SAFETY:Prompt Injection Defense | TASK:Artifact Review,COMMUNICATION:Expert Role | CONSTRAINT:Scope Boundary | CONTEXT:Domain Context | CONTEXT:Repository Context | EVALUATION:Risk Assessment | EVALUATION:Rule Conformance | EXAMPLE:Output Template | OUTPUT:Control Signal | OUTPUT:Existing Thread Response | PROCESS:Decision Branch | PROCESS:Required Sequence | RESOURCE:Development Toolchain | RESOURCE:GitHub Interface | RESOURCE:Local Workspace | RESOURCE:Web Retrieval | SAFETY:Information Confidentiality | SAFETY:Prompt Injection Defense | TASK:Artifact Review
rq3_003,10,1,6,COMMUNICATION:Expert Role | CONSTRAINT:Quality Standard | CONSTRAINT:Scope Boundary | CONTEXT:Historical Context | CONTEXT:Repository Context | EVALUATION:Evidence Credibility | EXAMPLE:Output Template | OUTPUT:Control Signal | OUTPUT:Existing Thread Response | PROCESS:Decision Branch | PROCESS:Required Sequence | RESOURCE:Agent Resource | RESOURCE:GitHub Interface | RESOURCE:Web Retrieval | SAFETY:Execution Isolation | TASK:Evidence Investigation,COMMUNICATION:Audience Voice | COMMUNICATION:Expert Role | CONSTRAINT:Quality Standard | CONTEXT:Repository Context | EVALUATION:Evidence Credibility | OUTPUT:Existing Thread Response | PROCESS:Required Sequence | RESOURCE:GitHub Interface | RESOURCE:Web Retrieval | SAFETY:Execution Isolation | TASK:Evidence Investigation
rq3_004,8,6,3,CONSTRAINT:Quality Standard | CONSTRAINT:Scope Boundary | CONTEXT:Repository Context | OUTPUT:Control Signal | OUTPUT:New Thread | OUTPUT:Repository Change | PROCESS:Decision Branch | PROCESS:Required Sequence | RESOURCE:GitHub Interface | TASK:Artifact Change | TASK:Evidence Investigation,COMMUNICATION:Expert Role | CONSTRAINT:Scope Boundary | CONTEXT:Domain Context | CONTEXT:Execution Environment | CONTEXT:Historical Context | CONTEXT:Repository Context | EXAMPLE:Technical Snippet | OUTPUT:Repository Change | PROCESS:Decision Branch | PROCESS:Required Sequence | RESOURCE:GitHub Interface | RESOURCE:Local Workspace | TASK:Artifact Change | TASK:Evidence Investigation
rq3_005,9,3,3,CONSTRAINT:Quality Standard | CONSTRAINT:Scope Boundary | CONTEXT:Repository Context | EVALUATION:Execution Check | EXAMPLE:Output Template | OUTPUT:Existing Thread Response | OUTPUT:Repository Change | PROCESS:Decision Branch | PROCESS:Required Sequence | RESOURCE:Development Toolchain | TASK:Artifact Change | TASK:Evidence Investigation,CONSTRAINT:Scope Boundary | CONTEXT:Repository Context | OUTPUT:Existing Thread Response | OUTPUT:Repository Change | PROCESS:Decision Branch | PROCESS:Required Sequence | RESOURCE:Development Toolchain | RESOURCE:GitHub Interface | RESOURCE:Local Workspace | TASK:Artifact Change | TASK:Evidence Investigation | TASK:Executable Validation
rq3_006,10,9,2,CONSTRAINT:Scope Boundary | CONTEXT:Repository Context | EVALUATION:Execution Check | EVALUATION:Risk Assessment | EXAMPLE:Output Template | OUTPUT:Existing Thread Response | PROCESS:Cross-Run Memory | PROCESS:Decision Branch | PROCESS:Required Sequence | RESOURCE:Agent Resource | RESOURCE:GitHub Interface | TASK:Artifact Review,CONSTRAINT:Resource Budget | CONSTRAINT:Scope Boundary | CONTEXT:Domain Context | CONTEXT:Historical Context | CONTEXT:Repository Context | EVALUATION:Execution Check | EVALUATION:Rule Conformance | EXAMPLE:Output Template | OUTPUT:Existing Thread Response | OUTPUT:Repository Change | PROCESS:Cross-Run Memory | PROCESS:Decision Branch | PROCESS:Required Sequence | PROCESS:Within-Run Iteration | RESOURCE:GitHub Interface | RESOURCE:Web Retrieval | TASK:Artifact Review | TASK:Evidence Investigation | TASK:Work Item Management
rq3_007,4,1,2,CONTEXT:Execution Environment | EVALUATION:Execution Check | OUTPUT:New Thread | RESOURCE:Agent Resource | SAFETY:Execution Isolation | TASK:Executable Validation,CONTEXT:Domain Context | CONTEXT:Execution Environment | EVALUATION:Execution Check | SAFETY:Execution Isolation | TASK:Executable Validation
rq3_008,15,3,5,COMMUNICATION:Automation Disclosure | COMMUNICATION:Expert Role | CONSTRAINT:Evidence Grounding | CONSTRAINT:Quality Standard | CONSTRAINT:Resource Budget | CONSTRAINT:Scope Boundary | CONTEXT:Execution Environment | CONTEXT:Repository Context | EVALUATION:Risk Assessment | EVALUATION:Rule Conformance | OUTPUT:Control Signal | OUTPUT:Existing Thread Response | PROCESS:Decision Branch | PROCESS:Required Sequence | PROCESS:Within-Run Iteration | RESOURCE:GitHub Interface | SAFETY:Execution Isolation | SAFETY:Information Confidentiality | SAFETY:Prompt Injection Defense | TASK:Artifact Review,CONSTRAINT:Evidence Grounding | CONSTRAINT:Quality Standard | CONSTRAINT:Resource Budget | CONSTRAINT:Scope Boundary | CONTEXT:Domain Context | CONTEXT:Execution Environment | CONTEXT:Repository Context | EVALUATION:Rule Conformance | EXAMPLE:Output Template | OUTPUT:Control Signal | OUTPUT:Existing Thread Response | PROCESS:Decision Branch | PROCESS:Required Sequence | RESOURCE:GitHub Interface | SAFETY:Execution Isolation | SAFETY:Information Confidentiality | TASK:Artifact Review | TASK:Evidence Investigation
rq3_009,6,8,2,COMMUNICATION:Expert Role | CONSTRAINT:Quality Standard | CONSTRAINT:Resource Budget | CONSTRAINT:Scope Boundary | CONTEXT:Repository Context | OUTPUT:New Thread | PROCESS:Required Sequence | TASK:Evidence Investigation,COMMUNICATION:Expert Role | CONSTRAINT:Scope Boundary | CONTEXT:Domain Context | CONTEXT:Historical Context | CONTEXT:Repository Context | EVALUATION:Risk Assessment | EXAMPLE:Technical Snippet | OUTPUT:New Thread | PROCESS:Cross-Run Memory | PROCESS:Required Sequence | RESOURCE:GitHub Interface | RESOURCE:Local Workspace | TASK:Artifact Review | TASK:Evidence Investigation
rq3_010,9,5,1,CONTEXT:Domain Context | EVALUATION:Execution Check | EVALUATION:Rule Conformance | EXAMPLE:Technical Snippet | OUTPUT:Existing Thread Response | OUTPUT:New Thread | PROCESS:Decision Branch | PROCESS:Required Sequence | RESOURCE:Development Toolchain | TASK:Executable Validation,CONTEXT:Domain Context | CONTEXT:Execution Environment | CONTEXT:Repository Context | EVALUATION:Execution Check | EVALUATION:Rule Conformance | OUTPUT:Control Signal | OUTPUT:Existing Thread Response | OUTPUT:New Thread | PROCESS:Decision Branch | PROCESS:Required Sequence | RESOURCE:Development Toolchain | RESOURCE:GitHub Interface | RESOURCE:Local Workspace | TASK:Executable Validation
rq3_011,9,9,6,COMMUNICATION:Expert Role | CONSTRAINT:Quality Standard | CONSTRAINT:Scope Boundary | CONTEXT:Historical Context | CONTEXT:Repository Context | EXAMPLE:Output Template | EXAMPLE:Technical Snippet | OUTPUT:Control Signal | OUTPUT:Existing Thread Response | PROCESS:Decision Branch | PROCESS:Required Sequence | RESOURCE:Agent Resource | RESOURCE:GitHub Interface | SAFETY:Prompt Injection Defense | TASK:Evidence Investigation,CONSTRAINT:Resource Budget | CONSTRAINT:Scope Boundary | CONTEXT:Domain Context | CONTEXT:Execution Environment | CONTEXT:Repository Context | EVALUATION:Rule Conformance | EXAMPLE:Output Template | EXAMPLE:Technical Snippet | EXAMPLE:Worked Case | OUTPUT:Existing Thread Response | PROCESS:Decision Branch | PROCESS:Required Sequence | RESOURCE:GitHub Interface | RESOURCE:Web Retrieval | SAFETY:Execution Isolation | SAFETY:Prompt Injection Defense | TASK:Artifact Review | TASK:Work Item Management
rq3_012,2,2,1,EVALUATION:Risk Assessment | RESOURCE:Development Toolchain | TASK:Artifact Review,CONTEXT:Repository Context | RESOURCE:Development Toolchain | TASK:Artifact Review | TASK:Executable Validation
rq3_014,3,9,6,CONSTRAINT:Evidence Grounding | CONSTRAINT:Quality Standard | CONSTRAINT:Scope Boundary | OUTPUT:Control Signal | OUTPUT:Existing Thread Response | OUTPUT:New Thread | PROCESS:Required Sequence | RESOURCE:Agent Resource | TASK:Evidence Investigation,CONSTRAINT:Scope Boundary | CONTEXT:Domain Context | CONTEXT:Execution Environment | CONTEXT:Repository Context | OUTPUT:Repository Change | PROCESS:Decision Branch | PROCESS:Required Sequence | PROCESS:Within-Run Iteration | RESOURCE:Local Workspace | TASK:Artifact Change | TASK:Evidence Investigation | TASK:Work Item Management
rq3_015,16,2,6,COMMUNICATION:Expert Role | CONSTRAINT:Quality Standard | CONSTRAINT:Scope Boundary | CONTEXT:Domain Context | CONTEXT:Execution Environment | CONTEXT:Repository Context | EVALUATION:Execution Check | EVALUATION:Risk Assessment | EVALUATION:Rule Conformance | EXAMPLE:Output Template | OUTPUT:Control Signal | OUTPUT:Existing Thread Response | PROCESS:Decision Branch | PROCESS:Required Sequence | RESOURCE:Agent Resource | RESOURCE:GitHub Interface | RESOURCE:Local Workspace | RESOURCE:Web Retrieval | SAFETY:Execution Isolation | SAFETY:Prompt Injection Defense | TASK:Artifact Review | TASK:Evidence Investigation,COMMUNICATION:Expert Role | CONSTRAINT:Scope Boundary | CONTEXT:Domain Context | CONTEXT:Execution Environment | CONTEXT:Repository Context | EVALUATION:Rule Conformance | EXAMPLE:Output Template | EXAMPLE:Technical Snippet | OUTPUT:Control Signal | OUTPUT:Existing Thread Response | PROCESS:Decision Branch | PROCESS:Required Sequence | PROCESS:Within-Run Iteration | RESOURCE:GitHub Interface | RESOURCE:Local Workspace | SAFETY:Execution Isolation | TASK:Artifact Review | TASK:Evidence Investigation
rq3_016,8,5,3,COMMUNICATION:Expert Role | CONSTRAINT:Quality Standard | CONSTRAINT:Resource Budget | CONSTRAINT:Scope Boundary | CONTEXT:Repository Context | OUTPUT:New Thread | PROCESS:Decision Branch | PROCESS:Required Sequence | RESOURCE:Development Toolchain | RESOURCE:GitHub Interface | TASK:Artifact Change,CONSTRAINT:Resource Budget | CONSTRAINT:Scope Boundary | CONTEXT:Repository Context | EVALUATION:Execution Check | OUTPUT:Control Signal | OUTPUT:Repository Change | PROCESS:Decision Branch | PROCESS:Required Sequence | RESOURCE:Development Toolchain | RESOURCE:GitHub Interface | RESOURCE:Local Workspace | TASK:Artifact Change | TASK:Executable Validation
rq3_017,13,7,2,COMMUNICATION:Expert Role | CONSTRAINT:Evidence Grounding | CONSTRAINT:Quality Standard | CONSTRAINT:Resource Budget | CONSTRAINT:Scope Boundary | CONTEXT:Repository Context | EVALUATION:Rule Conformance | EXAMPLE:Output Template | EXAMPLE:Technical Snippet | OUTPUT:Control Signal | OUTPUT:New Thread | OUTPUT:Standalone Artifact | PROCESS:Decision Branch | PROCESS:Required Sequence | TASK:Evidence Investigation,COMMUNICATION:Expert Role | CONSTRAINT:Evidence Grounding | CONSTRAINT:Quality Standard | CONSTRAINT:Resource Budget | CONSTRAINT:Scope Boundary | CONTEXT:Domain Context | CONTEXT:Execution Environment | CONTEXT:Historical Context | CONTEXT:Repository Context | EVALUATION:Risk Assessment | EVALUATION:Rule Conformance | EXAMPLE:Output Template | EXAMPLE:Technical Snippet | OUTPUT:New Thread | PROCESS:Cross-Run Memory | PROCESS:Decision Branch | PROCESS:Required Sequence | RESOURCE:Local Workspace | TASK:Artifact Change | TASK:Evidence Investigation
rq3_018,11,5,3,COMMUNICATION:Expert Role | CONSTRAINT:Scope Boundary | CONTEXT:Execution Environment | EVALUATION:Execution Check | EXAMPLE:Output Template | OUTPUT:Control Signal | OUTPUT:Repository Change | PROCESS:Decision Branch | PROCESS:Required Sequence | PROCESS:Within-Run Iteration | RESOURCE:Development Toolchain | RESOURCE:GitHub Interface | RESOURCE:Local Workspace | TASK:Artifact Change,CONSTRAINT:Resource Budget | CONSTRAINT:Scope Boundary | CONTEXT:Domain Context | CONTEXT:Execution Environment | CONTEXT:Repository Context | EVALUATION:Rule Conformance | OUTPUT:Control Signal | OUTPUT:Repository Change | PROCESS:Decision Branch | PROCESS:Required Sequence | PROCESS:Within-Run Iteration | RESOURCE:Development Toolchain | RESOURCE:GitHub Interface | RESOURCE:Local Workspace | TASK:Artifact Change | TASK:Executable Validation
rq3_019,9,14,3,CONSTRAINT:Evidence Grounding | CONSTRAINT:Resource Budget | CONSTRAINT:Scope Boundary | EXAMPLE:Technical Snippet | OUTPUT:New Thread | PROCESS:Decision Branch | PROCESS:Required Sequence | RESOURCE:Agent Resource | RESOURCE:Local Workspace | SAFETY:Information Confidentiality | TASK:Artifact Change | TASK:Executable Validation,CONSTRAINT:Evidence Grounding | CONSTRAINT:Scope Boundary | CONTEXT:Domain Context | CONTEXT:Execution Environment | CONTEXT:Historical Context | CONTEXT:Repository Context | EVALUATION:Evidence Credibility | EVALUATION:Execution Check | EVALUATION:Rule Conformance | OUTPUT:Control Signal | PROCESS:Cross-Run Memory | PROCESS:Decision Branch | PROCESS:Required Sequence | PROCESS:Work Delegation | RESOURCE:Agent Resource | RESOURCE:Development Toolchain | RESOURCE:GitHub Interface | RESOURCE:Local Workspace | SAFETY:Information Confidentiality | TASK:Artifact Change | TASK:Evidence Investigation | TASK:Executable Validation | TASK:Work Item Management
rq3_020,7,1,0,COMMUNICATION:Expert Role | CONSTRAINT:Quality Standard | CONTEXT:Repository Context | OUTPUT:New Thread | PROCESS:Required Sequence | RESOURCE:Web Retrieval | TASK:Evidence Investigation,COMMUNICATION:Expert Role | CONSTRAINT:Quality Standard | CONTEXT:Repository Context | OUTPUT:New Thread | PROCESS:Required Sequence | RESOURCE:GitHub Interface | RESOURCE:Web Retrieval | TASK:Evidence Investigation
rq3_021,10,6,2,COMMUNICATION:Expert Role | CONSTRAINT:Quality Standard | CONTEXT:Domain Context | CONTEXT:Repository Context | EXAMPLE:Output Template | EXAMPLE:Technical Snippet | OUTPUT:New Thread | PROCESS:Decision Branch | PROCESS:Required Sequence | PROCESS:Within-Run Iteration | RESOURCE:Local Workspace | TASK:Evidence Investigation,COMMUNICATION:Expert Role | CONSTRAINT:Scope Boundary | CONTEXT:Domain Context | CONTEXT:Execution Environment | CONTEXT:Historical Context | CONTEXT:Repository Context | EXAMPLE:Output Template | EXAMPLE:Technical Snippet | OUTPUT:Control Signal | OUTPUT:New Thread | PROCESS:Decision Branch | PROCESS:Required Sequence | PROCESS:Within-Run Iteration | RESOURCE:Development Toolchain | RESOURCE:GitHub Interface | RESOURCE:Local Workspace
rq3_022,15,4,2,COMMUNICATION:Audience Voice | CONSTRAINT:Evidence Grounding | CONSTRAINT:Quality Standard | CONSTRAINT:Scope Boundary | CONTEXT:Execution Environment | CONTEXT:Historical Context | CONTEXT:Repository Context | EXAMPLE:Output Template | EXAMPLE:Worked Case | OUTPUT:Control Signal | OUTPUT:Repository Change | PROCESS:Cross-Run Memory | PROCESS:Decision Branch | PROCESS:Required Sequence | RESOURCE:GitHub Interface | RESOURCE:Local Workspace | TASK:Artifact Change,CONSTRAINT:Evidence Grounding | CONSTRAINT:Quality Standard | CONSTRAINT:Scope Boundary | CONTEXT:Domain Context | CONTEXT:Execution Environment | CONTEXT:Historical Context | CONTEXT:Repository Context | EXAMPLE:Output Template | EXAMPLE:Technical Snippet | OUTPUT:Control Signal | OUTPUT:Repository Change | PROCESS:Cross-Run Memory | PROCESS:Decision Branch | PROCESS:Required Sequence | RESOURCE:Agent Resource | RESOURCE:GitHub Interface | RESOURCE:Local Workspace | TASK:Artifact Change | TASK:Evidence Investigation
rq3_023,3,10,2,CONSTRAINT:Resource Budget | CONSTRAINT:Scope Boundary | CONTEXT:Domain Context | EXAMPLE:Technical Snippet | RESOURCE:Agent Resource,CONSTRAINT:Resource Budget | CONTEXT:Domain Context | CONTEXT:Execution Environment | CONTEXT:Repository Context | EXAMPLE:Technical Snippet | OUTPUT:Repository Change | PROCESS:Decision Branch | PROCESS:Required Sequence | PROCESS:Within-Run Iteration | RESOURCE:GitHub Interface | RESOURCE:Local Workspace | TASK:Artifact Change | TASK:Evidence Investigation
rq3_024,0,5,1,TASK:Artifact Review,CONSTRAINT:Scope Boundary | CONTEXT:Repository Context | EXAMPLE:Technical Snippet | OUTPUT:Control Signal | PROCESS:Decision Branch
rq3_025,10,4,4,COMMUNICATION:Automation Disclosure | CONSTRAINT:Quality Standard | CONSTRAINT:Scope Boundary | CONTEXT:Repository Context | EVALUATION:Execution Check | EXAMPLE:Technical Snippet | OUTPUT:Control Signal | OUTPUT:Existing Thread Response | OUTPUT:New Thread | PROCESS:Decision Branch | PROCESS:Required Sequence | RESOURCE:Development Toolchain | RESOURCE:GitHub Interface | TASK:Executable Validation,CONSTRAINT:Scope Boundary | CONTEXT:Repository Context | EVALUATION:Execution Check | OUTPUT:Existing Thread Response | OUTPUT:New Thread | OUTPUT:Repository Change | PROCESS:Decision Branch | PROCESS:Required Sequence | RESOURCE:Development Toolchain | RESOURCE:GitHub Interface | RESOURCE:Local Workspace | TASK:Artifact Change | TASK:Executable Validation | TASK:Work Item Management
rq3_026,8,6,4,COMMUNICATION:Expert Role | CONSTRAINT:Evidence Grounding | CONSTRAINT:Scope Boundary | CONTEXT:Repository Context | EXAMPLE:Output Template | OUTPUT:Control Signal | OUTPUT:Existing Thread Response | OUTPUT:Repository Change | PROCESS:Decision Branch | PROCESS:Required Sequence | RESOURCE:GitHub Interface | TASK:Evidence Investigation,COMMUNICATION:Expert Role | CONSTRAINT:Quality Standard | CONTEXT:Domain Context | CONTEXT:Repository Context | EVALUATION:Risk Assessment | OUTPUT:Existing Thread Response | OUTPUT:Repository Change | PROCESS:Decision Branch | PROCESS:Required Sequence | PROCESS:Work Delegation | RESOURCE:Agent Resource | RESOURCE:GitHub Interface | TASK:Artifact Change | TASK:Evidence Investigation
rq3_027,10,1,8,COMMUNICATION:Audience Voice | COMMUNICATION:Expert Role | CONSTRAINT:Quality Standard | CONSTRAINT:Resource Budget | CONSTRAINT:Scope Boundary | CONTEXT:Repository Context | EVALUATION:Risk Assessment | EVALUATION:Rule Conformance | EXAMPLE:Output Template | OUTPUT:Existing Thread Response | PROCESS:Decision Branch | PROCESS:Required Sequence | PROCESS:Within-Run Iteration | RESOURCE:GitHub Interface | RESOURCE:Local Workspace | RESOURCE:Web Retrieval | TASK:Artifact Review | TASK:Evidence Investigation,COMMUNICATION:Expert Role | CONSTRAINT:Quality Standard | CONSTRAINT:Resource Budget | CONSTRAINT:Scope Boundary | CONTEXT:Domain Context | CONTEXT:Repository Context | OUTPUT:Existing Thread Response | PROCESS:Required Sequence | RESOURCE:GitHub Interface | TASK:Artifact Review | TASK:Evidence Investigation
rq3_028,2,1,0,CONTEXT:Repository Context | TASK:Artifact Change,CONTEXT:Repository Context | OUTPUT:Repository Change | TASK:Artifact Change
rq3_029,2,4,0,CONTEXT:Execution Environment | SAFETY:Execution Isolation,CONSTRAINT:Scope Boundary | CONTEXT:Domain Context | CONTEXT:Execution Environment | EXAMPLE:Technical Snippet | SAFETY:Execution Isolation | TASK:Executable Validation
rq3_030,12,5,7,COMMUNICATION:Audience Voice | COMMUNICATION:Automation Disclosure | CONSTRAINT:Quality Standard | CONSTRAINT:Resource Budget | CONSTRAINT:Scope Boundary | CONTEXT:Repository Context | EVALUATION:Evidence Credibility | EXAMPLE:Output Template | OUTPUT:Control Signal | OUTPUT:Existing Thread Response | OUTPUT:New Thread | PROCESS:Cross-Run Memory | PROCESS:Decision Branch | PROCESS:Required Sequence | RESOURCE:Agent Resource | RESOURCE:GitHub Interface | RESOURCE:Local Workspace | TASK:Evidence Investigation | TASK:Work Item Management,COMMUNICATION:Audience Voice | COMMUNICATION:Automation Disclosure | CONSTRAINT:Quality Standard | CONSTRAINT:Resource Budget | CONTEXT:Domain Context | CONTEXT:Historical Context | CONTEXT:Repository Context | EXAMPLE:Output Template | EXAMPLE:Technical Snippet | OUTPUT:Existing Thread Response | OUTPUT:Repository Change | PROCESS:Cross-Run Memory | PROCESS:Decision Branch | PROCESS:Required Sequence | RESOURCE:Local Workspace | TASK:Artifact Change | TASK:Evidence Investigation
rq3_031,11,3,3,COMMUNICATION:Expert Role | CONSTRAINT:Evidence Grounding | CONSTRAINT:Quality Standard | CONSTRAINT:Scope Boundary | CONTEXT:Repository Context | EVALUATION:Execution Check | EXAMPLE:Output Template | OUTPUT:New Thread | PROCESS:Decision Branch | PROCESS:Required Sequence | PROCESS:Within-Run Iteration | RESOURCE:Web Retrieval | SAFETY:Information Confidentiality | TASK:Evidence Investigation,COMMUNICATION:Expert Role | CONSTRAINT:Quality Standard | CONSTRAINT:Scope Boundary | CONTEXT:Domain Context | CONTEXT:Execution Environment | CONTEXT:Repository Context | EXAMPLE:Output Template | OUTPUT:New Thread | PROCESS:Decision Branch | PROCESS:Required Sequence | RESOURCE:Local Workspace | RESOURCE:Web Retrieval | SAFETY:Information Confidentiality | TASK:Evidence Investigation
rq3_032,5,9,2,CONSTRAINT:Quality Standard | CONSTRAINT:Resource Budget | CONTEXT:Domain Context | EXAMPLE:Technical Snippet | OUTPUT:Standalone Artifact | PROCESS:Decision Branch | TASK:Evidence Investigation,CONSTRAINT:Resource Budget | CONSTRAINT:Scope Boundary | CONTEXT:Domain Context | CONTEXT:Execution Environment | CONTEXT:Repository Context | OUTPUT:Repository Change | OUTPUT:Standalone Artifact | PROCESS:Decision Branch | PROCESS:Required Sequence | PROCESS:Within-Run Iteration | RESOURCE:GitHub Interface | RESOURCE:Local Workspace | TASK:Artifact Change | TASK:Evidence Investigation
rq3_033,10,9,0,COMMUNICATION:Audience Voice | CONSTRAINT:Quality Standard | CONSTRAINT:Scope Boundary | CONTEXT:Repository Context | OUTPUT:Existing Thread Response | OUTPUT:New Thread | PROCESS:Decision Branch | PROCESS:Required Sequence | RESOURCE:GitHub Interface | TASK:Artifact Review,COMMUNICATION:Audience Voice | COMMUNICATION:Expert Role | CONSTRAINT:Quality Standard | CONSTRAINT:Scope Boundary | CONTEXT:Domain Context | CONTEXT:Execution Environment | CONTEXT:Repository Context | EVALUATION:Rule Conformance | EXAMPLE:Technical Snippet | OUTPUT:Existing Thread Response | OUTPUT:New Thread | PROCESS:Decision Branch | PROCESS:Required Sequence | RESOURCE:GitHub Interface | RESOURCE:Local Workspace | SAFETY:Prompt Injection Defense | TASK:Artifact Review | TASK:Evidence Investigation | TASK:Work Item Management
rq3_034,8,4,15,COMMUNICATION:Automation Disclosure | COMMUNICATION:Expert Role | CONSTRAINT:Evidence Grounding | CONSTRAINT:Quality Standard | CONSTRAINT:Resource Budget | CONSTRAINT:Scope Boundary | CONTEXT:Execution Environment | CONTEXT:Historical Context | CONTEXT:Repository Context | EVALUATION:Risk Assessment | EVALUATION:Rule Conformance | EXAMPLE:Output Template | OUTPUT:Control Signal | OUTPUT:New Thread | PROCESS:Decision Branch | PROCESS:Required Sequence | PROCESS:Within-Run Iteration | PROCESS:Work Delegation | RESOURCE:Agent Resource | RESOURCE:GitHub Interface | RESOURCE:Local Workspace | TASK:Evidence Investigation | TASK:Work Item Management,CONSTRAINT:Evidence Grounding | CONSTRAINT:Scope Boundary | CONTEXT:Domain Context | CONTEXT:Repository Context | EXAMPLE:Output Template | EXAMPLE:Technical Snippet | OUTPUT:Repository Change | PROCESS:Required Sequence | PROCESS:Work Delegation | RESOURCE:GitHub Interface | TASK:Artifact Change | TASK:Evidence Investigation
rq3_035,5,6,2,CONSTRAINT:Resource Budget | CONTEXT:Domain Context | OUTPUT:Repository Change | OUTPUT:Standalone Artifact | PROCESS:Decision Branch | PROCESS:Required Sequence | TASK:Evidence Investigation,CONSTRAINT:Resource Budget | CONSTRAINT:Scope Boundary | CONTEXT:Domain Context | CONTEXT:Repository Context | EVALUATION:Rule Conformance | EXAMPLE:Technical Snippet | OUTPUT:Repository Change | PROCESS:Decision Branch | PROCESS:Required Sequence | RESOURCE:GitHub Interface | TASK:Artifact Change
rq3_036,6,10,3,COMMUNICATION:Expert Role | CONSTRAINT:Evidence Grounding | CONSTRAINT:Quality Standard | CONTEXT:Repository Context | OUTPUT:New Thread | PROCESS:Decision Branch | PROCESS:Required Sequence | RESOURCE:Agent Resource | TASK:Evidence Investigation,COMMUNICATION:Expert Role | CONSTRAINT:Resource Budget | CONSTRAINT:Scope Boundary | CONTEXT:Domain Context | CONTEXT:Execution Environment | CONTEXT:Historical Context | CONTEXT:Repository Context | OUTPUT:New Thread | OUTPUT:Repository Change | PROCESS:Cross-Run Memory | PROCESS:Decision Branch | PROCESS:Required Sequence | RESOURCE:GitHub Interface | RESOURCE:Local Workspace | TASK:Artifact Change | TASK:Evidence Investigation
rq3_037,10,3,4,COMMUNICATION:Automation Disclosure | COMMUNICATION:Expert Role | CONSTRAINT:Resource Budget | CONSTRAINT:Scope Boundary | CONTEXT:Repository Context | EVALUATION:Rule Conformance | EXAMPLE:Output Template | OUTPUT:Control Signal | OUTPUT:Existing Thread Response | PROCESS:Decision Branch | PROCESS:Required Sequence | RESOURCE:GitHub Interface | TASK:Artifact Review | TASK:Work Item Management,COMMUNICATION:Automation Disclosure | CONSTRAINT:Scope Boundary | CONTEXT:Domain Context | CONTEXT:Repository Context | EVALUATION:Rule Conformance | EXAMPLE:Output Template | OUTPUT:Existing Thread Response | OUTPUT:Repository Change | PROCESS:Decision Branch | PROCESS:Required Sequence | RESOURCE:GitHub Interface | TASK:Evidence Investigation | TASK:Work Item Management
rq3_038,13,5,2,COMMUNICATION:Expert Role | CONSTRAINT:Evidence Grounding | CONSTRAINT:Quality Standard | CONSTRAINT:Resource Budget | CONSTRAINT:Scope Boundary | CONTEXT:Repository Context | EVALUATION:Rule Conformance | EXAMPLE:Output Template | OUTPUT:Existing Thread Response | PROCESS:Decision Branch | PROCESS:Required Sequence | RESOURCE:GitHub Interface | RESOURCE:Local Workspace | RESOURCE:Web Retrieval | TASK:Artifact Review,COMMUNICATION:Expert Role | CONSTRAINT:Quality Standard | CONSTRAINT:Scope Boundary | CONTEXT:Domain Context | CONTEXT:Execution Environment | CONTEXT:Repository Context | EVALUATION:Rule Conformance | EXAMPLE:Output Template | EXAMPLE:Technical Snippet | OUTPUT:Existing Thread Response | PROCESS:Decision Branch | PROCESS:Required Sequence | PROCESS:Within-Run Iteration | RESOURCE:GitHub Interface | RESOURCE:Local Workspace | RESOURCE:Web Retrieval | TASK:Artifact Review | TASK:Evidence Investigation
rq3_039,7,10,1,CONSTRAINT:Resource Budget | CONTEXT:Domain Context | EXAMPLE:Technical Snippet | OUTPUT:Standalone Artifact | PROCESS:Decision Branch | PROCESS:Required Sequence | RESOURCE:Local Workspace | TASK:Artifact Change,CONSTRAINT:Resource Budget | CONTEXT:Domain Context | CONTEXT:Execution Environment | CONTEXT:Historical Context | CONTEXT:Repository Context | EVALUATION:Rule Conformance | EXAMPLE:Technical Snippet | OUTPUT:Repository Change | PROCESS:Cross-Run Memory | PROCESS:Decision Branch | PROCESS:Required Sequence | PROCESS:Within-Run Iteration | RESOURCE:GitHub Interface | RESOURCE:Local Workspace | TASK:Artifact Change | TASK:Evidence Investigation | TASK:Work Item Management
rq3_040,11,5,4,COMMUNICATION:Audience Voice | COMMUNICATION:Expert Role | CONSTRAINT:Quality Standard | CONSTRAINT:Scope Boundary | CONTEXT:Repository Context | EXAMPLE:Output Template | EXAMPLE:Technical Snippet | OUTPUT:New Thread | OUTPUT:Standalone Artifact | PROCESS:Required Sequence | RESOURCE:Agent Resource | RESOURCE:GitHub Interface | RESOURCE:Local Workspace | TASK:Artifact Review | TASK:Evidence Investigation,COMMUNICATION:Expert Role | CONTEXT:Domain Context | CONTEXT:Repository Context | EXAMPLE:Output Template | EXAMPLE:Technical Snippet | OUTPUT:New Thread | OUTPUT:Standalone Artifact | PROCESS:Cross-Run Memory | PROCESS:Decision Branch | PROCESS:Required Sequence | RESOURCE:GitHub Interface | RESOURCE:Local Workspace | TASK:Artifact Change | TASK:Artifact Review | TASK:Evidence Investigation | TASK:Work Item Management
rq3_041,14,4,3,CONSTRAINT:Evidence Grounding | CONSTRAINT:Scope Boundary | CONTEXT:Domain Context | EVALUATION:Risk Assessment | EVALUATION:Rule Conformance | EXAMPLE:Output Template | OUTPUT:Control Signal | OUTPUT:New Thread | PROCESS:Decision Branch | PROCESS:Required Sequence | PROCESS:Within-Run Iteration | PROCESS:Work Delegation | RESOURCE:Agent Resource | RESOURCE:GitHub Interface | RESOURCE:Local Workspace | TASK:Artifact Review | TASK:Evidence Investigation,CONSTRAINT:Evidence Grounding | CONSTRAINT:Quality Standard | CONSTRAINT:Scope Boundary | CONTEXT:Domain Context | CONTEXT:Repository Context | EVALUATION:Rule Conformance | EXAMPLE:Output Template | EXAMPLE:Technical Snippet | OUTPUT:New Thread | PROCESS:Decision Branch | PROCESS:Required Sequence | PROCESS:Within-Run Iteration | PROCESS:Work Delegation | RESOURCE:Agent Resource | RESOURCE:GitHub Interface | RESOURCE:Local Workspace | TASK:Evidence Investigation | TASK:Work Item Management
rq3_042,8,10,1,COMMUNICATION:Expert Role | CONSTRAINT:Resource Budget | CONTEXT:Repository Context | EXAMPLE:Output Template | EXAMPLE:Technical Snippet | OUTPUT:New Thread | PROCESS:Decision Branch | PROCESS:Required Sequence | TASK:Executable Validation,COMMUNICATION:Expert Role | CONSTRAINT:Scope Boundary | CONTEXT:Domain Context | CONTEXT:Execution Environment | CONTEXT:Repository Context | EVALUATION:Execution Check | EVALUATION:Rule Conformance | EXAMPLE:Output Template | EXAMPLE:Technical Snippet | OUTPUT:Control Signal | OUTPUT:New Thread | PROCESS:Decision Branch | PROCESS:Required Sequence | PROCESS:Within-Run Iteration | RESOURCE:Development Toolchain | RESOURCE:Local Workspace | TASK:Evidence Investigation | TASK:Executable Validation
rq3_043,11,12,2,CONSTRAINT:Scope Boundary | CONTEXT:Domain Context | CONTEXT:Execution Environment | EXAMPLE:Technical Snippet | OUTPUT:New Thread | OUTPUT:Repository Change | PROCESS:Decision Branch | PROCESS:Required Sequence | RESOURCE:Agent Resource | RESOURCE:Development Toolchain | RESOURCE:GitHub Interface | TASK:Artifact Change | TASK:Executable Validation,CONSTRAINT:Evidence Grounding | CONSTRAINT:Quality Standard | CONSTRAINT:Scope Boundary | CONTEXT:Domain Context | CONTEXT:Execution Environment | CONTEXT:Repository Context | EVALUATION:Execution Check | EVALUATION:Rule Conformance | EXAMPLE:Technical Snippet | OUTPUT:Control Signal | OUTPUT:Existing Thread Response | OUTPUT:Repository Change | PROCESS:Decision Branch | PROCESS:Required Sequence | RESOURCE:Development Toolchain | RESOURCE:GitHub Interface | RESOURCE:Local Workspace | RESOURCE:Web Retrieval | SAFETY:Execution Isolation | TASK:Artifact Change | TASK:Evidence Investigation | TASK:Executable Validation | TASK:Work Item Management
rq3_044,16,4,3,COMMUNICATION:Automation Disclosure | COMMUNICATION:Expert Role | CONSTRAINT:Quality Standard | CONSTRAINT:Resource Budget | CONSTRAINT:Scope Boundary | CONTEXT:Repository Context | EVALUATION:Execution Check | EXAMPLE:Output Template | OUTPUT:Repository Change | PROCESS:Decision Branch | PROCESS:Required Sequence | PROCESS:Within-Run Iteration | RESOURCE:Development Toolchain | RESOURCE:GitHub Interface | RESOURCE:Local Workspace | RESOURCE:Web Retrieval | SAFETY:Execution Isolation | TASK:Artifact Change | TASK:Executable Validation,COMMUNICATION:Automation Disclosure | COMMUNICATION:Expert Role | CONSTRAINT:Quality Standard | CONSTRAINT:Scope Boundary | CONTEXT:Domain Context | CONTEXT:Execution Environment | CONTEXT:Repository Context | EVALUATION:Execution Check | EVALUATION:Rule Conformance | EXAMPLE:Output Template | OUTPUT:Repository Change | PROCESS:Decision Branch | PROCESS:Required Sequence | RESOURCE:Development Toolchain | RESOURCE:GitHub Interface | RESOURCE:Local Workspace | SAFETY:Execution Isolation | TASK:Artifact Change | TASK:Executable Validation | TASK:Work Item Management
rq3_045,11,9,1,COMMUNICATION:Audience Voice | COMMUNICATION:Expert Role | CONSTRAINT:Evidence Grounding | CONSTRAINT:Quality Standard | CONTEXT:Repository Context | EXAMPLE:Output Template | EXAMPLE:Technical Snippet | OUTPUT:New Thread | PROCESS:Decision Branch | PROCESS:Required Sequence | TASK:Artifact Review | TASK:Evidence Investigation,COMMUNICATION:Expert Role | CONSTRAINT:Evidence Grounding | CONSTRAINT:Quality Standard | CONSTRAINT:Scope Boundary | CONTEXT:Domain Context | CONTEXT:Repository Context | EVALUATION:Execution Check | EVALUATION:Rule Conformance | EXAMPLE:Output Template | EXAMPLE:Technical Snippet | OUTPUT:New Thread | PROCESS:Decision Branch | PROCESS:Required Sequence | RESOURCE:Development Toolchain | RESOURCE:GitHub Interface | RESOURCE:Local Workspace | TASK:Artifact Review | TASK:Evidence Investigation | TASK:Executable Validation | TASK:Work Item Management
rq3_046,4,6,2,COMMUNICATION:Expert Role | CONSTRAINT:Quality Standard | CONSTRAINT:Scope Boundary | OUTPUT:New Thread | PROCESS:Required Sequence | TASK:Artifact Review,CONSTRAINT:Scope Boundary | CONTEXT:Domain Context | CONTEXT:Repository Context | OUTPUT:New Thread | PROCESS:Cross-Run Memory | PROCESS:Decision Branch | PROCESS:Required Sequence | TASK:Artifact Review | TASK:Evidence Investigation | TASK:Work Item Management
rq3_047,6,5,1,CONSTRAINT:Quality Standard | CONSTRAINT:Scope Boundary | CONTEXT:Repository Context | OUTPUT:Repository Change | PROCESS:Decision Branch | PROCESS:Required Sequence | TASK:Artifact Change,CONSTRAINT:Evidence Grounding | CONSTRAINT:Scope Boundary | CONTEXT:Repository Context | OUTPUT:Repository Change | PROCESS:Decision Branch | PROCESS:Required Sequence | PROCESS:Work Delegation | RESOURCE:Agent Resource | RESOURCE:Local Workspace | TASK:Artifact Change | TASK:Evidence Investigation
rq3_048,13,4,5,COMMUNICATION:Audience Voice | COMMUNICATION:Automation Disclosure | CONSTRAINT:Quality Standard | CONSTRAINT:Resource Budget | CONSTRAINT:Scope Boundary | CONTEXT:Domain Context | CONTEXT:Repository Context | EVALUATION:Rule Conformance | EXAMPLE:Output Template | EXAMPLE:Technical Snippet | OUTPUT:Control Signal | OUTPUT:Existing Thread Response | OUTPUT:Standalone Artifact | PROCESS:Decision Branch | PROCESS:Required Sequence | PROCESS:Within-Run Iteration | RESOURCE:GitHub Interface | TASK:Work Item Management,COMMUNICATION:Automation Disclosure | COMMUNICATION:Expert Role | CONSTRAINT:Quality Standard | CONSTRAINT:Resource Budget | CONSTRAINT:Scope Boundary | CONTEXT:Domain Context | CONTEXT:Repository Context | EXAMPLE:Output Template | EXAMPLE:Technical Snippet | EXAMPLE:Worked Case | OUTPUT:Repository Change | OUTPUT:Standalone Artifact | PROCESS:Decision Branch | PROCESS:Required Sequence | PROCESS:Within-Run Iteration | RESOURCE:GitHub Interface | TASK:Artifact Change
rq3_049,8,5,5,COMMUNICATION:Expert Role | CONSTRAINT:Evidence Grounding | CONSTRAINT:Quality Standard | CONSTRAINT:Resource Budget | CONSTRAINT:Scope Boundary | CONTEXT:Repository Context | EXAMPLE:Output Template | OUTPUT:Existing Thread Response | PROCESS:Decision Branch | PROCESS:Required Sequence | RESOURCE:GitHub Interface | SAFETY:Execution Isolation | TASK:Evidence Investigation,CONSTRAINT:Evidence Grounding | CONSTRAINT:Scope Boundary | CONTEXT:Domain Context | CONTEXT:Execution Environment | CONTEXT:Repository Context | EXAMPLE:Output Template | EXAMPLE:Technical Snippet | OUTPUT:Control Signal | OUTPUT:Existing Thread Response | PROCESS:Decision Branch | PROCESS:Required Sequence | RESOURCE:Local Workspace | TASK:Evidence Investigation
rq3_050,2,2,1,CONTEXT:Domain Context | CONTEXT:Historical Context | TASK:Artifact Change,CONTEXT:Domain Context | CONTEXT:Repository Context | OUTPUT:Repository Change | TASK:Artifact Change
rq3_052,5,7,1,CONSTRAINT:Quality Standard | CONTEXT:Repository Context | EVALUATION:Rule Conformance | OUTPUT:New Thread | TASK:Artifact Review | TASK:Evidence Investigation,CONSTRAINT:Quality Standard | CONTEXT:Domain Context | CONTEXT:Repository Context | OUTPUT:Control Signal | OUTPUT:New Thread | OUTPUT:Repository Change | PROCESS:Decision Branch | PROCESS:Required Sequence | RESOURCE:GitHub Interface | TASK:Artifact Change | TASK:Artifact Review | TASK:Evidence Investigation
rq3_053,8,1,0,COMMUNICATION:Automation Disclosure | CONSTRAINT:Quality Standard | CONSTRAINT:Scope Boundary | OUTPUT:Control Signal | OUTPUT:Repository Change | PROCESS:Decision Branch | PROCESS:Required Sequence | TASK:Artifact Change,COMMUNICATION:Automation Disclosure | CONSTRAINT:Quality Standard | CONSTRAINT:Scope Boundary | OUTPUT:Control Signal | OUTPUT:Repository Change | PROCESS:Decision Branch | PROCESS:Required Sequence | RESOURCE:Local Workspace | TASK:Artifact Change
rq3_054,8,2,0,CONSTRAINT:Evidence Grounding | CONSTRAINT:Quality Standard | CONTEXT:Repository Context | OUTPUT:New Thread | PROCESS:Decision Branch | PROCESS:Required Sequence | RESOURCE:GitHub Interface | TASK:Evidence Investigation,CONSTRAINT:Evidence Grounding | CONSTRAINT:Quality Standard | CONTEXT:Repository Context | OUTPUT:Control Signal | OUTPUT:New Thread | PROCESS:Decision Branch | PROCESS:Required Sequence | RESOURCE:GitHub Interface | TASK:Artifact Change | TASK:Evidence Investigation
rq3_055,13,3,12,COMMUNICATION:Automation Disclosure | COMMUNICATION:Expert Role | CONSTRAINT:Quality Standard | CONSTRAINT:Resource Budget | CONSTRAINT:Scope Boundary | CONTEXT:Execution Environment | CONTEXT:Historical Context | CONTEXT:Repository Context | EVALUATION:Evidence Credibility | EVALUATION:Risk Assessment | EXAMPLE:Output Template | OUTPUT:Existing Thread Response | OUTPUT:New Thread | PROCESS:Cross-Run Memory | PROCESS:Decision Branch | PROCESS:Required Sequence | PROCESS:Within-Run Iteration | RESOURCE:Agent Resource | RESOURCE:GitHub Interface | RESOURCE:Local Workspace | RESOURCE:Web Retrieval | SAFETY:Execution Isolation | SAFETY:Information Confidentiality | SAFETY:Vulnerability Handling | TASK:Evidence Investigation,COMMUNICATION:Expert Role | CONSTRAINT:Scope Boundary | CONTEXT:Domain Context | CONTEXT:Execution Environment | CONTEXT:Historical Context | CONTEXT:Repository Context | EXAMPLE:Output Template | EXAMPLE:Technical Snippet | OUTPUT:New Thread | OUTPUT:Repository Change | PROCESS:Cross-Run Memory | PROCESS:Decision Branch | PROCESS:Required Sequence | RESOURCE:GitHub Interface | RESOURCE:Local Workspace | TASK:Evidence Investigation
rq3_056,16,2,5,CONSTRAINT:Evidence Grounding | CONSTRAINT:Quality Standard | CONSTRAINT:Scope Boundary | CONTEXT:Domain Context | CONTEXT:Execution Environment | CONTEXT:Repository Context | EVALUATION:Execution Check | EVALUATION:Risk Assessment | EVALUATION:Rule Conformance | OUTPUT:Control Signal | OUTPUT:New Thread | OUTPUT:Repository Change | PROCESS:Decision Branch | PROCESS:Required Sequence | PROCESS:Within-Run Iteration | RESOURCE:Development Toolchain | RESOURCE:GitHub Interface | RESOURCE:Local Workspace | TASK:Artifact Change | TASK:Executable Validation | TASK:Work Item Management,CONSTRAINT:Quality Standard | CONSTRAINT:Scope Boundary | CONTEXT:Domain Context | CONTEXT:Execution Environment | CONTEXT:Historical Context | CONTEXT:Repository Context | EVALUATION:Execution Check | OUTPUT:Control Signal | OUTPUT:New Thread | OUTPUT:Repository Change | PROCESS:Decision Branch | PROCESS:Required Sequence | RESOURCE:Development Toolchain | RESOURCE:Local Workspace | TASK:Artifact Change | TASK:Evidence Investigation | TASK:Executable Validation | TASK:Work Item Management
rq3_057,7,9,7,COMMUNICATION:Audience Voice | COMMUNICATION:Expert Role | CONSTRAINT:Quality Standard | CONSTRAINT:Scope Boundary | CONTEXT:Repository Context | EXAMPLE:Output Template | EXAMPLE:Worked Case | OUTPUT:Control Signal | OUTPUT:Existing Thread Response | PROCESS:Decision Branch | PROCESS:Required Sequence | PROCESS:Work Delegation | RESOURCE:Agent Resource | RESOURCE:GitHub Interface,CONSTRAINT:Quality Standard | CONSTRAINT:Resource Budget | CONSTRAINT:Scope Boundary | CONTEXT:Domain Context | CONTEXT:Execution Environment | CONTEXT:Historical Context | CONTEXT:Repository Context | EVALUATION:Rule Conformance | EXAMPLE:Technical Snippet | PROCESS:Decision Branch | PROCESS:Required Sequence | PROCESS:Within-Run Iteration | PROCESS:Work Delegation | RESOURCE:Agent Resource | TASK:Evidence Investigation | TASK:Work Item Management
rq3_058,7,4,3,CONSTRAINT:Quality Standard | CONSTRAINT:Resource Budget | CONSTRAINT:Scope Boundary | CONTEXT:Repository Context | OUTPUT:Standalone Artifact | PROCESS:Decision Branch | PROCESS:Required Sequence | RESOURCE:Local Workspace | SAFETY:Execution Isolation | TASK:Evidence Investigation,CONSTRAINT:Resource Budget | CONSTRAINT:Scope Boundary | CONTEXT:Domain Context | CONTEXT:Execution Environment | CONTEXT:Repository Context | EVALUATION:Rule Conformance | OUTPUT:Standalone Artifact | PROCESS:Required Sequence | RESOURCE:Local Workspace | TASK:Artifact Review | TASK:Evidence Investigation
rq3_059,7,4,0,CONSTRAINT:Scope Boundary | CONTEXT:Repository Context | EXAMPLE:Output Template | EXAMPLE:Technical Snippet | OUTPUT:New Thread | PROCESS:Required Sequence | TASK:Evidence Investigation,CONSTRAINT:Scope Boundary | CONTEXT:Repository Context | EXAMPLE:Output Template | EXAMPLE:Technical Snippet | OUTPUT:New Thread | PROCESS:Decision Branch | PROCESS:Required Sequence | RESOURCE:GitHub Interface | RESOURCE:Local Workspace | TASK:Artifact Change | TASK:Evidence Investigation
rq3_061,11,3,8,COMMUNICATION:Automation Disclosure | COMMUNICATION:Expert Role | CONSTRAINT:Resource Budget | CONTEXT:Domain Context | CONTEXT:Execution Environment | CONTEXT:Repository Context | EVALUATION:Execution Check | EVALUATION:Risk Assessment | EXAMPLE:Output Template | EXAMPLE:Worked Case | OUTPUT:Control Signal | OUTPUT:Existing Thread Response | OUTPUT:New Thread | PROCESS:Decision Branch | PROCESS:Required Sequence | PROCESS:Within-Run Iteration | RESOURCE:GitHub Interface | TASK:Evidence Investigation | TASK:Work Item Management,COMMUNICATION:Automation Disclosure | COMMUNICATION:Expert Role | CONTEXT:Domain Context | CONTEXT:Historical Context | CONTEXT:Repository Context | EXAMPLE:Output Template | OUTPUT:Control Signal | OUTPUT:Repository Change | PROCESS:Decision Branch | PROCESS:Required Sequence | PROCESS:Within-Run Iteration | RESOURCE:GitHub Interface | TASK:Artifact Change | TASK:Evidence Investigation
rq3_062,10,1,4,COMMUNICATION:Expert Role | CONSTRAINT:Quality Standard | CONSTRAINT:Resource Budget | CONSTRAINT:Scope Boundary | CONTEXT:Execution Environment | EVALUATION:Rule Conformance | OUTPUT:Standalone Artifact | PROCESS:Decision Branch | PROCESS:Required Sequence | PROCESS:Within-Run Iteration | RESOURCE:GitHub Interface | RESOURCE:Local Workspace | TASK:Artifact Review | TASK:Evidence Investigation,CONSTRAINT:Resource Budget | CONSTRAINT:Scope Boundary | CONTEXT:Execution Environment | CONTEXT:Repository Context | OUTPUT:Standalone Artifact | PROCESS:Required Sequence | PROCESS:Within-Run Iteration | RESOURCE:GitHub Interface | RESOURCE:Local Workspace | TASK:Artifact Review | TASK:Evidence Investigation
rq3_063,6,1,3,CONSTRAINT:Quality Standard | CONSTRAINT:Scope Boundary | CONTEXT:Repository Context | OUTPUT:Existing Thread Response | PROCESS:Decision Branch | PROCESS:Required Sequence | RESOURCE:GitHub Interface | RESOURCE:Local Workspace | TASK:Evidence Investigation,CONSTRAINT:Scope Boundary | CONTEXT:Repository Context | OUTPUT:Existing Thread Response | PROCESS:Required Sequence | RESOURCE:GitHub Interface | RESOURCE:Local Workspace | TASK:Artifact Change
rq3_064,9,0,4,CONSTRAINT:Quality Standard | CONSTRAINT:Resource Budget | CONSTRAINT:Scope Boundary | CONTEXT:Repository Context | OUTPUT:Control Signal | OUTPUT:Repository Change | PROCESS:Decision Branch | PROCESS:Required Sequence | PROCESS:Within-Run Iteration | RESOURCE:GitHub Interface | RESOURCE:Local Workspace | SAFETY:Execution Isolation | TASK:Artifact Change,CONSTRAINT:Quality Standard | CONSTRAINT:Resource Budget | CONSTRAINT:Scope Boundary | CONTEXT:Repository Context | OUTPUT:Control Signal | PROCESS:Decision Branch | RESOURCE:GitHub Interface | RESOURCE:Local Workspace | TASK:Artifact Change
rq3_065,15,4,6,CONSTRAINT:Resource Budget | CONSTRAINT:Scope Boundary | CONTEXT:Domain Context | CONTEXT:Repository Context | EVALUATION:Execution Check | EVALUATION:Risk Assessment | EVALUATION:Rule Conformance | EXAMPLE:Output Template | EXAMPLE:Technical Snippet | EXAMPLE:Worked Case | OUTPUT:New Thread | OUTPUT:Standalone Artifact | PROCESS:Decision Branch | PROCESS:Required Sequence | PROCESS:Within-Run Iteration | RESOURCE:GitHub Interface | RESOURCE:Local Workspace | SAFETY:Execution Isolation | SAFETY:Information Confidentiality | SAFETY:Vulnerability Handling | TASK:Evidence Investigation,CONSTRAINT:Quality Standard | CONSTRAINT:Resource Budget | CONSTRAINT:Scope Boundary | CONTEXT:Domain Context | CONTEXT:Execution Environment | CONTEXT:Repository Context | EVALUATION:Risk Assessment | EVALUATION:Rule Conformance | EXAMPLE:Output Template | EXAMPLE:Technical Snippet | OUTPUT:New Thread | PROCESS:Decision Branch | PROCESS:Required Sequence | PROCESS:Within-Run Iteration | RESOURCE:Development Toolchain | RESOURCE:GitHub Interface | RESOURCE:Local Workspace | TASK:Artifact Review | TASK:Evidence Investigation
rq3_066,18,0,6,COMMUNICATION:Automation Disclosure | COMMUNICATION:Expert Role | CONSTRAINT:Evidence Grounding | CONSTRAINT:Quality Standard | CONSTRAINT:Scope Boundary | CONTEXT:Domain Context | CONTEXT:Repository Context | EXAMPLE:Output Template | EXAMPLE:Technical Snippet | EXAMPLE:Worked Case | OUTPUT:Control Signal | OUTPUT:Existing Thread Response | OUTPUT:New Thread | OUTPUT:Repository Change | PROCESS:Cross-Run Memory | PROCESS:Decision Branch | PROCESS:Required Sequence | PROCESS:Within-Run Iteration | RESOURCE:GitHub Interface | RESOURCE:Local Workspace | SAFETY:Vulnerability Handling | TASK:Artifact Change | TASK:Evidence Investigation | TASK:Work Item Management,COMMUNICATION:Automation Disclosure | CONSTRAINT:Evidence Grounding | CONSTRAINT:Quality Standard | CONSTRAINT:Scope Boundary | CONTEXT:Domain Context | CONTEXT:Repository Context | EXAMPLE:Output Template | EXAMPLE:Technical Snippet | OUTPUT:Control Signal | OUTPUT:Repository Change | PROCESS:Decision Branch | PROCESS:Required Sequence | PROCESS:Within-Run Iteration | RESOURCE:GitHub Interface | RESOURCE:Local Workspace | TASK:Artifact Change | TASK:Evidence Investigation | TASK:Work Item Management
rq3_068,5,1,4,CONSTRAINT:Quality Standard | CONSTRAINT:Scope Boundary | CONTEXT:Execution Environment | CONTEXT:Historical Context | CONTEXT:Repository Context | EXAMPLE:Output Template | OUTPUT:Existing Thread Response | RESOURCE:GitHub Interface | TASK:Artifact Review,CONTEXT:Execution Environment | CONTEXT:Repository Context | OUTPUT:Existing Thread Response | PROCESS:Required Sequence | RESOURCE:GitHub Interface | TASK:Artifact Review
rq3_069,16,0,4,COMMUNICATION:Audience Voice | COMMUNICATION:Expert Role | CONSTRAINT:Evidence Grounding | CONSTRAINT:Quality Standard | CONSTRAINT:Scope Boundary | CONTEXT:Domain Context | CONTEXT:Execution Environment | CONTEXT:Repository Context | EVALUATION:Rule Conformance | EXAMPLE:Output Template | EXAMPLE:Technical Snippet | OUTPUT:Control Signal | OUTPUT:Standalone Artifact | PROCESS:Decision Branch | PROCESS:Required Sequence | PROCESS:Within-Run Iteration | RESOURCE:GitHub Interface | RESOURCE:Local Workspace | TASK:Artifact Change | TASK:Evidence Investigation,COMMUNICATION:Audience Voice | CONSTRAINT:Evidence Grounding | CONSTRAINT:Quality Standard | CONSTRAINT:Scope Boundary | CONTEXT:Domain Context | CONTEXT:Execution Environment | CONTEXT:Repository Context | EXAMPLE:Output Template | EXAMPLE:Technical Snippet | OUTPUT:Standalone Artifact | PROCESS:Decision Branch | PROCESS:Required Sequence | RESOURCE:GitHub Interface | RESOURCE:Local Workspace | TASK:Artifact Change | TASK:Evidence Investigation
rq3_070,17,3,10,COMMUNICATION:Automation Disclosure | CONSTRAINT:Evidence Grounding | CONSTRAINT:Quality Standard | CONSTRAINT:Resource Budget | CONSTRAINT:Scope Boundary | CONTEXT:Domain Context | CONTEXT:Execution Environment | CONTEXT:Repository Context | EVALUATION:Evidence Credibility | EVALUATION:Rule Conformance | EXAMPLE:Output Template | EXAMPLE:Worked Case | OUTPUT:Control Signal | OUTPUT:Repository Change | PROCESS:Cross-Run Memory | PROCESS:Decision Branch | PROCESS:Required Sequence | PROCESS:Within-Run Iteration | RESOURCE:Development Toolchain | RESOURCE:GitHub Interface | RESOURCE:Local Workspace | SAFETY:Execution Isolation | SAFETY:Prompt Injection Defense | TASK:Artifact Change | TASK:Evidence Investigation | TASK:Executable Validation | TASK:Work Item Management,CONSTRAINT:Quality Standard | CONSTRAINT:Scope Boundary | CONTEXT:Domain Context | CONTEXT:Execution Environment | CONTEXT:Historical Context | CONTEXT:Repository Context | EVALUATION:Rule Conformance | EXAMPLE:Technical Snippet | OUTPUT:Control Signal | OUTPUT:Existing Thread Response | OUTPUT:Repository Change | PROCESS:Cross-Run Memory | PROCESS:Decision Branch | PROCESS:Required Sequence | RESOURCE:Development Toolchain | RESOURCE:GitHub Interface | RESOURCE:Local Workspace | SAFETY:Prompt Injection Defense | TASK:Artifact Change | TASK:Work Item Management
rq3_071,8,7,3,CONSTRAINT:Quality Standard | CONSTRAINT:Scope Boundary | CONTEXT:Repository Context | EVALUATION:Rule Conformance | OUTPUT:Control Signal | OUTPUT:New Thread | PROCESS:Decision Branch | PROCESS:Required Sequence | PROCESS:Work Delegation | RESOURCE:Agent Resource | TASK:Evidence Investigation,CONSTRAINT:Evidence Grounding | CONSTRAINT:Scope Boundary | CONTEXT:Domain Context | CONTEXT:Historical Context | CONTEXT:Repository Context | EVALUATION:Rule Conformance | OUTPUT:New Thread | PROCESS:Decision Branch | PROCESS:Required Sequence | PROCESS:Work Delegation | RESOURCE:GitHub Interface | RESOURCE:Local Workspace | TASK:Artifact Review | TASK:Evidence Investigation | TASK:Work Item Management
rq3_072,8,10,0,CONSTRAINT:Evidence Grounding | CONSTRAINT:Scope Boundary | EXAMPLE:Output Template | OUTPUT:New Thread | PROCESS:Decision Branch | PROCESS:Required Sequence | RESOURCE:GitHub Interface | TASK:Evidence Investigation,CONSTRAINT:Evidence Grounding | CONSTRAINT:Quality Standard | CONSTRAINT:Scope Boundary | CONTEXT:Domain Context | CONTEXT:Repository Context | EVALUATION:Rule Conformance | EXAMPLE:Output Template | EXAMPLE:Technical Snippet | OUTPUT:Control Signal | OUTPUT:New Thread | PROCESS:Decision Branch | PROCESS:Required Sequence | PROCESS:Within-Run Iteration | RESOURCE:GitHub Interface | RESOURCE:Local Workspace | TASK:Artifact Review | TASK:Evidence Investigation | TASK:Work Item Management
rq3_073,12,7,3,COMMUNICATION:Expert Role | CONSTRAINT:Scope Boundary | CONTEXT:Execution Environment | CONTEXT:Repository Context | EVALUATION:Execution Check | EXAMPLE:Technical Snippet | OUTPUT:New Thread | OUTPUT:Standalone Artifact | PROCESS:Decision Branch | PROCESS:Required Sequence | RESOURCE:Agent Resource | RESOURCE:GitHub Interface | RESOURCE:Local Workspace | SAFETY:Execution Isolation | TASK:Executable Validation,CONSTRAINT:Resource Budget | CONSTRAINT:Scope Boundary | CONTEXT:Domain Context | CONTEXT:Execution Environment | CONTEXT:Repository Context | EVALUATION:Execution Check | EXAMPLE:Output Template | EXAMPLE:Technical Snippet | OUTPUT:New Thread | OUTPUT:Standalone Artifact | PROCESS:Decision Branch | PROCESS:Required Sequence | PROCESS:Within-Run Iteration | RESOURCE:Development Toolchain | RESOURCE:GitHub Interface | RESOURCE:Local Workspace | TASK:Artifact Change | TASK:Executable Validation | TASK:Work Item Management
rq3_074,11,6,2,COMMUNICATION:Expert Role | CONSTRAINT:Evidence Grounding | CONSTRAINT:Quality Standard | CONSTRAINT:Scope Boundary | CONTEXT:Repository Context | OUTPUT:Control Signal | OUTPUT:Repository Change | PROCESS:Decision Branch | PROCESS:Required Sequence | PROCESS:Within-Run Iteration | RESOURCE:Local Workspace | TASK:Artifact Change | TASK:Evidence Investigation,COMMUNICATION:Expert Role | CONSTRAINT:Quality Standard | CONSTRAINT:Scope Boundary | CONTEXT:Domain Context | CONTEXT:Execution Environment | CONTEXT:Repository Context | EVALUATION:Rule Conformance | EXAMPLE:Technical Snippet | OUTPUT:Repository Change | PROCESS:Decision Branch | PROCESS:Required Sequence | PROCESS:Within-Run Iteration | RESOURCE:GitHub Interface | RESOURCE:Local Workspace | TASK:Artifact Change | TASK:Evidence Investigation | TASK:Work Item Management
rq3_075,8,5,2,CONSTRAINT:Quality Standard | CONTEXT:Repository Context | EXAMPLE:Output Template | OUTPUT:Control Signal | OUTPUT:New Thread | OUTPUT:Repository Change | PROCESS:Decision Branch | PROCESS:Required Sequence | RESOURCE:GitHub Interface | TASK:Artifact Change,CONSTRAINT:Quality Standard | CONSTRAINT:Scope Boundary | CONTEXT:Domain Context | CONTEXT:Repository Context | EXAMPLE:Technical Snippet | OUTPUT:Control Signal | OUTPUT:Repository Change | PROCESS:Decision Branch | PROCESS:Required Sequence | RESOURCE:GitHub Interface | RESOURCE:Local Workspace | TASK:Artifact Change | TASK:Evidence Investigation
rq3_076,18,1,4,COMMUNICATION:Automation Disclosure | COMMUNICATION:Expert Role | CONSTRAINT:Quality Standard | CONSTRAINT:Resource Budget | CONSTRAINT:Scope Boundary | CONTEXT:Domain Context | CONTEXT:Repository Context | EVALUATION:Execution Check | EXAMPLE:Technical Snippet | EXAMPLE:Worked Case | OUTPUT:Control Signal | OUTPUT:Existing Thread Response | OUTPUT:Repository Change | PROCESS:Decision Branch | PROCESS:Required Sequence | PROCESS:Within-Run Iteration | RESOURCE:Development Toolchain | RESOURCE:GitHub Interface | RESOURCE:Local Workspace | TASK:Artifact Change | TASK:Evidence Investigation | TASK:Executable Validation,CONSTRAINT:Quality Standard | CONSTRAINT:Resource Budget | CONSTRAINT:Scope Boundary | CONTEXT:Domain Context | CONTEXT:Execution Environment | CONTEXT:Repository Context | EVALUATION:Execution Check | OUTPUT:Control Signal | OUTPUT:Existing Thread Response | OUTPUT:Repository Change | PROCESS:Decision Branch | PROCESS:Required Sequence | PROCESS:Within-Run Iteration | RESOURCE:Development Toolchain | RESOURCE:GitHub Interface | RESOURCE:Local Workspace | TASK:Artifact Change | TASK:Evidence Investigation | TASK:Executable Validation
rq3_077,17,3,4,COMMUNICATION:Audience Voice | COMMUNICATION:Automation Disclosure | COMMUNICATION:Expert Role | CONSTRAINT:Evidence Grounding | CONSTRAINT:Quality Standard | CONSTRAINT:Resource Budget | CONSTRAINT:Scope Boundary | CONTEXT:Domain Context | CONTEXT:Repository Context | EVALUATION:Risk Assessment | EVALUATION:Rule Conformance | EXAMPLE:Output Template | OUTPUT:Control Signal | OUTPUT:Repository Change | PROCESS:Decision Branch | PROCESS:Required Sequence | PROCESS:Within-Run Iteration | RESOURCE:Local Workspace | RESOURCE:Web Retrieval | TASK:Artifact Change | TASK:Artifact Review,COMMUNICATION:Audience Voice | COMMUNICATION:Expert Role | CONSTRAINT:Evidence Grounding | CONSTRAINT:Quality Standard | CONSTRAINT:Resource Budget | CONSTRAINT:Scope Boundary | CONTEXT:Domain Context | CONTEXT:Repository Context | EVALUATION:Rule Conformance | EXAMPLE:Output Template | EXAMPLE:Technical Snippet | OUTPUT:Control Signal | OUTPUT:Repository Change | PROCESS:Decision Branch | PROCESS:Required Sequence | RESOURCE:Local Workspace | TASK:Artifact Change | TASK:Artifact Review | TASK:Evidence Investigation | TASK:Work Item Management
rq3_078,9,6,2,COMMUNICATION:Audience Voice | CONSTRAINT:Quality Standard | CONSTRAINT:Scope Boundary | EXAMPLE:Output Template | EXAMPLE:Technical Snippet | OUTPUT:Repository Change | PROCESS:Decision Branch | PROCESS:Required Sequence | RESOURCE:GitHub Interface | RESOURCE:Local Workspace | TASK:Artifact Change,CONSTRAINT:Quality Standard | CONSTRAINT:Scope Boundary | CONTEXT:Domain Context | CONTEXT:Execution Environment | CONTEXT:Historical Context | CONTEXT:Repository Context | EVALUATION:Rule Conformance | EXAMPLE:Output Template | EXAMPLE:Technical Snippet | OUTPUT:Repository Change | PROCESS:Decision Branch | PROCESS:Required Sequence | RESOURCE:Local Workspace | TASK:Artifact Change | TASK:Evidence Investigation
rq3_079,11,1,2,COMMUNICATION:Expert Role | CONSTRAINT:Quality Standard | CONSTRAINT:Scope Boundary | CONTEXT:Repository Context | EVALUATION:Risk Assessment | EXAMPLE:Output Template | EXAMPLE:Technical Snippet | OUTPUT:Control Signal | OUTPUT:New Thread | PROCESS:Decision Branch | PROCESS:Required Sequence | RESOURCE:Local Workspace | TASK:Evidence Investigation,COMMUNICATION:Expert Role | CONSTRAINT:Quality Standard | CONSTRAINT:Scope Boundary | CONTEXT:Repository Context | EXAMPLE:Output Template | OUTPUT:Control Signal | OUTPUT:New Thread | PROCESS:Decision Branch | PROCESS:Required Sequence | RESOURCE:Local Workspace | TASK:Artifact Change | TASK:Evidence Investigation
rq3_080,11,8,1,COMMUNICATION:Expert Role | CONSTRAINT:Quality Standard | CONSTRAINT:Scope Boundary | CONTEXT:Historical Context | EVALUATION:Risk Assessment | OUTPUT:Repository Change | PROCESS:Cross-Run Memory | PROCESS:Decision Branch | PROCESS:Required Sequence | RESOURCE:GitHub Interface | TASK:Artifact Change | TASK:Evidence Investigation,COMMUNICATION:Expert Role | CONSTRAINT:Quality Standard | CONSTRAINT:Scope Boundary | CONTEXT:Domain Context | CONTEXT:Historical Context | CONTEXT:Repository Context | EXAMPLE:Technical Snippet | OUTPUT:Control Signal | OUTPUT:Repository Change | PROCESS:Cross-Run Memory | PROCESS:Decision Branch | PROCESS:Required Sequence | RESOURCE:Agent Resource | RESOURCE:GitHub Interface | RESOURCE:Local Workspace | RESOURCE:Web Retrieval | TASK:Artifact Change | TASK:Artifact Review | TASK:Evidence Investigation
rq3_081,15,6,1,COMMUNICATION:Expert Role | CONSTRAINT:Quality Standard | CONSTRAINT:Scope Boundary | CONTEXT:Execution Environment | CONTEXT:Repository Context | EVALUATION:Execution Check | EXAMPLE:Output Template | EXAMPLE:Technical Snippet | OUTPUT:Control Signal | OUTPUT:Repository Change | PROCESS:Decision Branch | PROCESS:Required Sequence | RESOURCE:Development Toolchain | RESOURCE:Local Workspace | TASK:Artifact Change | TASK:Evidence Investigation,COMMUNICATION:Expert Role | CONSTRAINT:Scope Boundary | CONTEXT:Domain Context | CONTEXT:Execution Environment | CONTEXT:Historical Context | CONTEXT:Repository Context | EVALUATION:Execution Check | EXAMPLE:Output Template | EXAMPLE:Technical Snippet | OUTPUT:Control Signal | OUTPUT:Repository Change | PROCESS:Decision Branch | PROCESS:Required Sequence | RESOURCE:Development Toolchain | RESOURCE:GitHub Interface | RESOURCE:Local Workspace | TASK:Artifact Change | TASK:Artifact Review | TASK:Evidence Investigation | TASK:Executable Validation | TASK:Work Item Management
rq3_082,12,0,9,COMMUNICATION:Audience Voice | COMMUNICATION:Expert Role | CONSTRAINT:Quality Standard | CONSTRAINT:Resource Budget | CONSTRAINT:Scope Boundary | CONTEXT:Domain Context | CONTEXT:Execution Environment | CONTEXT:Historical Context | CONTEXT:Repository Context | EVALUATION:Rule Conformance | EXAMPLE:Output Template | EXAMPLE:Technical Snippet | EXAMPLE:Worked Case | OUTPUT:Existing Thread Response | OUTPUT:New Thread | PROCESS:Decision Branch | PROCESS:Required Sequence | PROCESS:Within-Run Iteration | RESOURCE:GitHub Interface | RESOURCE:Local Workspace | TASK:Artifact Review,COMMUNICATION:Expert Role | CONSTRAINT:Scope Boundary | CONTEXT:Domain Context | CONTEXT:Repository Context | EVALUATION:Rule Conformance | EXAMPLE:Output Template | EXAMPLE:Technical Snippet | OUTPUT:New Thread | PROCESS:Required Sequence | RESOURCE:GitHub Interface | RESOURCE:Local Workspace | TASK:Artifact Review
rq3_083,10,1,5,COMMUNICATION:Expert Role | CONSTRAINT:Evidence Grounding | CONSTRAINT:Quality Standard | CONSTRAINT:Scope Boundary | CONTEXT:Repository Context | EVALUATION:Evidence Credibility | EVALUATION:Rule Conformance | EXAMPLE:Output Template | OUTPUT:Existing Thread Response | PROCESS:Decision Branch | PROCESS:Required Sequence | RESOURCE:GitHub Interface | RESOURCE:Local Workspace | TASK:Artifact Review | TASK:Evidence Investigation,CONSTRAINT:Evidence Grounding | CONSTRAINT:Quality Standard | CONSTRAINT:Scope Boundary | CONTEXT:Domain Context | CONTEXT:Repository Context | EVALUATION:Rule Conformance | EXAMPLE:Output Template | OUTPUT:Existing Thread Response | PROCESS:Required Sequence | TASK:Artifact Review | TASK:Evidence Investigation
rq3_084,8,8,4,COMMUNICATION:Expert Role | CONSTRAINT:Quality Standard | CONSTRAINT:Resource Budget | CONSTRAINT:Scope Boundary | CONTEXT:Historical Context | CONTEXT:Repository Context | OUTPUT:New Thread | PROCESS:Decision Branch | PROCESS:Required Sequence | PROCESS:Work Delegation | RESOURCE:Agent Resource | TASK:Evidence Investigation,CONSTRAINT:Quality Standard | CONSTRAINT:Resource Budget | CONSTRAINT:Scope Boundary | CONTEXT:Domain Context | CONTEXT:Historical Context | CONTEXT:Repository Context | EVALUATION:Rule Conformance | EXAMPLE:Technical Snippet | OUTPUT:Control Signal | OUTPUT:Repository Change | PROCESS:Decision Branch | PROCESS:Required Sequence | PROCESS:Within-Run Iteration | RESOURCE:GitHub Interface | TASK:Artifact Change | TASK:Evidence Investigation
rq3_085,9,9,1,COMMUNICATION:Expert Role | CONTEXT:Repository Context | EVALUATION:Execution Check | EXAMPLE:Technical Snippet | OUTPUT:Existing Thread Response | OUTPUT:Repository Change | PROCESS:Decision Branch | PROCESS:Required Sequence | RESOURCE:Web Retrieval | TASK:Artifact Change,COMMUNICATION:Expert Role | CONSTRAINT:Quality Standard | CONSTRAINT:Scope Boundary | CONTEXT:Domain Context | CONTEXT:Repository Context | EVALUATION:Execution Check | EVALUATION:Rule Conformance | EXAMPLE:Technical Snippet | OUTPUT:Existing Thread Response | OUTPUT:Repository Change | PROCESS:Decision Branch | PROCESS:Required Sequence | RESOURCE:Development Toolchain | RESOURCE:GitHub Interface | RESOURCE:Local Workspace | TASK:Artifact Change | TASK:Evidence Investigation | TASK:Executable Validation
rq3_086,12,8,1,COMMUNICATION:Expert Role | CONSTRAINT:Quality Standard | CONSTRAINT:Resource Budget | CONSTRAINT:Scope Boundary | CONTEXT:Repository Context | EXAMPLE:Output Template | OUTPUT:Control Signal | OUTPUT:Repository Change | PROCESS:Decision Branch | PROCESS:Required Sequence | RESOURCE:Local Workspace | TASK:Artifact Change | TASK:Evidence Investigation,CONSTRAINT:Quality Standard | CONSTRAINT:Resource Budget | CONSTRAINT:Scope Boundary | CONTEXT:Domain Context | CONTEXT:Historical Context | CONTEXT:Repository Context | EVALUATION:Rule Conformance | EXAMPLE:Output Template | EXAMPLE:Technical Snippet | OUTPUT:Control Signal | OUTPUT:Repository Change | PROCESS:Cross-Run Memory | PROCESS:Decision Branch | PROCESS:Required Sequence | PROCESS:Within-Run Iteration | RESOURCE:GitHub Interface | RESOURCE:Local Workspace | TASK:Artifact Change | TASK:Evidence Investigation | TASK:Work Item Management
rq3_087,12,1,5,CONSTRAINT:Evidence Grounding | CONSTRAINT:Quality Standard | CONSTRAINT:Scope Boundary | CONTEXT:Execution Environment | CONTEXT:Historical Context | CONTEXT:Repository Context | EXAMPLE:Output Template | EXAMPLE:Worked Case | OUTPUT:Control Signal | OUTPUT:Repository Change | PROCESS:Cross-Run Memory | PROCESS:Decision Branch | PROCESS:Required Sequence | RESOURCE:GitHub Interface | RESOURCE:Local Workspace | TASK:Artifact Change | TASK:Evidence Investigation,CONSTRAINT:Evidence Grounding | CONSTRAINT:Quality Standard | CONSTRAINT:Scope Boundary | CONTEXT:Domain Context | EXAMPLE:Output Template | OUTPUT:Control Signal | OUTPUT:Repository Change | PROCESS:Decision Branch | PROCESS:Required Sequence | RESOURCE:GitHub Interface | RESOURCE:Local Workspace | TASK:Artifact Change | TASK:Evidence Investigation
rq3_088,9,5,1,COMMUNICATION:Expert Role | CONSTRAINT:Quality Standard | CONSTRAINT:Scope Boundary | CONTEXT:Repository Context | EVALUATION:Risk Assessment | EXAMPLE:Output Template | OUTPUT:Existing Thread Response | PROCESS:Decision Branch | RESOURCE:GitHub Interface | TASK:Evidence Investigation,COMMUNICATION:Expert Role | CONSTRAINT:Quality Standard | CONTEXT:Domain Context | CONTEXT:Repository Context | EVALUATION:Risk Assessment | EVALUATION:Rule Conformance | EXAMPLE:Output Template | OUTPUT:Existing Thread Response | PROCESS:Decision Branch | PROCESS:Required Sequence | PROCESS:Within-Run Iteration | RESOURCE:GitHub Interface | TASK:Artifact Review | TASK:Evidence Investigation
rq3_089,18,1,9,COMMUNICATION:Audience Voice | COMMUNICATION:Automation Disclosure | COMMUNICATION:Expert Role | CONSTRAINT:Quality Standard | CONSTRAINT:Resource Budget | CONSTRAINT:Scope Boundary | CONTEXT:Domain Context | CONTEXT:Execution Environment | CONTEXT:Repository Context | EVALUATION:Evidence Credibility | EVALUATION:Risk Assessment | EVALUATION:Rule Conformance | EXAMPLE:Output Template | EXAMPLE:Technical Snippet | EXAMPLE:Worked Case | OUTPUT:Control Signal | OUTPUT:Existing Thread Response | PROCESS:Decision Branch | PROCESS:Required Sequence | PROCESS:Within-Run Iteration | RESOURCE:GitHub Interface | RESOURCE:Local Workspace | SAFETY:Execution Isolation | SAFETY:Information Confidentiality | SAFETY:Prompt Injection Defense | TASK:Evidence Investigation | TASK:Work Item Management,COMMUNICATION:Expert Role | CONSTRAINT:Quality Standard | CONSTRAINT:Resource Budget | CONSTRAINT:Scope Boundary | CONTEXT:Domain Context | CONTEXT:Execution Environment | CONTEXT:Repository Context | EVALUATION:Rule Conformance | EXAMPLE:Output Template | EXAMPLE:Technical Snippet | OUTPUT:Existing Thread Response | PROCESS:Decision Branch | PROCESS:Required Sequence | RESOURCE:GitHub Interface | RESOURCE:Web Retrieval | SAFETY:Execution Isolation | SAFETY:Prompt Injection Defense | TASK:Evidence Investigation | TASK:Work Item Management
rq3_090,14,1,4,COMMUNICATION:Audience Voice | COMMUNICATION:Expert Role | CONSTRAINT:Quality Standard | CONSTRAINT:Resource Budget | CONSTRAINT:Scope Boundary | CONTEXT:Repository Context | EVALUATION:Risk Assessment | EVALUATION:Rule Conformance | EXAMPLE:Output Template | OUTPUT:Existing Thread Response | PROCESS:Decision Branch | PROCESS:Required Sequence | PROCESS:Within-Run Iteration | RESOURCE:GitHub Interface | RESOURCE:Local Workspace | RESOURCE:Web Retrieval | TASK:Artifact Review | TASK:Evidence Investigation,COMMUNICATION:Expert Role | CONSTRAINT:Quality Standard | CONSTRAINT:Resource Budget | CONTEXT:Domain Context | CONTEXT:Repository Context | EVALUATION:Rule Conformance | EXAMPLE:Output Template | OUTPUT:Existing Thread Response | PROCESS:Decision Branch | PROCESS:Required Sequence | RESOURCE:GitHub Interface | RESOURCE:Local Workspace | RESOURCE:Web Retrieval | TASK:Artifact Review | TASK:Evidence Investigation
rq3_091,10,3,2,CONSTRAINT:Quality Standard | CONSTRAINT:Resource Budget | CONSTRAINT:Scope Boundary | OUTPUT:Control Signal | OUTPUT:Existing Thread Response | OUTPUT:New Thread | PROCESS:Decision Branch | PROCESS:Required Sequence | RESOURCE:Development Toolchain | RESOURCE:GitHub Interface | RESOURCE:Web Retrieval | TASK:Executable Validation,CONSTRAINT:Quality Standard | CONSTRAINT:Resource Budget | OUTPUT:Control Signal | OUTPUT:Existing Thread Response | OUTPUT:New Thread | PROCESS:Decision Branch | RESOURCE:Development Toolchain | RESOURCE:GitHub Interface | RESOURCE:Local Workspace | RESOURCE:Web Retrieval | TASK:Artifact Change | TASK:Evidence Investigation | TASK:Executable Validation
rq3_092,11,3,4,CONSTRAINT:Quality Standard | CONSTRAINT:Scope Boundary | CONTEXT:Execution Environment | CONTEXT:Repository Context | EVALUATION:Execution Check | EXAMPLE:Output Template | OUTPUT:Control Signal | OUTPUT:Existing Thread Response | PROCESS:Decision Branch | PROCESS:Required Sequence | RESOURCE:GitHub Interface | RESOURCE:Local Workspace | SAFETY:Execution Isolation | TASK:Executable Validation | TASK:Work Item Management,CONSTRAINT:Quality Standard | CONTEXT:Domain Context | CONTEXT:Execution Environment | CONTEXT:Repository Context | EVALUATION:Execution Check | EXAMPLE:Technical Snippet | OUTPUT:Control Signal | OUTPUT:Existing Thread Response | PROCESS:Decision Branch | PROCESS:Required Sequence | RESOURCE:GitHub Interface | RESOURCE:Local Workspace | TASK:Evidence Investigation | TASK:Executable Validation
rq3_093,4,2,0,COMMUNICATION:Audience Voice | CONSTRAINT:Quality Standard | CONTEXT:Repository Context | TASK:Artifact Review,COMMUNICATION:Audience Voice | CONSTRAINT:Quality Standard | CONTEXT:Repository Context | EVALUATION:Rule Conformance | OUTPUT:Existing Thread Response | TASK:Artifact Review
rq3_094,9,5,2,CONSTRAINT:Evidence Grounding | CONSTRAINT:Resource Budget | CONSTRAINT:Scope Boundary | CONTEXT:Domain Context | OUTPUT:Control Signal | OUTPUT:Repository Change | PROCESS:Decision Branch | PROCESS:Required Sequence | RESOURCE:Web Retrieval | TASK:Artifact Change | TASK:Evidence Investigation,CONSTRAINT:Evidence Grounding | CONSTRAINT:Quality Standard | CONSTRAINT:Resource Budget | CONSTRAINT:Scope Boundary | CONTEXT:Domain Context | CONTEXT:Repository Context | EVALUATION:Rule Conformance | OUTPUT:Repository Change | PROCESS:Decision Branch | PROCESS:Required Sequence | PROCESS:Within-Run Iteration | RESOURCE:GitHub Interface | RESOURCE:Web Retrieval | TASK:Artifact Change
rq3_095,10,2,10,COMMUNICATION:Automation Disclosure | COMMUNICATION:Expert Role | CONSTRAINT:Quality Standard | CONSTRAINT:Resource Budget | CONSTRAINT:Scope Boundary | CONTEXT:Domain Context | CONTEXT:Execution Environment | CONTEXT:Repository Context | EVALUATION:Evidence Credibility | EVALUATION:Risk Assessment | EVALUATION:Rule Conformance | EXAMPLE:Output Template | OUTPUT:Existing Thread Response | PROCESS:Decision Branch | PROCESS:Required Sequence | RESOURCE:GitHub Interface | RESOURCE:Local Workspace | SAFETY:Execution Isolation | SAFETY:Prompt Injection Defense | TASK:Evidence Investigation,CONSTRAINT:Scope Boundary | CONTEXT:Domain Context | CONTEXT:Repository Context | EXAMPLE:Output Template | EXAMPLE:Technical Snippet | OUTPUT:Existing Thread Response | PROCESS:Decision Branch | PROCESS:Required Sequence | RESOURCE:GitHub Interface | SAFETY:Prompt Injection Defense | TASK:Artifact Review | TASK:Evidence Investigation
rq3_096,14,3,4,COMMUNICATION:Expert Role | CONSTRAINT:Resource Budget | CONSTRAINT:Scope Boundary | CONTEXT:Repository Context | EVALUATION:Execution Check | EXAMPLE:Output Template | OUTPUT:Existing Thread Response | OUTPUT:Repository Change | PROCESS:Decision Branch | PROCESS:Required Sequence | PROCESS:Within-Run Iteration | RESOURCE:Development Toolchain | RESOURCE:GitHub Interface | RESOURCE:Local Workspace | SAFETY:Prompt Injection Defense | TASK:Artifact Change | TASK:Executable Validation | TASK:Work Item Management,COMMUNICATION:Expert Role | CONSTRAINT:Quality Standard | CONSTRAINT:Resource Budget | CONSTRAINT:Scope Boundary | EVALUATION:Execution Check | EVALUATION:Rule Conformance | OUTPUT:Existing Thread Response | OUTPUT:Repository Change | PROCESS:Decision Branch | PROCESS:Required Sequence | RESOURCE:GitHub Interface | RESOURCE:Local Workspace | SAFETY:Prompt Injection Defense | TASK:Artifact Change | TASK:Evidence Investigation | TASK:Executable Validation | TASK:Work Item Management
rq3_097,11,5,4,COMMUNICATION:Expert Role | CONSTRAINT:Evidence Grounding | CONSTRAINT:Quality Standard | CONTEXT:Repository Context | EXAMPLE:Output Template | EXAMPLE:Worked Case | OUTPUT:New Thread | PROCESS:Decision Branch | PROCESS:Required Sequence | RESOURCE:Agent Resource | RESOURCE:Local Workspace | RESOURCE:Web Retrieval | SAFETY:Prompt Injection Defense | TASK:Evidence Investigation | TASK:Work Item Management,COMMUNICATION:Expert Role | CONSTRAINT:Evidence Grounding | CONSTRAINT:Quality Standard | CONTEXT:Repository Context | EXAMPLE:Output Template | EXAMPLE:Technical Snippet | OUTPUT:Existing Thread Response | OUTPUT:Repository Change | PROCESS:Decision Branch | PROCESS:Required Sequence | RESOURCE:GitHub Interface | RESOURCE:Local Workspace | RESOURCE:Web Retrieval | TASK:Artifact Change | TASK:Evidence Investigation | TASK:Work Item Management
rq3_098,9,4,3,CONSTRAINT:Quality Standard | CONSTRAINT:Scope Boundary | EVALUATION:Risk Assessment | EXAMPLE:Output Template | OUTPUT:Control Signal | OUTPUT:New Thread | PROCESS:Cross-Run Memory | PROCESS:Decision Branch | PROCESS:Required Sequence | RESOURCE:GitHub Interface | RESOURCE:Local Workspace | TASK:Evidence Investigation,CONSTRAINT:Quality Standard | CONSTRAINT:Scope Boundary | CONTEXT:Historical Context | CONTEXT:Repository Context | EXAMPLE:Output Template | EXAMPLE:Technical Snippet | OUTPUT:Control Signal | OUTPUT:New Thread | PROCESS:Decision Branch | PROCESS:Required Sequence | RESOURCE:GitHub Interface | RESOURCE:Local Workspace | TASK:Artifact Change
rq3_099,10,3,2,COMMUNICATION:Expert Role | CONSTRAINT:Evidence Grounding | CONSTRAINT:Quality Standard | CONSTRAINT:Scope Boundary | EVALUATION:Rule Conformance | EXAMPLE:Output Template | EXAMPLE:Technical Snippet | OUTPUT:Control Signal | OUTPUT:Existing Thread Response | PROCESS:Decision Branch | RESOURCE:GitHub Interface | TASK:Artifact Review,COMMUNICATION:Automation Disclosure | CONSTRAINT:Evidence Grounding | CONSTRAINT:Quality Standard | CONSTRAINT:Scope Boundary | CONTEXT:Domain Context | EVALUATION:Rule Conformance | EXAMPLE:Output Template | EXAMPLE:Technical Snippet | OUTPUT:Control Signal | PROCESS:Decision Branch | PROCESS:Required Sequence | RESOURCE:GitHub Interface | TASK:Artifact Review
rq3_100,16,4,4,COMMUNICATION:Automation Disclosure | COMMUNICATION:Expert Role | CONSTRAINT:Quality Standard | CONSTRAINT:Scope Boundary | CONTEXT:Execution Environment | CONTEXT:Repository Context | EXAMPLE:Output Template | EXAMPLE:Technical Snippet | OUTPUT:Control Signal | OUTPUT:Existing Thread Response | OUTPUT:New Thread | OUTPUT:Standalone Artifact | PROCESS:Cross-Run Memory | PROCESS:Decision Branch | PROCESS:Required Sequence | PROCESS:Within-Run Iteration | RESOURCE:Agent Resource | RESOURCE:Local Workspace | RESOURCE:Web Retrieval | TASK:Evidence Investigation,COMMUNICATION:Expert Role | CONSTRAINT:Quality Standard | CONSTRAINT:Scope Boundary | CONTEXT:Domain Context | CONTEXT:Execution Environment | CONTEXT:Historical Context | CONTEXT:Repository Context | EXAMPLE:Output Template | EXAMPLE:Technical Snippet | OUTPUT:Control Signal | OUTPUT:Existing Thread Response | OUTPUT:New Thread | PROCESS:Cross-Run Memory | PROCESS:Decision Branch | PROCESS:Required Sequence | PROCESS:Within-Run Iteration | RESOURCE:GitHub Interface | RESOURCE:Local Workspace | TASK:Artifact Change | TASK:Evidence Investigation
rq3_101,18,4,5,COMMUNICATION:Expert Role | CONSTRAINT:Evidence Grounding | CONSTRAINT:Quality Standard | CONSTRAINT:Resource Budget | CONSTRAINT:Scope Boundary | CONTEXT:Domain Context | CONTEXT:Execution Environment | CONTEXT:Repository Context | EVALUATION:Execution Check | EXAMPLE:Output Template | EXAMPLE:Technical Snippet | EXAMPLE:Worked Case | OUTPUT:Control Signal | OUTPUT:Repository Change | PROCESS:Cross-Run Memory | PROCESS:Decision Branch | PROCESS:Required Sequence | PROCESS:Within-Run Iteration | RESOURCE:Development Toolchain | RESOURCE:GitHub Interface | RESOURCE:Local Workspace | TASK:Artifact Change | TASK:Executable Validation,COMMUNICATION:Expert Role | CONSTRAINT:Resource Budget | CONSTRAINT:Scope Boundary | CONTEXT:Domain Context | CONTEXT:Execution Environment | CONTEXT:Historical Context | CONTEXT:Repository Context | EVALUATION:Execution Check | EXAMPLE:Technical Snippet | OUTPUT:Control Signal | OUTPUT:Repository Change | PROCESS:Cross-Run Memory | PROCESS:Decision Branch | PROCESS:Required Sequence | RESOURCE:Development Toolchain | RESOURCE:GitHub Interface | RESOURCE:Local Workspace | TASK:Artifact Change | TASK:Artifact Review | TASK:Evidence Investigation | TASK:Executable Validation | TASK:Work Item Management
rq3_102,11,3,5,CONSTRAINT:Evidence Grounding | CONSTRAINT:Quality Standard | CONSTRAINT:Resource Budget | CONSTRAINT:Scope Boundary | CONTEXT:Domain Context | CONTEXT:Execution Environment | CONTEXT:Repository Context | EVALUATION:Execution Check | EXAMPLE:Output Template | OUTPUT:Control Signal | OUTPUT:New Thread | PROCESS:Decision Branch | PROCESS:Required Sequence | PROCESS:Within-Run Iteration | RESOURCE:GitHub Interface | TASK:Evidence Investigation,CONSTRAINT:Quality Standard | CONSTRAINT:Resource Budget | CONSTRAINT:Scope Boundary | CONTEXT:Domain Context | CONTEXT:Repository Context | EVALUATION:Rule Conformance | OUTPUT:Control Signal | OUTPUT:Repository Change | PROCESS:Decision Branch | PROCESS:Required Sequence | PROCESS:Within-Run Iteration | RESOURCE:GitHub Interface | TASK:Artifact Change | TASK:Evidence Investigation
rq3_103,14,3,0,CONSTRAINT:Quality Standard | CONSTRAINT:Scope Boundary | CONTEXT:Execution Environment | CONTEXT:Repository Context | EXAMPLE:Output Template | EXAMPLE:Technical Snippet | OUTPUT:Control Signal | OUTPUT:Repository Change | PROCESS:Decision Branch | PROCESS:Required Sequence | RESOURCE:Development Toolchain | RESOURCE:Local Workspace | TASK:Artifact Change | TASK:Executable Validation,CONSTRAINT:Quality Standard | CONSTRAINT:Scope Boundary | CONTEXT:Domain Context | CONTEXT:Execution Environment | CONTEXT:Repository Context | EVALUATION:Execution Check | EXAMPLE:Output Template | EXAMPLE:Technical Snippet | OUTPUT:Control Signal | OUTPUT:Repository Change | PROCESS:Decision Branch | PROCESS:Required Sequence | RESOURCE:Development Toolchain | RESOURCE:Local Workspace | TASK:Artifact Change | TASK:Executable Validation | TASK:Work Item Management
rq3_104,9,3,1,COMMUNICATION:Expert Role | CONSTRAINT:Evidence Grounding | CONSTRAINT:Quality Standard | CONSTRAINT:Scope Boundary | CONTEXT:Domain Context | CONTEXT:Repository Context | OUTPUT:Control Signal | OUTPUT:Existing Thread Response | RESOURCE:Web Retrieval | TASK:Evidence Investigation,COMMUNICATION:Audience Voice | COMMUNICATION:Expert Role | CONSTRAINT:Evidence Grounding | CONSTRAINT:Quality Standard | CONSTRAINT:Scope Boundary | CONTEXT:Domain Context | CONTEXT:Repository Context | OUTPUT:Existing Thread Response | PROCESS:Required Sequence | RESOURCE:GitHub Interface | RESOURCE:Web Retrieval | TASK:Evidence Investigation
rq3_105,21,4,7,COMMUNICATION:Automation Disclosure | COMMUNICATION:Expert Role | CONSTRAINT:Evidence Grounding | CONSTRAINT:Quality Standard | CONSTRAINT:Resource Budget | CONSTRAINT:Scope Boundary | CONTEXT:Domain Context | CONTEXT:Execution Environment | CONTEXT:Repository Context | EVALUATION:Evidence Credibility | EVALUATION:Execution Check | EVALUATION:Risk Assessment | EVALUATION:Rule Conformance | EXAMPLE:Output Template | EXAMPLE:Technical Snippet | EXAMPLE:Worked Case | OUTPUT:Control Signal | OUTPUT:Existing Thread Response | OUTPUT:New Thread | OUTPUT:Standalone Artifact | PROCESS:Cross-Run Memory | PROCESS:Decision Branch | PROCESS:Required Sequence | PROCESS:Within-Run Iteration | RESOURCE:GitHub Interface | RESOURCE:Local Workspace | TASK:Evidence Investigation | TASK:Work Item Management,COMMUNICATION:Expert Role | CONSTRAINT:Evidence Grounding | CONSTRAINT:Quality Standard | CONSTRAINT:Resource Budget | CONSTRAINT:Scope Boundary | CONTEXT:Domain Context | CONTEXT:Execution Environment | CONTEXT:Repository Context | EVALUATION:Rule Conformance | EXAMPLE:Output Template | EXAMPLE:Technical Snippet | OUTPUT:Existing Thread Response | OUTPUT:New Thread | OUTPUT:Repository Change | PROCESS:Cross-Run Memory | PROCESS:Decision Branch | PROCESS:Required Sequence | PROCESS:Within-Run Iteration | PROCESS:Work Delegation | RESOURCE:Agent Resource | RESOURCE:Development Toolchain | RESOURCE:GitHub Interface | RESOURCE:Local Workspace | TASK:Evidence Investigation | TASK:Work Item Management
rq3_106,17,8,5,COMMUNICATION:Audience Voice | COMMUNICATION:Expert Role | CONSTRAINT:Quality Standard | CONSTRAINT:Resource Budget | CONSTRAINT:Scope Boundary | CONTEXT:Domain Context | CONTEXT:Repository Context | EVALUATION:Execution Check | EVALUATION:Rule Conformance | EXAMPLE:Output Template | EXAMPLE:Worked Case | OUTPUT:Control Signal | OUTPUT:Repository Change | PROCESS:Cross-Run Memory | PROCESS:Decision Branch | PROCESS:Required Sequence | PROCESS:Within-Run Iteration | RESOURCE:Agent Resource | RESOURCE:Development Toolchain | RESOURCE:Local Workspace | TASK:Artifact Change | TASK:Executable Validation,COMMUNICATION:Expert Role | CONSTRAINT:Quality Standard | CONSTRAINT:Scope Boundary | CONTEXT:Domain Context | CONTEXT:Execution Environment | CONTEXT:Historical Context | CONTEXT:Repository Context | EVALUATION:Execution Check | EVALUATION:Rule Conformance | EXAMPLE:Technical Snippet | OUTPUT:Control Signal | OUTPUT:Repository Change | OUTPUT:Standalone Artifact | PROCESS:Cross-Run Memory | PROCESS:Decision Branch | PROCESS:Required Sequence | PROCESS:Within-Run Iteration | PROCESS:Work Delegation | RESOURCE:Development Toolchain | RESOURCE:GitHub Interface | RESOURCE:Local Workspace | TASK:Artifact Change | TASK:Artifact Review | TASK:Executable Validation | TASK:Work Item Management
rq3_107,14,4,6,COMMUNICATION:Automation Disclosure | COMMUNICATION:Expert Role | CONSTRAINT:Quality Standard | CONSTRAINT:Resource Budget | CONSTRAINT:Scope Boundary | CONTEXT:Domain Context | CONTEXT:Execution Environment | CONTEXT:Repository Context | EVALUATION:Rule Conformance | EXAMPLE:Output Template | EXAMPLE:Technical Snippet | EXAMPLE:Worked Case | OUTPUT:Control Signal | OUTPUT:Existing Thread Response | PROCESS:Decision Branch | PROCESS:Required Sequence | PROCESS:Within-Run Iteration | RESOURCE:GitHub Interface | SAFETY:Prompt Injection Defense | TASK:Work Item Management,CONSTRAINT:Quality Standard | CONSTRAINT:Resource Budget | CONSTRAINT:Scope Boundary | CONTEXT:Domain Context | CONTEXT:Execution Environment | CONTEXT:Historical Context | CONTEXT:Repository Context | EXAMPLE:Output Template | EXAMPLE:Technical Snippet | OUTPUT:Control Signal | OUTPUT:Repository Change | PROCESS:Decision Branch | PROCESS:Required Sequence | PROCESS:Within-Run Iteration | RESOURCE:GitHub Interface | SAFETY:Execution Isolation | SAFETY:Prompt Injection Defense | TASK:Artifact Change
rq3_108,5,2,2,CONSTRAINT:Quality Standard | CONSTRAINT:Scope Boundary | OUTPUT:Repository Change | PROCESS:Decision Branch | RESOURCE:Local Workspace | TASK:Artifact Change | TASK:Artifact Review,CONSTRAINT:Quality Standard | CONSTRAINT:Scope Boundary | CONTEXT:Repository Context | OUTPUT:Repository Change | PROCESS:Decision Branch | RESOURCE:GitHub Interface | TASK:Artifact Change
rq3_109,1,3,1,PROCESS:Decision Branch | TASK:Artifact Review,CONSTRAINT:Scope Boundary | CONTEXT:Repository Context | PROCESS:Decision Branch | RESOURCE:GitHub Interface
rq3_110,4,4,2,CONSTRAINT:Scope Boundary | OUTPUT:Existing Thread Response | OUTPUT:Standalone Artifact | PROCESS:Decision Branch | RESOURCE:Local Workspace | TASK:Artifact Review,CONSTRAINT:Quality Standard | CONSTRAINT:Scope Boundary | CONTEXT:Execution Environment | CONTEXT:Repository Context | OUTPUT:Existing Thread Response | PROCESS:Required Sequence | RESOURCE:Local Workspace | TASK:Artifact Review
rq3_111,8,4,5,COMMUNICATION:Expert Role | CONSTRAINT:Quality Standard | CONSTRAINT:Resource Budget | EVALUATION:Rule Conformance | EXAMPLE:Output Template | EXAMPLE:Technical Snippet | OUTPUT:Control Signal | OUTPUT:Existing Thread Response | PROCESS:Decision Branch | PROCESS:Required Sequence | PROCESS:Within-Run Iteration | RESOURCE:GitHub Interface | TASK:Work Item Management,CONSTRAINT:Resource Budget | CONSTRAINT:Scope Boundary | CONTEXT:Domain Context | CONTEXT:Repository Context | EXAMPLE:Output Template | EXAMPLE:Technical Snippet | OUTPUT:Repository Change | PROCESS:Decision Branch | PROCESS:Required Sequence | PROCESS:Within-Run Iteration | RESOURCE:GitHub Interface | TASK:Work Item Management
rq3_112,8,3,1,COMMUNICATION:Expert Role | CONSTRAINT:Quality Standard | CONSTRAINT:Scope Boundary | OUTPUT:Control Signal | OUTPUT:Existing Thread Response | PROCESS:Decision Branch | PROCESS:Required Sequence | RESOURCE:GitHub Interface | TASK:Artifact Review,COMMUNICATION:Expert Role | CONSTRAINT:Scope Boundary | CONTEXT:Domain Context | CONTEXT:Repository Context | EVALUATION:Rule Conformance | OUTPUT:Control Signal | OUTPUT:Existing Thread Response | PROCESS:Decision Branch | PROCESS:Required Sequence | RESOURCE:GitHub Interface | TASK:Artifact Review
rq3_113,11,7,2,CONSTRAINT:Quality Standard | CONSTRAINT:Scope Boundary | CONTEXT:Domain Context | CONTEXT:Repository Context | EVALUATION:Execution Check | EXAMPLE:Output Template | OUTPUT:Control Signal | OUTPUT:Existing Thread Response | OUTPUT:New Thread | OUTPUT:Standalone Artifact | RESOURCE:GitHub Interface | SAFETY:Execution Isolation | TASK:Executable Validation,CONSTRAINT:Quality Standard | CONSTRAINT:Scope Boundary | CONTEXT:Domain Context | CONTEXT:Repository Context | EVALUATION:Execution Check | EVALUATION:Rule Conformance | EXAMPLE:Output Template | EXAMPLE:Technical Snippet | OUTPUT:Existing Thread Response | OUTPUT:New Thread | OUTPUT:Repository Change | OUTPUT:Standalone Artifact | PROCESS:Required Sequence | RESOURCE:GitHub Interface | RESOURCE:Local Workspace | TASK:Artifact Change | TASK:Executable Validation | TASK:Work Item Management
rq3_114,12,1,13,COMMUNICATION:Automation Disclosure | COMMUNICATION:Expert Role | CONSTRAINT:Evidence Grounding | CONSTRAINT:Quality Standard | CONSTRAINT:Resource Budget | CONSTRAINT:Scope Boundary | CONTEXT:Domain Context | CONTEXT:Execution Environment | EVALUATION:Risk Assessment | EVALUATION:Rule Conformance | EXAMPLE:Output Template | OUTPUT:Control Signal | OUTPUT:New Thread | PROCESS:Decision Branch | PROCESS:Required Sequence | PROCESS:Within-Run Iteration | PROCESS:Work Delegation | RESOURCE:Agent Resource | RESOURCE:GitHub Interface | RESOURCE:Local Workspace | RESOURCE:Web Retrieval | SAFETY:Execution Isolation | SAFETY:Information Confidentiality | SAFETY:Vulnerability Handling | TASK:Evidence Investigation,CONSTRAINT:Quality Standard | CONSTRAINT:Scope Boundary | CONTEXT:Domain Context | OUTPUT:Control Signal | OUTPUT:New Thread | PROCESS:Decision Branch | PROCESS:Required Sequence | PROCESS:Work Delegation | RESOURCE:Agent Resource | RESOURCE:GitHub Interface | RESOURCE:Local Workspace | SAFETY:Execution Isolation | TASK:Artifact Change
rq3_115,3,2,0,OUTPUT:Standalone Artifact | RESOURCE:Local Workspace | TASK:Artifact Change,CONSTRAINT:Scope Boundary | CONTEXT:Execution Environment | OUTPUT:Standalone Artifact | RESOURCE:Local Workspace | TASK:Artifact Change
rq3_116,8,2,12,COMMUNICATION:Automation Disclosure | COMMUNICATION:Expert Role | CONSTRAINT:Evidence Grounding | CONSTRAINT:Quality Standard | CONSTRAINT:Scope Boundary | CONTEXT:Domain Context | CONTEXT:Execution Environment | CONTEXT:Repository Context | EVALUATION:Evidence Credibility | EXAMPLE:Output Template | EXAMPLE:Technical Snippet | EXAMPLE:Worked Case | OUTPUT:New Thread | PROCESS:Cross-Run Memory | PROCESS:Decision Branch | PROCESS:Required Sequence | PROCESS:Within-Run Iteration | RESOURCE:GitHub Interface | RESOURCE:Local Workspace | TASK:Evidence Investigation,COMMUNICATION:Expert Role | CONTEXT:Execution Environment | CONTEXT:Repository Context | EVALUATION:Rule Conformance | OUTPUT:New Thread | PROCESS:Required Sequence | RESOURCE:GitHub Interface | RESOURCE:Local Workspace | TASK:Artifact Change | TASK:Evidence Investigation
rq3_117,9,3,4,COMMUNICATION:Expert Role | CONSTRAINT:Evidence Grounding | CONSTRAINT:Quality Standard | CONSTRAINT:Scope Boundary | CONTEXT:Domain Context | CONTEXT:Repository Context | EVALUATION:Risk Assessment | OUTPUT:Control Signal | OUTPUT:Existing Thread Response | PROCESS:Decision Branch | PROCESS:Required Sequence | RESOURCE:GitHub Interface | TASK:Evidence Investigation,COMMUNICATION:Expert Role | CONSTRAINT:Scope Boundary | CONTEXT:Domain Context | CONTEXT:Repository Context | EXAMPLE:Output Template | OUTPUT:Existing Thread Response | OUTPUT:Repository Change | PROCESS:Decision Branch | PROCESS:Required Sequence | RESOURCE:GitHub Interface | TASK:Evidence Investigation | TASK:Work Item Management
rq3_118,13,1,8,COMMUNICATION:Audience Voice | CONSTRAINT:Quality Standard | CONSTRAINT:Resource Budget | CONSTRAINT:Scope Boundary | CONTEXT:Domain Context | CONTEXT:Execution Environment | CONTEXT:Repository Context | EVALUATION:Evidence Credibility | EVALUATION:Risk Assessment | EVALUATION:Rule Conformance | EXAMPLE:Output Template | EXAMPLE:Worked Case | OUTPUT:Control Signal | OUTPUT:Existing Thread Response | PROCESS:Decision Branch | PROCESS:Required Sequence | PROCESS:Within-Run Iteration | RESOURCE:GitHub Interface | SAFETY:Prompt Injection Defense | TASK:Evidence Investigation | TASK:Work Item Management,CONSTRAINT:Scope Boundary | CONTEXT:Domain Context | CONTEXT:Repository Context | EVALUATION:Rule Conformance | EXAMPLE:Output Template | EXAMPLE:Technical Snippet | OUTPUT:Control Signal | OUTPUT:Existing Thread Response | PROCESS:Decision Branch | PROCESS:Required Sequence | PROCESS:Within-Run Iteration | RESOURCE:GitHub Interface | SAFETY:Prompt Injection Defense | TASK:Work Item Management
rq3_119,5,1,2,COMMUNICATION:Audience Voice | CONSTRAINT:Quality Standard | EXAMPLE:Output Template | OUTPUT:New Thread | PROCESS:Required Sequence | RESOURCE:GitHub Interface | TASK:Evidence Investigation,CONSTRAINT:Quality Standard | OUTPUT:New Thread | PROCESS:Required Sequence | RESOURCE:GitHub Interface | TASK:Artifact Change | TASK:Evidence Investigation
rq3_121,8,1,2,COMMUNICATION:Expert Role | CONSTRAINT:Scope Boundary | EXAMPLE:Output Template | OUTPUT:Control Signal | OUTPUT:Existing Thread Response | OUTPUT:Repository Change | PROCESS:Required Sequence | PROCESS:Work Delegation | TASK:Artifact Change | TASK:Work Item Management,CONSTRAINT:Scope Boundary | EXAMPLE:Output Template | OUTPUT:Existing Thread Response | OUTPUT:Repository Change | PROCESS:Required Sequence | PROCESS:Work Delegation | RESOURCE:Agent Resource | TASK:Artifact Change | TASK:Work Item Management
rq3_122,13,5,7,COMMUNICATION:Audience Voice | COMMUNICATION:Expert Role | CONSTRAINT:Quality Standard | CONSTRAINT:Resource Budget | CONSTRAINT:Scope Boundary | CONTEXT:Repository Context | EVALUATION:Risk Assessment | EVALUATION:Rule Conformance | OUTPUT:Existing Thread Response | PROCESS:Decision Branch | PROCESS:Required Sequence | PROCESS:Within-Run Iteration | PROCESS:Work Delegation | RESOURCE:Agent Resource | RESOURCE:GitHub Interface | RESOURCE:Local Workspace | SAFETY:Information Confidentiality | SAFETY:Prompt Injection Defense | SAFETY:Vulnerability Handling | TASK:Artifact Review,COMMUNICATION:Expert Role | CONSTRAINT:Evidence Grounding | CONSTRAINT:Scope Boundary | CONTEXT:Domain Context | CONTEXT:Repository Context | EVALUATION:Risk Assessment | EVALUATION:Rule Conformance | EXAMPLE:Technical Snippet | OUTPUT:Existing Thread Response | OUTPUT:Repository Change | PROCESS:Required Sequence | PROCESS:Within-Run Iteration | PROCESS:Work Delegation | RESOURCE:Agent Resource | RESOURCE:GitHub Interface | SAFETY:Information Confidentiality | TASK:Artifact Review | TASK:Work Item Management
rq3_123,19,5,3,COMMUNICATION:Automation Disclosure | CONSTRAINT:Evidence Grounding | CONSTRAINT:Quality Standard | CONSTRAINT:Resource Budget | CONSTRAINT:Scope Boundary | CONTEXT:Execution Environment | CONTEXT:Repository Context | EVALUATION:Execution Check | EVALUATION:Risk Assessment | OUTPUT:Control Signal | OUTPUT:New Thread | OUTPUT:Repository Change | OUTPUT:Standalone Artifact | PROCESS:Decision Branch | PROCESS:Required Sequence | RESOURCE:Agent Resource | RESOURCE:Development Toolchain | RESOURCE:GitHub Interface | RESOURCE:Local Workspace | TASK:Artifact Change | TASK:Evidence Investigation | TASK:Executable Validation,COMMUNICATION:Automation Disclosure | CONSTRAINT:Evidence Grounding | CONSTRAINT:Quality Standard | CONSTRAINT:Resource Budget | CONSTRAINT:Scope Boundary | CONTEXT:Domain Context | CONTEXT:Execution Environment | CONTEXT:Historical Context | CONTEXT:Repository Context | EVALUATION:Execution Check | EXAMPLE:Technical Snippet | OUTPUT:Control Signal | OUTPUT:Repository Change | PROCESS:Decision Branch | PROCESS:Required Sequence | PROCESS:Work Delegation | RESOURCE:Agent Resource | RESOURCE:Development Toolchain | RESOURCE:GitHub Interface | RESOURCE:Local Workspace | TASK:Artifact Change | TASK:Evidence Investigation | TASK:Executable Validation | TASK:Work Item Management
rq3_124,7,3,6,CONTEXT:Domain Context | EVALUATION:Execution Check | EVALUATION:Rule Conformance | EXAMPLE:Output Template | OUTPUT:Existing Thread Response | OUTPUT:New Thread | PROCESS:Decision Branch | PROCESS:Required Sequence | PROCESS:Work Delegation | RESOURCE:Agent Resource | RESOURCE:GitHub Interface | TASK:Executable Validation | TASK:Work Item Management,CONTEXT:Domain Context | EVALUATION:Rule Conformance | EXAMPLE:Technical Snippet | OUTPUT:Existing Thread Response | OUTPUT:Repository Change | PROCESS:Decision Branch | PROCESS:Required Sequence | PROCESS:Work Delegation | RESOURCE:Agent Resource | TASK:Artifact Change
rq3_125,13,6,1,COMMUNICATION:Expert Role | CONSTRAINT:Evidence Grounding | CONSTRAINT:Resource Budget | CONSTRAINT:Scope Boundary | CONTEXT:Repository Context | EVALUATION:Rule Conformance | EXAMPLE:Output Template | OUTPUT:New Thread | PROCESS:Cross-Run Memory | PROCESS:Decision Branch | PROCESS:Required Sequence | RESOURCE:Local Workspace | TASK:Artifact Change | TASK:Evidence Investigation,COMMUNICATION:Expert Role | CONSTRAINT:Quality Standard | CONSTRAINT:Resource Budget | CONSTRAINT:Scope Boundary | CONTEXT:Domain Context | CONTEXT:Execution Environment | CONTEXT:Historical Context | CONTEXT:Repository Context | EVALUATION:Rule Conformance | EXAMPLE:Output Template | EXAMPLE:Technical Snippet | OUTPUT:New Thread | PROCESS:Cross-Run Memory | PROCESS:Decision Branch | PROCESS:Required Sequence | RESOURCE:Local Workspace | SAFETY:Execution Isolation | TASK:Artifact Change | TASK:Evidence Investigation
rq3_126,5,6,0,CONTEXT:Repository Context | OUTPUT:Existing Thread Response | PROCESS:Decision Branch | RESOURCE:GitHub Interface | TASK:Evidence Investigation,CONSTRAINT:Scope Boundary | CONTEXT:Domain Context | CONTEXT:Execution Environment | CONTEXT:Repository Context | EXAMPLE:Technical Snippet | OUTPUT:Existing Thread Response | PROCESS:Decision Branch | PROCESS:Required Sequence | RESOURCE:GitHub Interface | RESOURCE:Local Workspace | TASK:Evidence Investigation
rq3_127,10,4,2,CONSTRAINT:Scope Boundary | CONTEXT:Execution Environment | CONTEXT:Repository Context | EVALUATION:Execution Check | EVALUATION:Rule Conformance | OUTPUT:Repository Change | PROCESS:Decision Branch | PROCESS:Required Sequence | RESOURCE:Development Toolchain | RESOURCE:Local Workspace | TASK:Artifact Change | TASK:Executable Validation,CONSTRAINT:Quality Standard | CONSTRAINT:Scope Boundary | CONTEXT:Execution Environment | CONTEXT:Repository Context | EVALUATION:Execution Check | EXAMPLE:Technical Snippet | OUTPUT:Repository Change | PROCESS:Decision Branch | PROCESS:Required Sequence | RESOURCE:Development Toolchain | RESOURCE:GitHub Interface | TASK:Artifact Change | TASK:Evidence Investigation | TASK:Executable Validation
rq3_128,20,2,5,COMMUNICATION:Expert Role | CONSTRAINT:Evidence Grounding | CONSTRAINT:Quality Standard | CONSTRAINT:Resource Budget | CONSTRAINT:Scope Boundary | CONTEXT:Domain Context | CONTEXT:Execution Environment | CONTEXT:Repository Context | EVALUATION:Risk Assessment | EVALUATION:Rule Conformance | EXAMPLE:Output Template | EXAMPLE:Technical Snippet | EXAMPLE:Worked Case | OUTPUT:Control Signal | PROCESS:Decision Branch | PROCESS:Required Sequence | PROCESS:Within-Run Iteration | PROCESS:Work Delegation | RESOURCE:Agent Resource | RESOURCE:GitHub Interface | RESOURCE:Local Workspace | SAFETY:Information Confidentiality | SAFETY:Prompt Injection Defense | SAFETY:Vulnerability Handling | TASK:Artifact Review,COMMUNICATION:Expert Role | CONSTRAINT:Quality Standard | CONSTRAINT:Resource Budget | CONSTRAINT:Scope Boundary | CONTEXT:Domain Context | CONTEXT:Execution Environment | CONTEXT:Repository Context | EVALUATION:Risk Assessment | EVALUATION:Rule Conformance | EXAMPLE:Output Template | EXAMPLE:Technical Snippet | OUTPUT:Control Signal | OUTPUT:Standalone Artifact | PROCESS:Decision Branch | PROCESS:Required Sequence | PROCESS:Within-Run Iteration | PROCESS:Work Delegation | RESOURCE:Agent Resource | RESOURCE:GitHub Interface | RESOURCE:Local Workspace | TASK:Artifact Review | TASK:Evidence Investigation
rq3_129,17,2,5,COMMUNICATION:Audience Voice | CONSTRAINT:Evidence Grounding | CONSTRAINT:Quality Standard | CONSTRAINT:Resource Budget | CONSTRAINT:Scope Boundary | CONTEXT:Domain Context | CONTEXT:Execution Environment | CONTEXT:Repository Context | EVALUATION:Risk Assessment | EXAMPLE:Output Template | EXAMPLE:Technical Snippet | OUTPUT:Control Signal | OUTPUT:New Thread | PROCESS:Decision Branch | PROCESS:Required Sequence | PROCESS:Within-Run Iteration | PROCESS:Work Delegation | RESOURCE:Agent Resource | RESOURCE:GitHub Interface | RESOURCE:Local Workspace | TASK:Evidence Investigation | TASK:Work Item Management,COMMUNICATION:Audience Voice | CONSTRAINT:Quality Standard | CONSTRAINT:Resource Budget | CONSTRAINT:Scope Boundary | CONTEXT:Domain Context | CONTEXT:Execution Environment | CONTEXT:Repository Context | EXAMPLE:Output Template | EXAMPLE:Technical Snippet | OUTPUT:Control Signal | OUTPUT:Repository Change | PROCESS:Decision Branch | PROCESS:Required Sequence | PROCESS:Work Delegation | RESOURCE:Agent Resource | RESOURCE:GitHub Interface | TASK:Artifact Change | TASK:Evidence Investigation | TASK:Work Item Management
rq3_130,11,5,4,COMMUNICATION:Automation Disclosure | COMMUNICATION:Expert Role | CONSTRAINT:Quality Standard | CONTEXT:Repository Context | EVALUATION:Rule Conformance | EXAMPLE:Output Template | OUTPUT:New Thread | OUTPUT:Standalone Artifact | PROCESS:Decision Branch | PROCESS:Required Sequence | PROCESS:Within-Run Iteration | RESOURCE:GitHub Interface | RESOURCE:Local Workspace | RESOURCE:Web Retrieval | TASK:Evidence Investigation,COMMUNICATION:Automation Disclosure | COMMUNICATION:Expert Role | CONTEXT:Domain Context | CONTEXT:Execution Environment | CONTEXT:Repository Context | EXAMPLE:Output Template | EXAMPLE:Technical Snippet | OUTPUT:New Thread | PROCESS:Decision Branch | PROCESS:Required Sequence | RESOURCE:Development Toolchain | RESOURCE:GitHub Interface | RESOURCE:Local Workspace | RESOURCE:Web Retrieval | TASK:Artifact Change | TASK:Evidence Investigation
rq3_131,13,0,5,COMMUNICATION:Audience Voice | COMMUNICATION:Automation Disclosure | CONSTRAINT:Quality Standard | CONSTRAINT:Scope Boundary | CONTEXT:Domain Context | CONTEXT:Execution Environment | CONTEXT:Repository Context | EVALUATION:Rule Conformance | EXAMPLE:Output Template | EXAMPLE:Technical Snippet | EXAMPLE:Worked Case | OUTPUT:Repository Change | PROCESS:Decision Branch | PROCESS:Required Sequence | RESOURCE:GitHub Interface | RESOURCE:Local Workspace | TASK:Artifact Change | TASK:Evidence Investigation,COMMUNICATION:Audience Voice | CONSTRAINT:Quality Standard | CONTEXT:Domain Context | CONTEXT:Execution Environment | CONTEXT:Repository Context | EXAMPLE:Output Template | EXAMPLE:Technical Snippet | OUTPUT:Repository Change | PROCESS:Decision Branch | PROCESS:Required Sequence | RESOURCE:Local Workspace | TASK:Artifact Change | TASK:Evidence Investigation
rq3_132,11,1,8,COMMUNICATION:Automation Disclosure | COMMUNICATION:Expert Role | CONSTRAINT:Evidence Grounding | CONSTRAINT:Quality Standard | CONSTRAINT:Scope Boundary | CONTEXT:Domain Context | CONTEXT:Repository Context | EVALUATION:Risk Assessment | EVALUATION:Rule Conformance | EXAMPLE:Output Template | EXAMPLE:Technical Snippet | EXAMPLE:Worked Case | OUTPUT:New Thread | PROCESS:Decision Branch | PROCESS:Required Sequence | PROCESS:Within-Run Iteration | RESOURCE:GitHub Interface | RESOURCE:Local Workspace | TASK:Artifact Review,COMMUNICATION:Expert Role | CONSTRAINT:Quality Standard | CONSTRAINT:Scope Boundary | CONTEXT:Repository Context | EVALUATION:Rule Conformance | EXAMPLE:Output Template | EXAMPLE:Technical Snippet | OUTPUT:New Thread | PROCESS:Required Sequence | RESOURCE:Local Workspace | TASK:Artifact Review | TASK:Evidence Investigation
rq3_133,8,4,6,COMMUNICATION:Audience Voice | COMMUNICATION:Expert Role | CONSTRAINT:Quality Standard | CONSTRAINT:Resource Budget | CONSTRAINT:Scope Boundary | EVALUATION:Rule Conformance | EXAMPLE:Output Template | EXAMPLE:Worked Case | OUTPUT:Control Signal | OUTPUT:Repository Change | PROCESS:Decision Branch | PROCESS:Required Sequence | RESOURCE:Local Workspace | TASK:Artifact Change,CONSTRAINT:Quality Standard | CONSTRAINT:Resource Budget | CONSTRAINT:Scope Boundary | CONTEXT:Repository Context | EXAMPLE:Output Template | EXAMPLE:Technical Snippet | OUTPUT:Repository Change | PROCESS:Decision Branch | PROCESS:Required Sequence | RESOURCE:GitHub Interface | TASK:Artifact Change | TASK:Executable Validation
rq3_134,19,3,3,COMMUNICATION:Automation Disclosure | COMMUNICATION:Expert Role | CONSTRAINT:Evidence Grounding | CONSTRAINT:Quality Standard | CONSTRAINT:Resource Budget | CONSTRAINT:Scope Boundary | CONTEXT:Domain Context | CONTEXT:Execution Environment | CONTEXT:Repository Context | EVALUATION:Risk Assessment | EVALUATION:Rule Conformance | EXAMPLE:Output Template | EXAMPLE:Worked Case | OUTPUT:Control Signal | OUTPUT:Existing Thread Response | OUTPUT:Repository Change | PROCESS:Decision Branch | PROCESS:Required Sequence | RESOURCE:GitHub Interface | RESOURCE:Local Workspace | TASK:Artifact Change | TASK:Artifact Review,COMMUNICATION:Expert Role | CONSTRAINT:Evidence Grounding | CONSTRAINT:Quality Standard | CONSTRAINT:Resource Budget | CONSTRAINT:Scope Boundary | CONTEXT:Domain Context | CONTEXT:Execution Environment | CONTEXT:Historical Context | CONTEXT:Repository Context | EVALUATION:Rule Conformance | EXAMPLE:Output Template | EXAMPLE:Technical Snippet | OUTPUT:Control Signal | OUTPUT:Existing Thread Response | OUTPUT:Repository Change | PROCESS:Decision Branch | PROCESS:Required Sequence | RESOURCE:GitHub Interface | RESOURCE:Local Workspace | TASK:Artifact Change | TASK:Artifact Review | TASK:Evidence Investigation
rq3_135,12,3,6,COMMUNICATION:Audience Voice | COMMUNICATION:Expert Role | CONSTRAINT:Evidence Grounding | CONSTRAINT:Quality Standard | CONSTRAINT:Resource Budget | CONSTRAINT:Scope Boundary | CONTEXT:Repository Context | EVALUATION:Risk Assessment | EVALUATION:Rule Conformance | EXAMPLE:Output Template | OUTPUT:Existing Thread Response | PROCESS:Decision Branch | PROCESS:Required Sequence | PROCESS:Within-Run Iteration | RESOURCE:GitHub Interface | RESOURCE:Local Workspace | RESOURCE:Web Retrieval | TASK:Artifact Review,COMMUNICATION:Expert Role | CONSTRAINT:Quality Standard | CONSTRAINT:Resource Budget | CONSTRAINT:Scope Boundary | CONTEXT:Domain Context | CONTEXT:Repository Context | EXAMPLE:Output Template | EXAMPLE:Technical Snippet | OUTPUT:Existing Thread Response | PROCESS:Decision Branch | PROCESS:Required Sequence | RESOURCE:GitHub Interface | RESOURCE:Web Retrieval | TASK:Artifact Review | TASK:Evidence Investigation
rq3_136,3,3,3,CONSTRAINT:Quality Standard | CONSTRAINT:Scope Boundary | CONTEXT:Repository Context | EXAMPLE:Output Template | OUTPUT:New Thread | PROCESS:Required Sequence,CONSTRAINT:Quality Standard | OUTPUT:New Thread | PROCESS:Required Sequence | RESOURCE:GitHub Interface | TASK:Artifact Change | TASK:Work Item Management
rq3_137,13,1,10,COMMUNICATION:Automation Disclosure | CONSTRAINT:Quality Standard | CONSTRAINT:Resource Budget | CONSTRAINT:Scope Boundary | CONTEXT:Execution Environment | CONTEXT:Repository Context | EVALUATION:Execution Check | EVALUATION:Rule Conformance | EXAMPLE:Output Template | OUTPUT:Control Signal | OUTPUT:Existing Thread Response | OUTPUT:Repository Change | PROCESS:Decision Branch | PROCESS:Required Sequence | PROCESS:Within-Run Iteration | PROCESS:Work Delegation | RESOURCE:Development Toolchain | RESOURCE:GitHub Interface | RESOURCE:Local Workspace | SAFETY:Prompt Injection Defense | TASK:Artifact Change | TASK:Evidence Investigation | TASK:Work Item Management,CONSTRAINT:Scope Boundary | CONTEXT:Domain Context | CONTEXT:Execution Environment | CONTEXT:Repository Context | OUTPUT:Control Signal | OUTPUT:Existing Thread Response | PROCESS:Decision Branch | PROCESS:Required Sequence | PROCESS:Within-Run Iteration | RESOURCE:Development Toolchain | RESOURCE:GitHub Interface | SAFETY:Prompt Injection Defense | TASK:Artifact Change | TASK:Evidence Investigation
rq3_138,14,5,6,CONSTRAINT:Evidence Grounding | CONSTRAINT:Quality Standard | CONSTRAINT:Resource Budget | CONSTRAINT:Scope Boundary | CONTEXT:Domain Context | CONTEXT:Execution Environment | EVALUATION:Evidence Credibility | EVALUATION:Risk Assessment | EVALUATION:Rule Conformance | EXAMPLE:Output Template | EXAMPLE:Worked Case | OUTPUT:Control Signal | OUTPUT:New Thread | PROCESS:Decision Branch | PROCESS:Required Sequence | PROCESS:Within-Run Iteration | RESOURCE:GitHub Interface | RESOURCE:Local Workspace | TASK:Artifact Review | TASK:Evidence Investigation,CONSTRAINT:Evidence Grounding | CONSTRAINT:Quality Standard | CONSTRAINT:Scope Boundary | CONTEXT:Domain Context | CONTEXT:Execution Environment | CONTEXT:Historical Context | CONTEXT:Repository Context | EVALUATION:Rule Conformance | EXAMPLE:Output Template | EXAMPLE:Technical Snippet | OUTPUT:New Thread | OUTPUT:Repository Change | PROCESS:Decision Branch | PROCESS:Required Sequence | RESOURCE:GitHub Interface | RESOURCE:Local Workspace | TASK:Artifact Review | TASK:Evidence Investigation | TASK:Work Item Management
rq3_139,9,9,4,CONSTRAINT:Quality Standard | EVALUATION:Execution Check | EVALUATION:Risk Assessment | EVALUATION:Rule Conformance | EXAMPLE:Output Template | OUTPUT:New Thread | OUTPUT:Repository Change | PROCESS:Decision Branch | PROCESS:Required Sequence | RESOURCE:Development Toolchain | RESOURCE:GitHub Interface | TASK:Artifact Review | TASK:Evidence Investigation,CONSTRAINT:Quality Standard | CONSTRAINT:Scope Boundary | CONTEXT:Domain Context | CONTEXT:Execution Environment | CONTEXT:Repository Context | EVALUATION:Execution Check | EVALUATION:Rule Conformance | EXAMPLE:Output Template | EXAMPLE:Technical Snippet | OUTPUT:Repository Change | PROCESS:Decision Branch | PROCESS:Required Sequence | RESOURCE:Local Workspace | TASK:Artifact Change | TASK:Artifact Review | TASK:Evidence Investigation | TASK:Executable Validation | TASK:Work Item Management
rq3_140,8,4,4,COMMUNICATION:Expert Role | CONSTRAINT:Evidence Grounding | CONSTRAINT:Quality Standard | CONSTRAINT:Resource Budget | CONSTRAINT:Scope Boundary | EXAMPLE:Worked Case | OUTPUT:Control Signal | OUTPUT:New Thread | PROCESS:Decision Branch | PROCESS:Required Sequence | RESOURCE:Local Workspace | TASK:Artifact Review,COMMUNICATION:Expert Role | CONSTRAINT:Quality Standard | CONSTRAINT:Scope Boundary | CONTEXT:Domain Context | EVALUATION:Rule Conformance | OUTPUT:New Thread | PROCESS:Decision Branch | PROCESS:Required Sequence | RESOURCE:GitHub Interface | RESOURCE:Local Workspace | TASK:Artifact Change | TASK:Artifact Review
rq3_141,12,4,12,COMMUNICATION:Automation Disclosure | COMMUNICATION:Expert Role | CONSTRAINT:Quality Standard | CONSTRAINT:Resource Budget | CONSTRAINT:Scope Boundary | CONTEXT:Domain Context | CONTEXT:Repository Context | EVALUATION:Execution Check | EVALUATION:Risk Assessment | EVALUATION:Rule Conformance | EXAMPLE:Output Template | EXAMPLE:Technical Snippet | EXAMPLE:Worked Case | OUTPUT:Control Signal | OUTPUT:Repository Change | PROCESS:Cross-Run Memory | PROCESS:Decision Branch | PROCESS:Required Sequence | RESOURCE:Development Toolchain | RESOURCE:GitHub Interface | RESOURCE:Local Workspace | RESOURCE:Web Retrieval | TASK:Artifact Change | TASK:Executable Validation,COMMUNICATION:Expert Role | CONTEXT:Domain Context | CONTEXT:Execution Environment | CONTEXT:Historical Context | CONTEXT:Repository Context | EXAMPLE:Technical Snippet | OUTPUT:Control Signal | OUTPUT:New Thread | PROCESS:Decision Branch | PROCESS:Required Sequence | RESOURCE:GitHub Interface | RESOURCE:Local Workspace | RESOURCE:Web Retrieval | TASK:Artifact Change | TASK:Executable Validation | TASK:Work Item Management
rq3_142,8,3,3,CONSTRAINT:Quality Standard | CONTEXT:Execution Environment | EVALUATION:Execution Check | EXAMPLE:Output Template | OUTPUT:Control Signal | OUTPUT:Existing Thread Response | PROCESS:Decision Branch | PROCESS:Required Sequence | RESOURCE:Development Toolchain | SAFETY:Execution Isolation | TASK:Executable Validation,CONSTRAINT:Quality Standard | CONSTRAINT:Scope Boundary | CONTEXT:Execution Environment | CONTEXT:Repository Context | EVALUATION:Execution Check | EXAMPLE:Output Template | EXAMPLE:Technical Snippet | OUTPUT:Control Signal | OUTPUT:Existing Thread Response | RESOURCE:Development Toolchain | TASK:Executable Validation
rq3_143,16,2,8,COMMUNICATION:Automation Disclosure | COMMUNICATION:Expert Role | CONSTRAINT:Quality Standard | CONSTRAINT:Resource Budget | CONSTRAINT:Scope Boundary | CONTEXT:Execution Environment | CONTEXT:Historical Context | CONTEXT:Repository Context | EVALUATION:Execution Check | EXAMPLE:Output Template | EXAMPLE:Technical Snippet | OUTPUT:Control Signal | OUTPUT:New Thread | OUTPUT:Standalone Artifact | PROCESS:Cross-Run Memory | PROCESS:Decision Branch | PROCESS:Required Sequence | PROCESS:Within-Run Iteration | RESOURCE:Development Toolchain | RESOURCE:GitHub Interface | RESOURCE:Local Workspace | TASK:Evidence Investigation | TASK:Executable Validation | TASK:Work Item Management,COMMUNICATION:Expert Role | CONSTRAINT:Resource Budget | CONSTRAINT:Scope Boundary | CONTEXT:Domain Context | CONTEXT:Execution Environment | CONTEXT:Historical Context | CONTEXT:Repository Context | EXAMPLE:Technical Snippet | OUTPUT:New Thread | OUTPUT:Standalone Artifact | PROCESS:Cross-Run Memory | PROCESS:Decision Branch | PROCESS:Required Sequence | RESOURCE:Development Toolchain | RESOURCE:GitHub Interface | RESOURCE:Local Workspace | TASK:Artifact Change | TASK:Evidence Investigation
rq3_144,13,9,6,COMMUNICATION:Automation Disclosure | CONSTRAINT:Quality Standard | CONSTRAINT:Resource Budget | CONSTRAINT:Scope Boundary | CONTEXT:Execution Environment | CONTEXT:Repository Context | EVALUATION:Risk Assessment | EVALUATION:Rule Conformance | EXAMPLE:Output Template | EXAMPLE:Technical Snippet | EXAMPLE:Worked Case | OUTPUT:Control Signal | OUTPUT:New Thread | PROCESS:Cross-Run Memory | PROCESS:Decision Branch | PROCESS:Required Sequence | PROCESS:Within-Run Iteration | RESOURCE:Local Workspace | TASK:Artifact Review,CONSTRAINT:Quality Standard | CONSTRAINT:Scope Boundary | CONTEXT:Domain Context | CONTEXT:Execution Environment | CONTEXT:Historical Context | CONTEXT:Repository Context | EXAMPLE:Output Template | EXAMPLE:Technical Snippet | OUTPUT:Control Signal | OUTPUT:Repository Change | PROCESS:Cross-Run Memory | PROCESS:Decision Branch | PROCESS:Required Sequence | PROCESS:Within-Run Iteration | RESOURCE:Agent Resource | RESOURCE:Development Toolchain | RESOURCE:GitHub Interface | RESOURCE:Local Workspace | TASK:Artifact Change | TASK:Artifact Review | TASK:Evidence Investigation | TASK:Executable Validation
rq3_145,8,2,2,COMMUNICATION:Expert Role | CONTEXT:Execution Environment | CONTEXT:Repository Context | EVALUATION:Execution Check | OUTPUT:Control Signal | PROCESS:Decision Branch | PROCESS:Required Sequence | RESOURCE:Web Retrieval | SAFETY:Execution Isolation | TASK:Executable Validation,COMMUNICATION:Expert Role | CONTEXT:Domain Context | CONTEXT:Repository Context | EVALUATION:Execution Check | EVALUATION:Rule Conformance | PROCESS:Decision Branch | PROCESS:Required Sequence | RESOURCE:Web Retrieval | SAFETY:Execution Isolation | TASK:Executable Validation
rq3_146,15,2,6,COMMUNICATION:Expert Role | CONSTRAINT:Evidence Grounding | CONSTRAINT:Quality Standard | CONSTRAINT:Scope Boundary | CONTEXT:Domain Context | CONTEXT:Repository Context | EVALUATION:Execution Check | EVALUATION:Risk Assessment | EVALUATION:Rule Conformance | EXAMPLE:Output Template | OUTPUT:New Thread | PROCESS:Cross-Run Memory | PROCESS:Decision Branch | PROCESS:Required Sequence | PROCESS:Within-Run Iteration | RESOURCE:Agent Resource | RESOURCE:GitHub Interface | SAFETY:Execution Isolation | SAFETY:Information Confidentiality | TASK:Artifact Review | TASK:Evidence Investigation,COMMUNICATION:Expert Role | CONSTRAINT:Quality Standard | CONSTRAINT:Scope Boundary | CONTEXT:Domain Context | CONTEXT:Historical Context | CONTEXT:Repository Context | EVALUATION:Rule Conformance | EXAMPLE:Output Template | EXAMPLE:Technical Snippet | OUTPUT:New Thread | PROCESS:Cross-Run Memory | PROCESS:Decision Branch | PROCESS:Required Sequence | RESOURCE:GitHub Interface | SAFETY:Execution Isolation | SAFETY:Information Confidentiality | TASK:Evidence Investigation
rq3_147,11,0,4,COMMUNICATION:Expert Role | CONSTRAINT:Quality Standard | CONSTRAINT:Resource Budget | CONSTRAINT:Scope Boundary | CONTEXT:Repository Context | EVALUATION:Risk Assessment | OUTPUT:Control Signal | OUTPUT:Existing Thread Response | PROCESS:Decision Branch | PROCESS:Required Sequence | RESOURCE:Agent Resource | RESOURCE:GitHub Interface | RESOURCE:Local Workspace | SAFETY:Vulnerability Handling | TASK:Artifact Review,COMMUNICATION:Expert Role | CONSTRAINT:Quality Standard | CONSTRAINT:Scope Boundary | CONTEXT:Repository Context | EVALUATION:Risk Assessment | OUTPUT:Control Signal | OUTPUT:Existing Thread Response | PROCESS:Decision Branch | PROCESS:Required Sequence | RESOURCE:GitHub Interface | TASK:Artifact Review
rq3_148,11,4,2,CONSTRAINT:Quality Standard | CONSTRAINT:Resource Budget | CONTEXT:Domain Context | CONTEXT:Repository Context | EXAMPLE:Output Template | EXAMPLE:Technical Snippet | EXAMPLE:Worked Case | OUTPUT:New Thread | PROCESS:Decision Branch | PROCESS:Required Sequence | RESOURCE:GitHub Interface | RESOURCE:Local Workspace | TASK:Evidence Investigation,CONSTRAINT:Quality Standard | CONSTRAINT:Scope Boundary | CONTEXT:Domain Context | CONTEXT:Execution Environment | CONTEXT:Historical Context | CONTEXT:Repository Context | EXAMPLE:Output Template | EXAMPLE:Technical Snippet | OUTPUT:New Thread | PROCESS:Decision Branch | PROCESS:Required Sequence | RESOURCE:GitHub Interface | RESOURCE:Local Workspace | TASK:Evidence Investigation | TASK:Work Item Management
rq3_149,12,1,4,COMMUNICATION:Audience Voice | CONSTRAINT:Quality Standard | CONSTRAINT:Scope Boundary | CONTEXT:Domain Context | CONTEXT:Execution Environment | CONTEXT:Repository Context | EVALUATION:Risk Assessment | EVALUATION:Rule Conformance | EXAMPLE:Output Template | EXAMPLE:Technical Snippet | EXAMPLE:Worked Case | OUTPUT:Standalone Artifact | PROCESS:Decision Branch | PROCESS:Required Sequence | RESOURCE:Local Workspace | TASK:Evidence Investigation,COMMUNICATION:Audience Voice | CONSTRAINT:Quality Standard | CONTEXT:Domain Context | CONTEXT:Execution Environment | CONTEXT:Repository Context | EXAMPLE:Output Template | EXAMPLE:Technical Snippet | EXAMPLE:Worked Case | PROCESS:Decision Branch | PROCESS:Required Sequence | RESOURCE:Local Workspace | TASK:Artifact Change | TASK:Evidence Investigation
rq3_150,10,4,3,CONSTRAINT:Scope Boundary | CONTEXT:Domain Context | CONTEXT:Execution Environment | CONTEXT:Historical Context | CONTEXT:Repository Context | EVALUATION:Execution Check | EVALUATION:Rule Conformance | OUTPUT:Control Signal | OUTPUT:New Thread | PROCESS:Decision Branch | PROCESS:Required Sequence | RESOURCE:Development Toolchain | TASK:Executable Validation,CONSTRAINT:Scope Boundary | CONTEXT:Domain Context | CONTEXT:Execution Environment | CONTEXT:Repository Context | EVALUATION:Execution Check | EXAMPLE:Technical Snippet | OUTPUT:New Thread | PROCESS:Decision Branch | PROCESS:Required Sequence | PROCESS:Within-Run Iteration | RESOURCE:Development Toolchain | RESOURCE:Local Workspace | TASK:Executable Validation | TASK:Work Item Management
rq3_151,15,1,7,COMMUNICATION:Automation Disclosure | COMMUNICATION:Expert Role | CONSTRAINT:Evidence Grounding | CONSTRAINT:Quality Standard | CONSTRAINT:Resource Budget | CONSTRAINT:Scope Boundary | CONTEXT:Domain Context | CONTEXT:Execution Environment | CONTEXT:Repository Context | EVALUATION:Risk Assessment | EXAMPLE:Output Template | EXAMPLE:Technical Snippet | EXAMPLE:Worked Case | OUTPUT:Control Signal | OUTPUT:New Thread | OUTPUT:Standalone Artifact | PROCESS:Decision Branch | PROCESS:Required Sequence | PROCESS:Within-Run Iteration | RESOURCE:GitHub Interface | RESOURCE:Local Workspace | TASK:Evidence Investigation,COMMUNICATION:Expert Role | CONSTRAINT:Quality Standard | CONSTRAINT:Resource Budget | CONSTRAINT:Scope Boundary | CONTEXT:Domain Context | CONTEXT:Execution Environment | CONTEXT:Repository Context | EXAMPLE:Output Template | EXAMPLE:Technical Snippet | OUTPUT:New Thread | PROCESS:Decision Branch | PROCESS:Required Sequence | PROCESS:Within-Run Iteration | RESOURCE:Local Workspace | TASK:Artifact Change | TASK:Evidence Investigation
rq3_152,6,6,5,COMMUNICATION:Expert Role | CONSTRAINT:Evidence Grounding | CONSTRAINT:Quality Standard | EVALUATION:Risk Assessment | OUTPUT:Control Signal | OUTPUT:Existing Thread Response | PROCESS:Decision Branch | PROCESS:Required Sequence | PROCESS:Work Delegation | RESOURCE:GitHub Interface | TASK:Evidence Investigation,CONSTRAINT:Quality Standard | CONTEXT:Repository Context | EVALUATION:Rule Conformance | OUTPUT:Existing Thread Response | OUTPUT:Repository Change | PROCESS:Decision Branch | PROCESS:Required Sequence | PROCESS:Work Delegation | RESOURCE:GitHub Interface | TASK:Artifact Change | TASK:Artifact Review | TASK:Work Item Management
rq3_153,30,0,7,COMMUNICATION:Audience Voice | COMMUNICATION:Automation Disclosure | CONSTRAINT:Evidence Grounding | CONSTRAINT:Quality Standard | CONSTRAINT:Resource Budget | CONSTRAINT:Scope Boundary | CONTEXT:Domain Context | CONTEXT:Execution Environment | CONTEXT:Historical Context | CONTEXT:Repository Context | EVALUATION:Evidence Credibility | EVALUATION:Execution Check | EVALUATION:Risk Assessment | EVALUATION:Rule Conformance | EXAMPLE:Output Template | EXAMPLE:Technical Snippet | EXAMPLE:Worked Case | OUTPUT:Control Signal | OUTPUT:Existing Thread Response | OUTPUT:Repository Change | OUTPUT:Standalone Artifact | PROCESS:Cross-Run Memory | PROCESS:Decision Branch | PROCESS:Required Sequence | PROCESS:Within-Run Iteration | RESOURCE:Agent Resource | RESOURCE:Development Toolchain | RESOURCE:GitHub Interface | RESOURCE:Local Workspace | RESOURCE:Web Retrieval | SAFETY:Execution Isolation | SAFETY:Prompt Injection Defense | TASK:Artifact Change | TASK:Artifact Review | TASK:Evidence Investigation | TASK:Executable Validation | TASK:Work Item Management,CONSTRAINT:Quality Standard | CONSTRAINT:Resource Budget | CONSTRAINT:Scope Boundary | CONTEXT:Domain Context | CONTEXT:Execution Environment | CONTEXT:Historical Context | CONTEXT:Repository Context | EVALUATION:Execution Check | EVALUATION:Risk Assessment | EVALUATION:Rule Conformance | EXAMPLE:Output Template | EXAMPLE:Technical Snippet | OUTPUT:Existing Thread Response | OUTPUT:Repository Change | PROCESS:Cross-Run Memory | PROCESS:Decision Branch | PROCESS:Required Sequence | PROCESS:Within-Run Iteration | RESOURCE:Agent Resource | RESOURCE:Development Toolchain | RESOURCE:GitHub Interface | RESOURCE:Local Workspace | RESOURCE:Web Retrieval | SAFETY:Execution Isolation | SAFETY:Prompt Injection Defense | TASK:Artifact Change | TASK:Artifact Review | TASK:Evidence Investigation | TASK:Executable Validation | TASK:Work Item Management
rq3_154,13,3,8,COMMUNICATION:Audience Voice | CONSTRAINT:Quality Standard | CONSTRAINT:Resource Budget | CONSTRAINT:Scope Boundary | CONTEXT:Execution Environment | CONTEXT:Repository Context | EVALUATION:Execution Check | EVALUATION:Rule Conformance | EXAMPLE:Technical Snippet | EXAMPLE:Worked Case | OUTPUT:Control Signal | OUTPUT:Existing Thread Response | PROCESS:Decision Branch | PROCESS:Required Sequence | RESOURCE:Development Toolchain | RESOURCE:GitHub Interface | RESOURCE:Local Workspace | RESOURCE:Web Retrieval | SAFETY:Prompt Injection Defense | TASK:Executable Validation | TASK:Work Item Management,CONSTRAINT:Quality Standard | CONSTRAINT:Scope Boundary | CONTEXT:Repository Context | EVALUATION:Execution Check | OUTPUT:Control Signal | OUTPUT:Existing Thread Response | OUTPUT:Repository Change | PROCESS:Decision Branch | PROCESS:Required Sequence | RESOURCE:Development Toolchain | RESOURCE:GitHub Interface | RESOURCE:Local Workspace | SAFETY:Prompt Injection Defense | TASK:Artifact Change | TASK:Artifact Review | TASK:Executable Validation
rq3_155,12,2,7,COMMUNICATION:Automation Disclosure | CONSTRAINT:Evidence Grounding | CONSTRAINT:Quality Standard | CONSTRAINT:Scope Boundary | CONTEXT:Repository Context | EVALUATION:Evidence Credibility | EVALUATION:Risk Assessment | EVALUATION:Rule Conformance | EXAMPLE:Output Template | EXAMPLE:Technical Snippet | EXAMPLE:Worked Case | OUTPUT:Control Signal | OUTPUT:Repository Change | PROCESS:Decision Branch | PROCESS:Required Sequence | PROCESS:Within-Run Iteration | RESOURCE:GitHub Interface | RESOURCE:Local Workspace | TASK:Artifact Change,CONSTRAINT:Quality Standard | CONSTRAINT:Scope Boundary | CONTEXT:Domain Context | CONTEXT:Historical Context | CONTEXT:Repository Context | EXAMPLE:Output Template | EXAMPLE:Technical Snippet | OUTPUT:Repository Change | PROCESS:Decision Branch | PROCESS:Required Sequence | PROCESS:Within-Run Iteration | RESOURCE:GitHub Interface | RESOURCE:Local Workspace | TASK:Artifact Change
rq3_156,8,5,4,COMMUNICATION:Audience Voice | COMMUNICATION:Automation Disclosure | COMMUNICATION:Expert Role | CONSTRAINT:Quality Standard | CONSTRAINT:Scope Boundary | CONTEXT:Repository Context | EXAMPLE:Output Template | OUTPUT:Control Signal | OUTPUT:New Thread | PROCESS:Decision Branch | RESOURCE:GitHub Interface | TASK:Evidence Investigation,CONSTRAINT:Evidence Grounding | CONSTRAINT:Quality Standard | CONSTRAINT:Scope Boundary | CONTEXT:Domain Context | CONTEXT:Repository Context | EXAMPLE:Output Template | EXAMPLE:Technical Snippet | OUTPUT:Control Signal | OUTPUT:Repository Change | PROCESS:Decision Branch | RESOURCE:GitHub Interface | TASK:Artifact Change | TASK:Evidence Investigation
rq3_157,10,3,9,COMMUNICATION:Expert Role | CONSTRAINT:Quality Standard | CONSTRAINT:Resource Budget | CONSTRAINT:Scope Boundary | CONTEXT:Repository Context | EVALUATION:Risk Assessment | EVALUATION:Rule Conformance | EXAMPLE:Output Template | EXAMPLE:Worked Case | OUTPUT:Control Signal | OUTPUT:New Thread | PROCESS:Decision Branch | PROCESS:Required Sequence | PROCESS:Within-Run Iteration | RESOURCE:GitHub Interface | RESOURCE:Local Workspace | SAFETY:Execution Isolation | TASK:Artifact Review | TASK:Executable Validation,COMMUNICATION:Expert Role | CONSTRAINT:Resource Budget | CONTEXT:Domain Context | CONTEXT:Repository Context | EVALUATION:Rule Conformance | OUTPUT:Control Signal | OUTPUT:New Thread | PROCESS:Decision Branch | PROCESS:Required Sequence | RESOURCE:Local Workspace | TASK:Artifact Review | TASK:Evidence Investigation | TASK:Work Item Management
rq3_158,13,2,3,CONSTRAINT:Evidence Grounding | CONSTRAINT:Quality Standard | CONSTRAINT:Scope Boundary | CONTEXT:Repository Context | EVALUATION:Execution Check | EVALUATION:Rule Conformance | OUTPUT:Control Signal | OUTPUT:Existing Thread Response | OUTPUT:Repository Change | PROCESS:Decision Branch | PROCESS:Required Sequence | RESOURCE:Local Workspace | SAFETY:Prompt Injection Defense | TASK:Artifact Change | TASK:Evidence Investigation | TASK:Executable Validation,CONSTRAINT:Scope Boundary | CONTEXT:Execution Environment | CONTEXT:Repository Context | EVALUATION:Execution Check | EVALUATION:Rule Conformance | OUTPUT:Control Signal | OUTPUT:Existing Thread Response | OUTPUT:Repository Change | PROCESS:Decision Branch | PROCESS:Required Sequence | RESOURCE:Local Workspace | TASK:Artifact Change | TASK:Evidence Investigation | TASK:Executable Validation | TASK:Work Item Management
rq3_159,5,2,4,CONSTRAINT:Scope Boundary | CONTEXT:Domain Context | CONTEXT:Execution Environment | EVALUATION:Execution Check | OUTPUT:Control Signal | PROCESS:Decision Branch | RESOURCE:Web Retrieval | SAFETY:Execution Isolation | TASK:Executable Validation,CONSTRAINT:Scope Boundary | CONTEXT:Domain Context | CONTEXT:Execution Environment | EVALUATION:Execution Check | OUTPUT:Standalone Artifact | PROCESS:Required Sequence | TASK:Executable Validation
rq3_160,24,2,6,COMMUNICATION:Automation Disclosure | COMMUNICATION:Expert Role | CONSTRAINT:Evidence Grounding | CONSTRAINT:Quality Standard | CONSTRAINT:Resource Budget | CONSTRAINT:Scope Boundary | CONTEXT:Domain Context | CONTEXT:Repository Context | EVALUATION:Evidence Credibility | EVALUATION:Execution Check | EVALUATION:Risk Assessment | EVALUATION:Rule Conformance | EXAMPLE:Output Template | EXAMPLE:Worked Case | OUTPUT:Control Signal | OUTPUT:Existing Thread Response | OUTPUT:New Thread | OUTPUT:Repository Change | PROCESS:Cross-Run Memory | PROCESS:Decision Branch | PROCESS:Required Sequence | PROCESS:Within-Run Iteration | RESOURCE:Agent Resource | RESOURCE:Development Toolchain | RESOURCE:GitHub Interface | RESOURCE:Local Workspace | TASK:Artifact Change | TASK:Evidence Investigation | TASK:Executable Validation | TASK:Work Item Management,COMMUNICATION:Automation Disclosure | COMMUNICATION:Expert Role | CONSTRAINT:Evidence Grounding | CONSTRAINT:Quality Standard | CONSTRAINT:Resource Budget | CONSTRAINT:Scope Boundary | CONTEXT:Domain Context | CONTEXT:Historical Context | CONTEXT:Repository Context | EVALUATION:Execution Check | EXAMPLE:Output Template | EXAMPLE:Technical Snippet | OUTPUT:Existing Thread Response | OUTPUT:New Thread | OUTPUT:Repository Change | PROCESS:Cross-Run Memory | PROCESS:Decision Branch | PROCESS:Required Sequence | PROCESS:Within-Run Iteration | RESOURCE:Development Toolchain | RESOURCE:GitHub Interface | RESOURCE:Local Workspace | TASK:Artifact Change | TASK:Evidence Investigation | TASK:Executable Validation | TASK:Work Item Management
rq3_161,15,3,3,COMMUNICATION:Automation Disclosure | CONSTRAINT:Quality Standard | CONSTRAINT:Resource Budget | CONSTRAINT:Scope Boundary | CONTEXT:Execution Environment | CONTEXT:Repository Context | EVALUATION:Rule Conformance | EXAMPLE:Output Template | OUTPUT:Control Signal | OUTPUT:Repository Change | PROCESS:Decision Branch | PROCESS:Required Sequence | PROCESS:Within-Run Iteration | RESOURCE:GitHub Interface | RESOURCE:Local Workspace | SAFETY:Execution Isolation | TASK:Artifact Change | TASK:Evidence Investigation,CONSTRAINT:Quality Standard | CONSTRAINT:Resource Budget | CONSTRAINT:Scope Boundary | CONTEXT:Domain Context | CONTEXT:Execution Environment | CONTEXT:Repository Context | EVALUATION:Rule Conformance | EXAMPLE:Output Template | EXAMPLE:Technical Snippet | OUTPUT:Control Signal | OUTPUT:Repository Change | PROCESS:Decision Branch | PROCESS:Required Sequence | PROCESS:Within-Run Iteration | RESOURCE:Development Toolchain | RESOURCE:GitHub Interface | RESOURCE:Local Workspace | TASK:Artifact Change
rq3_162,15,5,6,COMMUNICATION:Automation Disclosure | COMMUNICATION:Expert Role | CONSTRAINT:Quality Standard | CONSTRAINT:Resource Budget | CONSTRAINT:Scope Boundary | EVALUATION:Risk Assessment | EVALUATION:Rule Conformance | EXAMPLE:Output Template | EXAMPLE:Technical Snippet | OUTPUT:Control Signal | OUTPUT:Repository Change | PROCESS:Cross-Run Memory | PROCESS:Decision Branch | PROCESS:Required Sequence | PROCESS:Within-Run Iteration | RESOURCE:GitHub Interface | RESOURCE:Local Workspace | SAFETY:Execution Isolation | SAFETY:Vulnerability Handling | TASK:Artifact Change | TASK:Evidence Investigation,COMMUNICATION:Automation Disclosure | COMMUNICATION:Expert Role | CONSTRAINT:Resource Budget | CONSTRAINT:Scope Boundary | CONTEXT:Domain Context | CONTEXT:Historical Context | CONTEXT:Repository Context | EVALUATION:Execution Check | EXAMPLE:Output Template | EXAMPLE:Technical Snippet | OUTPUT:Control Signal | OUTPUT:Repository Change | PROCESS:Cross-Run Memory | PROCESS:Decision Branch | PROCESS:Required Sequence | RESOURCE:GitHub Interface | RESOURCE:Local Workspace | TASK:Artifact Change | TASK:Evidence Investigation | TASK:Executable Validation
rq3_163,11,2,3,COMMUNICATION:Audience Voice | COMMUNICATION:Expert Role | CONSTRAINT:Evidence Grounding | CONSTRAINT:Quality Standard | CONTEXT:Repository Context | EVALUATION:Rule Conformance | EXAMPLE:Worked Case | OUTPUT:Existing Thread Response | PROCESS:Decision Branch | PROCESS:Required Sequence | RESOURCE:GitHub Interface | RESOURCE:Local Workspace | TASK:Artifact Review | TASK:Evidence Investigation,COMMUNICATION:Expert Role | CONSTRAINT:Evidence Grounding | CONSTRAINT:Scope Boundary | CONTEXT:Domain Context | CONTEXT:Repository Context | EVALUATION:Rule Conformance | EXAMPLE:Worked Case | OUTPUT:Existing Thread Response | PROCESS:Decision Branch | PROCESS:Required Sequence | RESOURCE:GitHub Interface | RESOURCE:Local Workspace | TASK:Artifact Review
rq3_164,11,3,4,CONSTRAINT:Scope Boundary | CONTEXT:Domain Context | CONTEXT:Execution Environment | CONTEXT:Repository Context | EVALUATION:Execution Check | EXAMPLE:Output Template | OUTPUT:Control Signal | OUTPUT:New Thread | OUTPUT:Standalone Artifact | PROCESS:Decision Branch | PROCESS:Required Sequence | PROCESS:Within-Run Iteration | RESOURCE:Development Toolchain | RESOURCE:Local Workspace | TASK:Executable Validation,CONSTRAINT:Scope Boundary | CONTEXT:Domain Context | CONTEXT:Execution Environment | EVALUATION:Execution Check | EXAMPLE:Technical Snippet | OUTPUT:New Thread | PROCESS:Decision Branch | PROCESS:Required Sequence | PROCESS:Within-Run Iteration | RESOURCE:Development Toolchain | RESOURCE:GitHub Interface | RESOURCE:Local Workspace | SAFETY:Execution Isolation | TASK:Executable Validation
rq3_165,1,0,18,COMMUNICATION:Audience Voice | COMMUNICATION:Automation Disclosure | COMMUNICATION:Expert Role | CONSTRAINT:Evidence Grounding | CONSTRAINT:Quality Standard | CONSTRAINT:Scope Boundary | CONTEXT:Execution Environment | CONTEXT:Repository Context | EVALUATION:Execution Check | EXAMPLE:Output Template | EXAMPLE:Technical Snippet | OUTPUT:New Thread | PROCESS:Decision Branch | PROCESS:Required Sequence | PROCESS:Within-Run Iteration | RESOURCE:GitHub Interface | RESOURCE:Local Workspace | SAFETY:Vulnerability Handling | TASK:Evidence Investigation,EXAMPLE:Technical Snippet
rq3_166,10,5,5,COMMUNICATION:Audience Voice | COMMUNICATION:Automation Disclosure | CONSTRAINT:Evidence Grounding | CONSTRAINT:Scope Boundary | CONTEXT:Execution Environment | EVALUATION:Rule Conformance | EXAMPLE:Output Template | EXAMPLE:Technical Snippet | OUTPUT:Control Signal | OUTPUT:Existing Thread Response | PROCESS:Decision Branch | PROCESS:Required Sequence | PROCESS:Within-Run Iteration | RESOURCE:GitHub Interface | TASK:Evidence Investigation,COMMUNICATION:Automation Disclosure | CONSTRAINT:Evidence Grounding | CONSTRAINT:Quality Standard | CONTEXT:Repository Context | EXAMPLE:Output Template | EXAMPLE:Technical Snippet | OUTPUT:Control Signal | OUTPUT:Existing Thread Response | OUTPUT:Repository Change | PROCESS:Decision Branch | PROCESS:Required Sequence | RESOURCE:GitHub Interface | TASK:Artifact Change | TASK:Artifact Review | TASK:Evidence Investigation
rq3_167,17,1,6,COMMUNICATION:Automation Disclosure | COMMUNICATION:Expert Role | CONSTRAINT:Evidence Grounding | CONSTRAINT:Quality Standard | CONSTRAINT:Resource Budget | CONSTRAINT:Scope Boundary | CONTEXT:Execution Environment | CONTEXT:Historical Context | CONTEXT:Repository Context | EVALUATION:Execution Check | EVALUATION:Risk Assessment | EXAMPLE:Output Template | EXAMPLE:Technical Snippet | OUTPUT:Control Signal | OUTPUT:Existing Thread Response | PROCESS:Cross-Run Memory | PROCESS:Decision Branch | PROCESS:Required Sequence | PROCESS:Within-Run Iteration | RESOURCE:GitHub Interface | RESOURCE:Local Workspace | SAFETY:Execution Isolation | TASK:Evidence Investigation,COMMUNICATION:Expert Role | CONSTRAINT:Quality Standard | CONSTRAINT:Resource Budget | CONSTRAINT:Scope Boundary | CONTEXT:Domain Context | CONTEXT:Execution Environment | CONTEXT:Historical Context | CONTEXT:Repository Context | EXAMPLE:Output Template | OUTPUT:Control Signal | OUTPUT:Existing Thread Response | PROCESS:Cross-Run Memory | PROCESS:Decision Branch | PROCESS:Required Sequence | PROCESS:Within-Run Iteration | RESOURCE:GitHub Interface | RESOURCE:Local Workspace | TASK:Evidence Investigation
rq3_168,16,3,4,CONSTRAINT:Evidence Grounding | CONSTRAINT:Quality Standard | CONSTRAINT:Resource Budget | CONSTRAINT:Scope Boundary | CONTEXT:Domain Context | CONTEXT:Repository Context | EVALUATION:Rule Conformance | EXAMPLE:Output Template | EXAMPLE:Worked Case | OUTPUT:Existing Thread Response | OUTPUT:New Thread | OUTPUT:Repository Change | PROCESS:Decision Branch | PROCESS:Required Sequence | PROCESS:Within-Run Iteration | RESOURCE:GitHub Interface | RESOURCE:Local Workspace | TASK:Artifact Change | TASK:Artifact Review | TASK:Evidence Investigation,CONSTRAINT:Quality Standard | CONSTRAINT:Scope Boundary | CONTEXT:Domain Context | CONTEXT:Repository Context | EVALUATION:Rule Conformance | EXAMPLE:Technical Snippet | OUTPUT:Existing Thread Response | OUTPUT:New Thread | OUTPUT:Repository Change | PROCESS:Decision Branch | PROCESS:Required Sequence | PROCESS:Within-Run Iteration | RESOURCE:GitHub Interface | RESOURCE:Local Workspace | TASK:Artifact Change | TASK:Artifact Review | TASK:Evidence Investigation | TASK:Executable Validation | TASK:Work Item Management
rq3_169,16,4,1,CONSTRAINT:Quality Standard | CONSTRAINT:Scope Boundary | CONTEXT:Domain Context | CONTEXT:Repository Context | EVALUATION:Execution Check | EVALUATION:Rule Conformance | EXAMPLE:Output Template | OUTPUT:Existing Thread Response | OUTPUT:Repository Change | PROCESS:Decision Branch | PROCESS:Required Sequence | PROCESS:Within-Run Iteration | RESOURCE:Development Toolchain | RESOURCE:GitHub Interface | RESOURCE:Local Workspace | TASK:Artifact Change | TASK:Executable Validation,CONSTRAINT:Scope Boundary | CONTEXT:Domain Context | CONTEXT:Execution Environment | CONTEXT:Repository Context | EVALUATION:Execution Check | EVALUATION:Rule Conformance | EXAMPLE:Output Template | EXAMPLE:Technical Snippet | OUTPUT:Existing Thread Response | OUTPUT:Repository Change | PROCESS:Decision Branch | PROCESS:Required Sequence | PROCESS:Within-Run Iteration | RESOURCE:Development Toolchain | RESOURCE:GitHub Interface | RESOURCE:Local Workspace | SAFETY:Execution Isolation | TASK:Artifact Change | TASK:Evidence Investigation | TASK:Executable Validation
rq3_170,15,5,7,COMMUNICATION:Audience Voice | COMMUNICATION:Automation Disclosure | COMMUNICATION:Expert Role | CONSTRAINT:Evidence Grounding | CONSTRAINT:Quality Standard | CONSTRAINT:Resource Budget | CONSTRAINT:Scope Boundary | CONTEXT:Execution Environment | CONTEXT:Repository Context | EXAMPLE:Output Template | EXAMPLE:Technical Snippet | EXAMPLE:Worked Case | OUTPUT:Control Signal | OUTPUT:Existing Thread Response | OUTPUT:New Thread | OUTPUT:Standalone Artifact | PROCESS:Decision Branch | PROCESS:Required Sequence | PROCESS:Within-Run Iteration | RESOURCE:GitHub Interface | RESOURCE:Local Workspace | TASK:Work Item Management,COMMUNICATION:Expert Role | CONSTRAINT:Evidence Grounding | CONSTRAINT:Quality Standard | CONSTRAINT:Scope Boundary | CONTEXT:Domain Context | CONTEXT:Execution Environment | CONTEXT:Repository Context | EVALUATION:Rule Conformance | EXAMPLE:Output Template | EXAMPLE:Technical Snippet | OUTPUT:Repository Change | OUTPUT:Standalone Artifact | PROCESS:Decision Branch | PROCESS:Required Sequence | PROCESS:Within-Run Iteration | RESOURCE:GitHub Interface | RESOURCE:Local Workspace | TASK:Artifact Change | TASK:Evidence Investigation | TASK:Work Item Management
rq3_171,10,1,3,CONSTRAINT:Evidence Grounding | CONSTRAINT:Quality Standard | CONSTRAINT:Scope Boundary | CONTEXT:Domain Context | EVALUATION:Rule Conformance | OUTPUT:Control Signal | OUTPUT:Repository Change | PROCESS:Decision Branch | PROCESS:Required Sequence | PROCESS:Within-Run Iteration | RESOURCE:Local Workspace | RESOURCE:Web Retrieval | TASK:Artifact Change,CONSTRAINT:Quality Standard | CONSTRAINT:Scope Boundary | CONTEXT:Domain Context | OUTPUT:Control Signal | OUTPUT:Repository Change | PROCESS:Decision Branch | PROCESS:Required Sequence | RESOURCE:Local Workspace | RESOURCE:Web Retrieval | TASK:Artifact Change | TASK:Evidence Investigation
rq3_172,4,2,6,CONSTRAINT:Quality Standard | CONTEXT:Repository Context | EVALUATION:Risk Assessment | EXAMPLE:Output Template | OUTPUT:Existing Thread Response | PROCESS:Decision Branch | PROCESS:Required Sequence | RESOURCE:Agent Resource | RESOURCE:GitHub Interface | TASK:Artifact Review,CONSTRAINT:Scope Boundary | CONTEXT:Repository Context | EXAMPLE:Output Template | EXAMPLE:Technical Snippet | PROCESS:Required Sequence | TASK:Artifact Review
rq3_173,9,6,5,COMMUNICATION:Automation Disclosure | CONSTRAINT:Quality Standard | CONSTRAINT:Resource Budget | CONSTRAINT:Scope Boundary | EVALUATION:Execution Check | EVALUATION:Rule Conformance | OUTPUT:Repository Change | PROCESS:Decision Branch | PROCESS:Required Sequence | PROCESS:Within-Run Iteration | RESOURCE:Development Toolchain | RESOURCE:Local Workspace | TASK:Artifact Change | TASK:Executable Validation,CONSTRAINT:Quality Standard | CONSTRAINT:Scope Boundary | CONTEXT:Domain Context | CONTEXT:Execution Environment | CONTEXT:Repository Context | EXAMPLE:Technical Snippet | OUTPUT:Repository Change | PROCESS:Decision Branch | PROCESS:Required Sequence | RESOURCE:Development Toolchain | RESOURCE:Local Workspace | TASK:Artifact Change | TASK:Artifact Review | TASK:Executable Validation | TASK:Work Item Management
rq3_174,17,1,6,COMMUNICATION:Automation Disclosure | COMMUNICATION:Expert Role | CONSTRAINT:Resource Budget | CONSTRAINT:Scope Boundary | CONTEXT:Domain Context | CONTEXT:Execution Environment | CONTEXT:Repository Context | EVALUATION:Execution Check | EVALUATION:Rule Conformance | OUTPUT:Existing Thread Response | OUTPUT:Repository Change | PROCESS:Decision Branch | PROCESS:Required Sequence | PROCESS:Within-Run Iteration | PROCESS:Work Delegation | RESOURCE:Agent Resource | RESOURCE:Development Toolchain | RESOURCE:GitHub Interface | RESOURCE:Local Workspace | SAFETY:Execution Isolation | SAFETY:Information Confidentiality | TASK:Artifact Change | TASK:Executable Validation,COMMUNICATION:Automation Disclosure | COMMUNICATION:Expert Role | CONSTRAINT:Resource Budget | CONSTRAINT:Scope Boundary | CONTEXT:Domain Context | CONTEXT:Execution Environment | CONTEXT:Repository Context | EVALUATION:Execution Check | EXAMPLE:Technical Snippet | OUTPUT:Existing Thread Response | OUTPUT:Repository Change | PROCESS:Decision Branch | PROCESS:Required Sequence | PROCESS:Within-Run Iteration | RESOURCE:Development Toolchain | RESOURCE:GitHub Interface | TASK:Artifact Change | TASK:Executable Validation
rq3_175,10,11,3,COMMUNICATION:Expert Role | CONSTRAINT:Quality Standard | CONSTRAINT:Resource Budget | CONTEXT:Execution Environment | CONTEXT:Repository Context | EVALUATION:Rule Conformance | EXAMPLE:Output Template | EXAMPLE:Worked Case | OUTPUT:New Thread | PROCESS:Decision Branch | PROCESS:Required Sequence | RESOURCE:Development Toolchain | TASK:Evidence Investigation,CONSTRAINT:Resource Budget | CONTEXT:Domain Context | CONTEXT:Execution Environment | CONTEXT:Historical Context | CONTEXT:Repository Context | EVALUATION:Execution Check | EVALUATION:Rule Conformance | EXAMPLE:Output Template | EXAMPLE:Technical Snippet | EXAMPLE:Worked Case | OUTPUT:New Thread | PROCESS:Cross-Run Memory | PROCESS:Decision Branch | PROCESS:Required Sequence | PROCESS:Work Delegation | RESOURCE:GitHub Interface | RESOURCE:Local Workspace | TASK:Artifact Change | TASK:Evidence Investigation | TASK:Executable Validation | TASK:Work Item Management
rq3_176,16,1,10,COMMUNICATION:Automation Disclosure | COMMUNICATION:Expert Role | CONSTRAINT:Evidence Grounding | CONSTRAINT:Quality Standard | CONSTRAINT:Resource Budget | CONSTRAINT:Scope Boundary | CONTEXT:Execution Environment | CONTEXT:Historical Context | CONTEXT:Repository Context | EVALUATION:Evidence Credibility | EVALUATION:Execution Check | EVALUATION:Risk Assessment | EVALUATION:Rule Conformance | EXAMPLE:Output Template | EXAMPLE:Technical Snippet | OUTPUT:Existing Thread Response | PROCESS:Cross-Run Memory | PROCESS:Decision Branch | PROCESS:Required Sequence | PROCESS:Within-Run Iteration | RESOURCE:Agent Resource | RESOURCE:GitHub Interface | RESOURCE:Local Workspace | SAFETY:Execution Isolation | SAFETY:Prompt Injection Defense | TASK:Artifact Review,COMMUNICATION:Automation Disclosure | COMMUNICATION:Expert Role | CONSTRAINT:Quality Standard | CONSTRAINT:Scope Boundary | CONTEXT:Domain Context | CONTEXT:Execution Environment | CONTEXT:Historical Context | CONTEXT:Repository Context | EXAMPLE:Output Template | EXAMPLE:Technical Snippet | OUTPUT:Existing Thread Response | PROCESS:Cross-Run Memory | PROCESS:Decision Branch | PROCESS:Required Sequence | RESOURCE:Local Workspace | SAFETY:Execution Isolation | TASK:Artifact Review
rq3_177,7,1,0,EVALUATION:Rule Conformance | OUTPUT:Control Signal | OUTPUT:Existing Thread Response | PROCESS:Decision Branch | RESOURCE:GitHub Interface | TASK:Evidence Investigation | TASK:Work Item Management,EVALUATION:Rule Conformance | OUTPUT:Control Signal | OUTPUT:Existing Thread Response | PROCESS:Decision Branch | PROCESS:Within-Run Iteration | RESOURCE:GitHub Interface | TASK:Evidence Investigation | TASK:Work Item Management
rq3_178,12,3,5,COMMUNICATION:Audience Voice | COMMUNICATION:Expert Role | CONSTRAINT:Quality Standard | CONSTRAINT:Scope Boundary | CONTEXT:Execution Environment | CONTEXT:Repository Context | EVALUATION:Risk Assessment | EVALUATION:Rule Conformance | EXAMPLE:Output Template | EXAMPLE:Technical Snippet | EXAMPLE:Worked Case | OUTPUT:Control Signal | OUTPUT:New Thread | PROCESS:Required Sequence | RESOURCE:Development Toolchain | RESOURCE:Local Workspace | TASK:Evidence Investigation,CONSTRAINT:Quality Standard | CONSTRAINT:Scope Boundary | CONTEXT:Domain Context | CONTEXT:Execution Environment | CONTEXT:Repository Context | EVALUATION:Rule Conformance | EXAMPLE:Output Template | EXAMPLE:Technical Snippet | OUTPUT:New Thread | PROCESS:Required Sequence | RESOURCE:Development Toolchain | RESOURCE:GitHub Interface | RESOURCE:Local Workspace | TASK:Artifact Review | TASK:Evidence Investigation
rq3_179,5,4,4,CONSTRAINT:Resource Budget | CONSTRAINT:Scope Boundary | CONTEXT:Domain Context | OUTPUT:New Thread | OUTPUT:Standalone Artifact | PROCESS:Decision Branch | PROCESS:Required Sequence | RESOURCE:Agent Resource | TASK:Evidence Investigation,CONSTRAINT:Resource Budget | CONSTRAINT:Scope Boundary | CONTEXT:Domain Context | CONTEXT:Repository Context | OUTPUT:Repository Change | PROCESS:Decision Branch | PROCESS:Required Sequence | RESOURCE:GitHub Interface | TASK:Artifact Change
rq3_180,6,7,1,EVALUATION:Execution Check | EXAMPLE:Output Template | OUTPUT:Existing Thread Response | PROCESS:Required Sequence | RESOURCE:Agent Resource | RESOURCE:GitHub Interface | TASK:Executable Validation,CONSTRAINT:Scope Boundary | CONTEXT:Domain Context | CONTEXT:Repository Context | EVALUATION:Execution Check | EVALUATION:Rule Conformance | EXAMPLE:Output Template | EXAMPLE:Technical Snippet | OUTPUT:Control Signal | OUTPUT:Existing Thread Response | PROCESS:Decision Branch | PROCESS:Required Sequence | RESOURCE:GitHub Interface | TASK:Executable Validation
rq3_181,8,4,3,COMMUNICATION:Expert Role | CONSTRAINT:Quality Standard | CONSTRAINT:Scope Boundary | CONTEXT:Repository Context | OUTPUT:Control Signal | OUTPUT:Existing Thread Response | PROCESS:Decision Branch | PROCESS:Required Sequence | RESOURCE:GitHub Interface | TASK:Evidence Investigation | TASK:Work Item Management,COMMUNICATION:Expert Role | CONSTRAINT:Scope Boundary | CONTEXT:Domain Context | CONTEXT:Repository Context | EXAMPLE:Technical Snippet | OUTPUT:Repository Change | PROCESS:Decision Branch | PROCESS:Required Sequence | RESOURCE:GitHub Interface | TASK:Artifact Review | TASK:Evidence Investigation | TASK:Work Item Management
rq3_182,12,4,2,CONSTRAINT:Quality Standard | CONSTRAINT:Scope Boundary | CONTEXT:Domain Context | CONTEXT:Repository Context | EXAMPLE:Output Template | EXAMPLE:Technical Snippet | OUTPUT:Control Signal | OUTPUT:Repository Change | PROCESS:Cross-Run Memory | PROCESS:Decision Branch | PROCESS:Required Sequence | RESOURCE:GitHub Interface | RESOURCE:Local Workspace | TASK:Artifact Change,CONSTRAINT:Quality Standard | CONSTRAINT:Scope Boundary | CONTEXT:Domain Context | CONTEXT:Historical Context | CONTEXT:Repository Context | EVALUATION:Rule Conformance | EXAMPLE:Technical Snippet | OUTPUT:Repository Change | PROCESS:Cross-Run Memory | PROCESS:Decision Branch | PROCESS:Required Sequence | PROCESS:Work Delegation | RESOURCE:GitHub Interface | RESOURCE:Local Workspace | TASK:Artifact Change | TASK:Evidence Investigation
rq3_183,10,6,1,CONSTRAINT:Quality Standard | CONSTRAINT:Scope Boundary | CONTEXT:Execution Environment | EVALUATION:Execution Check | OUTPUT:Control Signal | OUTPUT:Existing Thread Response | PROCESS:Decision Branch | PROCESS:Required Sequence | RESOURCE:GitHub Interface | RESOURCE:Local Workspace | TASK:Executable Validation,CONSTRAINT:Quality Standard | CONTEXT:Domain Context | CONTEXT:Execution Environment | CONTEXT:Historical Context | CONTEXT:Repository Context | EVALUATION:Execution Check | OUTPUT:Control Signal | OUTPUT:Existing Thread Response | OUTPUT:Repository Change | PROCESS:Decision Branch | PROCESS:Required Sequence | RESOURCE:GitHub Interface | RESOURCE:Local Workspace | TASK:Evidence Investigation | TASK:Executable Validation | TASK:Work Item Management
rq3_184,8,0,17,COMMUNICATION:Automation Disclosure | COMMUNICATION:Expert Role | CONSTRAINT:Evidence Grounding | CONSTRAINT:Quality Standard | CONSTRAINT:Scope Boundary | CONTEXT:Domain Context | CONTEXT:Historical Context | CONTEXT:Repository Context | EVALUATION:Evidence Credibility | EVALUATION:Risk Assessment | EXAMPLE:Output Template | EXAMPLE:Technical Snippet | EXAMPLE:Worked Case | OUTPUT:Control Signal | OUTPUT:Existing Thread Response | OUTPUT:New Thread | PROCESS:Decision Branch | PROCESS:Required Sequence | RESOURCE:GitHub Interface | RESOURCE:Local Workspace | SAFETY:Execution Isolation | SAFETY:Information Confidentiality | SAFETY:Vulnerability Handling | TASK:Evidence Investigation | TASK:Executable Validation,CONTEXT:Domain Context | CONTEXT:Repository Context | EXAMPLE:Technical Snippet | OUTPUT:Control Signal | OUTPUT:Existing Thread Response | PROCESS:Decision Branch | PROCESS:Required Sequence | TASK:Evidence Investigation
rq3_185,15,3,11,COMMUNICATION:Audience Voice | COMMUNICATION:Automation Disclosure | COMMUNICATION:Expert Role | CONSTRAINT:Quality Standard | CONSTRAINT:Scope Boundary | CONTEXT:Repository Context | EVALUATION:Evidence Credibility | EVALUATION:Execution Check | EVALUATION:Risk Assessment | EXAMPLE:Output Template | EXAMPLE:Technical Snippet | OUTPUT:Control Signal | OUTPUT:New Thread | OUTPUT:Standalone Artifact | PROCESS:Cross-Run Memory | PROCESS:Decision Branch | PROCESS:Required Sequence | PROCESS:Within-Run Iteration | RESOURCE:Agent Resource | RESOURCE:Development Toolchain | RESOURCE:GitHub Interface | RESOURCE:Local Workspace | SAFETY:Vulnerability Handling | TASK:Evidence Investigation | TASK:Executable Validation | TASK:Work Item Management,COMMUNICATION:Expert Role | CONSTRAINT:Scope Boundary | CONTEXT:Domain Context | CONTEXT:Execution Environment | CONTEXT:Historical Context | CONTEXT:Repository Context | EVALUATION:Execution Check | EXAMPLE:Output Template | EXAMPLE:Technical Snippet | OUTPUT:New Thread | PROCESS:Cross-Run Memory | PROCESS:Decision Branch | PROCESS:Required Sequence | RESOURCE:Development Toolchain | RESOURCE:GitHub Interface | RESOURCE:Local Workspace | TASK:Evidence Investigation | TASK:Executable Validation
rq3_186,6,8,3,CONSTRAINT:Resource Budget | CONSTRAINT:Scope Boundary | CONTEXT:Domain Context | CONTEXT:Repository Context | OUTPUT:Standalone Artifact | PROCESS:Decision Branch | RESOURCE:Agent Resource | TASK:Artifact Change | TASK:Evidence Investigation,CONSTRAINT:Resource Budget | CONSTRAINT:Scope Boundary | CONTEXT:Domain Context | CONTEXT:Repository Context | EVALUATION:Execution Check | EVALUATION:Rule Conformance | EXAMPLE:Technical Snippet | OUTPUT:Repository Change | PROCESS:Decision Branch | PROCESS:Required Sequence | RESOURCE:GitHub Interface | TASK:Artifact Change | TASK:Executable Validation | TASK:Work Item Management
rq3_187,15,1,7,COMMUNICATION:Audience Voice | COMMUNICATION:Automation Disclosure | CONSTRAINT:Evidence Grounding | CONSTRAINT:Quality Standard | CONSTRAINT:Scope Boundary | CONTEXT:Domain Context | CONTEXT:Execution Environment | CONTEXT:Historical Context | EVALUATION:Evidence Credibility | EVALUATION:Risk Assessment | EVALUATION:Rule Conformance | EXAMPLE:Output Template | OUTPUT:Control Signal | OUTPUT:Existing Thread Response | OUTPUT:New Thread | PROCESS:Decision Branch | PROCESS:Required Sequence | PROCESS:Within-Run Iteration | RESOURCE:GitHub Interface | RESOURCE:Local Workspace | TASK:Evidence Investigation | TASK:Work Item Management,CONSTRAINT:Evidence Grounding | CONSTRAINT:Quality Standard | CONSTRAINT:Scope Boundary | CONTEXT:Domain Context | CONTEXT:Execution Environment | CONTEXT:Historical Context | CONTEXT:Repository Context | EVALUATION:Rule Conformance | OUTPUT:Existing Thread Response | OUTPUT:New Thread | PROCESS:Decision Branch | PROCESS:Required Sequence | RESOURCE:GitHub Interface | RESOURCE:Local Workspace | TASK:Evidence Investigation | TASK:Work Item Management
rq3_188,12,3,2,COMMUNICATION:Audience Voice | COMMUNICATION:Expert Role | CONSTRAINT:Evidence Grounding | CONSTRAINT:Quality Standard | CONSTRAINT:Scope Boundary | CONTEXT:Repository Context | EVALUATION:Rule Conformance | EXAMPLE:Worked Case | OUTPUT:Control Signal | OUTPUT:Existing Thread Response | PROCESS:Decision Branch | PROCESS:Required Sequence | RESOURCE:GitHub Interface | TASK:Artifact Review,COMMUNICATION:Expert Role | CONSTRAINT:Evidence Grounding | CONSTRAINT:Scope Boundary | CONTEXT:Domain Context | CONTEXT:Repository Context | EVALUATION:Rule Conformance | EXAMPLE:Output Template | EXAMPLE:Worked Case | OUTPUT:Control Signal | OUTPUT:Existing Thread Response | PROCESS:Decision Branch | PROCESS:Required Sequence | RESOURCE:GitHub Interface | TASK:Artifact Review | TASK:Evidence Investigation
rq3_189,16,4,3,CONSTRAINT:Quality Standard | CONSTRAINT:Scope Boundary | CONTEXT:Repository Context | EVALUATION:Execution Check | EVALUATION:Rule Conformance | OUTPUT:Control Signal | OUTPUT:Existing Thread Response | OUTPUT:Repository Change | PROCESS:Decision Branch | PROCESS:Required Sequence | PROCESS:Within-Run Iteration | PROCESS:Work Delegation | RESOURCE:Agent Resource | RESOURCE:Development Toolchain | RESOURCE:GitHub Interface | RESOURCE:Local Workspace | TASK:Artifact Change | TASK:Executable Validation | TASK:Work Item Management,COMMUNICATION:Expert Role | CONSTRAINT:Scope Boundary | CONTEXT:Domain Context | CONTEXT:Execution Environment | CONTEXT:Repository Context | EVALUATION:Execution Check | EVALUATION:Rule Conformance | EXAMPLE:Technical Snippet | OUTPUT:Existing Thread Response | OUTPUT:Repository Change | PROCESS:Decision Branch | PROCESS:Required Sequence | PROCESS:Within-Run Iteration | PROCESS:Work Delegation | RESOURCE:Agent Resource | RESOURCE:Development Toolchain | RESOURCE:GitHub Interface | RESOURCE:Local Workspace | TASK:Executable Validation | TASK:Work Item Management
rq3_190,12,2,7,CONSTRAINT:Quality Standard | CONSTRAINT:Scope Boundary | CONTEXT:Domain Context | CONTEXT:Repository Context | EVALUATION:Rule Conformance | EXAMPLE:Output Template | EXAMPLE:Worked Case | OUTPUT:Control Signal | OUTPUT:Repository Change | PROCESS:Cross-Run Memory | PROCESS:Decision Branch | PROCESS:Required Sequence | PROCESS:Within-Run Iteration | PROCESS:Work Delegation | RESOURCE:Local Workspace | RESOURCE:Web Retrieval | TASK:Artifact Change | TASK:Evidence Investigation | TASK:Work Item Management,CONSTRAINT:Quality Standard | CONSTRAINT:Scope Boundary | CONTEXT:Repository Context | EXAMPLE:Output Template | EXAMPLE:Technical Snippet | OUTPUT:Repository Change | PROCESS:Decision Branch | PROCESS:Required Sequence | PROCESS:Within-Run Iteration | PROCESS:Work Delegation | RESOURCE:GitHub Interface | RESOURCE:Web Retrieval | TASK:Artifact Change | TASK:Evidence Investigation
rq3_191,4,8,4,CONSTRAINT:Evidence Grounding | CONSTRAINT:Resource Budget | CONTEXT:Domain Context | CONTEXT:Historical Context | OUTPUT:New Thread | PROCESS:Decision Branch | PROCESS:Required Sequence | RESOURCE:Agent Resource,CONSTRAINT:Resource Budget | CONSTRAINT:Scope Boundary | CONTEXT:Domain Context | CONTEXT:Execution Environment | CONTEXT:Repository Context | EXAMPLE:Technical Snippet | OUTPUT:Repository Change | PROCESS:Decision Branch | PROCESS:Required Sequence | PROCESS:Within-Run Iteration | RESOURCE:Local Workspace | TASK:Artifact Change
rq3_192,15,1,7,COMMUNICATION:Audience Voice | COMMUNICATION:Automation Disclosure | CONSTRAINT:Quality Standard | CONSTRAINT:Resource Budget | CONSTRAINT:Scope Boundary | CONTEXT:Domain Context | CONTEXT:Execution Environment | EVALUATION:Risk Assessment | EXAMPLE:Output Template | EXAMPLE:Technical Snippet | OUTPUT:Control Signal | OUTPUT:New Thread | OUTPUT:Standalone Artifact | PROCESS:Decision Branch | PROCESS:Required Sequence | PROCESS:Within-Run Iteration | PROCESS:Work Delegation | RESOURCE:Agent Resource | RESOURCE:GitHub Interface | RESOURCE:Local Workspace | SAFETY:Execution Isolation | TASK:Evidence Investigation,CONSTRAINT:Quality Standard | CONSTRAINT:Resource Budget | CONSTRAINT:Scope Boundary | CONTEXT:Domain Context | CONTEXT:Execution Environment | EXAMPLE:Output Template | EXAMPLE:Technical Snippet | OUTPUT:New Thread | PROCESS:Decision Branch | PROCESS:Required Sequence | PROCESS:Within-Run Iteration | PROCESS:Work Delegation | RESOURCE:Development Toolchain | RESOURCE:GitHub Interface | RESOURCE:Local Workspace | TASK:Evidence Investigation
rq3_193,15,3,3,CONSTRAINT:Quality Standard | CONSTRAINT:Scope Boundary | CONTEXT:Domain Context | CONTEXT:Repository Context | EVALUATION:Execution Check | EVALUATION:Rule Conformance | OUTPUT:Repository Change | PROCESS:Decision Branch | PROCESS:Required Sequence | PROCESS:Within-Run Iteration | PROCESS:Work Delegation | RESOURCE:Agent Resource | RESOURCE:Development Toolchain | RESOURCE:GitHub Interface | RESOURCE:Local Workspace | TASK:Artifact Change | TASK:Evidence Investigation | TASK:Executable Validation,CONSTRAINT:Quality Standard | CONSTRAINT:Scope Boundary | CONTEXT:Domain Context | CONTEXT:Execution Environment | CONTEXT:Repository Context | EVALUATION:Execution Check | EVALUATION:Rule Conformance | EXAMPLE:Technical Snippet | OUTPUT:Repository Change | PROCESS:Required Sequence | PROCESS:Work Delegation | RESOURCE:Agent Resource | RESOURCE:Development Toolchain | RESOURCE:GitHub Interface | TASK:Artifact Change | TASK:Evidence Investigation | TASK:Executable Validation | TASK:Work Item Management
rq3_194,13,1,13,COMMUNICATION:Automation Disclosure | CONSTRAINT:Evidence Grounding | CONSTRAINT:Quality Standard | CONSTRAINT:Resource Budget | CONSTRAINT:Scope Boundary | CONTEXT:Execution Environment | CONTEXT:Repository Context | EVALUATION:Execution Check | EVALUATION:Rule Conformance | EXAMPLE:Technical Snippet | OUTPUT:Control Signal | OUTPUT:Existing Thread Response | OUTPUT:Repository Change | PROCESS:Cross-Run Memory | PROCESS:Decision Branch | PROCESS:Required Sequence | PROCESS:Within-Run Iteration | RESOURCE:Development Toolchain | RESOURCE:GitHub Interface | RESOURCE:Local Workspace | SAFETY:Execution Isolation | SAFETY:Vulnerability Handling | TASK:Artifact Change | TASK:Evidence Investigation | TASK:Executable Validation | TASK:Work Item Management,CONSTRAINT:Quality Standard | CONSTRAINT:Scope Boundary | CONTEXT:Domain Context | CONTEXT:Execution Environment | CONTEXT:Repository Context | OUTPUT:Existing Thread Response | OUTPUT:Repository Change | PROCESS:Decision Branch | PROCESS:Required Sequence | RESOURCE:Development Toolchain | RESOURCE:GitHub Interface | RESOURCE:Local Workspace | TASK:Artifact Change | TASK:Work Item Management
rq3_195,7,1,0,CONSTRAINT:Quality Standard | CONTEXT:Repository Context | OUTPUT:Control Signal | OUTPUT:Existing Thread Response | PROCESS:Decision Branch | PROCESS:Required Sequence | RESOURCE:GitHub Interface,CONSTRAINT:Quality Standard | CONTEXT:Repository Context | OUTPUT:Control Signal | OUTPUT:Existing Thread Response | PROCESS:Decision Branch | PROCESS:Required Sequence | RESOURCE:GitHub Interface | TASK:Artifact Change
rq3_196,11,7,3,COMMUNICATION:Expert Role | CONSTRAINT:Evidence Grounding | CONSTRAINT:Quality Standard | CONTEXT:Domain Context | EVALUATION:Risk Assessment | EXAMPLE:Output Template | EXAMPLE:Technical Snippet | OUTPUT:New Thread | OUTPUT:Standalone Artifact | PROCESS:Cross-Run Memory | PROCESS:Decision Branch | PROCESS:Required Sequence | RESOURCE:Local Workspace | TASK:Evidence Investigation,CONSTRAINT:Quality Standard | CONSTRAINT:Scope Boundary | CONTEXT:Domain Context | CONTEXT:Execution Environment | CONTEXT:Historical Context | CONTEXT:Repository Context | EXAMPLE:Output Template | EXAMPLE:Technical Snippet | OUTPUT:New Thread | OUTPUT:Standalone Artifact | PROCESS:Cross-Run Memory | PROCESS:Decision Branch | PROCESS:Required Sequence | RESOURCE:GitHub Interface | RESOURCE:Local Workspace | TASK:Artifact Change | TASK:Evidence Investigation | TASK:Work Item Management
rq3_197,9,4,1,COMMUNICATION:Expert Role | CONSTRAINT:Quality Standard | CONSTRAINT:Scope Boundary | CONTEXT:Repository Context | OUTPUT:Repository Change | PROCESS:Decision Branch | PROCESS:Required Sequence | RESOURCE:Local Workspace | TASK:Artifact Change | TASK:Evidence Investigation,CONSTRAINT:Quality Standard | CONSTRAINT:Scope Boundary | CONTEXT:Domain Context | CONTEXT:Repository Context | EVALUATION:Rule Conformance | EXAMPLE:Technical Snippet | OUTPUT:Repository Change | PROCESS:Decision Branch | PROCESS:Required Sequence | RESOURCE:GitHub Interface | RESOURCE:Local Workspace | TASK:Artifact Change | TASK:Evidence Investigation
rq3_198,16,1,4,COMMUNICATION:Automation Disclosure | COMMUNICATION:Expert Role | CONSTRAINT:Evidence Grounding | CONSTRAINT:Quality Standard | CONSTRAINT:Scope Boundary | CONTEXT:Repository Context | EVALUATION:Evidence Credibility | EVALUATION:Rule Conformance | EXAMPLE:Technical Snippet | EXAMPLE:Worked Case | OUTPUT:Control Signal | OUTPUT:Repository Change | PROCESS:Cross-Run Memory | PROCESS:Decision Branch | PROCESS:Required Sequence | PROCESS:Within-Run Iteration | RESOURCE:GitHub Interface | RESOURCE:Local Workspace | TASK:Artifact Change | TASK:Artifact Review,COMMUNICATION:Expert Role | CONSTRAINT:Evidence Grounding | CONSTRAINT:Quality Standard | CONSTRAINT:Scope Boundary | CONTEXT:Historical Context | CONTEXT:Repository Context | EXAMPLE:Technical Snippet | OUTPUT:Control Signal | OUTPUT:Repository Change | PROCESS:Cross-Run Memory | PROCESS:Decision Branch | PROCESS:Required Sequence | PROCESS:Within-Run Iteration | RESOURCE:GitHub Interface | RESOURCE:Local Workspace | TASK:Artifact Change | TASK:Artifact Review
rq3_199,9,11,4,COMMUNICATION:Audience Voice | CONSTRAINT:Evidence Grounding | CONSTRAINT:Quality Standard | CONSTRAINT:Scope Boundary | OUTPUT:Control Signal | OUTPUT:Existing Thread Response | PROCESS:Decision Branch | RESOURCE:GitHub Interface | SAFETY:Information Confidentiality | SAFETY:Prompt Injection Defense | TASK:Artifact Change | TASK:Evidence Investigation | TASK:Work Item Management,COMMUNICATION:Audience Voice | CONSTRAINT:Evidence Grounding | CONSTRAINT:Quality Standard | CONSTRAINT:Resource Budget | CONTEXT:Domain Context | CONTEXT:Historical Context | CONTEXT:Repository Context | EVALUATION:Risk Assessment | EVALUATION:Rule Conformance | EXAMPLE:Output Template | OUTPUT:Control Signal | OUTPUT:Existing Thread Response | PROCESS:Cross-Run Memory | PROCESS:Decision Branch | PROCESS:Required Sequence | RESOURCE:GitHub Interface | RESOURCE:Local Workspace | SAFETY:Prompt Injection Defense | TASK:Artifact Review | TASK:Evidence Investigation
rq3_200,11,10,0,CONSTRAINT:Scope Boundary | CONTEXT:Execution Environment | EVALUATION:Execution Check | EXAMPLE:Output Template | EXAMPLE:Technical Snippet | PROCESS:Decision Branch | PROCESS:Required Sequence | RESOURCE:Development Toolchain | RESOURCE:Web Retrieval | TASK:Artifact Change | TASK:Evidence Investigation,CONSTRAINT:Evidence Grounding | CONSTRAINT:Quality Standard | CONSTRAINT:Scope Boundary | CONTEXT:Domain Context | CONTEXT:Execution Environment | CONTEXT:Repository Context | EVALUATION:Execution Check | EVALUATION:Rule Conformance | EXAMPLE:Output Template | EXAMPLE:Technical Snippet | OUTPUT:Repository Change | PROCESS:Decision Branch | PROCESS:Required Sequence | RESOURCE:Development Toolchain | RESOURCE:GitHub Interface | RESOURCE:Local Workspace | RESOURCE:Web Retrieval | TASK:Artifact Change | TASK:Evidence Investigation | TASK:Executable Validation | TASK:Work Item Management
rq3_201,11,2,4,COMMUNICATION:Audience Voice | COMMUNICATION:Expert Role | CONSTRAINT:Quality Standard | CONSTRAINT:Scope Boundary | CONTEXT:Execution Environment | CONTEXT:Repository Context | EVALUATION:Risk Assessment | EXAMPLE:Output Template | OUTPUT:Control Signal | OUTPUT:New Thread | PROCESS:Decision Branch | PROCESS:Required Sequence | PROCESS:Within-Run Iteration | RESOURCE:Local Workspace | TASK:Evidence Investigation,COMMUNICATION:Expert Role | CONSTRAINT:Quality Standard | CONSTRAINT:Scope Boundary | CONTEXT:Repository Context | EXAMPLE:Output Template | OUTPUT:Control Signal | OUTPUT:New Thread | PROCESS:Decision Branch | PROCESS:Required Sequence | RESOURCE:GitHub Interface | RESOURCE:Local Workspace | TASK:Evidence Investigation | TASK:Work Item Management
rq3_202,13,1,13,COMMUNICATION:Expert Role | CONSTRAINT:Evidence Grounding | CONSTRAINT:Quality Standard | CONSTRAINT:Resource Budget | CONSTRAINT:Scope Boundary | CONTEXT:Execution Environment | CONTEXT:Repository Context | EVALUATION:Risk Assessment | EVALUATION:Rule Conformance | EXAMPLE:Output Template | EXAMPLE:Technical Snippet | EXAMPLE:Worked Case | OUTPUT:Control Signal | OUTPUT:Existing Thread Response | OUTPUT:New Thread | PROCESS:Cross-Run Memory | PROCESS:Decision Branch | PROCESS:Required Sequence | PROCESS:Within-Run Iteration | RESOURCE:Agent Resource | RESOURCE:GitHub Interface | RESOURCE:Local Workspace | SAFETY:Execution Isolation | TASK:Artifact Review | TASK:Evidence Investigation | TASK:Work Item Management,CONSTRAINT:Resource Budget | CONSTRAINT:Scope Boundary | CONTEXT:Domain Context | CONTEXT:Execution Environment | CONTEXT:Repository Context | EXAMPLE:Technical Snippet | OUTPUT:New Thread | PROCESS:Required Sequence | PROCESS:Within-Run Iteration | RESOURCE:GitHub Interface | RESOURCE:Local Workspace | SAFETY:Execution Isolation | TASK:Evidence Investigation | TASK:Work Item Management
rq3_203,12,4,1,CONSTRAINT:Evidence Grounding | CONSTRAINT:Quality Standard | CONSTRAINT:Resource Budget | CONSTRAINT:Scope Boundary | CONTEXT:Repository Context | EVALUATION:Rule Conformance | EXAMPLE:Output Template | OUTPUT:Control Signal | OUTPUT:Existing Thread Response | PROCESS:Decision Branch | PROCESS:Required Sequence | RESOURCE:Local Workspace | TASK:Artifact Review,CONSTRAINT:Evidence Grounding | CONSTRAINT:Quality Standard | CONSTRAINT:Scope Boundary | CONTEXT:Domain Context | CONTEXT:Historical Context | CONTEXT:Repository Context | EVALUATION:Rule Conformance | EXAMPLE:Output Template | OUTPUT:Control Signal | OUTPUT:Existing Thread Response | PROCESS:Decision Branch | PROCESS:Required Sequence | RESOURCE:GitHub Interface | RESOURCE:Local Workspace | TASK:Artifact Review | TASK:Evidence Investigation
rq3_204,6,4,4,CONSTRAINT:Quality Standard | CONTEXT:Repository Context | EVALUATION:Rule Conformance | EXAMPLE:Output Template | EXAMPLE:Worked Case | OUTPUT:Repository Change | PROCESS:Decision Branch | PROCESS:Required Sequence | RESOURCE:Local Workspace | TASK:Artifact Change,CONSTRAINT:Scope Boundary | CONTEXT:Domain Context | CONTEXT:Repository Context | OUTPUT:Repository Change | PROCESS:Decision Branch | PROCESS:Required Sequence | RESOURCE:GitHub Interface | RESOURCE:Local Workspace | TASK:Artifact Change | TASK:Work Item Management
rq3_205,14,7,4,COMMUNICATION:Expert Role | CONSTRAINT:Quality Standard | CONTEXT:Domain Context | CONTEXT:Repository Context | EVALUATION:Risk Assessment | EVALUATION:Rule Conformance | EXAMPLE:Output Template | EXAMPLE:Technical Snippet | EXAMPLE:Worked Case | OUTPUT:Control Signal | PROCESS:Cross-Run Memory | PROCESS:Decision Branch | PROCESS:Required Sequence | RESOURCE:GitHub Interface | RESOURCE:Local Workspace | SAFETY:Vulnerability Handling | TASK:Evidence Investigation | TASK:Work Item Management,COMMUNICATION:Expert Role | CONSTRAINT:Evidence Grounding | CONSTRAINT:Quality Standard | CONSTRAINT:Scope Boundary | CONTEXT:Domain Context | CONTEXT:Execution Environment | CONTEXT:Historical Context | CONTEXT:Repository Context | EVALUATION:Risk Assessment | EVALUATION:Rule Conformance | EXAMPLE:Technical Snippet | OUTPUT:Control Signal | OUTPUT:Repository Change | PROCESS:Cross-Run Memory | PROCESS:Decision Branch | PROCESS:Required Sequence | RESOURCE:GitHub Interface | RESOURCE:Local Workspace | TASK:Artifact Change | TASK:Artifact Review | TASK:Evidence Investigation
rq3_206,13,3,2,COMMUNICATION:Expert Role | CONSTRAINT:Quality Standard | CONSTRAINT:Scope Boundary | CONTEXT:Repository Context | EVALUATION:Execution Check | EXAMPLE:Output Template | OUTPUT:Control Signal | OUTPUT:Repository Change | PROCESS:Decision Branch | PROCESS:Required Sequence | RESOURCE:Development Toolchain | RESOURCE:GitHub Interface | RESOURCE:Local Workspace | TASK:Artifact Change | TASK:Executable Validation,COMMUNICATION:Expert Role | CONSTRAINT:Quality Standard | CONSTRAINT:Scope Boundary | CONTEXT:Domain Context | CONTEXT:Repository Context | EVALUATION:Execution Check | EVALUATION:Rule Conformance | EXAMPLE:Output Template | EXAMPLE:Technical Snippet | OUTPUT:Repository Change | PROCESS:Decision Branch | PROCESS:Required Sequence | RESOURCE:Development Toolchain | RESOURCE:GitHub Interface | TASK:Artifact Change | TASK:Executable Validation
rq3_207,12,1,3,COMMUNICATION:Automation Disclosure | CONSTRAINT:Evidence Grounding | CONSTRAINT:Scope Boundary | CONTEXT:Repository Context | EVALUATION:Evidence Credibility | EXAMPLE:Output Template | OUTPUT:Existing Thread Response | OUTPUT:New Thread | PROCESS:Decision Branch | PROCESS:Required Sequence | PROCESS:Within-Run Iteration | RESOURCE:GitHub Interface | RESOURCE:Local Workspace | RESOURCE:Web Retrieval | TASK:Evidence Investigation,CONSTRAINT:Evidence Grounding | CONSTRAINT:Quality Standard | CONSTRAINT:Scope Boundary | CONTEXT:Repository Context | EVALUATION:Evidence Credibility | OUTPUT:Existing Thread Response | PROCESS:Decision Branch | PROCESS:Required Sequence | PROCESS:Within-Run Iteration | RESOURCE:GitHub Interface | RESOURCE:Local Workspace | RESOURCE:Web Retrieval | TASK:Evidence Investigation
rq3_208,10,10,5,COMMUNICATION:Expert Role | CONSTRAINT:Quality Standard | CONTEXT:Repository Context | EVALUATION:Risk Assessment | EVALUATION:Rule Conformance | EXAMPLE:Output Template | EXAMPLE:Technical Snippet | OUTPUT:New Thread | OUTPUT:Standalone Artifact | PROCESS:Required Sequence | RESOURCE:Development Toolchain | SAFETY:Prompt Injection Defense | SAFETY:Vulnerability Handling | TASK:Evidence Investigation | TASK:Executable Validation,COMMUNICATION:Expert Role | CONSTRAINT:Quality Standard | CONSTRAINT:Scope Boundary | CONTEXT:Domain Context | CONTEXT:Execution Environment | CONTEXT:Historical Context | CONTEXT:Repository Context | EXAMPLE:Output Template | EXAMPLE:Technical Snippet | OUTPUT:New Thread | OUTPUT:Repository Change | PROCESS:Cross-Run Memory | PROCESS:Required Sequence | RESOURCE:Development Toolchain | RESOURCE:Local Workspace | SAFETY:Information Confidentiality | TASK:Artifact Change | TASK:Artifact Review | TASK:Evidence Investigation | TASK:Executable Validation
rq3_209,19,1,4,COMMUNICATION:Automation Disclosure | COMMUNICATION:Expert Role | CONSTRAINT:Evidence Grounding | CONSTRAINT:Quality Standard | CONSTRAINT:Resource Budget | CONSTRAINT:Scope Boundary | CONTEXT:Domain Context | CONTEXT:Execution Environment | CONTEXT:Repository Context | EVALUATION:Evidence Credibility | EVALUATION:Rule Conformance | EXAMPLE:Output Template | EXAMPLE:Technical Snippet | OUTPUT:New Thread | PROCESS:Cross-Run Memory | PROCESS:Decision Branch | PROCESS:Required Sequence | PROCESS:Within-Run Iteration | RESOURCE:GitHub Interface | RESOURCE:Local Workspace | SAFETY:Information Confidentiality | SAFETY:Prompt Injection Defense | TASK:Evidence Investigation,COMMUNICATION:Expert Role | CONSTRAINT:Evidence Grounding | CONSTRAINT:Quality Standard | CONSTRAINT:Resource Budget | CONSTRAINT:Scope Boundary | CONTEXT:Domain Context | CONTEXT:Execution Environment | CONTEXT:Historical Context | CONTEXT:Repository Context | EXAMPLE:Output Template | EXAMPLE:Technical Snippet | OUTPUT:New Thread | PROCESS:Cross-Run Memory | PROCESS:Decision Branch | PROCESS:Required Sequence | PROCESS:Within-Run Iteration | RESOURCE:GitHub Interface | RESOURCE:Local Workspace | SAFETY:Information Confidentiality | TASK:Evidence Investigation
rq3_211,13,6,0,COMMUNICATION:Expert Role | CONSTRAINT:Evidence Grounding | CONSTRAINT:Quality Standard | CONSTRAINT:Resource Budget | CONTEXT:Domain Context | EXAMPLE:Output Template | EXAMPLE:Technical Snippet | OUTPUT:New Thread | PROCESS:Cross-Run Memory | PROCESS:Required Sequence | RESOURCE:GitHub Interface | RESOURCE:Local Workspace | TASK:Evidence Investigation,COMMUNICATION:Expert Role | CONSTRAINT:Evidence Grounding | CONSTRAINT:Quality Standard | CONSTRAINT:Resource Budget | CONSTRAINT:Scope Boundary | CONTEXT:Domain Context | CONTEXT:Execution Environment | CONTEXT:Historical Context | CONTEXT:Repository Context | EXAMPLE:Output Template | EXAMPLE:Technical Snippet | OUTPUT:New Thread | PROCESS:Cross-Run Memory | PROCESS:Required Sequence | PROCESS:Within-Run Iteration | RESOURCE:Development Toolchain | RESOURCE:GitHub Interface | RESOURCE:Local Workspace | TASK:Evidence Investigation
rq3_212,14,5,1,CONSTRAINT:Evidence Grounding | CONSTRAINT:Quality Standard | CONSTRAINT:Scope Boundary | CONTEXT:Domain Context | CONTEXT:Repository Context | EVALUATION:Rule Conformance | EXAMPLE:Output Template | OUTPUT:Control Signal | OUTPUT:New Thread | PROCESS:Decision Branch | PROCESS:Required Sequence | PROCESS:Within-Run Iteration | RESOURCE:Local Workspace | RESOURCE:Web Retrieval | TASK:Evidence Investigation,CONSTRAINT:Quality Standard | CONSTRAINT:Scope Boundary | CONTEXT:Domain Context | CONTEXT:Repository Context | EVALUATION:Rule Conformance | EXAMPLE:Output Template | EXAMPLE:Technical Snippet | OUTPUT:Control Signal | OUTPUT:New Thread | OUTPUT:Repository Change | PROCESS:Decision Branch | PROCESS:Required Sequence | PROCESS:Within-Run Iteration | RESOURCE:GitHub Interface | RESOURCE:Local Workspace | RESOURCE:Web Retrieval | TASK:Artifact Change | TASK:Artifact Review | TASK:Evidence Investigation
rq3_213,12,4,3,COMMUNICATION:Expert Role | CONSTRAINT:Quality Standard | CONSTRAINT:Scope Boundary | CONTEXT:Domain Context | CONTEXT:Execution Environment | EVALUATION:Rule Conformance | EXAMPLE:Output Template | EXAMPLE:Technical Snippet | OUTPUT:Control Signal | OUTPUT:New Thread | PROCESS:Decision Branch | PROCESS:Required Sequence | RESOURCE:GitHub Interface | RESOURCE:Local Workspace | TASK:Evidence Investigation,CONSTRAINT:Quality Standard | CONSTRAINT:Scope Boundary | CONTEXT:Domain Context | CONTEXT:Execution Environment | CONTEXT:Historical Context | CONTEXT:Repository Context | EXAMPLE:Output Template | EXAMPLE:Technical Snippet | OUTPUT:New Thread | OUTPUT:Repository Change | PROCESS:Decision Branch | PROCESS:Required Sequence | RESOURCE:GitHub Interface | RESOURCE:Local Workspace | TASK:Artifact Review | TASK:Evidence Investigation
rq3_214,6,2,3,CONSTRAINT:Scope Boundary | CONTEXT:Execution Environment | CONTEXT:Repository Context | EVALUATION:Execution Check | EXAMPLE:Output Template | OUTPUT:Control Signal | RESOURCE:GitHub Interface | SAFETY:Execution Isolation | TASK:Executable Validation,CONSTRAINT:Scope Boundary | CONTEXT:Repository Context | EVALUATION:Execution Check | EVALUATION:Rule Conformance | OUTPUT:Control Signal | PROCESS:Required Sequence | RESOURCE:GitHub Interface | TASK:Executable Validation
rq3_215,8,3,1,CONSTRAINT:Evidence Grounding | CONSTRAINT:Scope Boundary | CONTEXT:Repository Context | EVALUATION:Execution Check | OUTPUT:Repository Change | PROCESS:Decision Branch | PROCESS:Required Sequence | TASK:Artifact Change | TASK:Executable Validation,CONSTRAINT:Scope Boundary | CONTEXT:Repository Context | EVALUATION:Execution Check | OUTPUT:Repository Change | PROCESS:Decision Branch | PROCESS:Required Sequence | RESOURCE:GitHub Interface | TASK:Artifact Change | TASK:Evidence Investigation | TASK:Executable Validation | TASK:Work Item Management
rq3_216,12,1,4,COMMUNICATION:Expert Role | CONSTRAINT:Scope Boundary | CONTEXT:Domain Context | CONTEXT:Execution Environment | EVALUATION:Rule Conformance | OUTPUT:New Thread | PROCESS:Decision Branch | PROCESS:Required Sequence | PROCESS:Within-Run Iteration | RESOURCE:Development Toolchain | RESOURCE:GitHub Interface | RESOURCE:Local Workspace | RESOURCE:Web Retrieval | SAFETY:Execution Isolation | TASK:Artifact Review | TASK:Executable Validation,CONTEXT:Domain Context | CONTEXT:Execution Environment | EVALUATION:Rule Conformance | OUTPUT:New Thread | PROCESS:Decision Branch | PROCESS:Required Sequence | RESOURCE:Development Toolchain | RESOURCE:GitHub Interface | RESOURCE:Local Workspace | RESOURCE:Web Retrieval | SAFETY:Execution Isolation | TASK:Artifact Change | TASK:Artifact Review
rq3_217,7,4,6,CONSTRAINT:Quality Standard | CONTEXT:Domain Context | CONTEXT:Historical Context | CONTEXT:Repository Context | EVALUATION:Evidence Credibility | EVALUATION:Execution Check | EVALUATION:Rule Conformance | OUTPUT:Standalone Artifact | PROCESS:Cross-Run Memory | PROCESS:Required Sequence | RESOURCE:Agent Resource | TASK:Artifact Change | TASK:Artifact Review,CONTEXT:Domain Context | CONTEXT:Execution Environment | CONTEXT:Repository Context | EVALUATION:Execution Check | EXAMPLE:Technical Snippet | PROCESS:Cross-Run Memory | PROCESS:Required Sequence | RESOURCE:Local Workspace | TASK:Artifact Change | TASK:Artifact Review | TASK:Executable Validation
rq3_218,13,5,7,COMMUNICATION:Audience Voice | CONSTRAINT:Resource Budget | CONSTRAINT:Scope Boundary | CONTEXT:Repository Context | EVALUATION:Risk Assessment | EXAMPLE:Output Template | EXAMPLE:Technical Snippet | OUTPUT:Control Signal | OUTPUT:New Thread | OUTPUT:Standalone Artifact | PROCESS:Cross-Run Memory | PROCESS:Decision Branch | PROCESS:Required Sequence | PROCESS:Within-Run Iteration | PROCESS:Work Delegation | RESOURCE:Agent Resource | RESOURCE:GitHub Interface | SAFETY:Vulnerability Handling | TASK:Evidence Investigation | TASK:Work Item Management,CONSTRAINT:Resource Budget | CONSTRAINT:Scope Boundary | CONTEXT:Domain Context | CONTEXT:Execution Environment | CONTEXT:Repository Context | EXAMPLE:Technical Snippet | OUTPUT:Repository Change | PROCESS:Cross-Run Memory | PROCESS:Decision Branch | PROCESS:Required Sequence | PROCESS:Within-Run Iteration | PROCESS:Work Delegation | RESOURCE:Development Toolchain | RESOURCE:GitHub Interface | SAFETY:Vulnerability Handling | TASK:Artifact Change | TASK:Evidence Investigation | TASK:Work Item Management
rq3_219,16,0,7,COMMUNICATION:Audience Voice | COMMUNICATION:Expert Role | CONSTRAINT:Quality Standard | CONSTRAINT:Resource Budget | CONSTRAINT:Scope Boundary | CONTEXT:Domain Context | CONTEXT:Execution Environment | CONTEXT:Repository Context | EVALUATION:Risk Assessment | EVALUATION:Rule Conformance | EXAMPLE:Output Template | EXAMPLE:Technical Snippet | EXAMPLE:Worked Case | OUTPUT:Control Signal | OUTPUT:Repository Change | PROCESS:Cross-Run Memory | PROCESS:Decision Branch | PROCESS:Required Sequence | PROCESS:Work Delegation | RESOURCE:Agent Resource | RESOURCE:GitHub Interface | RESOURCE:Local Workspace | TASK:Artifact Change,COMMUNICATION:Expert Role | CONSTRAINT:Quality Standard | CONSTRAINT:Scope Boundary | CONTEXT:Domain Context | CONTEXT:Execution Environment | CONTEXT:Repository Context | EXAMPLE:Technical Snippet | OUTPUT:Control Signal | OUTPUT:Repository Change | PROCESS:Decision Branch | PROCESS:Required Sequence | PROCESS:Work Delegation | RESOURCE:Agent Resource | RESOURCE:GitHub Interface | RESOURCE:Local Workspace | TASK:Artifact Change
rq3_220,7,8,3,CONSTRAINT:Scope Boundary | EVALUATION:Rule Conformance | OUTPUT:Control Signal | OUTPUT:New Thread | PROCESS:Cross-Run Memory | PROCESS:Decision Branch | PROCESS:Required Sequence | RESOURCE:GitHub Interface | RESOURCE:Local Workspace | TASK:Work Item Management,CONSTRAINT:Evidence Grounding | CONSTRAINT:Scope Boundary | CONTEXT:Domain Context | CONTEXT:Execution Environment | CONTEXT:Repository Context | EVALUATION:Rule Conformance | OUTPUT:Control Signal | OUTPUT:Repository Change | PROCESS:Decision Branch | PROCESS:Required Sequence | RESOURCE:GitHub Interface | RESOURCE:Local Workspace | TASK:Artifact Change | TASK:Artifact Review | TASK:Evidence Investigation
rq3_221,14,4,6,COMMUNICATION:Expert Role | CONSTRAINT:Resource Budget | CONSTRAINT:Scope Boundary | CONTEXT:Execution Environment | CONTEXT:Repository Context | EVALUATION:Rule Conformance | EXAMPLE:Output Template | EXAMPLE:Technical Snippet | OUTPUT:Control Signal | OUTPUT:Existing Thread Response | OUTPUT:New Thread | PROCESS:Decision Branch | PROCESS:Required Sequence | PROCESS:Within-Run Iteration | PROCESS:Work Delegation | RESOURCE:GitHub Interface | SAFETY:Information Confidentiality | SAFETY:Prompt Injection Defense | TASK:Evidence Investigation | TASK:Work Item Management,CONSTRAINT:Resource Budget | CONTEXT:Domain Context | CONTEXT:Repository Context | EXAMPLE:Output Template | EXAMPLE:Technical Snippet | OUTPUT:Existing Thread Response | OUTPUT:New Thread | OUTPUT:Repository Change | PROCESS:Decision Branch | PROCESS:Required Sequence | PROCESS:Within-Run Iteration | PROCESS:Work Delegation | RESOURCE:GitHub Interface | SAFETY:Information Confidentiality | TASK:Artifact Change | TASK:Artifact Review | TASK:Evidence Investigation | TASK:Work Item Management
rq3_222,9,1,5,COMMUNICATION:Automation Disclosure | CONSTRAINT:Scope Boundary | CONTEXT:Domain Context | CONTEXT:Repository Context | EVALUATION:Evidence Credibility | EVALUATION:Rule Conformance | EXAMPLE:Worked Case | OUTPUT:Control Signal | OUTPUT:Existing Thread Response | PROCESS:Decision Branch | PROCESS:Required Sequence | PROCESS:Work Delegation | RESOURCE:GitHub Interface | TASK:Evidence Investigation,CONSTRAINT:Scope Boundary | CONTEXT:Domain Context | CONTEXT:Repository Context | OUTPUT:Control Signal | OUTPUT:Existing Thread Response | PROCESS:Decision Branch | PROCESS:Required Sequence | PROCESS:Work Delegation | RESOURCE:GitHub Interface | TASK:Work Item Management
rq3_223,9,3,3,CONSTRAINT:Evidence Grounding | CONSTRAINT:Quality Standard | CONSTRAINT:Scope Boundary | CONTEXT:Execution Environment | CONTEXT:Repository Context | EVALUATION:Evidence Credibility | OUTPUT:Existing Thread Response | PROCESS:Decision Branch | PROCESS:Required Sequence | RESOURCE:Agent Resource | RESOURCE:Local Workspace | TASK:Artifact Review,CONSTRAINT:Evidence Grounding | CONSTRAINT:Scope Boundary | CONTEXT:Execution Environment | CONTEXT:Repository Context | EVALUATION:Rule Conformance | OUTPUT:Control Signal | OUTPUT:Existing Thread Response | PROCESS:Decision Branch | PROCESS:Required Sequence | RESOURCE:GitHub Interface | RESOURCE:Local Workspace | TASK:Artifact Review
rq3_224,11,5,6,CONSTRAINT:Resource Budget | CONSTRAINT:Scope Boundary | CONTEXT:Domain Context | CONTEXT:Execution Environment | EVALUATION:Execution Check | EVALUATION:Rule Conformance | OUTPUT:Repository Change | OUTPUT:Standalone Artifact | PROCESS:Cross-Run Memory | PROCESS:Decision Branch | PROCESS:Required Sequence | PROCESS:Within-Run Iteration | RESOURCE:Development Toolchain | RESOURCE:Local Workspace | RESOURCE:Web Retrieval | TASK:Artifact Change | TASK:Executable Validation,CONSTRAINT:Resource Budget | CONTEXT:Domain Context | CONTEXT:Execution Environment | CONTEXT:Historical Context | CONTEXT:Repository Context | EXAMPLE:Technical Snippet | OUTPUT:Repository Change | PROCESS:Cross-Run Memory | PROCESS:Decision Branch | PROCESS:Required Sequence | PROCESS:Within-Run Iteration | RESOURCE:GitHub Interface | RESOURCE:Local Workspace | RESOURCE:Web Retrieval | TASK:Artifact Change | TASK:Evidence Investigation
rq3_225,10,4,4,COMMUNICATION:Audience Voice | CONSTRAINT:Quality Standard | CONSTRAINT:Scope Boundary | EVALUATION:Rule Conformance | EXAMPLE:Output Template | OUTPUT:Control Signal | OUTPUT:Repository Change | PROCESS:Decision Branch | PROCESS:Required Sequence | RESOURCE:GitHub Interface | RESOURCE:Local Workspace | RESOURCE:Web Retrieval | TASK:Artifact Change | TASK:Evidence Investigation,COMMUNICATION:Audience Voice | CONSTRAINT:Scope Boundary | CONTEXT:Domain Context | CONTEXT:Repository Context | EVALUATION:Rule Conformance | EXAMPLE:Technical Snippet | OUTPUT:Control Signal | OUTPUT:Repository Change | PROCESS:Decision Branch | PROCESS:Required Sequence | RESOURCE:GitHub Interface | RESOURCE:Web Retrieval | TASK:Artifact Change | TASK:Artifact Review
rq3_227,12,6,1,COMMUNICATION:Expert Role | CONSTRAINT:Quality Standard | CONSTRAINT:Resource Budget | CONSTRAINT:Scope Boundary | CONTEXT:Repository Context | EVALUATION:Rule Conformance | EXAMPLE:Output Template | EXAMPLE:Technical Snippet | OUTPUT:Existing Thread Response | PROCESS:Required Sequence | RESOURCE:Agent Resource | RESOURCE:GitHub Interface | TASK:Evidence Investigation,COMMUNICATION:Expert Role | CONSTRAINT:Quality Standard | CONSTRAINT:Resource Budget | CONSTRAINT:Scope Boundary | CONTEXT:Domain Context | CONTEXT:Execution Environment | CONTEXT:Repository Context | EVALUATION:Execution Check | EVALUATION:Rule Conformance | EXAMPLE:Output Template | EXAMPLE:Technical Snippet | OUTPUT:Existing Thread Response | PROCESS:Decision Branch | PROCESS:Required Sequence | RESOURCE:GitHub Interface | SAFETY:Execution Isolation | TASK:Evidence Investigation | TASK:Executable Validation
rq3_228,9,4,4,COMMUNICATION:Audience Voice | CONSTRAINT:Quality Standard | CONSTRAINT:Scope Boundary | CONTEXT:Repository Context | EVALUATION:Rule Conformance | EXAMPLE:Output Template | OUTPUT:Control Signal | OUTPUT:Repository Change | PROCESS:Decision Branch | PROCESS:Required Sequence | PROCESS:Within-Run Iteration | RESOURCE:Local Workspace | TASK:Artifact Change,CONSTRAINT:Quality Standard | CONSTRAINT:Scope Boundary | CONTEXT:Domain Context | CONTEXT:Repository Context | EXAMPLE:Technical Snippet | OUTPUT:Control Signal | OUTPUT:Repository Change | PROCESS:Decision Branch | PROCESS:Required Sequence | RESOURCE:GitHub Interface | RESOURCE:Local Workspace | TASK:Artifact Change | TASK:Work Item Management
rq3_229,15,3,3,COMMUNICATION:Audience Voice | CONSTRAINT:Evidence Grounding | CONSTRAINT:Quality Standard | CONSTRAINT:Resource Budget | CONSTRAINT:Scope Boundary | CONTEXT:Domain Context | CONTEXT:Repository Context | EVALUATION:Rule Conformance | OUTPUT:Control Signal | OUTPUT:Existing Thread Response | PROCESS:Decision Branch | PROCESS:Required Sequence | PROCESS:Work Delegation | RESOURCE:Agent Resource | RESOURCE:Local Workspace | SAFETY:Information Confidentiality | TASK:Evidence Investigation | TASK:Work Item Management,COMMUNICATION:Audience Voice | CONSTRAINT:Resource Budget | CONSTRAINT:Scope Boundary | CONTEXT:Domain Context | CONTEXT:Execution Environment | CONTEXT:Repository Context | EVALUATION:Rule Conformance | EXAMPLE:Output Template | OUTPUT:Control Signal | OUTPUT:Existing Thread Response | PROCESS:Decision Branch | PROCESS:Required Sequence | PROCESS:Work Delegation | RESOURCE:Agent Resource | RESOURCE:Local Workspace | SAFETY:Information Confidentiality | TASK:Artifact Review | TASK:Work Item Management
rq3_230,3,2,1,CONSTRAINT:Scope Boundary | CONTEXT:Repository Context | PROCESS:Decision Branch | TASK:Artifact Review,CONSTRAINT:Scope Boundary | CONTEXT:Domain Context | CONTEXT:Repository Context | EXAMPLE:Technical Snippet | PROCESS:Decision Branch
rq3_231,6,10,2,COMMUNICATION:Expert Role | CONSTRAINT:Scope Boundary | CONTEXT:Repository Context | EVALUATION:Rule Conformance | EXAMPLE:Output Template | OUTPUT:New Thread | RESOURCE:Agent Resource | TASK:Artifact Review,CONSTRAINT:Quality Standard | CONSTRAINT:Resource Budget | CONSTRAINT:Scope Boundary | CONTEXT:Execution Environment | CONTEXT:Repository Context | EVALUATION:Rule Conformance | EXAMPLE:Output Template | EXAMPLE:Technical Snippet | OUTPUT:New Thread | PROCESS:Cross-Run Memory | PROCESS:Decision Branch | PROCESS:Required Sequence | PROCESS:Within-Run Iteration | RESOURCE:GitHub Interface | RESOURCE:Local Workspace | TASK:Artifact Review
rq3_232,6,1,5,COMMUNICATION:Audience Voice | CONSTRAINT:Evidence Grounding | CONSTRAINT:Quality Standard | CONTEXT:Domain Context | CONTEXT:Repository Context | OUTPUT:Repository Change | PROCESS:Decision Branch | PROCESS:Required Sequence | PROCESS:Within-Run Iteration | RESOURCE:GitHub Interface | TASK:Artifact Change,CONTEXT:Domain Context | CONTEXT:Repository Context | OUTPUT:Repository Change | PROCESS:Required Sequence | RESOURCE:GitHub Interface | TASK:Artifact Change | TASK:Evidence Investigation
rq3_233,11,7,3,CONSTRAINT:Quality Standard | CONSTRAINT:Resource Budget | EVALUATION:Execution Check | OUTPUT:Control Signal | OUTPUT:Existing Thread Response | OUTPUT:New Thread | OUTPUT:Standalone Artifact | PROCESS:Decision Branch | PROCESS:Required Sequence | RESOURCE:Development Toolchain | RESOURCE:GitHub Interface | RESOURCE:Local Workspace | RESOURCE:Web Retrieval | TASK:Executable Validation,CONSTRAINT:Quality Standard | CONSTRAINT:Scope Boundary | CONTEXT:Execution Environment | CONTEXT:Repository Context | EVALUATION:Execution Check | EXAMPLE:Technical Snippet | OUTPUT:Existing Thread Response | OUTPUT:New Thread | OUTPUT:Repository Change | PROCESS:Decision Branch | PROCESS:Required Sequence | RESOURCE:Development Toolchain | RESOURCE:GitHub Interface | RESOURCE:Local Workspace | RESOURCE:Web Retrieval | TASK:Artifact Change | TASK:Executable Validation | TASK:Work Item Management
rq3_234,16,4,2,CONSTRAINT:Evidence Grounding | CONSTRAINT:Quality Standard | CONSTRAINT:Scope Boundary | CONTEXT:Execution Environment | CONTEXT:Repository Context | EVALUATION:Evidence Credibility | EVALUATION:Risk Assessment | EVALUATION:Rule Conformance | EXAMPLE:Output Template | EXAMPLE:Worked Case | OUTPUT:Control Signal | OUTPUT:Standalone Artifact | PROCESS:Decision Branch | PROCESS:Required Sequence | RESOURCE:GitHub Interface | RESOURCE:Local Workspace | TASK:Artifact Change | TASK:Evidence Investigation,CONSTRAINT:Evidence Grounding | CONSTRAINT:Quality Standard | CONSTRAINT:Scope Boundary | CONTEXT:Domain Context | CONTEXT:Execution Environment | CONTEXT:Historical Context | CONTEXT:Repository Context | EVALUATION:Rule Conformance | EXAMPLE:Output Template | EXAMPLE:Technical Snippet | EXAMPLE:Worked Case | OUTPUT:Control Signal | OUTPUT:Standalone Artifact | PROCESS:Decision Branch | PROCESS:Required Sequence | RESOURCE:Development Toolchain | RESOURCE:GitHub Interface | RESOURCE:Local Workspace | TASK:Artifact Change | TASK:Evidence Investigation
rq3_235,12,5,3,COMMUNICATION:Automation Disclosure | COMMUNICATION:Expert Role | CONSTRAINT:Quality Standard | CONSTRAINT:Scope Boundary | CONTEXT:Domain Context | CONTEXT:Execution Environment | CONTEXT:Repository Context | EVALUATION:Risk Assessment | EXAMPLE:Output Template | OUTPUT:New Thread | OUTPUT:Standalone Artifact | PROCESS:Decision Branch | PROCESS:Required Sequence | RESOURCE:Local Workspace | TASK:Evidence Investigation,CONSTRAINT:Quality Standard | CONSTRAINT:Scope Boundary | CONTEXT:Domain Context | CONTEXT:Execution Environment | CONTEXT:Repository Context | EXAMPLE:Output Template | EXAMPLE:Technical Snippet | OUTPUT:New Thread | OUTPUT:Repository Change | OUTPUT:Standalone Artifact | PROCESS:Decision Branch | PROCESS:Required Sequence | RESOURCE:Development Toolchain | RESOURCE:GitHub Interface | RESOURCE:Local Workspace | TASK:Artifact Change | TASK:Evidence Investigation
rq3_236,11,3,2,CONSTRAINT:Quality Standard | CONSTRAINT:Scope Boundary | CONTEXT:Domain Context | EVALUATION:Rule Conformance | EXAMPLE:Technical Snippet | OUTPUT:Repository Change | PROCESS:Decision Branch | PROCESS:Required Sequence | RESOURCE:Development Toolchain | RESOURCE:Local Workspace | RESOURCE:Web Retrieval | TASK:Artifact Change | TASK:Evidence Investigation,CONSTRAINT:Quality Standard | CONSTRAINT:Scope Boundary | CONTEXT:Domain Context | CONTEXT:Execution Environment | CONTEXT:Repository Context | EXAMPLE:Technical Snippet | OUTPUT:Repository Change | PROCESS:Decision Branch | PROCESS:Required Sequence | RESOURCE:Development Toolchain | RESOURCE:GitHub Interface | RESOURCE:Local Workspace | RESOURCE:Web Retrieval | TASK:Artifact Change
rq3_237,14,3,1,COMMUNICATION:Automation Disclosure | CONSTRAINT:Resource Budget | CONTEXT:Domain Context | CONTEXT:Repository Context | EVALUATION:Execution Check | EVALUATION:Rule Conformance | EXAMPLE:Output Template | OUTPUT:Control Signal | OUTPUT:New Thread | PROCESS:Decision Branch | PROCESS:Required Sequence | PROCESS:Within-Run Iteration | RESOURCE:Development Toolchain | RESOURCE:Web Retrieval | TASK:Executable Validation,CONSTRAINT:Resource Budget | CONTEXT:Domain Context | CONTEXT:Repository Context | EVALUATION:Execution Check | EVALUATION:Rule Conformance | EXAMPLE:Output Template | EXAMPLE:Technical Snippet | OUTPUT:Control Signal | OUTPUT:New Thread | PROCESS:Decision Branch | PROCESS:Required Sequence | PROCESS:Within-Run Iteration | RESOURCE:Development Toolchain | RESOURCE:GitHub Interface | RESOURCE:Web Retrieval | TASK:Executable Validation | TASK:Work Item Management
rq3_238,11,2,7,COMMUNICATION:Audience Voice | CONSTRAINT:Evidence Grounding | CONSTRAINT:Quality Standard | CONSTRAINT:Scope Boundary | CONTEXT:Domain Context | CONTEXT:Historical Context | EVALUATION:Risk Assessment | EVALUATION:Rule Conformance | OUTPUT:Control Signal | OUTPUT:Existing Thread Response | PROCESS:Decision Branch | PROCESS:Required Sequence | RESOURCE:GitHub Interface | RESOURCE:Local Workspace | SAFETY:Information Confidentiality | SAFETY:Prompt Injection Defense | TASK:Evidence Investigation | TASK:Work Item Management,CONSTRAINT:Evidence Grounding | CONSTRAINT:Quality Standard | CONSTRAINT:Scope Boundary | CONTEXT:Domain Context | CONTEXT:Repository Context | EVALUATION:Rule Conformance | OUTPUT:Existing Thread Response | PROCESS:Decision Branch | PROCESS:Required Sequence | RESOURCE:GitHub Interface | TASK:Artifact Review | TASK:Evidence Investigation | TASK:Work Item Management
rq3_239,14,5,6,COMMUNICATION:Automation Disclosure | COMMUNICATION:Expert Role | CONSTRAINT:Scope Boundary | CONTEXT:Domain Context | CONTEXT:Repository Context | EVALUATION:Risk Assessment | EVALUATION:Rule Conformance | EXAMPLE:Output Template | EXAMPLE:Technical Snippet | OUTPUT:Control Signal | OUTPUT:New Thread | PROCESS:Cross-Run Memory | PROCESS:Decision Branch | PROCESS:Required Sequence | PROCESS:Within-Run Iteration | RESOURCE:Development Toolchain | RESOURCE:Local Workspace | TASK:Artifact Review | TASK:Evidence Investigation | TASK:Executable Validation,COMMUNICATION:Expert Role | CONSTRAINT:Scope Boundary | CONTEXT:Domain Context | CONTEXT:Execution Environment | CONTEXT:Historical Context | CONTEXT:Repository Context | EXAMPLE:Output Template | EXAMPLE:Technical Snippet | OUTPUT:Control Signal | OUTPUT:New Thread | OUTPUT:Repository Change | PROCESS:Cross-Run Memory | PROCESS:Decision Branch | PROCESS:Required Sequence | RESOURCE:Development Toolchain | RESOURCE:GitHub Interface | RESOURCE:Local Workspace | TASK:Artifact Change | TASK:Evidence Investigation
rq3_240,10,7,1,COMMUNICATION:Automation Disclosure | CONSTRAINT:Evidence Grounding | CONSTRAINT:Scope Boundary | CONTEXT:Execution Environment | EVALUATION:Rule Conformance | EXAMPLE:Output Template | OUTPUT:Existing Thread Response | PROCESS:Decision Branch | PROCESS:Required Sequence | SAFETY:Prompt Injection Defense | TASK:Artifact Review,CONSTRAINT:Evidence Grounding | CONSTRAINT:Quality Standard | CONSTRAINT:Scope Boundary | CONTEXT:Domain Context | CONTEXT:Execution Environment | CONTEXT:Repository Context | EVALUATION:Rule Conformance | EXAMPLE:Output Template | EXAMPLE:Technical Snippet | OUTPUT:Existing Thread Response | PROCESS:Decision Branch | PROCESS:Required Sequence | PROCESS:Within-Run Iteration | RESOURCE:GitHub Interface | RESOURCE:Local Workspace | SAFETY:Prompt Injection Defense | TASK:Artifact Review
rq3_241,10,4,1,CONSTRAINT:Quality Standard | CONTEXT:Execution Environment | EVALUATION:Execution Check | OUTPUT:Control Signal | OUTPUT:Existing Thread Response | PROCESS:Decision Branch | PROCESS:Required Sequence | RESOURCE:GitHub Interface | RESOURCE:Local Workspace | TASK:Executable Validation | TASK:Work Item Management,CONSTRAINT:Quality Standard | CONTEXT:Domain Context | CONTEXT:Execution Environment | CONTEXT:Historical Context | CONTEXT:Repository Context | EVALUATION:Execution Check | OUTPUT:Control Signal | OUTPUT:Existing Thread Response | PROCESS:Decision Branch | PROCESS:Required Sequence | RESOURCE:GitHub Interface | RESOURCE:Local Workspace | TASK:Evidence Investigation | TASK:Executable Validation
rq3_242,11,8,4,COMMUNICATION:Expert Role | CONSTRAINT:Quality Standard | CONTEXT:Historical Context | CONTEXT:Repository Context | EVALUATION:Execution Check | EXAMPLE:Output Template | EXAMPLE:Technical Snippet | OUTPUT:Existing Thread Response | OUTPUT:New Thread | OUTPUT:Repository Change | PROCESS:Decision Branch | PROCESS:Required Sequence | RESOURCE:Agent Resource | SAFETY:Prompt Injection Defense | TASK:Artifact Change,COMMUNICATION:Expert Role | CONSTRAINT:Evidence Grounding | CONSTRAINT:Quality Standard | CONSTRAINT:Scope Boundary | CONTEXT:Domain Context | CONTEXT:Repository Context | EVALUATION:Execution Check | EXAMPLE:Output Template | EXAMPLE:Technical Snippet | OUTPUT:Existing Thread Response | OUTPUT:Repository Change | PROCESS:Decision Branch | PROCESS:Required Sequence | RESOURCE:GitHub Interface | TASK:Artifact Change | TASK:Artifact Review | TASK:Evidence Investigation | TASK:Executable Validation | TASK:Work Item Management
rq3_243,8,9,2,CONSTRAINT:Quality Standard | CONSTRAINT:Scope Boundary | EVALUATION:Rule Conformance | EXAMPLE:Output Template | OUTPUT:Control Signal | OUTPUT:New Thread | PROCESS:Decision Branch | PROCESS:Work Delegation | RESOURCE:Local Workspace | TASK:Evidence Investigation,CONSTRAINT:Quality Standard | CONTEXT:Domain Context | CONTEXT:Historical Context | EVALUATION:Rule Conformance | EXAMPLE:Output Template | EXAMPLE:Technical Snippet | OUTPUT:New Thread | PROCESS:Decision Branch | PROCESS:Required Sequence | PROCESS:Within-Run Iteration | PROCESS:Work Delegation | RESOURCE:Agent Resource | RESOURCE:GitHub Interface | RESOURCE:Local Workspace | TASK:Artifact Review | TASK:Evidence Investigation | TASK:Work Item Management
rq3_244,6,6,5,COMMUNICATION:Expert Role | CONSTRAINT:Quality Standard | CONTEXT:Repository Context | EVALUATION:Rule Conformance | EXAMPLE:Output Template | OUTPUT:New Thread | PROCESS:Decision Branch | PROCESS:Required Sequence | RESOURCE:Agent Resource | RESOURCE:Local Workspace | TASK:Artifact Review,COMMUNICATION:Expert Role | CONSTRAINT:Quality Standard | CONSTRAINT:Scope Boundary | CONTEXT:Execution Environment | CONTEXT:Repository Context | EXAMPLE:Output Template | EXAMPLE:Technical Snippet | OUTPUT:Repository Change | PROCESS:Required Sequence | TASK:Artifact Change | TASK:Artifact Review | TASK:Evidence Investigation
rq3_245,14,7,0,CONSTRAINT:Evidence Grounding | CONSTRAINT:Scope Boundary | CONTEXT:Repository Context | EVALUATION:Execution Check | EVALUATION:Rule Conformance | EXAMPLE:Output Template | OUTPUT:Existing Thread Response | OUTPUT:Repository Change | PROCESS:Decision Branch | PROCESS:Required Sequence | PROCESS:Within-Run Iteration | RESOURCE:GitHub Interface | RESOURCE:Local Workspace | TASK:Artifact Change,COMMUNICATION:Expert Role | CONSTRAINT:Evidence Grounding | CONSTRAINT:Quality Standard | CONSTRAINT:Scope Boundary | CONTEXT:Domain Context | CONTEXT:Execution Environment | CONTEXT:Repository Context | EVALUATION:Execution Check | EVALUATION:Rule Conformance | EXAMPLE:Output Template | EXAMPLE:Technical Snippet | OUTPUT:Existing Thread Response | OUTPUT:Repository Change | PROCESS:Decision Branch | PROCESS:Required Sequence | PROCESS:Within-Run Iteration | RESOURCE:GitHub Interface | RESOURCE:Local Workspace | TASK:Artifact Change | TASK:Evidence Investigation | TASK:Executable Validation
rq3_246,13,4,3,COMMUNICATION:Automation Disclosure | COMMUNICATION:Expert Role | CONSTRAINT:Evidence Grounding | CONTEXT:Domain Context | CONTEXT:Repository Context | EVALUATION:Risk Assessment | EVALUATION:Rule Conformance | EXAMPLE:Output Template | EXAMPLE:Technical Snippet | OUTPUT:Control Signal | OUTPUT:New Thread | PROCESS:Decision Branch | PROCESS:Required Sequence | PROCESS:Within-Run Iteration | RESOURCE:Local Workspace | TASK:Artifact Review,COMMUNICATION:Expert Role | CONSTRAINT:Scope Boundary | CONTEXT:Domain Context | CONTEXT:Repository Context | EVALUATION:Risk Assessment | EVALUATION:Rule Conformance | EXAMPLE:Output Template | EXAMPLE:Technical Snippet | OUTPUT:Control Signal | OUTPUT:Repository Change | PROCESS:Decision Branch | PROCESS:Required Sequence | PROCESS:Within-Run Iteration | RESOURCE:GitHub Interface | RESOURCE:Local Workspace | TASK:Artifact Review | TASK:Evidence Investigation
rq3_247,5,4,5,CONSTRAINT:Quality Standard | CONTEXT:Execution Environment | EVALUATION:Execution Check | EXAMPLE:Output Template | OUTPUT:Control Signal | OUTPUT:Existing Thread Response | PROCESS:Decision Branch | PROCESS:Required Sequence | RESOURCE:Local Workspace | TASK:Work Item Management,CONSTRAINT:Scope Boundary | OUTPUT:Existing Thread Response | PROCESS:Decision Branch | PROCESS:Required Sequence | RESOURCE:GitHub Interface | RESOURCE:Local Workspace | TASK:Artifact Change | TASK:Evidence Investigation | TASK:Work Item Management
rq3_248,10,2,7,COMMUNICATION:Audience Voice | COMMUNICATION:Automation Disclosure | CONSTRAINT:Quality Standard | CONSTRAINT:Resource Budget | CONTEXT:Execution Environment | CONTEXT:Repository Context | EVALUATION:Risk Assessment | EVALUATION:Rule Conformance | EXAMPLE:Output Template | OUTPUT:Control Signal | OUTPUT:Existing Thread Response | PROCESS:Cross-Run Memory | PROCESS:Decision Branch | PROCESS:Required Sequence | RESOURCE:GitHub Interface | RESOURCE:Local Workspace | TASK:Evidence Investigation,CONSTRAINT:Resource Budget | CONTEXT:Repository Context | EVALUATION:Rule Conformance | OUTPUT:Control Signal | OUTPUT:Repository Change | PROCESS:Cross-Run Memory | PROCESS:Decision Branch | PROCESS:Required Sequence | RESOURCE:GitHub Interface | RESOURCE:Local Workspace | TASK:Artifact Change | TASK:Evidence Investigation
rq3_249,7,5,3,CONSTRAINT:Resource Budget | EVALUATION:Execution Check | EVALUATION:Rule Conformance | EXAMPLE:Output Template | OUTPUT:Existing Thread Response | OUTPUT:Repository Change | PROCESS:Required Sequence | RESOURCE:Local Workspace | TASK:Artifact Change | TASK:Executable Validation,CONSTRAINT:Scope Boundary | CONTEXT:Domain Context | CONTEXT:Execution Environment | CONTEXT:Repository Context | EVALUATION:Execution Check | EVALUATION:Rule Conformance | EXAMPLE:Technical Snippet | OUTPUT:Existing Thread Response | OUTPUT:Repository Change | PROCESS:Required Sequence | RESOURCE:Local Workspace | TASK:Artifact Change
rq3_251,12,5,5,CONSTRAINT:Evidence Grounding | CONSTRAINT:Quality Standard | CONSTRAINT:Scope Boundary | CONTEXT:Repository Context | EVALUATION:Risk Assessment | EVALUATION:Rule Conformance | EXAMPLE:Output Template | OUTPUT:Control Signal | OUTPUT:Existing Thread Response | PROCESS:Cross-Run Memory | PROCESS:Decision Branch | PROCESS:Required Sequence | RESOURCE:Agent Resource | RESOURCE:GitHub Interface | RESOURCE:Local Workspace | TASK:Artifact Review | TASK:Work Item Management,CONSTRAINT:Scope Boundary | CONTEXT:Domain Context | CONTEXT:Execution Environment | CONTEXT:Historical Context | CONTEXT:Repository Context | EVALUATION:Risk Assessment | EVALUATION:Rule Conformance | EXAMPLE:Output Template | EXAMPLE:Technical Snippet | OUTPUT:Existing Thread Response | PROCESS:Cross-Run Memory | PROCESS:Decision Branch | PROCESS:Required Sequence | RESOURCE:GitHub Interface | TASK:Artifact Review | TASK:Evidence Investigation | TASK:Work Item Management
rq3_252,3,4,2,EXAMPLE:Output Template | OUTPUT:Existing Thread Response | PROCESS:Decision Branch | PROCESS:Required Sequence | RESOURCE:GitHub Interface,CONTEXT:Repository Context | EXAMPLE:Technical Snippet | OUTPUT:Existing Thread Response | PROCESS:Decision Branch | PROCESS:Required Sequence | TASK:Artifact Change | TASK:Evidence Investigation
rq3_253,7,3,4,COMMUNICATION:Expert Role | CONSTRAINT:Quality Standard | CONSTRAINT:Scope Boundary | CONTEXT:Repository Context | EVALUATION:Risk Assessment | EXAMPLE:Output Template | OUTPUT:New Thread | PROCESS:Decision Branch | PROCESS:Required Sequence | RESOURCE:GitHub Interface | TASK:Evidence Investigation,CONSTRAINT:Quality Standard | CONSTRAINT:Scope Boundary | CONTEXT:Domain Context | CONTEXT:Repository Context | EXAMPLE:Output Template | EXAMPLE:Technical Snippet | OUTPUT:New Thread | PROCESS:Required Sequence | RESOURCE:GitHub Interface | TASK:Artifact Change
rq3_254,10,1,10,COMMUNICATION:Expert Role | CONSTRAINT:Evidence Grounding | CONSTRAINT:Quality Standard | CONSTRAINT:Scope Boundary | CONTEXT:Domain Context | CONTEXT:Execution Environment | CONTEXT:Repository Context | EVALUATION:Risk Assessment | EVALUATION:Rule Conformance | EXAMPLE:Output Template | EXAMPLE:Technical Snippet | EXAMPLE:Worked Case | OUTPUT:Control Signal | OUTPUT:New Thread | PROCESS:Decision Branch | PROCESS:Required Sequence | PROCESS:Within-Run Iteration | RESOURCE:Local Workspace | SAFETY:Execution Isolation | TASK:Artifact Review,CONSTRAINT:Scope Boundary | CONTEXT:Domain Context | CONTEXT:Repository Context | EVALUATION:Rule Conformance | OUTPUT:Control Signal | OUTPUT:New Thread | PROCESS:Decision Branch | PROCESS:Required Sequence | RESOURCE:GitHub Interface | RESOURCE:Local Workspace | TASK:Artifact Review
rq3_255,6,3,1,COMMUNICATION:Automation Disclosure | CONSTRAINT:Scope Boundary | OUTPUT:Repository Change | PROCESS:Decision Branch | PROCESS:Required Sequence | RESOURCE:Local Workspace | TASK:Artifact Change,CONSTRAINT:Scope Boundary | CONTEXT:Domain Context | CONTEXT:Repository Context | EXAMPLE:Technical Snippet | OUTPUT:Repository Change | PROCESS:Decision Branch | PROCESS:Required Sequence | RESOURCE:Local Workspace | TASK:Artifact Change
rq3_256,15,10,2,COMMUNICATION:Audience Voice | COMMUNICATION:Automation Disclosure | CONSTRAINT:Resource Budget | CONSTRAINT:Scope Boundary | CONTEXT:Repository Context | EVALUATION:Execution Check | EVALUATION:Rule Conformance | EXAMPLE:Output Template | OUTPUT:Existing Thread Response | OUTPUT:Repository Change | PROCESS:Cross-Run Memory | PROCESS:Decision Branch | PROCESS:Required Sequence | RESOURCE:Development Toolchain | RESOURCE:GitHub Interface | TASK:Artifact Change | TASK:Work Item Management,COMMUNICATION:Automation Disclosure | CONSTRAINT:Quality Standard | CONSTRAINT:Resource Budget | CONSTRAINT:Scope Boundary | CONTEXT:Domain Context | CONTEXT:Execution Environment | CONTEXT:Historical Context | CONTEXT:Repository Context | EVALUATION:Execution Check | EVALUATION:Rule Conformance | EXAMPLE:Technical Snippet | OUTPUT:Existing Thread Response | OUTPUT:Repository Change | PROCESS:Cross-Run Memory | PROCESS:Decision Branch | PROCESS:Required Sequence | PROCESS:Within-Run Iteration | RESOURCE:Development Toolchain | RESOURCE:GitHub Interface | RESOURCE:Local Workspace | TASK:Artifact Change | TASK:Artifact Review | TASK:Evidence Investigation | TASK:Executable Validation | TASK:Work Item Management
rq3_257,19,4,1,COMMUNICATION:Expert Role | CONSTRAINT:Evidence Grounding | CONSTRAINT:Quality Standard | CONSTRAINT:Scope Boundary | CONTEXT:Domain Context | CONTEXT:Execution Environment | CONTEXT:Historical Context | CONTEXT:Repository Context | EVALUATION:Risk Assessment | EVALUATION:Rule Conformance | EXAMPLE:Output Template | OUTPUT:Control Signal | OUTPUT:New Thread | PROCESS:Decision Branch | PROCESS:Required Sequence | PROCESS:Work Delegation | RESOURCE:Agent Resource | RESOURCE:GitHub Interface | RESOURCE:Local Workspace | TASK:Evidence Investigation,COMMUNICATION:Expert Role | CONSTRAINT:Evidence Grounding | CONSTRAINT:Quality Standard | CONSTRAINT:Scope Boundary | CONTEXT:Domain Context | CONTEXT:Execution Environment | CONTEXT:Historical Context | CONTEXT:Repository Context | EVALUATION:Risk Assessment | EVALUATION:Rule Conformance | EXAMPLE:Output Template | EXAMPLE:Technical Snippet | OUTPUT:Control Signal | OUTPUT:New Thread | PROCESS:Decision Branch | PROCESS:Required Sequence | PROCESS:Work Delegation | RESOURCE:GitHub Interface | RESOURCE:Local Workspace | TASK:Artifact Change | TASK:Artifact Review | TASK:Evidence Investigation | TASK:Work Item Management
rq3_258,8,4,7,COMMUNICATION:Audience Voice | COMMUNICATION:Automation Disclosure | CONSTRAINT:Evidence Grounding | CONSTRAINT:Quality Standard | CONSTRAINT:Resource Budget | CONSTRAINT:Scope Boundary | CONTEXT:Execution Environment | EXAMPLE:Output Template | OUTPUT:New Thread | OUTPUT:Standalone Artifact | PROCESS:Cross-Run Memory | PROCESS:Decision Branch | PROCESS:Required Sequence | RESOURCE:Local Workspace | TASK:Evidence Investigation,COMMUNICATION:Audience Voice | CONSTRAINT:Quality Standard | CONSTRAINT:Resource Budget | CONSTRAINT:Scope Boundary | CONTEXT:Execution Environment | CONTEXT:Repository Context | EXAMPLE:Technical Snippet | OUTPUT:New Thread | PROCESS:Required Sequence | RESOURCE:GitHub Interface | RESOURCE:Local Workspace | TASK:Artifact Change
rq3_259,11,5,0,COMMUNICATION:Expert Role | CONSTRAINT:Quality Standard | CONSTRAINT:Scope Boundary | OUTPUT:Control Signal | OUTPUT:Repository Change | PROCESS:Cross-Run Memory | PROCESS:Decision Branch | PROCESS:Required Sequence | RESOURCE:GitHub Interface | RESOURCE:Local Workspace | TASK:Artifact Change,COMMUNICATION:Expert Role | CONSTRAINT:Quality Standard | CONSTRAINT:Scope Boundary | CONTEXT:Domain Context | CONTEXT:Historical Context | CONTEXT:Repository Context | OUTPUT:Control Signal | OUTPUT:Repository Change | PROCESS:Cross-Run Memory | PROCESS:Decision Branch | PROCESS:Required Sequence | PROCESS:Within-Run Iteration | RESOURCE:GitHub Interface | RESOURCE:Local Workspace | TASK:Artifact Change | TASK:Work Item Management
rq3_260,6,5,0,CONSTRAINT:Quality Standard | CONTEXT:Repository Context | EVALUATION:Rule Conformance | OUTPUT:Control Signal | OUTPUT:Existing Thread Response | TASK:Artifact Review,CONSTRAINT:Quality Standard | CONSTRAINT:Scope Boundary | CONTEXT:Domain Context | CONTEXT:Execution Environment | CONTEXT:Repository Context | EVALUATION:Rule Conformance | OUTPUT:Control Signal | OUTPUT:Existing Thread Response | PROCESS:Work Delegation | RESOURCE:Local Workspace | TASK:Artifact Review
rq3_261,9,7,2,COMMUNICATION:Expert Role | CONSTRAINT:Quality Standard | CONSTRAINT:Scope Boundary | EVALUATION:Risk Assessment | OUTPUT:Existing Thread Response | PROCESS:Decision Branch | PROCESS:Required Sequence | RESOURCE:GitHub Interface | RESOURCE:Web Retrieval | SAFETY:Information Confidentiality | TASK:Artifact Review,COMMUNICATION:Expert Role | CONSTRAINT:Quality Standard | CONSTRAINT:Resource Budget | CONSTRAINT:Scope Boundary | CONTEXT:Domain Context | CONTEXT:Repository Context | EVALUATION:Risk Assessment | EVALUATION:Rule Conformance | EXAMPLE:Output Template | EXAMPLE:Technical Snippet | OUTPUT:Existing Thread Response | PROCESS:Required Sequence | RESOURCE:GitHub Interface | RESOURCE:Web Retrieval | TASK:Artifact Review | TASK:Evidence Investigation
rq3_262,11,5,1,CONSTRAINT:Quality Standard | CONTEXT:Execution Environment | EVALUATION:Execution Check | OUTPUT:Control Signal | OUTPUT:Existing Thread Response | PROCESS:Decision Branch | PROCESS:Required Sequence | RESOURCE:GitHub Interface | RESOURCE:Local Workspace | SAFETY:Execution Isolation | SAFETY:Prompt Injection Defense | TASK:Executable Validation,CONSTRAINT:Quality Standard | CONTEXT:Domain Context | CONTEXT:Execution Environment | CONTEXT:Historical Context | CONTEXT:Repository Context | EVALUATION:Execution Check | OUTPUT:Control Signal | OUTPUT:Existing Thread Response | PROCESS:Decision Branch | PROCESS:Required Sequence | RESOURCE:Development Toolchain | RESOURCE:GitHub Interface | RESOURCE:Local Workspace | SAFETY:Prompt Injection Defense | TASK:Executable Validation | TASK:Work Item Management
rq3_263,10,4,0,COMMUNICATION:Expert Role | CONSTRAINT:Quality Standard | CONTEXT:Domain Context | CONTEXT:Repository Context | EVALUATION:Rule Conformance | EXAMPLE:Output Template | OUTPUT:New Thread | PROCESS:Required Sequence | RESOURCE:Local Workspace | TASK:Artifact Review,COMMUNICATION:Expert Role | CONSTRAINT:Quality Standard | CONSTRAINT:Scope Boundary | CONTEXT:Domain Context | CONTEXT:Repository Context | EVALUATION:Rule Conformance | EXAMPLE:Output Template | EXAMPLE:Technical Snippet | OUTPUT:New Thread | PROCESS:Required Sequence | PROCESS:Within-Run Iteration | RESOURCE:Local Workspace | TASK:Artifact Review | TASK:Evidence Investigation
rq3_264,3,1,0,CONTEXT:Repository Context | OUTPUT:Control Signal | TASK:Work Item Management,CONTEXT:Repository Context | OUTPUT:Control Signal | RESOURCE:GitHub Interface | TASK:Work Item Management
rq3_265,18,4,3,COMMUNICATION:Automation Disclosure | COMMUNICATION:Expert Role | CONSTRAINT:Quality Standard | CONSTRAINT:Scope Boundary | CONTEXT:Execution Environment | CONTEXT:Repository Context | EVALUATION:Execution Check | EVALUATION:Risk Assessment | EVALUATION:Rule Conformance | EXAMPLE:Output Template | EXAMPLE:Technical Snippet | OUTPUT:Control Signal | OUTPUT:Repository Change | PROCESS:Decision Branch | PROCESS:Required Sequence | PROCESS:Within-Run Iteration | RESOURCE:Development Toolchain | RESOURCE:GitHub Interface | RESOURCE:Local Workspace | TASK:Artifact Change | TASK:Executable Validation,COMMUNICATION:Expert Role | CONSTRAINT:Quality Standard | CONSTRAINT:Scope Boundary | CONTEXT:Domain Context | CONTEXT:Execution Environment | CONTEXT:Repository Context | EVALUATION:Execution Check | EVALUATION:Rule Conformance | EXAMPLE:Output Template | EXAMPLE:Technical Snippet | OUTPUT:Repository Change | PROCESS:Decision Branch | PROCESS:Required Sequence | PROCESS:Within-Run Iteration | RESOURCE:Development Toolchain | RESOURCE:GitHub Interface | RESOURCE:Local Workspace | TASK:Artifact Change | TASK:Artifact Review | TASK:Evidence Investigation | TASK:Executable Validation | TASK:Work Item Management
rq3_266,15,2,5,COMMUNICATION:Automation Disclosure | CONSTRAINT:Scope Boundary | CONTEXT:Domain Context | CONTEXT:Execution Environment | CONTEXT:Repository Context | EVALUATION:Execution Check | EVALUATION:Risk Assessment | EVALUATION:Rule Conformance | OUTPUT:Control Signal | OUTPUT:Repository Change | OUTPUT:Standalone Artifact | PROCESS:Decision Branch | PROCESS:Required Sequence | PROCESS:Within-Run Iteration | RESOURCE:Agent Resource | RESOURCE:Development Toolchain | RESOURCE:Local Workspace | SAFETY:Execution Isolation | TASK:Artifact Change | TASK:Executable Validation,CONSTRAINT:Scope Boundary | CONTEXT:Domain Context | CONTEXT:Execution Environment | CONTEXT:Repository Context | EVALUATION:Execution Check | EXAMPLE:Technical Snippet | OUTPUT:Control Signal | OUTPUT:Repository Change | OUTPUT:Standalone Artifact | PROCESS:Decision Branch | PROCESS:Required Sequence | RESOURCE:Development Toolchain | RESOURCE:Local Workspace | SAFETY:Execution Isolation | TASK:Artifact Change | TASK:Executable Validation | TASK:Work Item Management
rq3_267,8,5,2,COMMUNICATION:Expert Role | CONSTRAINT:Quality Standard | EVALUATION:Rule Conformance | EXAMPLE:Output Template | OUTPUT:New Thread | PROCESS:Decision Branch | PROCESS:Required Sequence | RESOURCE:Local Workspace | TASK:Artifact Review | TASK:Evidence Investigation,COMMUNICATION:Expert Role | CONSTRAINT:Scope Boundary | CONTEXT:Domain Context | CONTEXT:Repository Context | EXAMPLE:Output Template | EXAMPLE:Technical Snippet | OUTPUT:New Thread | PROCESS:Decision Branch | PROCESS:Required Sequence | RESOURCE:GitHub Interface | RESOURCE:Local Workspace | TASK:Artifact Review | TASK:Evidence Investigation
rq3_268,12,2,6,COMMUNICATION:Audience Voice | COMMUNICATION:Expert Role | CONSTRAINT:Evidence Grounding | CONSTRAINT:Quality Standard | CONSTRAINT:Resource Budget | CONSTRAINT:Scope Boundary | CONTEXT:Domain Context | CONTEXT:Repository Context | EVALUATION:Risk Assessment | EVALUATION:Rule Conformance | EXAMPLE:Output Template | OUTPUT:Existing Thread Response | PROCESS:Decision Branch | PROCESS:Required Sequence | PROCESS:Within-Run Iteration | RESOURCE:GitHub Interface | RESOURCE:Web Retrieval | TASK:Artifact Review,COMMUNICATION:Expert Role | CONSTRAINT:Quality Standard | CONSTRAINT:Resource Budget | CONTEXT:Domain Context | CONTEXT:Repository Context | EVALUATION:Rule Conformance | EXAMPLE:Technical Snippet | OUTPUT:Existing Thread Response | PROCESS:Decision Branch | PROCESS:Required Sequence | RESOURCE:GitHub Interface | RESOURCE:Web Retrieval | TASK:Artifact Review | TASK:Evidence Investigation
rq3_269,11,4,7,COMMUNICATION:Audience Voice | COMMUNICATION:Automation Disclosure | CONSTRAINT:Evidence Grounding | CONSTRAINT:Quality Standard | CONSTRAINT:Scope Boundary | CONTEXT:Execution Environment | CONTEXT:Repository Context | EVALUATION:Risk Assessment | EVALUATION:Rule Conformance | EXAMPLE:Output Template | EXAMPLE:Technical Snippet | OUTPUT:Repository Change | PROCESS:Decision Branch | PROCESS:Required Sequence | PROCESS:Within-Run Iteration | RESOURCE:GitHub Interface | RESOURCE:Local Workspace | TASK:Artifact Change,COMMUNICATION:Expert Role | CONSTRAINT:Quality Standard | CONSTRAINT:Scope Boundary | CONTEXT:Domain Context | CONTEXT:Repository Context | EXAMPLE:Output Template | EXAMPLE:Technical Snippet | OUTPUT:Repository Change | PROCESS:Decision Branch | PROCESS:Required Sequence | RESOURCE:GitHub Interface | RESOURCE:Local Workspace | TASK:Artifact Change | TASK:Artifact Review | TASK:Evidence Investigation
rq3_270,9,4,2,COMMUNICATION:Expert Role | CONSTRAINT:Quality Standard | CONSTRAINT:Resource Budget | CONSTRAINT:Scope Boundary | CONTEXT:Repository Context | OUTPUT:Repository Change | PROCESS:Required Sequence | RESOURCE:Local Workspace | TASK:Artifact Change | TASK:Artifact Review | TASK:Evidence Investigation,CONSTRAINT:Quality Standard | CONSTRAINT:Resource Budget | CONSTRAINT:Scope Boundary | CONTEXT:Domain Context | CONTEXT:Execution Environment | CONTEXT:Historical Context | CONTEXT:Repository Context | OUTPUT:Repository Change | PROCESS:Required Sequence | RESOURCE:Local Workspace | SAFETY:Execution Isolation | TASK:Artifact Change | TASK:Evidence Investigation
rq3_271,14,3,10,COMMUNICATION:Audience Voice | COMMUNICATION:Automation Disclosure | CONSTRAINT:Evidence Grounding | CONSTRAINT:Quality Standard | CONSTRAINT:Resource Budget | CONSTRAINT:Scope Boundary | CONTEXT:Domain Context | CONTEXT:Repository Context | EVALUATION:Evidence Credibility | EVALUATION:Execution Check | EVALUATION:Rule Conformance | EXAMPLE:Output Template | OUTPUT:Control Signal | OUTPUT:Existing Thread Response | OUTPUT:New Thread | PROCESS:Cross-Run Memory | PROCESS:Decision Branch | PROCESS:Required Sequence | RESOURCE:GitHub Interface | RESOURCE:Local Workspace | SAFETY:Information Confidentiality | SAFETY:Prompt Injection Defense | TASK:Evidence Investigation | TASK:Work Item Management,CONSTRAINT:Scope Boundary | CONTEXT:Domain Context | CONTEXT:Execution Environment | CONTEXT:Historical Context | CONTEXT:Repository Context | OUTPUT:Control Signal | OUTPUT:Existing Thread Response | OUTPUT:New Thread | PROCESS:Cross-Run Memory | PROCESS:Decision Branch | PROCESS:Required Sequence | RESOURCE:GitHub Interface | RESOURCE:Local Workspace | SAFETY:Information Confidentiality | TASK:Artifact Change | TASK:Evidence Investigation | TASK:Work Item Management
rq3_272,6,3,3,COMMUNICATION:Audience Voice | CONSTRAINT:Quality Standard | CONSTRAINT:Scope Boundary | OUTPUT:Control Signal | OUTPUT:Existing Thread Response | PROCESS:Decision Branch | RESOURCE:GitHub Interface | TASK:Evidence Investigation | TASK:Work Item Management,CONSTRAINT:Quality Standard | CONSTRAINT:Scope Boundary | CONTEXT:Repository Context | OUTPUT:Existing Thread Response | PROCESS:Decision Branch | PROCESS:Required Sequence | PROCESS:Within-Run Iteration | RESOURCE:GitHub Interface | TASK:Work Item Management
rq3_273,11,2,6,COMMUNICATION:Audience Voice | COMMUNICATION:Automation Disclosure | COMMUNICATION:Expert Role | CONSTRAINT:Quality Standard | CONSTRAINT:Scope Boundary | CONTEXT:Domain Context | CONTEXT:Repository Context | EVALUATION:Rule Conformance | OUTPUT:Repository Change | PROCESS:Cross-Run Memory | PROCESS:Decision Branch | PROCESS:Required Sequence | PROCESS:Within-Run Iteration | RESOURCE:GitHub Interface | RESOURCE:Local Workspace | TASK:Artifact Change | TASK:Work Item Management,COMMUNICATION:Expert Role | CONSTRAINT:Quality Standard | CONSTRAINT:Scope Boundary | CONTEXT:Domain Context | CONTEXT:Repository Context | EXAMPLE:Technical Snippet | OUTPUT:Repository Change | PROCESS:Decision Branch | PROCESS:Required Sequence | PROCESS:Within-Run Iteration | RESOURCE:Local Workspace | TASK:Artifact Change | TASK:Evidence Investigation
rq3_275,1,0,1,CONSTRAINT:Quality Standard | TASK:Evidence Investigation,TASK:Evidence Investigation
rq3_276,20,4,4,COMMUNICATION:Automation Disclosure | CONSTRAINT:Evidence Grounding | CONSTRAINT:Quality Standard | CONTEXT:Domain Context | CONTEXT:Execution Environment | CONTEXT:Repository Context | EVALUATION:Evidence Credibility | EVALUATION:Risk Assessment | EVALUATION:Rule Conformance | EXAMPLE:Output Template | EXAMPLE:Technical Snippet | OUTPUT:New Thread | OUTPUT:Repository Change | PROCESS:Cross-Run Memory | PROCESS:Decision Branch | PROCESS:Required Sequence | PROCESS:Within-Run Iteration | PROCESS:Work Delegation | RESOURCE:Agent Resource | RESOURCE:GitHub Interface | RESOURCE:Local Workspace | TASK:Artifact Change | TASK:Artifact Review | TASK:Evidence Investigation,COMMUNICATION:Expert Role | CONSTRAINT:Quality Standard | CONSTRAINT:Scope Boundary | CONTEXT:Domain Context | CONTEXT:Execution Environment | CONTEXT:Historical Context | CONTEXT:Repository Context | EVALUATION:Rule Conformance | EXAMPLE:Output Template | EXAMPLE:Technical Snippet | OUTPUT:New Thread | OUTPUT:Repository Change | PROCESS:Cross-Run Memory | PROCESS:Decision Branch | PROCESS:Required Sequence | PROCESS:Within-Run Iteration | PROCESS:Work Delegation | RESOURCE:Agent Resource | RESOURCE:GitHub Interface | RESOURCE:Local Workspace | TASK:Artifact Change | TASK:Artifact Review | TASK:Evidence Investigation | TASK:Work Item Management
rq3_277,9,2,10,CONSTRAINT:Evidence Grounding | CONSTRAINT:Quality Standard | CONSTRAINT:Resource Budget | CONSTRAINT:Scope Boundary | CONTEXT:Domain Context | CONTEXT:Execution Environment | EVALUATION:Risk Assessment | EVALUATION:Rule Conformance | OUTPUT:Repository Change | PROCESS:Cross-Run Memory | PROCESS:Decision Branch | PROCESS:Required Sequence | PROCESS:Within-Run Iteration | RESOURCE:Development Toolchain | RESOURCE:Local Workspace | RESOURCE:Web Retrieval | TASK:Artifact Change | TASK:Evidence Investigation | TASK:Executable Validation,CONSTRAINT:Resource Budget | CONSTRAINT:Scope Boundary | CONTEXT:Domain Context | CONTEXT:Execution Environment | CONTEXT:Repository Context | OUTPUT:Repository Change | PROCESS:Decision Branch | PROCESS:Required Sequence | RESOURCE:GitHub Interface | RESOURCE:Local Workspace | TASK:Artifact Change
rq3_278,11,2,13,COMMUNICATION:Automation Disclosure | CONSTRAINT:Evidence Grounding | CONSTRAINT:Quality Standard | CONSTRAINT:Resource Budget | CONSTRAINT:Scope Boundary | CONTEXT:Domain Context | CONTEXT:Execution Environment | CONTEXT:Repository Context | EVALUATION:Evidence Credibility | EVALUATION:Risk Assessment | EVALUATION:Rule Conformance | EXAMPLE:Technical Snippet | EXAMPLE:Worked Case | OUTPUT:Existing Thread Response | OUTPUT:Repository Change | PROCESS:Decision Branch | PROCESS:Required Sequence | PROCESS:Within-Run Iteration | RESOURCE:Agent Resource | RESOURCE:GitHub Interface | RESOURCE:Local Workspace | TASK:Artifact Change | TASK:Artifact Review | TASK:Work Item Management,CONSTRAINT:Evidence Grounding | CONSTRAINT:Scope Boundary | CONTEXT:Domain Context | CONTEXT:Execution Environment | CONTEXT:Repository Context | OUTPUT:Control Signal | OUTPUT:Repository Change | PROCESS:Decision Branch | PROCESS:Required Sequence | RESOURCE:GitHub Interface | RESOURCE:Local Workspace | TASK:Artifact Change | TASK:Evidence Investigation
rq3_279,8,2,7,CONSTRAINT:Evidence Grounding | CONSTRAINT:Quality Standard | CONSTRAINT:Scope Boundary | EVALUATION:Risk Assessment | EVALUATION:Rule Conformance | EXAMPLE:Output Template | EXAMPLE:Worked Case | OUTPUT:Control Signal | OUTPUT:New Thread | PROCESS:Decision Branch | PROCESS:Required Sequence | PROCESS:Within-Run Iteration | RESOURCE:GitHub Interface | RESOURCE:Local Workspace | TASK:Artifact Review,CONSTRAINT:Scope Boundary | CONTEXT:Repository Context | EVALUATION:Rule Conformance | EXAMPLE:Output Template | OUTPUT:Control Signal | OUTPUT:New Thread | PROCESS:Decision Branch | PROCESS:Required Sequence | RESOURCE:Local Workspace | TASK:Evidence Investigation
rq3_280,11,6,1,CONSTRAINT:Evidence Grounding | CONSTRAINT:Quality Standard | CONSTRAINT:Resource Budget | CONSTRAINT:Scope Boundary | CONTEXT:Repository Context | EVALUATION:Rule Conformance | EXAMPLE:Output Template | OUTPUT:Control Signal | OUTPUT:Existing Thread Response | PROCESS:Decision Branch | PROCESS:Required Sequence | TASK:Artifact Review,CONSTRAINT:Evidence Grounding | CONSTRAINT:Quality Standard | CONSTRAINT:Scope Boundary | CONTEXT:Domain Context | CONTEXT:Execution Environment | CONTEXT:Repository Context | EVALUATION:Rule Conformance | EXAMPLE:Output Template | EXAMPLE:Technical Snippet | OUTPUT:Control Signal | OUTPUT:Existing Thread Response | PROCESS:Decision Branch | PROCESS:Required Sequence | RESOURCE:GitHub Interface | RESOURCE:Local Workspace | TASK:Artifact Review | TASK:Evidence Investigation
rq3_281,11,0,13,COMMUNICATION:Expert Role | CONSTRAINT:Quality Standard | CONSTRAINT:Resource Budget | CONSTRAINT:Scope Boundary | CONTEXT:Domain Context | CONTEXT:Repository Context | EVALUATION:Evidence Credibility | EVALUATION:Risk Assessment | EVALUATION:Rule Conformance | EXAMPLE:Output Template | EXAMPLE:Technical Snippet | EXAMPLE:Worked Case | OUTPUT:Control Signal | OUTPUT:New Thread | PROCESS:Cross-Run Memory | PROCESS:Decision Branch | PROCESS:Required Sequence | PROCESS:Within-Run Iteration | RESOURCE:GitHub Interface | RESOURCE:Local Workspace | SAFETY:Information Confidentiality | SAFETY:Vulnerability Handling | TASK:Artifact Review | TASK:Evidence Investigation,COMMUNICATION:Expert Role | CONSTRAINT:Scope Boundary | CONTEXT:Domain Context | CONTEXT:Repository Context | OUTPUT:Control Signal | OUTPUT:New Thread | PROCESS:Decision Branch | PROCESS:Required Sequence | RESOURCE:GitHub Interface | TASK:Artifact Review | TASK:Evidence Investigation
rq3_282,13,6,4,COMMUNICATION:Expert Role | CONSTRAINT:Evidence Grounding | CONSTRAINT:Quality Standard | CONSTRAINT:Scope Boundary | CONTEXT:Execution Environment | CONTEXT:Repository Context | EVALUATION:Evidence Credibility | EVALUATION:Risk Assessment | EVALUATION:Rule Conformance | EXAMPLE:Worked Case | OUTPUT:Control Signal | OUTPUT:Existing Thread Response | PROCESS:Decision Branch | PROCESS:Required Sequence | RESOURCE:GitHub Interface | SAFETY:Vulnerability Handling | TASK:Artifact Review,COMMUNICATION:Expert Role | CONSTRAINT:Quality Standard | CONSTRAINT:Resource Budget | CONSTRAINT:Scope Boundary | CONTEXT:Domain Context | CONTEXT:Repository Context | EVALUATION:Rule Conformance | EXAMPLE:Technical Snippet | EXAMPLE:Worked Case | OUTPUT:Control Signal | OUTPUT:Existing Thread Response | OUTPUT:Repository Change | PROCESS:Decision Branch | PROCESS:Required Sequence | RESOURCE:GitHub Interface | SAFETY:Vulnerability Handling | TASK:Artifact Change | TASK:Artifact Review | TASK:Evidence Investigation
rq3_283,9,6,4,COMMUNICATION:Expert Role | CONTEXT:Execution Environment | CONTEXT:Historical Context | CONTEXT:Repository Context | EVALUATION:Execution Check | EVALUATION:Rule Conformance | EXAMPLE:Output Template | EXAMPLE:Technical Snippet | OUTPUT:New Thread | OUTPUT:Standalone Artifact | PROCESS:Decision Branch | PROCESS:Required Sequence | TASK:Evidence Investigation,COMMUNICATION:Expert Role | CONSTRAINT:Scope Boundary | CONTEXT:Execution Environment | CONTEXT:Repository Context | EVALUATION:Execution Check | EXAMPLE:Technical Snippet | OUTPUT:New Thread | OUTPUT:Standalone Artifact | PROCESS:Decision Branch | PROCESS:Required Sequence | PROCESS:Within-Run Iteration | RESOURCE:GitHub Interface | RESOURCE:Local Workspace | TASK:Artifact Change | TASK:Executable Validation
rq3_284,7,4,4,CONSTRAINT:Evidence Grounding | CONSTRAINT:Scope Boundary | CONTEXT:Repository Context | EVALUATION:Rule Conformance | OUTPUT:Control Signal | OUTPUT:New Thread | PROCESS:Decision Branch | PROCESS:Required Sequence | PROCESS:Within-Run Iteration | RESOURCE:GitHub Interface | TASK:Evidence Investigation,CONSTRAINT:Resource Budget | CONSTRAINT:Scope Boundary | CONTEXT:Domain Context | CONTEXT:Repository Context | EXAMPLE:Technical Snippet | OUTPUT:Repository Change | PROCESS:Decision Branch | PROCESS:Required Sequence | PROCESS:Within-Run Iteration | RESOURCE:GitHub Interface | TASK:Evidence Investigation
rq3_285,11,4,3,COMMUNICATION:Expert Role | CONSTRAINT:Evidence Grounding | CONSTRAINT:Quality Standard | CONTEXT:Domain Context | CONTEXT:Execution Environment | EVALUATION:Risk Assessment | EXAMPLE:Output Template | EXAMPLE:Technical Snippet | OUTPUT:New Thread | PROCESS:Cross-Run Memory | PROCESS:Decision Branch | PROCESS:Required Sequence | RESOURCE:Local Workspace | TASK:Evidence Investigation,CONSTRAINT:Quality Standard | CONSTRAINT:Scope Boundary | CONTEXT:Domain Context | CONTEXT:Execution Environment | CONTEXT:Historical Context | EXAMPLE:Output Template | EXAMPLE:Technical Snippet | OUTPUT:New Thread | PROCESS:Cross-Run Memory | PROCESS:Decision Branch | PROCESS:Required Sequence | RESOURCE:Development Toolchain | RESOURCE:Local Workspace | TASK:Artifact Change | TASK:Evidence Investigation
rq3_286,11,2,7,COMMUNICATION:Audience Voice | COMMUNICATION:Expert Role | CONSTRAINT:Evidence Grounding | CONSTRAINT:Quality Standard | CONSTRAINT:Resource Budget | CONSTRAINT:Scope Boundary | CONTEXT:Repository Context | EVALUATION:Risk Assessment | EVALUATION:Rule Conformance | EXAMPLE:Output Template | EXAMPLE:Worked Case | OUTPUT:Existing Thread Response | PROCESS:Decision Branch | PROCESS:Required Sequence | PROCESS:Within-Run Iteration | RESOURCE:GitHub Interface | RESOURCE:Web Retrieval | TASK:Artifact Review,COMMUNICATION:Expert Role | CONSTRAINT:Quality Standard | CONSTRAINT:Resource Budget | CONSTRAINT:Scope Boundary | CONTEXT:Domain Context | CONTEXT:Repository Context | EVALUATION:Rule Conformance | OUTPUT:Existing Thread Response | OUTPUT:Repository Change | PROCESS:Required Sequence | RESOURCE:GitHub Interface | RESOURCE:Web Retrieval | TASK:Artifact Review
rq3_287,8,3,5,COMMUNICATION:Audience Voice | COMMUNICATION:Expert Role | CONSTRAINT:Quality Standard | CONSTRAINT:Resource Budget | CONSTRAINT:Scope Boundary | CONTEXT:Domain Context | EXAMPLE:Output Template | OUTPUT:Repository Change | PROCESS:Decision Branch | PROCESS:Required Sequence | RESOURCE:Agent Resource | RESOURCE:Local Workspace | TASK:Artifact Change,CONSTRAINT:Quality Standard | CONSTRAINT:Resource Budget | CONSTRAINT:Scope Boundary | CONTEXT:Repository Context | OUTPUT:Control Signal | OUTPUT:Repository Change | PROCESS:Decision Branch | PROCESS:Required Sequence | RESOURCE:GitHub Interface | RESOURCE:Local Workspace | TASK:Artifact Change
rq3_288,14,6,6,COMMUNICATION:Expert Role | CONSTRAINT:Evidence Grounding | CONSTRAINT:Quality Standard | CONSTRAINT:Resource Budget | CONSTRAINT:Scope Boundary | CONTEXT:Execution Environment | CONTEXT:Repository Context | EVALUATION:Rule Conformance | EXAMPLE:Output Template | EXAMPLE:Technical Snippet | OUTPUT:Existing Thread Response | OUTPUT:New Thread | OUTPUT:Repository Change | PROCESS:Decision Branch | PROCESS:Required Sequence | RESOURCE:Agent Resource | RESOURCE:GitHub Interface | RESOURCE:Local Workspace | SAFETY:Execution Isolation | TASK:Evidence Investigation,COMMUNICATION:Expert Role | CONSTRAINT:Quality Standard | CONSTRAINT:Resource Budget | CONSTRAINT:Scope Boundary | CONTEXT:Domain Context | CONTEXT:Execution Environment | CONTEXT:Historical Context | CONTEXT:Repository Context | EXAMPLE:Output Template | EXAMPLE:Technical Snippet | OUTPUT:New Thread | PROCESS:Decision Branch | PROCESS:Required Sequence | PROCESS:Within-Run Iteration | PROCESS:Work Delegation | RESOURCE:Agent Resource | RESOURCE:Local Workspace | RESOURCE:Web Retrieval | TASK:Artifact Change | TASK:Evidence Investigation
rq3_289,10,6,5,CONSTRAINT:Evidence Grounding | CONSTRAINT:Quality Standard | CONSTRAINT:Resource Budget | CONSTRAINT:Scope Boundary | EVALUATION:Execution Check | EVALUATION:Risk Assessment | OUTPUT:Control Signal | OUTPUT:Repository Change | PROCESS:Decision Branch | PROCESS:Required Sequence | RESOURCE:Development Toolchain | RESOURCE:GitHub Interface | RESOURCE:Local Workspace | TASK:Artifact Change | TASK:Executable Validation,COMMUNICATION:Expert Role | CONSTRAINT:Quality Standard | CONSTRAINT:Scope Boundary | CONTEXT:Domain Context | CONTEXT:Execution Environment | CONTEXT:Repository Context | EVALUATION:Execution Check | EXAMPLE:Technical Snippet | OUTPUT:Control Signal | OUTPUT:Repository Change | PROCESS:Required Sequence | RESOURCE:Development Toolchain | RESOURCE:Local Workspace | TASK:Artifact Change | TASK:Evidence Investigation | TASK:Executable Validation
rq3_290,10,4,5,CONSTRAINT:Quality Standard | CONSTRAINT:Resource Budget | CONSTRAINT:Scope Boundary | CONTEXT:Repository Context | EVALUATION:Risk Assessment | EVALUATION:Rule Conformance | OUTPUT:Control Signal | OUTPUT:New Thread | PROCESS:Decision Branch | PROCESS:Required Sequence | PROCESS:Within-Run Iteration | RESOURCE:GitHub Interface | RESOURCE:Web Retrieval | SAFETY:Vulnerability Handling | TASK:Evidence Investigation,CONSTRAINT:Quality Standard | CONSTRAINT:Resource Budget | CONTEXT:Domain Context | CONTEXT:Repository Context | OUTPUT:Control Signal | OUTPUT:Repository Change | PROCESS:Decision Branch | PROCESS:Required Sequence | PROCESS:Within-Run Iteration | RESOURCE:GitHub Interface | RESOURCE:Web Retrieval | TASK:Artifact Change | TASK:Evidence Investigation | TASK:Work Item Management
rq3_291,9,3,4,COMMUNICATION:Expert Role | CONSTRAINT:Evidence Grounding | CONSTRAINT:Quality Standard | CONSTRAINT:Resource Budget | CONSTRAINT:Scope Boundary | CONTEXT:Execution Environment | CONTEXT:Repository Context | EVALUATION:Risk Assessment | EXAMPLE:Output Template | OUTPUT:Existing Thread Response | PROCESS:Decision Branch | PROCESS:Required Sequence | TASK:Evidence Investigation,COMMUNICATION:Expert Role | CONSTRAINT:Evidence Grounding | CONSTRAINT:Quality Standard | CONTEXT:Domain Context | CONTEXT:Repository Context | EVALUATION:Risk Assessment | EXAMPLE:Output Template | EXAMPLE:Technical Snippet | OUTPUT:Existing Thread Response | PROCESS:Required Sequence | RESOURCE:GitHub Interface | TASK:Evidence Investigation
rq3_292,8,5,2,CONSTRAINT:Quality Standard | CONSTRAINT:Scope Boundary | EVALUATION:Rule Conformance | EXAMPLE:Output Template | OUTPUT:New Thread | PROCESS:Decision Branch | PROCESS:Required Sequence | RESOURCE:GitHub Interface | RESOURCE:Web Retrieval | TASK:Evidence Investigation,CONSTRAINT:Scope Boundary | CONTEXT:Domain Context | EXAMPLE:Output Template | EXAMPLE:Technical Snippet | OUTPUT:Control Signal | OUTPUT:New Thread | PROCESS:Decision Branch | PROCESS:Required Sequence | RESOURCE:GitHub Interface | RESOURCE:Web Retrieval | TASK:Artifact Change | TASK:Artifact Review | TASK:Evidence Investigation
rq3_293,15,3,7,COMMUNICATION:Audience Voice | COMMUNICATION:Automation Disclosure | COMMUNICATION:Expert Role | CONSTRAINT:Evidence Grounding | CONSTRAINT:Quality Standard | CONSTRAINT:Resource Budget | CONSTRAINT:Scope Boundary | CONTEXT:Domain Context | CONTEXT:Repository Context | EVALUATION:Evidence Credibility | EVALUATION:Risk Assessment | EVALUATION:Rule Conformance | EXAMPLE:Output Template | OUTPUT:Control Signal | OUTPUT:Existing Thread Response | OUTPUT:New Thread | PROCESS:Cross-Run Memory | PROCESS:Decision Branch | PROCESS:Required Sequence | PROCESS:Within-Run Iteration | RESOURCE:GitHub Interface | TASK:Evidence Investigation,COMMUNICATION:Automation Disclosure | COMMUNICATION:Expert Role | CONSTRAINT:Resource Budget | CONTEXT:Domain Context | CONTEXT:Historical Context | CONTEXT:Repository Context | EVALUATION:Rule Conformance | EXAMPLE:Output Template | EXAMPLE:Technical Snippet | OUTPUT:Existing Thread Response | OUTPUT:New Thread | PROCESS:Cross-Run Memory | PROCESS:Decision Branch | PROCESS:Required Sequence | PROCESS:Within-Run Iteration | RESOURCE:GitHub Interface | TASK:Artifact Review | TASK:Evidence Investigation
rq3_294,14,1,9,COMMUNICATION:Audience Voice | COMMUNICATION:Automation Disclosure | CONSTRAINT:Evidence Grounding | CONSTRAINT:Quality Standard | CONSTRAINT:Scope Boundary | CONTEXT:Execution Environment | CONTEXT:Repository Context | EVALUATION:Execution Check | EVALUATION:Rule Conformance | OUTPUT:Existing Thread Response | OUTPUT:New Thread | OUTPUT:Repository Change | PROCESS:Decision Branch | PROCESS:Required Sequence | PROCESS:Within-Run Iteration | RESOURCE:Development Toolchain | RESOURCE:GitHub Interface | RESOURCE:Local Workspace | SAFETY:Execution Isolation | TASK:Artifact Change | TASK:Evidence Investigation | TASK:Executable Validation | TASK:Work Item Management,COMMUNICATION:Audience Voice | CONSTRAINT:Scope Boundary | CONTEXT:Repository Context | OUTPUT:Existing Thread Response | OUTPUT:New Thread | OUTPUT:Repository Change | PROCESS:Required Sequence | RESOURCE:Agent Resource | RESOURCE:Development Toolchain | RESOURCE:GitHub Interface | RESOURCE:Local Workspace | TASK:Artifact Change | TASK:Evidence Investigation | TASK:Executable Validation | TASK:Work Item Management
rq3_295,9,2,6,COMMUNICATION:Expert Role | CONSTRAINT:Scope Boundary | CONTEXT:Execution Environment | CONTEXT:Repository Context | EXAMPLE:Output Template | EXAMPLE:Technical Snippet | OUTPUT:Repository Change | OUTPUT:Standalone Artifact | PROCESS:Decision Branch | PROCESS:Required Sequence | RESOURCE:Agent Resource | RESOURCE:Development Toolchain | RESOURCE:GitHub Interface | TASK:Artifact Change | TASK:Evidence Investigation,CONSTRAINT:Scope Boundary | CONTEXT:Domain Context | CONTEXT:Repository Context | EXAMPLE:Output Template | EXAMPLE:Technical Snippet | OUTPUT:Repository Change | PROCESS:Required Sequence | RESOURCE:GitHub Interface | RESOURCE:Local Workspace | TASK:Artifact Change | TASK:Evidence Investigation
rq3_296,13,6,3,CONSTRAINT:Evidence Grounding | CONSTRAINT:Quality Standard | CONSTRAINT:Scope Boundary | CONTEXT:Repository Context | EXAMPLE:Output Template | EXAMPLE:Technical Snippet | OUTPUT:Control Signal | OUTPUT:New Thread | OUTPUT:Repository Change | PROCESS:Decision Branch | PROCESS:Required Sequence | RESOURCE:Agent Resource | RESOURCE:GitHub Interface | RESOURCE:Local Workspace | TASK:Artifact Change | TASK:Evidence Investigation,COMMUNICATION:Expert Role | CONSTRAINT:Scope Boundary | CONTEXT:Domain Context | CONTEXT:Historical Context | CONTEXT:Repository Context | EXAMPLE:Output Template | EXAMPLE:Technical Snippet | OUTPUT:Control Signal | OUTPUT:New Thread | OUTPUT:Repository Change | PROCESS:Cross-Run Memory | PROCESS:Decision Branch | PROCESS:Required Sequence | PROCESS:Within-Run Iteration | RESOURCE:GitHub Interface | RESOURCE:Local Workspace | TASK:Artifact Change | TASK:Evidence Investigation | TASK:Work Item Management
rq3_297,11,2,8,COMMUNICATION:Audience Voice | COMMUNICATION:Automation Disclosure | CONSTRAINT:Evidence Grounding | CONSTRAINT:Quality Standard | CONSTRAINT:Resource Budget | CONSTRAINT:Scope Boundary | CONTEXT:Domain Context | CONTEXT:Execution Environment | CONTEXT:Repository Context | EVALUATION:Evidence Credibility | EVALUATION:Rule Conformance | EXAMPLE:Output Template | EXAMPLE:Worked Case | OUTPUT:Control Signal | OUTPUT:New Thread | PROCESS:Decision Branch | PROCESS:Required Sequence | RESOURCE:Local Workspace | TASK:Evidence Investigation,CONSTRAINT:Evidence Grounding | CONSTRAINT:Scope Boundary | CONTEXT:Domain Context | CONTEXT:Execution Environment | CONTEXT:Repository Context | EXAMPLE:Output Template | EXAMPLE:Technical Snippet | OUTPUT:New Thread | PROCESS:Decision Branch | PROCESS:Required Sequence | RESOURCE:Local Workspace | TASK:Artifact Change | TASK:Evidence Investigation
