id,tp,fp,fn,reference_labels,predicted_labels
rq3_001,2,4,2,CONSTRAINT:Evidence Grounding | CONSTRAINT:Scope Boundary | EVALUATION:Execution Check | TASK:Artifact Change,CONSTRAINT:Evidence Grounding | OUTPUT:Repository Change | PROCESS:Required Sequence | TASK:Artifact Change | TASK:Evidence Investigation | TASK:Executable Validation
rq3_002,11,4,1,COMMUNICATION:Expert Role | CONSTRAINT:Scope Boundary | CONTEXT:Repository Context | EXAMPLE:Output Template | OUTPUT:Control Signal | OUTPUT:Existing Thread Response | PROCESS:Decision Branch | PROCESS:Required Sequence | RESOURCE:GitHub Interface | SAFETY:Information Confidentiality | SAFETY:Prompt Injection Defense | TASK:Artifact Review,COMMUNICATION:Expert Role | CONSTRAINT:Scope Boundary | CONTEXT:Domain Context | CONTEXT:Repository Context | EVALUATION:Risk Assessment | EVALUATION:Rule Conformance | OUTPUT:Control Signal | OUTPUT:Existing Thread Response | PROCESS:Decision Branch | PROCESS:Required Sequence | RESOURCE:GitHub Interface | RESOURCE:Web Retrieval | SAFETY:Information Confidentiality | SAFETY:Prompt Injection Defense | TASK:Artifact Review
rq3_003,12,4,4,COMMUNICATION:Expert Role | CONSTRAINT:Quality Standard | CONSTRAINT:Scope Boundary | CONTEXT:Historical Context | CONTEXT:Repository Context | EVALUATION:Evidence Credibility | EXAMPLE:Output Template | OUTPUT:Control Signal | OUTPUT:Existing Thread Response | PROCESS:Decision Branch | PROCESS:Required Sequence | RESOURCE:Agent Resource | RESOURCE:GitHub Interface | RESOURCE:Web Retrieval | SAFETY:Execution Isolation | TASK:Evidence Investigation,COMMUNICATION:Expert Role | CONSTRAINT:Evidence Grounding | CONSTRAINT:Quality Standard | CONSTRAINT:Scope Boundary | CONTEXT:Domain Context | CONTEXT:Repository Context | EVALUATION:Evidence Credibility | EXAMPLE:Output Template | EXAMPLE:Technical Snippet | OUTPUT:Existing Thread Response | PROCESS:Decision Branch | PROCESS:Required Sequence | RESOURCE:GitHub Interface | RESOURCE:Web Retrieval | TASK:Evidence Investigation | TASK:Work Item Management
rq3_004,10,2,1,CONSTRAINT:Quality Standard | CONSTRAINT:Scope Boundary | CONTEXT:Repository Context | OUTPUT:Control Signal | OUTPUT:New Thread | OUTPUT:Repository Change | PROCESS:Decision Branch | PROCESS:Required Sequence | RESOURCE:GitHub Interface | TASK:Artifact Change | TASK:Evidence Investigation,COMMUNICATION:Expert Role | CONSTRAINT:Quality Standard | CONSTRAINT:Scope Boundary | CONTEXT:Domain Context | CONTEXT:Repository Context | OUTPUT:Control Signal | OUTPUT:Repository Change | PROCESS:Decision Branch | PROCESS:Required Sequence | RESOURCE:GitHub Interface | TASK:Artifact Change | TASK:Evidence Investigation
rq3_005,9,3,3,CONSTRAINT:Quality Standard | CONSTRAINT:Scope Boundary | CONTEXT:Repository Context | EVALUATION:Execution Check | EXAMPLE:Output Template | OUTPUT:Existing Thread Response | OUTPUT:Repository Change | PROCESS:Decision Branch | PROCESS:Required Sequence | RESOURCE:Development Toolchain | TASK:Artifact Change | TASK:Evidence Investigation,CONSTRAINT:Scope Boundary | CONTEXT:Repository Context | OUTPUT:Existing Thread Response | OUTPUT:Repository Change | PROCESS:Decision Branch | PROCESS:Required Sequence | RESOURCE:Development Toolchain | RESOURCE:GitHub Interface | RESOURCE:Local Workspace | TASK:Artifact Change | TASK:Evidence Investigation | TASK:Executable Validation
rq3_006,10,8,2,CONSTRAINT:Scope Boundary | CONTEXT:Repository Context | EVALUATION:Execution Check | EVALUATION:Risk Assessment | EXAMPLE:Output Template | OUTPUT:Existing Thread Response | PROCESS:Cross-Run Memory | PROCESS:Decision Branch | PROCESS:Required Sequence | RESOURCE:Agent Resource | RESOURCE:GitHub Interface | TASK:Artifact Review,CONSTRAINT:Quality Standard | CONSTRAINT:Resource Budget | CONSTRAINT:Scope Boundary | CONTEXT:Domain Context | CONTEXT:Historical Context | CONTEXT:Repository Context | EVALUATION:Execution Check | EVALUATION:Rule Conformance | EXAMPLE:Output Template | EXAMPLE:Technical Snippet | OUTPUT:Existing Thread Response | PROCESS:Cross-Run Memory | PROCESS:Decision Branch | PROCESS:Required Sequence | RESOURCE:GitHub Interface | RESOURCE:Web Retrieval | TASK:Artifact Review | TASK:Evidence Investigation
rq3_007,3,2,3,CONTEXT:Execution Environment | EVALUATION:Execution Check | OUTPUT:New Thread | RESOURCE:Agent Resource | SAFETY:Execution Isolation | TASK:Executable Validation,CONTEXT:Domain Context | CONTEXT:Execution Environment | EVALUATION:Execution Check | EVALUATION:Rule Conformance | TASK:Executable Validation
rq3_008,14,1,6,COMMUNICATION:Automation Disclosure | COMMUNICATION:Expert Role | CONSTRAINT:Evidence Grounding | CONSTRAINT:Quality Standard | CONSTRAINT:Resource Budget | CONSTRAINT:Scope Boundary | CONTEXT:Execution Environment | CONTEXT:Repository Context | EVALUATION:Risk Assessment | EVALUATION:Rule Conformance | OUTPUT:Control Signal | OUTPUT:Existing Thread Response | PROCESS:Decision Branch | PROCESS:Required Sequence | PROCESS:Within-Run Iteration | RESOURCE:GitHub Interface | SAFETY:Execution Isolation | SAFETY:Information Confidentiality | SAFETY:Prompt Injection Defense | TASK:Artifact Review,COMMUNICATION:Expert Role | CONSTRAINT:Evidence Grounding | CONSTRAINT:Scope Boundary | CONTEXT:Domain Context | CONTEXT:Repository Context | OUTPUT:Control Signal | OUTPUT:Existing Thread Response | PROCESS:Decision Branch | PROCESS:Required Sequence | PROCESS:Within-Run Iteration | RESOURCE:GitHub Interface | SAFETY:Execution Isolation | SAFETY:Information Confidentiality | SAFETY:Prompt Injection Defense | TASK:Artifact Review
rq3_009,7,8,1,COMMUNICATION:Expert Role | CONSTRAINT:Quality Standard | CONSTRAINT:Resource Budget | CONSTRAINT:Scope Boundary | CONTEXT:Repository Context | OUTPUT:New Thread | PROCESS:Required Sequence | TASK:Evidence Investigation,COMMUNICATION:Expert Role | CONSTRAINT:Quality Standard | CONSTRAINT:Scope Boundary | CONTEXT:Domain Context | CONTEXT:Historical Context | CONTEXT:Repository Context | EVALUATION:Risk Assessment | OUTPUT:New Thread | PROCESS:Cross-Run Memory | PROCESS:Decision Branch | PROCESS:Required Sequence | RESOURCE:GitHub Interface | RESOURCE:Local Workspace | TASK:Artifact Review | TASK:Evidence Investigation
rq3_010,10,6,0,CONTEXT:Domain Context | EVALUATION:Execution Check | EVALUATION:Rule Conformance | EXAMPLE:Technical Snippet | OUTPUT:Existing Thread Response | OUTPUT:New Thread | PROCESS:Decision Branch | PROCESS:Required Sequence | RESOURCE:Development Toolchain | TASK:Executable Validation,CONTEXT:Domain Context | CONTEXT:Execution Environment | CONTEXT:Repository Context | EVALUATION:Execution Check | EVALUATION:Rule Conformance | EXAMPLE:Technical Snippet | OUTPUT:Control Signal | OUTPUT:Existing Thread Response | OUTPUT:New Thread | PROCESS:Decision Branch | PROCESS:Required Sequence | RESOURCE:Development Toolchain | RESOURCE:GitHub Interface | TASK:Artifact Review | TASK:Executable Validation | TASK:Work Item Management
rq3_011,10,7,5,COMMUNICATION:Expert Role | CONSTRAINT:Quality Standard | CONSTRAINT:Scope Boundary | CONTEXT:Historical Context | CONTEXT:Repository Context | EXAMPLE:Output Template | EXAMPLE:Technical Snippet | OUTPUT:Control Signal | OUTPUT:Existing Thread Response | PROCESS:Decision Branch | PROCESS:Required Sequence | RESOURCE:Agent Resource | RESOURCE:GitHub Interface | SAFETY:Prompt Injection Defense | TASK:Evidence Investigation,COMMUNICATION:Expert Role | CONSTRAINT:Resource Budget | CONSTRAINT:Scope Boundary | CONTEXT:Domain Context | CONTEXT:Execution Environment | CONTEXT:Repository Context | EXAMPLE:Technical Snippet | OUTPUT:Existing Thread Response | PROCESS:Decision Branch | PROCESS:Required Sequence | RESOURCE:GitHub Interface | RESOURCE:Web Retrieval | SAFETY:Execution Isolation | SAFETY:Prompt Injection Defense | TASK:Artifact Review | TASK:Evidence Investigation | TASK:Work Item Management
rq3_012,2,2,1,EVALUATION:Risk Assessment | RESOURCE:Development Toolchain | TASK:Artifact Review,CONTEXT:Repository Context | EVALUATION:Risk Assessment | RESOURCE:Development Toolchain | TASK:Executable Validation
rq3_014,5,7,4,CONSTRAINT:Evidence Grounding | CONSTRAINT:Quality Standard | CONSTRAINT:Scope Boundary | OUTPUT:Control Signal | OUTPUT:Existing Thread Response | OUTPUT:New Thread | PROCESS:Required Sequence | RESOURCE:Agent Resource | TASK:Evidence Investigation,CONSTRAINT:Scope Boundary | CONTEXT:Domain Context | CONTEXT:Repository Context | EVALUATION:Rule Conformance | OUTPUT:Existing Thread Response | OUTPUT:New Thread | PROCESS:Decision Branch | PROCESS:Required Sequence | TASK:Artifact Change | TASK:Artifact Review | TASK:Evidence Investigation | TASK:Work Item Management
rq3_015,15,0,7,COMMUNICATION:Expert Role | CONSTRAINT:Quality Standard | CONSTRAINT:Scope Boundary | CONTEXT:Domain Context | CONTEXT:Execution Environment | CONTEXT:Repository Context | EVALUATION:Execution Check | EVALUATION:Risk Assessment | EVALUATION:Rule Conformance | EXAMPLE:Output Template | OUTPUT:Control Signal | OUTPUT:Existing Thread Response | PROCESS:Decision Branch | PROCESS:Required Sequence | RESOURCE:Agent Resource | RESOURCE:GitHub Interface | RESOURCE:Local Workspace | RESOURCE:Web Retrieval | SAFETY:Execution Isolation | SAFETY:Prompt Injection Defense | TASK:Artifact Review | TASK:Evidence Investigation,COMMUNICATION:Expert Role | CONSTRAINT:Quality Standard | CONSTRAINT:Scope Boundary | CONTEXT:Domain Context | CONTEXT:Execution Environment | CONTEXT:Repository Context | EXAMPLE:Output Template | OUTPUT:Existing Thread Response | PROCESS:Decision Branch | PROCESS:Required Sequence | RESOURCE:Local Workspace | SAFETY:Execution Isolation | SAFETY:Prompt Injection Defense | TASK:Artifact Review | TASK:Evidence Investigation
rq3_016,10,6,1,COMMUNICATION:Expert Role | CONSTRAINT:Quality Standard | CONSTRAINT:Resource Budget | CONSTRAINT:Scope Boundary | CONTEXT:Repository Context | OUTPUT:New Thread | PROCESS:Decision Branch | PROCESS:Required Sequence | RESOURCE:Development Toolchain | RESOURCE:GitHub Interface | TASK:Artifact Change,COMMUNICATION:Expert Role | CONSTRAINT:Quality Standard | CONSTRAINT:Resource Budget | CONSTRAINT:Scope Boundary | CONTEXT:Domain Context | CONTEXT:Repository Context | OUTPUT:Control Signal | OUTPUT:Repository Change | PROCESS:Decision Branch | PROCESS:Required Sequence | PROCESS:Within-Run Iteration | RESOURCE:Development Toolchain | RESOURCE:GitHub Interface | RESOURCE:Local Workspace | TASK:Artifact Change | TASK:Executable Validation
rq3_017,11,7,4,COMMUNICATION:Expert Role | CONSTRAINT:Evidence Grounding | CONSTRAINT:Quality Standard | CONSTRAINT:Resource Budget | CONSTRAINT:Scope Boundary | CONTEXT:Repository Context | EVALUATION:Rule Conformance | EXAMPLE:Output Template | EXAMPLE:Technical Snippet | OUTPUT:Control Signal | OUTPUT:New Thread | OUTPUT:Standalone Artifact | PROCESS:Decision Branch | PROCESS:Required Sequence | TASK:Evidence Investigation,COMMUNICATION:Expert Role | CONSTRAINT:Evidence Grounding | CONSTRAINT:Quality Standard | CONSTRAINT:Scope Boundary | CONTEXT:Domain Context | CONTEXT:Execution Environment | CONTEXT:Historical Context | CONTEXT:Repository Context | EVALUATION:Risk Assessment | EXAMPLE:Output Template | EXAMPLE:Technical Snippet | OUTPUT:New Thread | PROCESS:Cross-Run Memory | PROCESS:Decision Branch | PROCESS:Required Sequence | RESOURCE:GitHub Interface | RESOURCE:Local Workspace | TASK:Evidence Investigation
rq3_018,12,5,2,COMMUNICATION:Expert Role | CONSTRAINT:Scope Boundary | CONTEXT:Execution Environment | EVALUATION:Execution Check | EXAMPLE:Output Template | OUTPUT:Control Signal | OUTPUT:Repository Change | PROCESS:Decision Branch | PROCESS:Required Sequence | PROCESS:Within-Run Iteration | RESOURCE:Development Toolchain | RESOURCE:GitHub Interface | RESOURCE:Local Workspace | TASK:Artifact Change,COMMUNICATION:Expert Role | CONSTRAINT:Resource Budget | CONSTRAINT:Scope Boundary | CONTEXT:Domain Context | CONTEXT:Execution Environment | CONTEXT:Repository Context | EXAMPLE:Technical Snippet | OUTPUT:Control Signal | OUTPUT:Repository Change | PROCESS:Decision Branch | PROCESS:Required Sequence | PROCESS:Within-Run Iteration | RESOURCE:Development Toolchain | RESOURCE:GitHub Interface | RESOURCE:Local Workspace | TASK:Artifact Change | TASK:Executable Validation
rq3_019,9,11,3,CONSTRAINT:Evidence Grounding | CONSTRAINT:Resource Budget | CONSTRAINT:Scope Boundary | EXAMPLE:Technical Snippet | OUTPUT:New Thread | PROCESS:Decision Branch | PROCESS:Required Sequence | RESOURCE:Agent Resource | RESOURCE:Local Workspace | SAFETY:Information Confidentiality | TASK:Artifact Change | TASK:Executable Validation,CONSTRAINT:Resource Budget | CONSTRAINT:Scope Boundary | CONTEXT:Domain Context | CONTEXT:Execution Environment | CONTEXT:Historical Context | CONTEXT:Repository Context | EXAMPLE:Technical Snippet | OUTPUT:Control Signal | OUTPUT:Repository Change | PROCESS:Cross-Run Memory | PROCESS:Decision Branch | PROCESS:Required Sequence | PROCESS:Within-Run Iteration | RESOURCE:Development Toolchain | RESOURCE:GitHub Interface | RESOURCE:Local Workspace | SAFETY:Information Confidentiality | TASK:Artifact Change | TASK:Evidence Investigation | TASK:Executable Validation
rq3_020,6,0,1,COMMUNICATION:Expert Role | CONSTRAINT:Quality Standard | CONTEXT:Repository Context | OUTPUT:New Thread | PROCESS:Required Sequence | RESOURCE:Web Retrieval | TASK:Evidence Investigation,COMMUNICATION:Expert Role | CONTEXT:Repository Context | OUTPUT:New Thread | PROCESS:Required Sequence | RESOURCE:Web Retrieval | TASK:Evidence Investigation
rq3_021,11,6,1,COMMUNICATION:Expert Role | CONSTRAINT:Quality Standard | CONTEXT:Domain Context | CONTEXT:Repository Context | EXAMPLE:Output Template | EXAMPLE:Technical Snippet | OUTPUT:New Thread | PROCESS:Decision Branch | PROCESS:Required Sequence | PROCESS:Within-Run Iteration | RESOURCE:Local Workspace | TASK:Evidence Investigation,COMMUNICATION:Expert Role | CONSTRAINT:Quality Standard | CONSTRAINT:Scope Boundary | CONTEXT:Domain Context | CONTEXT:Execution Environment | CONTEXT:Historical Context | CONTEXT:Repository Context | EXAMPLE:Technical Snippet | OUTPUT:Control Signal | OUTPUT:New Thread | PROCESS:Cross-Run Memory | PROCESS:Decision Branch | PROCESS:Required Sequence | PROCESS:Within-Run Iteration | RESOURCE:GitHub Interface | RESOURCE:Local Workspace | TASK:Evidence Investigation
rq3_022,10,2,7,COMMUNICATION:Audience Voice | CONSTRAINT:Evidence Grounding | CONSTRAINT:Quality Standard | CONSTRAINT:Scope Boundary | CONTEXT:Execution Environment | CONTEXT:Historical Context | CONTEXT:Repository Context | EXAMPLE:Output Template | EXAMPLE:Worked Case | OUTPUT:Control Signal | OUTPUT:Repository Change | PROCESS:Cross-Run Memory | PROCESS:Decision Branch | PROCESS:Required Sequence | RESOURCE:GitHub Interface | RESOURCE:Local Workspace | TASK:Artifact Change,CONSTRAINT:Quality Standard | CONSTRAINT:Scope Boundary | CONTEXT:Domain Context | CONTEXT:Repository Context | OUTPUT:Control Signal | OUTPUT:Repository Change | PROCESS:Cross-Run Memory | PROCESS:Decision Branch | PROCESS:Required Sequence | RESOURCE:GitHub Interface | TASK:Artifact Change | TASK:Evidence Investigation
rq3_023,3,7,2,CONSTRAINT:Resource Budget | CONSTRAINT:Scope Boundary | CONTEXT:Domain Context | EXAMPLE:Technical Snippet | RESOURCE:Agent Resource,CONSTRAINT:Resource Budget | CONSTRAINT:Scope Boundary | CONTEXT:Domain Context | CONTEXT:Repository Context | OUTPUT:Repository Change | PROCESS:Decision Branch | PROCESS:Required Sequence | PROCESS:Within-Run Iteration | RESOURCE:Local Workspace | TASK:Artifact Change
rq3_024,0,5,1,TASK:Artifact Review,CONSTRAINT:Scope Boundary | CONTEXT:Domain Context | CONTEXT:Repository Context | OUTPUT:Control Signal | PROCESS:Decision Branch
rq3_025,9,4,5,COMMUNICATION:Automation Disclosure | CONSTRAINT:Quality Standard | CONSTRAINT:Scope Boundary | CONTEXT:Repository Context | EVALUATION:Execution Check | EXAMPLE:Technical Snippet | OUTPUT:Control Signal | OUTPUT:Existing Thread Response | OUTPUT:New Thread | PROCESS:Decision Branch | PROCESS:Required Sequence | RESOURCE:Development Toolchain | RESOURCE:GitHub Interface | TASK:Executable Validation,CONTEXT:Domain Context | CONTEXT:Execution Environment | CONTEXT:Repository Context | EVALUATION:Execution Check | OUTPUT:Existing Thread Response | OUTPUT:New Thread | PROCESS:Decision Branch | PROCESS:Required Sequence | RESOURCE:Development Toolchain | RESOURCE:GitHub Interface | RESOURCE:Local Workspace | TASK:Executable Validation | TASK:Work Item Management
rq3_026,9,4,3,COMMUNICATION:Expert Role | CONSTRAINT:Evidence Grounding | CONSTRAINT:Scope Boundary | CONTEXT:Repository Context | EXAMPLE:Output Template | OUTPUT:Control Signal | OUTPUT:Existing Thread Response | OUTPUT:Repository Change | PROCESS:Decision Branch | PROCESS:Required Sequence | RESOURCE:GitHub Interface | TASK:Evidence Investigation,COMMUNICATION:Expert Role | CONSTRAINT:Scope Boundary | CONTEXT:Repository Context | EVALUATION:Risk Assessment | OUTPUT:Existing Thread Response | OUTPUT:Repository Change | PROCESS:Decision Branch | PROCESS:Required Sequence | PROCESS:Work Delegation | RESOURCE:Agent Resource | RESOURCE:GitHub Interface | TASK:Artifact Change | TASK:Evidence Investigation
rq3_027,14,2,4,COMMUNICATION:Audience Voice | COMMUNICATION:Expert Role | CONSTRAINT:Quality Standard | CONSTRAINT:Resource Budget | CONSTRAINT:Scope Boundary | CONTEXT:Repository Context | EVALUATION:Risk Assessment | EVALUATION:Rule Conformance | EXAMPLE:Output Template | OUTPUT:Existing Thread Response | PROCESS:Decision Branch | PROCESS:Required Sequence | PROCESS:Within-Run Iteration | RESOURCE:GitHub Interface | RESOURCE:Local Workspace | RESOURCE:Web Retrieval | TASK:Artifact Review | TASK:Evidence Investigation,COMMUNICATION:Audience Voice | COMMUNICATION:Expert Role | CONSTRAINT:Quality Standard | CONSTRAINT:Resource Budget | CONTEXT:Domain Context | CONTEXT:Repository Context | EVALUATION:Rule Conformance | OUTPUT:Existing Thread Response | OUTPUT:Repository Change | PROCESS:Decision Branch | PROCESS:Required Sequence | RESOURCE:GitHub Interface | RESOURCE:Local Workspace | RESOURCE:Web Retrieval | TASK:Artifact Review | TASK:Evidence Investigation
rq3_028,2,1,0,CONTEXT:Repository Context | TASK:Artifact Change,CONTEXT:Repository Context | OUTPUT:Repository Change | TASK:Artifact Change
rq3_029,1,2,1,CONTEXT:Execution Environment | SAFETY:Execution Isolation,CONTEXT:Domain Context | CONTEXT:Execution Environment | TASK:Executable Validation
rq3_030,10,8,9,COMMUNICATION:Audience Voice | COMMUNICATION:Automation Disclosure | CONSTRAINT:Quality Standard | CONSTRAINT:Resource Budget | CONSTRAINT:Scope Boundary | CONTEXT:Repository Context | EVALUATION:Evidence Credibility | EXAMPLE:Output Template | OUTPUT:Control Signal | OUTPUT:Existing Thread Response | OUTPUT:New Thread | PROCESS:Cross-Run Memory | PROCESS:Decision Branch | PROCESS:Required Sequence | RESOURCE:Agent Resource | RESOURCE:GitHub Interface | RESOURCE:Local Workspace | TASK:Evidence Investigation | TASK:Work Item Management,COMMUNICATION:Automation Disclosure | COMMUNICATION:Expert Role | CONSTRAINT:Quality Standard | CONSTRAINT:Resource Budget | CONTEXT:Domain Context | CONTEXT:Historical Context | CONTEXT:Repository Context | EVALUATION:Rule Conformance | OUTPUT:Existing Thread Response | OUTPUT:Repository Change | PROCESS:Cross-Run Memory | PROCESS:Decision Branch | PROCESS:Required Sequence | PROCESS:Within-Run Iteration | RESOURCE:GitHub Interface | RESOURCE:Local Workspace | TASK:Artifact Change | TASK:Artifact Review
rq3_031,11,6,3,COMMUNICATION:Expert Role | CONSTRAINT:Evidence Grounding | CONSTRAINT:Quality Standard | CONSTRAINT:Scope Boundary | CONTEXT:Repository Context | EVALUATION:Execution Check | EXAMPLE:Output Template | OUTPUT:New Thread | PROCESS:Decision Branch | PROCESS:Required Sequence | PROCESS:Within-Run Iteration | RESOURCE:Web Retrieval | SAFETY:Information Confidentiality | TASK:Evidence Investigation,COMMUNICATION:Expert Role | CONSTRAINT:Quality Standard | CONSTRAINT:Scope Boundary | CONTEXT:Domain Context | CONTEXT:Execution Environment | CONTEXT:Repository Context | EVALUATION:Rule Conformance | EXAMPLE:Output Template | EXAMPLE:Technical Snippet | OUTPUT:New Thread | PROCESS:Decision Branch | PROCESS:Required Sequence | RESOURCE:Development Toolchain | RESOURCE:Local Workspace | RESOURCE:Web Retrieval | SAFETY:Information Confidentiality | TASK:Evidence Investigation
rq3_032,5,6,2,CONSTRAINT:Quality Standard | CONSTRAINT:Resource Budget | CONTEXT:Domain Context | EXAMPLE:Technical Snippet | OUTPUT:Standalone Artifact | PROCESS:Decision Branch | TASK:Evidence Investigation,CONSTRAINT:Resource Budget | CONTEXT:Domain Context | CONTEXT:Execution Environment | CONTEXT:Repository Context | EXAMPLE:Technical Snippet | OUTPUT:Repository Change | PROCESS:Decision Branch | PROCESS:Required Sequence | PROCESS:Within-Run Iteration | RESOURCE:Local Workspace | TASK:Evidence Investigation
rq3_033,9,7,1,COMMUNICATION:Audience Voice | CONSTRAINT:Quality Standard | CONSTRAINT:Scope Boundary | CONTEXT:Repository Context | OUTPUT:Existing Thread Response | OUTPUT:New Thread | PROCESS:Decision Branch | PROCESS:Required Sequence | RESOURCE:GitHub Interface | TASK:Artifact Review,COMMUNICATION:Expert Role | CONSTRAINT:Quality Standard | CONSTRAINT:Scope Boundary | CONTEXT:Domain Context | CONTEXT:Execution Environment | CONTEXT:Repository Context | EVALUATION:Rule Conformance | EXAMPLE:Technical Snippet | OUTPUT:Existing Thread Response | OUTPUT:New Thread | PROCESS:Decision Branch | PROCESS:Required Sequence | RESOURCE:GitHub Interface | RESOURCE:Local Workspace | TASK:Artifact Review | TASK:Evidence Investigation
rq3_034,14,3,9,COMMUNICATION:Automation Disclosure | COMMUNICATION:Expert Role | CONSTRAINT:Evidence Grounding | CONSTRAINT:Quality Standard | CONSTRAINT:Resource Budget | CONSTRAINT:Scope Boundary | CONTEXT:Execution Environment | CONTEXT:Historical Context | CONTEXT:Repository Context | EVALUATION:Risk Assessment | EVALUATION:Rule Conformance | EXAMPLE:Output Template | OUTPUT:Control Signal | OUTPUT:New Thread | PROCESS:Decision Branch | PROCESS:Required Sequence | PROCESS:Within-Run Iteration | PROCESS:Work Delegation | RESOURCE:Agent Resource | RESOURCE:GitHub Interface | RESOURCE:Local Workspace | TASK:Evidence Investigation | TASK:Work Item Management,COMMUNICATION:Expert Role | CONSTRAINT:Evidence Grounding | CONSTRAINT:Resource Budget | CONSTRAINT:Scope Boundary | CONTEXT:Domain Context | CONTEXT:Execution Environment | EXAMPLE:Output Template | EXAMPLE:Technical Snippet | OUTPUT:New Thread | OUTPUT:Repository Change | PROCESS:Decision Branch | PROCESS:Required Sequence | PROCESS:Within-Run Iteration | PROCESS:Work Delegation | RESOURCE:GitHub Interface | RESOURCE:Local Workspace | TASK:Evidence Investigation
rq3_035,5,8,2,CONSTRAINT:Resource Budget | CONTEXT:Domain Context | OUTPUT:Repository Change | OUTPUT:Standalone Artifact | PROCESS:Decision Branch | PROCESS:Required Sequence | TASK:Evidence Investigation,CONSTRAINT:Resource Budget | CONSTRAINT:Scope Boundary | CONTEXT:Domain Context | CONTEXT:Repository Context | EXAMPLE:Technical Snippet | OUTPUT:Repository Change | PROCESS:Cross-Run Memory | PROCESS:Decision Branch | PROCESS:Required Sequence | PROCESS:Within-Run Iteration | RESOURCE:GitHub Interface | RESOURCE:Local Workspace | TASK:Artifact Change
rq3_036,6,9,3,COMMUNICATION:Expert Role | CONSTRAINT:Evidence Grounding | CONSTRAINT:Quality Standard | CONTEXT:Repository Context | OUTPUT:New Thread | PROCESS:Decision Branch | PROCESS:Required Sequence | RESOURCE:Agent Resource | TASK:Evidence Investigation,COMMUNICATION:Expert Role | CONTEXT:Domain Context | CONTEXT:Execution Environment | CONTEXT:Historical Context | CONTEXT:Repository Context | OUTPUT:New Thread | PROCESS:Cross-Run Memory | PROCESS:Decision Branch | PROCESS:Required Sequence | RESOURCE:Development Toolchain | RESOURCE:GitHub Interface | RESOURCE:Local Workspace | TASK:Artifact Change | TASK:Evidence Investigation | TASK:Executable Validation
rq3_037,14,2,0,COMMUNICATION:Automation Disclosure | COMMUNICATION:Expert Role | CONSTRAINT:Resource Budget | CONSTRAINT:Scope Boundary | CONTEXT:Repository Context | EVALUATION:Rule Conformance | EXAMPLE:Output Template | OUTPUT:Control Signal | OUTPUT:Existing Thread Response | PROCESS:Decision Branch | PROCESS:Required Sequence | RESOURCE:GitHub Interface | TASK:Artifact Review | TASK:Work Item Management,COMMUNICATION:Automation Disclosure | COMMUNICATION:Expert Role | CONSTRAINT:Resource Budget | CONSTRAINT:Scope Boundary | CONTEXT:Domain Context | CONTEXT:Repository Context | EVALUATION:Rule Conformance | EXAMPLE:Output Template | OUTPUT:Control Signal | OUTPUT:Existing Thread Response | PROCESS:Decision Branch | PROCESS:Required Sequence | RESOURCE:GitHub Interface | TASK:Artifact Review | TASK:Evidence Investigation | TASK:Work Item Management
rq3_038,9,5,6,COMMUNICATION:Expert Role | CONSTRAINT:Evidence Grounding | CONSTRAINT:Quality Standard | CONSTRAINT:Resource Budget | CONSTRAINT:Scope Boundary | CONTEXT:Repository Context | EVALUATION:Rule Conformance | EXAMPLE:Output Template | OUTPUT:Existing Thread Response | PROCESS:Decision Branch | PROCESS:Required Sequence | RESOURCE:GitHub Interface | RESOURCE:Local Workspace | RESOURCE:Web Retrieval | TASK:Artifact Review,COMMUNICATION:Expert Role | CONSTRAINT:Evidence Grounding | CONSTRAINT:Scope Boundary | CONTEXT:Domain Context | CONTEXT:Execution Environment | EXAMPLE:Technical Snippet | OUTPUT:Existing Thread Response | PROCESS:Decision Branch | PROCESS:Required Sequence | PROCESS:Within-Run Iteration | RESOURCE:GitHub Interface | RESOURCE:Local Workspace | RESOURCE:Web Retrieval | TASK:Evidence Investigation
rq3_039,6,4,2,CONSTRAINT:Resource Budget | CONTEXT:Domain Context | EXAMPLE:Technical Snippet | OUTPUT:Standalone Artifact | PROCESS:Decision Branch | PROCESS:Required Sequence | RESOURCE:Local Workspace | TASK:Artifact Change,CONSTRAINT:Resource Budget | CONTEXT:Domain Context | CONTEXT:Execution Environment | CONTEXT:Historical Context | CONTEXT:Repository Context | EXAMPLE:Technical Snippet | OUTPUT:Repository Change | PROCESS:Decision Branch | PROCESS:Required Sequence | RESOURCE:Local Workspace
rq3_040,10,8,5,COMMUNICATION:Audience Voice | COMMUNICATION:Expert Role | CONSTRAINT:Quality Standard | CONSTRAINT:Scope Boundary | CONTEXT:Repository Context | EXAMPLE:Output Template | EXAMPLE:Technical Snippet | OUTPUT:New Thread | OUTPUT:Standalone Artifact | PROCESS:Required Sequence | RESOURCE:Agent Resource | RESOURCE:GitHub Interface | RESOURCE:Local Workspace | TASK:Artifact Review | TASK:Evidence Investigation,COMMUNICATION:Expert Role | CONTEXT:Domain Context | CONTEXT:Execution Environment | CONTEXT:Historical Context | CONTEXT:Repository Context | EXAMPLE:Output Template | EXAMPLE:Technical Snippet | OUTPUT:New Thread | OUTPUT:Repository Change | PROCESS:Cross-Run Memory | PROCESS:Decision Branch | PROCESS:Required Sequence | PROCESS:Within-Run Iteration | RESOURCE:GitHub Interface | RESOURCE:Local Workspace | TASK:Artifact Change | TASK:Artifact Review | TASK:Evidence Investigation
rq3_041,11,0,6,CONSTRAINT:Evidence Grounding | CONSTRAINT:Scope Boundary | CONTEXT:Domain Context | EVALUATION:Risk Assessment | EVALUATION:Rule Conformance | EXAMPLE:Output Template | OUTPUT:Control Signal | OUTPUT:New Thread | PROCESS:Decision Branch | PROCESS:Required Sequence | PROCESS:Within-Run Iteration | PROCESS:Work Delegation | RESOURCE:Agent Resource | RESOURCE:GitHub Interface | RESOURCE:Local Workspace | TASK:Artifact Review | TASK:Evidence Investigation,CONSTRAINT:Evidence Grounding | EXAMPLE:Output Template | OUTPUT:Control Signal | OUTPUT:New Thread | PROCESS:Decision Branch | PROCESS:Required Sequence | PROCESS:Work Delegation | RESOURCE:Agent Resource | RESOURCE:GitHub Interface | RESOURCE:Local Workspace | TASK:Evidence Investigation
rq3_042,8,8,1,COMMUNICATION:Expert Role | CONSTRAINT:Resource Budget | CONTEXT:Repository Context | EXAMPLE:Output Template | EXAMPLE:Technical Snippet | OUTPUT:New Thread | PROCESS:Decision Branch | PROCESS:Required Sequence | TASK:Executable Validation,COMMUNICATION:Expert Role | CONTEXT:Domain Context | CONTEXT:Execution Environment | CONTEXT:Repository Context | EXAMPLE:Output Template | EXAMPLE:Technical Snippet | OUTPUT:Control Signal | OUTPUT:New Thread | PROCESS:Decision Branch | PROCESS:Required Sequence | PROCESS:Within-Run Iteration | RESOURCE:GitHub Interface | RESOURCE:Local Workspace | RESOURCE:Web Retrieval | TASK:Evidence Investigation | TASK:Executable Validation
rq3_043,11,5,2,CONSTRAINT:Scope Boundary | CONTEXT:Domain Context | CONTEXT:Execution Environment | EXAMPLE:Technical Snippet | OUTPUT:New Thread | OUTPUT:Repository Change | PROCESS:Decision Branch | PROCESS:Required Sequence | RESOURCE:Agent Resource | RESOURCE:Development Toolchain | RESOURCE:GitHub Interface | TASK:Artifact Change | TASK:Executable Validation,CONSTRAINT:Scope Boundary | CONTEXT:Domain Context | CONTEXT:Execution Environment | EVALUATION:Execution Check | EXAMPLE:Technical Snippet | OUTPUT:Control Signal | OUTPUT:Existing Thread Response | OUTPUT:Repository Change | PROCESS:Decision Branch | PROCESS:Required Sequence | RESOURCE:Development Toolchain | RESOURCE:GitHub Interface | RESOURCE:Web Retrieval | TASK:Artifact Change | TASK:Evidence Investigation | TASK:Executable Validation
rq3_044,12,2,7,COMMUNICATION:Automation Disclosure | COMMUNICATION:Expert Role | CONSTRAINT:Quality Standard | CONSTRAINT:Resource Budget | CONSTRAINT:Scope Boundary | CONTEXT:Repository Context | EVALUATION:Execution Check | EXAMPLE:Output Template | OUTPUT:Repository Change | PROCESS:Decision Branch | PROCESS:Required Sequence | PROCESS:Within-Run Iteration | RESOURCE:Development Toolchain | RESOURCE:GitHub Interface | RESOURCE:Local Workspace | RESOURCE:Web Retrieval | SAFETY:Execution Isolation | TASK:Artifact Change | TASK:Executable Validation,COMMUNICATION:Automation Disclosure | COMMUNICATION:Expert Role | CONSTRAINT:Quality Standard | CONSTRAINT:Scope Boundary | CONTEXT:Domain Context | CONTEXT:Repository Context | EVALUATION:Execution Check | OUTPUT:Repository Change | PROCESS:Decision Branch | PROCESS:Required Sequence | RESOURCE:Development Toolchain | RESOURCE:GitHub Interface | TASK:Artifact Change | TASK:Work Item Management
rq3_045,8,4,4,COMMUNICATION:Audience Voice | COMMUNICATION:Expert Role | CONSTRAINT:Evidence Grounding | CONSTRAINT:Quality Standard | CONTEXT:Repository Context | EXAMPLE:Output Template | EXAMPLE:Technical Snippet | OUTPUT:New Thread | PROCESS:Decision Branch | PROCESS:Required Sequence | TASK:Artifact Review | TASK:Evidence Investigation,COMMUNICATION:Expert Role | CONTEXT:Domain Context | CONTEXT:Repository Context | EXAMPLE:Technical Snippet | OUTPUT:New Thread | PROCESS:Decision Branch | PROCESS:Required Sequence | RESOURCE:GitHub Interface | TASK:Artifact Review | TASK:Evidence Investigation | TASK:Executable Validation | TASK:Work Item Management
rq3_046,5,5,1,COMMUNICATION:Expert Role | CONSTRAINT:Quality Standard | CONSTRAINT:Scope Boundary | OUTPUT:New Thread | PROCESS:Required Sequence | TASK:Artifact Review,COMMUNICATION:Expert Role | CONSTRAINT:Resource Budget | CONSTRAINT:Scope Boundary | CONTEXT:Domain Context | OUTPUT:New Thread | PROCESS:Cross-Run Memory | PROCESS:Required Sequence | TASK:Artifact Review | TASK:Evidence Investigation | TASK:Work Item Management
rq3_047,6,5,1,CONSTRAINT:Quality Standard | CONSTRAINT:Scope Boundary | CONTEXT:Repository Context | OUTPUT:Repository Change | PROCESS:Decision Branch | PROCESS:Required Sequence | TASK:Artifact Change,CONSTRAINT:Scope Boundary | CONTEXT:Domain Context | CONTEXT:Repository Context | OUTPUT:Control Signal | OUTPUT:Repository Change | PROCESS:Decision Branch | PROCESS:Required Sequence | PROCESS:Work Delegation | RESOURCE:Local Workspace | TASK:Artifact Change | TASK:Evidence Investigation
rq3_048,17,5,1,COMMUNICATION:Audience Voice | COMMUNICATION:Automation Disclosure | CONSTRAINT:Quality Standard | CONSTRAINT:Resource Budget | CONSTRAINT:Scope Boundary | CONTEXT:Domain Context | CONTEXT:Repository Context | EVALUATION:Rule Conformance | EXAMPLE:Output Template | EXAMPLE:Technical Snippet | OUTPUT:Control Signal | OUTPUT:Existing Thread Response | OUTPUT:Standalone Artifact | PROCESS:Decision Branch | PROCESS:Required Sequence | PROCESS:Within-Run Iteration | RESOURCE:GitHub Interface | TASK:Work Item Management,COMMUNICATION:Audience Voice | COMMUNICATION:Automation Disclosure | COMMUNICATION:Expert Role | CONSTRAINT:Quality Standard | CONSTRAINT:Resource Budget | CONSTRAINT:Scope Boundary | CONTEXT:Domain Context | CONTEXT:Repository Context | EVALUATION:Rule Conformance | EXAMPLE:Output Template | EXAMPLE:Technical Snippet | EXAMPLE:Worked Case | OUTPUT:Existing Thread Response | OUTPUT:Repository Change | OUTPUT:Standalone Artifact | PROCESS:Decision Branch | PROCESS:Required Sequence | PROCESS:Within-Run Iteration | RESOURCE:GitHub Interface | TASK:Artifact Change | TASK:Evidence Investigation | TASK:Work Item Management
rq3_049,11,6,2,COMMUNICATION:Expert Role | CONSTRAINT:Evidence Grounding | CONSTRAINT:Quality Standard | CONSTRAINT:Resource Budget | CONSTRAINT:Scope Boundary | CONTEXT:Repository Context | EXAMPLE:Output Template | OUTPUT:Existing Thread Response | PROCESS:Decision Branch | PROCESS:Required Sequence | RESOURCE:GitHub Interface | SAFETY:Execution Isolation | TASK:Evidence Investigation,COMMUNICATION:Automation Disclosure | COMMUNICATION:Expert Role | CONSTRAINT:Evidence Grounding | CONSTRAINT:Quality Standard | CONSTRAINT:Scope Boundary | CONTEXT:Domain Context | CONTEXT:Execution Environment | CONTEXT:Repository Context | EXAMPLE:Output Template | EXAMPLE:Technical Snippet | OUTPUT:Control Signal | OUTPUT:Existing Thread Response | PROCESS:Decision Branch | PROCESS:Required Sequence | RESOURCE:Local Workspace | SAFETY:Execution Isolation | TASK:Evidence Investigation
rq3_050,1,1,2,CONTEXT:Domain Context | CONTEXT:Historical Context | TASK:Artifact Change,OUTPUT:Repository Change | TASK:Artifact Change
rq3_052,4,6,2,CONSTRAINT:Quality Standard | CONTEXT:Repository Context | EVALUATION:Rule Conformance | OUTPUT:New Thread | TASK:Artifact Review | TASK:Evidence Investigation,CONSTRAINT:Quality Standard | OUTPUT:Control Signal | OUTPUT:New Thread | PROCESS:Decision Branch | PROCESS:Required Sequence | RESOURCE:GitHub Interface | RESOURCE:Local Workspace | TASK:Artifact Change | TASK:Artifact Review | TASK:Evidence Investigation
rq3_053,8,4,0,COMMUNICATION:Automation Disclosure | CONSTRAINT:Quality Standard | CONSTRAINT:Scope Boundary | OUTPUT:Control Signal | OUTPUT:Repository Change | PROCESS:Decision Branch | PROCESS:Required Sequence | TASK:Artifact Change,COMMUNICATION:Automation Disclosure | CONSTRAINT:Quality Standard | CONSTRAINT:Scope Boundary | CONTEXT:Domain Context | CONTEXT:Repository Context | OUTPUT:Control Signal | OUTPUT:Repository Change | PROCESS:Decision Branch | PROCESS:Required Sequence | RESOURCE:GitHub Interface | RESOURCE:Local Workspace | TASK:Artifact Change
rq3_054,8,3,0,CONSTRAINT:Evidence Grounding | CONSTRAINT:Quality Standard | CONTEXT:Repository Context | OUTPUT:New Thread | PROCESS:Decision Branch | PROCESS:Required Sequence | RESOURCE:GitHub Interface | TASK:Evidence Investigation,CONSTRAINT:Evidence Grounding | CONSTRAINT:Quality Standard | CONTEXT:Repository Context | OUTPUT:Control Signal | OUTPUT:New Thread | PROCESS:Decision Branch | PROCESS:Required Sequence | RESOURCE:GitHub Interface | TASK:Artifact Change | TASK:Evidence Investigation | TASK:Work Item Management
rq3_055,15,3,10,COMMUNICATION:Automation Disclosure | COMMUNICATION:Expert Role | CONSTRAINT:Quality Standard | CONSTRAINT:Resource Budget | CONSTRAINT:Scope Boundary | CONTEXT:Execution Environment | CONTEXT:Historical Context | CONTEXT:Repository Context | EVALUATION:Evidence Credibility | EVALUATION:Risk Assessment | EXAMPLE:Output Template | OUTPUT:Existing Thread Response | OUTPUT:New Thread | PROCESS:Cross-Run Memory | PROCESS:Decision Branch | PROCESS:Required Sequence | PROCESS:Within-Run Iteration | RESOURCE:Agent Resource | RESOURCE:GitHub Interface | RESOURCE:Local Workspace | RESOURCE:Web Retrieval | SAFETY:Execution Isolation | SAFETY:Information Confidentiality | SAFETY:Vulnerability Handling | TASK:Evidence Investigation,COMMUNICATION:Expert Role | CONSTRAINT:Quality Standard | CONSTRAINT:Resource Budget | CONSTRAINT:Scope Boundary | CONTEXT:Domain Context | CONTEXT:Execution Environment | CONTEXT:Historical Context | CONTEXT:Repository Context | EXAMPLE:Output Template | EXAMPLE:Technical Snippet | OUTPUT:New Thread | PROCESS:Cross-Run Memory | PROCESS:Decision Branch | PROCESS:Required Sequence | RESOURCE:GitHub Interface | RESOURCE:Local Workspace | TASK:Artifact Change | TASK:Evidence Investigation
rq3_056,14,1,7,CONSTRAINT:Evidence Grounding | CONSTRAINT:Quality Standard | CONSTRAINT:Scope Boundary | CONTEXT:Domain Context | CONTEXT:Execution Environment | CONTEXT:Repository Context | EVALUATION:Execution Check | EVALUATION:Risk Assessment | EVALUATION:Rule Conformance | OUTPUT:Control Signal | OUTPUT:New Thread | OUTPUT:Repository Change | PROCESS:Decision Branch | PROCESS:Required Sequence | PROCESS:Within-Run Iteration | RESOURCE:Development Toolchain | RESOURCE:GitHub Interface | RESOURCE:Local Workspace | TASK:Artifact Change | TASK:Executable Validation | TASK:Work Item Management,CONSTRAINT:Scope Boundary | CONTEXT:Domain Context | CONTEXT:Repository Context | EVALUATION:Execution Check | OUTPUT:Control Signal | OUTPUT:New Thread | OUTPUT:Repository Change | PROCESS:Decision Branch | PROCESS:Required Sequence | RESOURCE:Development Toolchain | RESOURCE:Local Workspace | TASK:Artifact Change | TASK:Evidence Investigation | TASK:Executable Validation | TASK:Work Item Management
rq3_057,8,6,6,COMMUNICATION:Audience Voice | COMMUNICATION:Expert Role | CONSTRAINT:Quality Standard | CONSTRAINT:Scope Boundary | CONTEXT:Repository Context | EXAMPLE:Output Template | EXAMPLE:Worked Case | OUTPUT:Control Signal | OUTPUT:Existing Thread Response | PROCESS:Decision Branch | PROCESS:Required Sequence | PROCESS:Work Delegation | RESOURCE:Agent Resource | RESOURCE:GitHub Interface,COMMUNICATION:Expert Role | CONSTRAINT:Resource Budget | CONSTRAINT:Scope Boundary | CONTEXT:Domain Context | CONTEXT:Repository Context | EVALUATION:Rule Conformance | EXAMPLE:Technical Snippet | OUTPUT:Existing Thread Response | PROCESS:Decision Branch | PROCESS:Required Sequence | PROCESS:Work Delegation | RESOURCE:Agent Resource | TASK:Artifact Review | TASK:Work Item Management
rq3_058,8,1,2,CONSTRAINT:Quality Standard | CONSTRAINT:Resource Budget | CONSTRAINT:Scope Boundary | CONTEXT:Repository Context | OUTPUT:Standalone Artifact | PROCESS:Decision Branch | PROCESS:Required Sequence | RESOURCE:Local Workspace | SAFETY:Execution Isolation | TASK:Evidence Investigation,CONSTRAINT:Quality Standard | CONSTRAINT:Resource Budget | CONSTRAINT:Scope Boundary | CONTEXT:Domain Context | CONTEXT:Repository Context | OUTPUT:Standalone Artifact | PROCESS:Decision Branch | RESOURCE:Local Workspace | TASK:Evidence Investigation
rq3_059,5,8,2,CONSTRAINT:Scope Boundary | CONTEXT:Repository Context | EXAMPLE:Output Template | EXAMPLE:Technical Snippet | OUTPUT:New Thread | PROCESS:Required Sequence | TASK:Evidence Investigation,CONSTRAINT:Scope Boundary | CONTEXT:Repository Context | EVALUATION:Execution Check | EXAMPLE:Technical Snippet | OUTPUT:Control Signal | OUTPUT:Repository Change | PROCESS:Decision Branch | PROCESS:Required Sequence | RESOURCE:GitHub Interface | RESOURCE:Local Workspace | TASK:Artifact Change | TASK:Evidence Investigation | TASK:Work Item Management
rq3_061,11,1,8,COMMUNICATION:Automation Disclosure | COMMUNICATION:Expert Role | CONSTRAINT:Resource Budget | CONTEXT:Domain Context | CONTEXT:Execution Environment | CONTEXT:Repository Context | EVALUATION:Execution Check | EVALUATION:Risk Assessment | EXAMPLE:Output Template | EXAMPLE:Worked Case | OUTPUT:Control Signal | OUTPUT:Existing Thread Response | OUTPUT:New Thread | PROCESS:Decision Branch | PROCESS:Required Sequence | PROCESS:Within-Run Iteration | RESOURCE:GitHub Interface | TASK:Evidence Investigation | TASK:Work Item Management,COMMUNICATION:Expert Role | CONTEXT:Domain Context | CONTEXT:Repository Context | OUTPUT:Control Signal | OUTPUT:New Thread | PROCESS:Decision Branch | PROCESS:Required Sequence | PROCESS:Within-Run Iteration | RESOURCE:GitHub Interface | TASK:Artifact Change | TASK:Evidence Investigation | TASK:Work Item Management
rq3_062,9,2,5,COMMUNICATION:Expert Role | CONSTRAINT:Quality Standard | CONSTRAINT:Resource Budget | CONSTRAINT:Scope Boundary | CONTEXT:Execution Environment | EVALUATION:Rule Conformance | OUTPUT:Standalone Artifact | PROCESS:Decision Branch | PROCESS:Required Sequence | PROCESS:Within-Run Iteration | RESOURCE:GitHub Interface | RESOURCE:Local Workspace | TASK:Artifact Review | TASK:Evidence Investigation,COMMUNICATION:Expert Role | CONSTRAINT:Resource Budget | CONTEXT:Repository Context | EXAMPLE:Technical Snippet | OUTPUT:Standalone Artifact | PROCESS:Decision Branch | PROCESS:Required Sequence | PROCESS:Within-Run Iteration | RESOURCE:GitHub Interface | RESOURCE:Local Workspace | TASK:Evidence Investigation
rq3_063,7,0,2,CONSTRAINT:Quality Standard | CONSTRAINT:Scope Boundary | CONTEXT:Repository Context | OUTPUT:Existing Thread Response | PROCESS:Decision Branch | PROCESS:Required Sequence | RESOURCE:GitHub Interface | RESOURCE:Local Workspace | TASK:Evidence Investigation,CONSTRAINT:Scope Boundary | CONTEXT:Repository Context | OUTPUT:Existing Thread Response | PROCESS:Decision Branch | PROCESS:Required Sequence | RESOURCE:GitHub Interface | TASK:Evidence Investigation
rq3_064,10,0,3,CONSTRAINT:Quality Standard | CONSTRAINT:Resource Budget | CONSTRAINT:Scope Boundary | CONTEXT:Repository Context | OUTPUT:Control Signal | OUTPUT:Repository Change | PROCESS:Decision Branch | PROCESS:Required Sequence | PROCESS:Within-Run Iteration | RESOURCE:GitHub Interface | RESOURCE:Local Workspace | SAFETY:Execution Isolation | TASK:Artifact Change,CONSTRAINT:Resource Budget | CONSTRAINT:Scope Boundary | CONTEXT:Repository Context | OUTPUT:Control Signal | OUTPUT:Repository Change | PROCESS:Decision Branch | PROCESS:Required Sequence | PROCESS:Within-Run Iteration | RESOURCE:GitHub Interface | TASK:Artifact Change
rq3_065,10,1,11,CONSTRAINT:Resource Budget | CONSTRAINT:Scope Boundary | CONTEXT:Domain Context | CONTEXT:Repository Context | EVALUATION:Execution Check | EVALUATION:Risk Assessment | EVALUATION:Rule Conformance | EXAMPLE:Output Template | EXAMPLE:Technical Snippet | EXAMPLE:Worked Case | OUTPUT:New Thread | OUTPUT:Standalone Artifact | PROCESS:Decision Branch | PROCESS:Required Sequence | PROCESS:Within-Run Iteration | RESOURCE:GitHub Interface | RESOURCE:Local Workspace | SAFETY:Execution Isolation | SAFETY:Information Confidentiality | SAFETY:Vulnerability Handling | TASK:Evidence Investigation,CONTEXT:Domain Context | CONTEXT:Repository Context | EVALUATION:Risk Assessment | EXAMPLE:Output Template | EXAMPLE:Technical Snippet | OUTPUT:New Thread | PROCESS:Required Sequence | RESOURCE:GitHub Interface | RESOURCE:Local Workspace | TASK:Evidence Investigation | TASK:Work Item Management
rq3_066,13,0,11,COMMUNICATION:Automation Disclosure | COMMUNICATION:Expert Role | CONSTRAINT:Evidence Grounding | CONSTRAINT:Quality Standard | CONSTRAINT:Scope Boundary | CONTEXT:Domain Context | CONTEXT:Repository Context | EXAMPLE:Output Template | EXAMPLE:Technical Snippet | EXAMPLE:Worked Case | OUTPUT:Control Signal | OUTPUT:Existing Thread Response | OUTPUT:New Thread | OUTPUT:Repository Change | PROCESS:Cross-Run Memory | PROCESS:Decision Branch | PROCESS:Required Sequence | PROCESS:Within-Run Iteration | RESOURCE:GitHub Interface | RESOURCE:Local Workspace | SAFETY:Vulnerability Handling | TASK:Artifact Change | TASK:Evidence Investigation | TASK:Work Item Management,COMMUNICATION:Expert Role | CONSTRAINT:Evidence Grounding | CONSTRAINT:Quality Standard | CONSTRAINT:Scope Boundary | CONTEXT:Domain Context | CONTEXT:Repository Context | OUTPUT:Repository Change | PROCESS:Decision Branch | PROCESS:Required Sequence | RESOURCE:GitHub Interface | RESOURCE:Local Workspace | TASK:Artifact Change | TASK:Evidence Investigation
rq3_068,7,1,2,CONSTRAINT:Quality Standard | CONSTRAINT:Scope Boundary | CONTEXT:Execution Environment | CONTEXT:Historical Context | CONTEXT:Repository Context | EXAMPLE:Output Template | OUTPUT:Existing Thread Response | RESOURCE:GitHub Interface | TASK:Artifact Review,CONSTRAINT:Quality Standard | CONSTRAINT:Scope Boundary | CONTEXT:Execution Environment | CONTEXT:Repository Context | OUTPUT:Existing Thread Response | PROCESS:Required Sequence | RESOURCE:GitHub Interface | TASK:Artifact Review
rq3_069,14,2,6,COMMUNICATION:Audience Voice | COMMUNICATION:Expert Role | CONSTRAINT:Evidence Grounding | CONSTRAINT:Quality Standard | CONSTRAINT:Scope Boundary | CONTEXT:Domain Context | CONTEXT:Execution Environment | CONTEXT:Repository Context | EVALUATION:Rule Conformance | EXAMPLE:Output Template | EXAMPLE:Technical Snippet | OUTPUT:Control Signal | OUTPUT:Standalone Artifact | PROCESS:Decision Branch | PROCESS:Required Sequence | PROCESS:Within-Run Iteration | RESOURCE:GitHub Interface | RESOURCE:Local Workspace | TASK:Artifact Change | TASK:Evidence Investigation,COMMUNICATION:Audience Voice | COMMUNICATION:Expert Role | CONSTRAINT:Quality Standard | CONSTRAINT:Scope Boundary | CONTEXT:Execution Environment | CONTEXT:Repository Context | EVALUATION:Execution Check | EXAMPLE:Output Template | EXAMPLE:Technical Snippet | OUTPUT:Standalone Artifact | PROCESS:Decision Branch | PROCESS:Required Sequence | RESOURCE:GitHub Interface | RESOURCE:Local Workspace | TASK:Artifact Change | TASK:Executable Validation
rq3_070,18,2,9,COMMUNICATION:Automation Disclosure | CONSTRAINT:Evidence Grounding | CONSTRAINT:Quality Standard | CONSTRAINT:Resource Budget | CONSTRAINT:Scope Boundary | CONTEXT:Domain Context | CONTEXT:Execution Environment | CONTEXT:Repository Context | EVALUATION:Evidence Credibility | EVALUATION:Rule Conformance | EXAMPLE:Output Template | EXAMPLE:Worked Case | OUTPUT:Control Signal | OUTPUT:Repository Change | PROCESS:Cross-Run Memory | PROCESS:Decision Branch | PROCESS:Required Sequence | PROCESS:Within-Run Iteration | RESOURCE:Development Toolchain | RESOURCE:GitHub Interface | RESOURCE:Local Workspace | SAFETY:Execution Isolation | SAFETY:Prompt Injection Defense | TASK:Artifact Change | TASK:Evidence Investigation | TASK:Executable Validation | TASK:Work Item Management,CONSTRAINT:Quality Standard | CONSTRAINT:Scope Boundary | CONTEXT:Domain Context | CONTEXT:Execution Environment | CONTEXT:Historical Context | CONTEXT:Repository Context | EVALUATION:Rule Conformance | EXAMPLE:Technical Snippet | OUTPUT:Control Signal | OUTPUT:Repository Change | PROCESS:Cross-Run Memory | PROCESS:Decision Branch | PROCESS:Required Sequence | PROCESS:Within-Run Iteration | RESOURCE:Development Toolchain | RESOURCE:GitHub Interface | RESOURCE:Local Workspace | SAFETY:Prompt Injection Defense | TASK:Artifact Change | TASK:Work Item Management
rq3_071,9,4,2,CONSTRAINT:Quality Standard | CONSTRAINT:Scope Boundary | CONTEXT:Repository Context | EVALUATION:Rule Conformance | OUTPUT:Control Signal | OUTPUT:New Thread | PROCESS:Decision Branch | PROCESS:Required Sequence | PROCESS:Work Delegation | RESOURCE:Agent Resource | TASK:Evidence Investigation,CONTEXT:Domain Context | CONTEXT:Repository Context | EVALUATION:Rule Conformance | OUTPUT:Control Signal | OUTPUT:New Thread | PROCESS:Decision Branch | PROCESS:Required Sequence | PROCESS:Within-Run Iteration | PROCESS:Work Delegation | RESOURCE:Agent Resource | RESOURCE:GitHub Interface | RESOURCE:Local Workspace | TASK:Evidence Investigation
rq3_072,7,7,1,CONSTRAINT:Evidence Grounding | CONSTRAINT:Scope Boundary | EXAMPLE:Output Template | OUTPUT:New Thread | PROCESS:Decision Branch | PROCESS:Required Sequence | RESOURCE:GitHub Interface | TASK:Evidence Investigation,CONSTRAINT:Evidence Grounding | CONSTRAINT:Quality Standard | CONTEXT:Domain Context | CONTEXT:Repository Context | EXAMPLE:Output Template | EXAMPLE:Technical Snippet | OUTPUT:New Thread | PROCESS:Decision Branch | PROCESS:Required Sequence | PROCESS:Within-Run Iteration | RESOURCE:GitHub Interface | TASK:Artifact Change | TASK:Artifact Review | TASK:Evidence Investigation
rq3_073,13,2,2,COMMUNICATION:Expert Role | CONSTRAINT:Scope Boundary | CONTEXT:Execution Environment | CONTEXT:Repository Context | EVALUATION:Execution Check | EXAMPLE:Technical Snippet | OUTPUT:New Thread | OUTPUT:Standalone Artifact | PROCESS:Decision Branch | PROCESS:Required Sequence | RESOURCE:Agent Resource | RESOURCE:GitHub Interface | RESOURCE:Local Workspace | SAFETY:Execution Isolation | TASK:Executable Validation,COMMUNICATION:Expert Role | CONSTRAINT:Scope Boundary | CONTEXT:Domain Context | CONTEXT:Execution Environment | CONTEXT:Repository Context | EVALUATION:Execution Check | EXAMPLE:Technical Snippet | OUTPUT:New Thread | OUTPUT:Standalone Artifact | PROCESS:Decision Branch | PROCESS:Required Sequence | PROCESS:Within-Run Iteration | RESOURCE:GitHub Interface | RESOURCE:Local Workspace | TASK:Executable Validation
rq3_074,9,5,4,COMMUNICATION:Expert Role | CONSTRAINT:Evidence Grounding | CONSTRAINT:Quality Standard | CONSTRAINT:Scope Boundary | CONTEXT:Repository Context | OUTPUT:Control Signal | OUTPUT:Repository Change | PROCESS:Decision Branch | PROCESS:Required Sequence | PROCESS:Within-Run Iteration | RESOURCE:Local Workspace | TASK:Artifact Change | TASK:Evidence Investigation,COMMUNICATION:Expert Role | CONSTRAINT:Quality Standard | CONSTRAINT:Scope Boundary | CONTEXT:Domain Context | CONTEXT:Repository Context | EVALUATION:Rule Conformance | EXAMPLE:Technical Snippet | OUTPUT:Repository Change | PROCESS:Decision Branch | PROCESS:Required Sequence | TASK:Artifact Change | TASK:Artifact Review | TASK:Evidence Investigation | TASK:Work Item Management
rq3_075,6,3,4,CONSTRAINT:Quality Standard | CONTEXT:Repository Context | EXAMPLE:Output Template | OUTPUT:Control Signal | OUTPUT:New Thread | OUTPUT:Repository Change | PROCESS:Decision Branch | PROCESS:Required Sequence | RESOURCE:GitHub Interface | TASK:Artifact Change,CONSTRAINT:Scope Boundary | EXAMPLE:Technical Snippet | OUTPUT:Control Signal | OUTPUT:Repository Change | PROCESS:Decision Branch | PROCESS:Required Sequence | RESOURCE:GitHub Interface | RESOURCE:Local Workspace | TASK:Artifact Change
rq3_076,20,1,2,COMMUNICATION:Automation Disclosure | COMMUNICATION:Expert Role | CONSTRAINT:Quality Standard | CONSTRAINT:Resource Budget | CONSTRAINT:Scope Boundary | CONTEXT:Domain Context | CONTEXT:Repository Context | EVALUATION:Execution Check | EXAMPLE:Technical Snippet | EXAMPLE:Worked Case | OUTPUT:Control Signal | OUTPUT:Existing Thread Response | OUTPUT:Repository Change | PROCESS:Decision Branch | PROCESS:Required Sequence | PROCESS:Within-Run Iteration | RESOURCE:Development Toolchain | RESOURCE:GitHub Interface | RESOURCE:Local Workspace | TASK:Artifact Change | TASK:Evidence Investigation | TASK:Executable Validation,COMMUNICATION:Expert Role | CONSTRAINT:Quality Standard | CONSTRAINT:Resource Budget | CONSTRAINT:Scope Boundary | CONTEXT:Domain Context | CONTEXT:Execution Environment | CONTEXT:Repository Context | EVALUATION:Execution Check | EXAMPLE:Technical Snippet | OUTPUT:Control Signal | OUTPUT:Existing Thread Response | OUTPUT:Repository Change | PROCESS:Decision Branch | PROCESS:Required Sequence | PROCESS:Within-Run Iteration | RESOURCE:Development Toolchain | RESOURCE:GitHub Interface | RESOURCE:Local Workspace | TASK:Artifact Change | TASK:Evidence Investigation | TASK:Executable Validation
rq3_077,15,3,6,COMMUNICATION:Audience Voice | COMMUNICATION:Automation Disclosure | COMMUNICATION:Expert Role | CONSTRAINT:Evidence Grounding | CONSTRAINT:Quality Standard | CONSTRAINT:Resource Budget | CONSTRAINT:Scope Boundary | CONTEXT:Domain Context | CONTEXT:Repository Context | EVALUATION:Risk Assessment | EVALUATION:Rule Conformance | EXAMPLE:Output Template | OUTPUT:Control Signal | OUTPUT:Repository Change | PROCESS:Decision Branch | PROCESS:Required Sequence | PROCESS:Within-Run Iteration | RESOURCE:Local Workspace | RESOURCE:Web Retrieval | TASK:Artifact Change | TASK:Artifact Review,COMMUNICATION:Expert Role | CONSTRAINT:Evidence Grounding | CONSTRAINT:Quality Standard | CONSTRAINT:Scope Boundary | CONTEXT:Domain Context | CONTEXT:Repository Context | EVALUATION:Rule Conformance | EXAMPLE:Output Template | EXAMPLE:Technical Snippet | OUTPUT:Control Signal | OUTPUT:Repository Change | PROCESS:Decision Branch | PROCESS:Required Sequence | RESOURCE:GitHub Interface | RESOURCE:Local Workspace | TASK:Artifact Change | TASK:Artifact Review | TASK:Evidence Investigation
rq3_078,9,3,2,COMMUNICATION:Audience Voice | CONSTRAINT:Quality Standard | CONSTRAINT:Scope Boundary | EXAMPLE:Output Template | EXAMPLE:Technical Snippet | OUTPUT:Repository Change | PROCESS:Decision Branch | PROCESS:Required Sequence | RESOURCE:GitHub Interface | RESOURCE:Local Workspace | TASK:Artifact Change,CONSTRAINT:Quality Standard | CONSTRAINT:Scope Boundary | CONTEXT:Domain Context | CONTEXT:Execution Environment | CONTEXT:Repository Context | EXAMPLE:Output Template | EXAMPLE:Technical Snippet | OUTPUT:Repository Change | PROCESS:Decision Branch | PROCESS:Required Sequence | RESOURCE:Local Workspace | TASK:Artifact Change
rq3_079,11,2,2,COMMUNICATION:Expert Role | CONSTRAINT:Quality Standard | CONSTRAINT:Scope Boundary | CONTEXT:Repository Context | EVALUATION:Risk Assessment | EXAMPLE:Output Template | EXAMPLE:Technical Snippet | OUTPUT:Control Signal | OUTPUT:New Thread | PROCESS:Decision Branch | PROCESS:Required Sequence | RESOURCE:Local Workspace | TASK:Evidence Investigation,COMMUNICATION:Expert Role | CONSTRAINT:Quality Standard | CONTEXT:Domain Context | CONTEXT:Execution Environment | CONTEXT:Repository Context | EXAMPLE:Output Template | EXAMPLE:Technical Snippet | OUTPUT:Control Signal | OUTPUT:New Thread | PROCESS:Decision Branch | PROCESS:Required Sequence | RESOURCE:Local Workspace | TASK:Evidence Investigation
rq3_080,9,5,3,COMMUNICATION:Expert Role | CONSTRAINT:Quality Standard | CONSTRAINT:Scope Boundary | CONTEXT:Historical Context | EVALUATION:Risk Assessment | OUTPUT:Repository Change | PROCESS:Cross-Run Memory | PROCESS:Decision Branch | PROCESS:Required Sequence | RESOURCE:GitHub Interface | TASK:Artifact Change | TASK:Evidence Investigation,COMMUNICATION:Expert Role | CONSTRAINT:Quality Standard | CONTEXT:Domain Context | CONTEXT:Execution Environment | CONTEXT:Repository Context | OUTPUT:Control Signal | OUTPUT:Repository Change | PROCESS:Cross-Run Memory | PROCESS:Decision Branch | PROCESS:Required Sequence | RESOURCE:GitHub Interface | RESOURCE:Local Workspace | TASK:Artifact Change | TASK:Evidence Investigation
rq3_081,16,3,0,COMMUNICATION:Expert Role | CONSTRAINT:Quality Standard | CONSTRAINT:Scope Boundary | CONTEXT:Execution Environment | CONTEXT:Repository Context | EVALUATION:Execution Check | EXAMPLE:Output Template | EXAMPLE:Technical Snippet | OUTPUT:Control Signal | OUTPUT:Repository Change | PROCESS:Decision Branch | PROCESS:Required Sequence | RESOURCE:Development Toolchain | RESOURCE:Local Workspace | TASK:Artifact Change | TASK:Evidence Investigation,COMMUNICATION:Expert Role | CONSTRAINT:Quality Standard | CONSTRAINT:Scope Boundary | CONTEXT:Domain Context | CONTEXT:Execution Environment | CONTEXT:Historical Context | CONTEXT:Repository Context | EVALUATION:Execution Check | EXAMPLE:Output Template | EXAMPLE:Technical Snippet | OUTPUT:Control Signal | OUTPUT:Repository Change | PROCESS:Decision Branch | PROCESS:Required Sequence | RESOURCE:Development Toolchain | RESOURCE:Local Workspace | TASK:Artifact Change | TASK:Evidence Investigation | TASK:Executable Validation
rq3_082,13,3,8,COMMUNICATION:Audience Voice | COMMUNICATION:Expert Role | CONSTRAINT:Quality Standard | CONSTRAINT:Resource Budget | CONSTRAINT:Scope Boundary | CONTEXT:Domain Context | CONTEXT:Execution Environment | CONTEXT:Historical Context | CONTEXT:Repository Context | EVALUATION:Rule Conformance | EXAMPLE:Output Template | EXAMPLE:Technical Snippet | EXAMPLE:Worked Case | OUTPUT:Existing Thread Response | OUTPUT:New Thread | PROCESS:Decision Branch | PROCESS:Required Sequence | PROCESS:Within-Run Iteration | RESOURCE:GitHub Interface | RESOURCE:Local Workspace | TASK:Artifact Review,COMMUNICATION:Expert Role | CONSTRAINT:Quality Standard | CONSTRAINT:Scope Boundary | CONTEXT:Domain Context | CONTEXT:Execution Environment | CONTEXT:Repository Context | EVALUATION:Rule Conformance | EXAMPLE:Output Template | OUTPUT:New Thread | PROCESS:Required Sequence | RESOURCE:GitHub Interface | RESOURCE:Local Workspace | TASK:Artifact Change | TASK:Artifact Review | TASK:Evidence Investigation | TASK:Work Item Management
rq3_083,10,0,5,COMMUNICATION:Expert Role | CONSTRAINT:Evidence Grounding | CONSTRAINT:Quality Standard | CONSTRAINT:Scope Boundary | CONTEXT:Repository Context | EVALUATION:Evidence Credibility | EVALUATION:Rule Conformance | EXAMPLE:Output Template | OUTPUT:Existing Thread Response | PROCESS:Decision Branch | PROCESS:Required Sequence | RESOURCE:GitHub Interface | RESOURCE:Local Workspace | TASK:Artifact Review | TASK:Evidence Investigation,COMMUNICATION:Expert Role | CONSTRAINT:Evidence Grounding | CONSTRAINT:Quality Standard | CONSTRAINT:Scope Boundary | CONTEXT:Repository Context | OUTPUT:Existing Thread Response | PROCESS:Required Sequence | RESOURCE:GitHub Interface | TASK:Artifact Review | TASK:Evidence Investigation
rq3_084,9,6,3,COMMUNICATION:Expert Role | CONSTRAINT:Quality Standard | CONSTRAINT:Resource Budget | CONSTRAINT:Scope Boundary | CONTEXT:Historical Context | CONTEXT:Repository Context | OUTPUT:New Thread | PROCESS:Decision Branch | PROCESS:Required Sequence | PROCESS:Work Delegation | RESOURCE:Agent Resource | TASK:Evidence Investigation,CONSTRAINT:Quality Standard | CONSTRAINT:Resource Budget | CONSTRAINT:Scope Boundary | CONTEXT:Domain Context | CONTEXT:Historical Context | CONTEXT:Repository Context | OUTPUT:Control Signal | OUTPUT:New Thread | PROCESS:Decision Branch | PROCESS:Required Sequence | PROCESS:Within-Run Iteration | RESOURCE:GitHub Interface | TASK:Artifact Change | TASK:Evidence Investigation | TASK:Work Item Management
rq3_085,8,4,2,COMMUNICATION:Expert Role | CONTEXT:Repository Context | EVALUATION:Execution Check | EXAMPLE:Technical Snippet | OUTPUT:Existing Thread Response | OUTPUT:Repository Change | PROCESS:Decision Branch | PROCESS:Required Sequence | RESOURCE:Web Retrieval | TASK:Artifact Change,COMMUNICATION:Expert Role | CONTEXT:Domain Context | CONTEXT:Repository Context | EVALUATION:Execution Check | OUTPUT:Existing Thread Response | OUTPUT:Repository Change | PROCESS:Decision Branch | PROCESS:Required Sequence | RESOURCE:GitHub Interface | TASK:Artifact Change | TASK:Evidence Investigation | TASK:Executable Validation
rq3_086,11,5,2,COMMUNICATION:Expert Role | CONSTRAINT:Quality Standard | CONSTRAINT:Resource Budget | CONSTRAINT:Scope Boundary | CONTEXT:Repository Context | EXAMPLE:Output Template | OUTPUT:Control Signal | OUTPUT:Repository Change | PROCESS:Decision Branch | PROCESS:Required Sequence | RESOURCE:Local Workspace | TASK:Artifact Change | TASK:Evidence Investigation,COMMUNICATION:Expert Role | CONSTRAINT:Quality Standard | CONSTRAINT:Resource Budget | CONSTRAINT:Scope Boundary | CONTEXT:Domain Context | CONTEXT:Historical Context | CONTEXT:Repository Context | OUTPUT:Control Signal | OUTPUT:Repository Change | PROCESS:Cross-Run Memory | PROCESS:Decision Branch | PROCESS:Required Sequence | PROCESS:Within-Run Iteration | RESOURCE:GitHub Interface | RESOURCE:Local Workspace | TASK:Artifact Change
rq3_087,11,2,6,CONSTRAINT:Evidence Grounding | CONSTRAINT:Quality Standard | CONSTRAINT:Scope Boundary | CONTEXT:Execution Environment | CONTEXT:Historical Context | CONTEXT:Repository Context | EXAMPLE:Output Template | EXAMPLE:Worked Case | OUTPUT:Control Signal | OUTPUT:Repository Change | PROCESS:Cross-Run Memory | PROCESS:Decision Branch | PROCESS:Required Sequence | RESOURCE:GitHub Interface | RESOURCE:Local Workspace | TASK:Artifact Change | TASK:Evidence Investigation,CONSTRAINT:Quality Standard | CONSTRAINT:Scope Boundary | CONTEXT:Domain Context | CONTEXT:Repository Context | EXAMPLE:Technical Snippet | OUTPUT:Control Signal | OUTPUT:Repository Change | PROCESS:Cross-Run Memory | PROCESS:Decision Branch | PROCESS:Required Sequence | RESOURCE:GitHub Interface | TASK:Artifact Change | TASK:Evidence Investigation
rq3_088,8,4,2,COMMUNICATION:Expert Role | CONSTRAINT:Quality Standard | CONSTRAINT:Scope Boundary | CONTEXT:Repository Context | EVALUATION:Risk Assessment | EXAMPLE:Output Template | OUTPUT:Existing Thread Response | PROCESS:Decision Branch | RESOURCE:GitHub Interface | TASK:Evidence Investigation,COMMUNICATION:Expert Role | CONSTRAINT:Quality Standard | CONTEXT:Domain Context | CONTEXT:Repository Context | EVALUATION:Risk Assessment | EVALUATION:Rule Conformance | EXAMPLE:Output Template | OUTPUT:Existing Thread Response | PROCESS:Decision Branch | PROCESS:Required Sequence | RESOURCE:GitHub Interface | TASK:Artifact Review
rq3_089,13,1,14,COMMUNICATION:Audience Voice | COMMUNICATION:Automation Disclosure | COMMUNICATION:Expert Role | CONSTRAINT:Quality Standard | CONSTRAINT:Resource Budget | CONSTRAINT:Scope Boundary | CONTEXT:Domain Context | CONTEXT:Execution Environment | CONTEXT:Repository Context | EVALUATION:Evidence Credibility | EVALUATION:Risk Assessment | EVALUATION:Rule Conformance | EXAMPLE:Output Template | EXAMPLE:Technical Snippet | EXAMPLE:Worked Case | OUTPUT:Control Signal | OUTPUT:Existing Thread Response | PROCESS:Decision Branch | PROCESS:Required Sequence | PROCESS:Within-Run Iteration | RESOURCE:GitHub Interface | RESOURCE:Local Workspace | SAFETY:Execution Isolation | SAFETY:Information Confidentiality | SAFETY:Prompt Injection Defense | TASK:Evidence Investigation | TASK:Work Item Management,COMMUNICATION:Expert Role | CONSTRAINT:Scope Boundary | CONTEXT:Domain Context | CONTEXT:Execution Environment | CONTEXT:Repository Context | EXAMPLE:Technical Snippet | OUTPUT:Existing Thread Response | PROCESS:Decision Branch | PROCESS:Required Sequence | RESOURCE:GitHub Interface | RESOURCE:Web Retrieval | SAFETY:Prompt Injection Defense | TASK:Evidence Investigation | TASK:Work Item Management
rq3_090,13,2,5,COMMUNICATION:Audience Voice | COMMUNICATION:Expert Role | CONSTRAINT:Quality Standard | CONSTRAINT:Resource Budget | CONSTRAINT:Scope Boundary | CONTEXT:Repository Context | EVALUATION:Risk Assessment | EVALUATION:Rule Conformance | EXAMPLE:Output Template | OUTPUT:Existing Thread Response | PROCESS:Decision Branch | PROCESS:Required Sequence | PROCESS:Within-Run Iteration | RESOURCE:GitHub Interface | RESOURCE:Local Workspace | RESOURCE:Web Retrieval | TASK:Artifact Review | TASK:Evidence Investigation,COMMUNICATION:Expert Role | CONSTRAINT:Quality Standard | CONSTRAINT:Resource Budget | CONSTRAINT:Scope Boundary | CONTEXT:Domain Context | CONTEXT:Repository Context | EVALUATION:Rule Conformance | OUTPUT:Existing Thread Response | OUTPUT:Repository Change | PROCESS:Decision Branch | PROCESS:Required Sequence | RESOURCE:GitHub Interface | RESOURCE:Web Retrieval | TASK:Artifact Review | TASK:Evidence Investigation
rq3_091,9,5,3,CONSTRAINT:Quality Standard | CONSTRAINT:Resource Budget | CONSTRAINT:Scope Boundary | OUTPUT:Control Signal | OUTPUT:Existing Thread Response | OUTPUT:New Thread | PROCESS:Decision Branch | PROCESS:Required Sequence | RESOURCE:Development Toolchain | RESOURCE:GitHub Interface | RESOURCE:Web Retrieval | TASK:Executable Validation,CONSTRAINT:Quality Standard | CONSTRAINT:Resource Budget | CONTEXT:Repository Context | EVALUATION:Execution Check | OUTPUT:Existing Thread Response | OUTPUT:New Thread | PROCESS:Decision Branch | RESOURCE:Development Toolchain | RESOURCE:GitHub Interface | RESOURCE:Local Workspace | RESOURCE:Web Retrieval | TASK:Artifact Change | TASK:Executable Validation | TASK:Work Item Management
rq3_092,11,2,4,CONSTRAINT:Quality Standard | CONSTRAINT:Scope Boundary | CONTEXT:Execution Environment | CONTEXT:Repository Context | EVALUATION:Execution Check | EXAMPLE:Output Template | OUTPUT:Control Signal | OUTPUT:Existing Thread Response | PROCESS:Decision Branch | PROCESS:Required Sequence | RESOURCE:GitHub Interface | RESOURCE:Local Workspace | SAFETY:Execution Isolation | TASK:Executable Validation | TASK:Work Item Management,CONSTRAINT:Quality Standard | CONSTRAINT:Scope Boundary | CONTEXT:Domain Context | CONTEXT:Execution Environment | CONTEXT:Repository Context | EVALUATION:Execution Check | OUTPUT:Control Signal | OUTPUT:Existing Thread Response | PROCESS:Decision Branch | PROCESS:Required Sequence | RESOURCE:Local Workspace | TASK:Evidence Investigation | TASK:Executable Validation
rq3_093,4,2,0,COMMUNICATION:Audience Voice | CONSTRAINT:Quality Standard | CONTEXT:Repository Context | TASK:Artifact Review,COMMUNICATION:Audience Voice | CONSTRAINT:Quality Standard | CONTEXT:Repository Context | EVALUATION:Rule Conformance | OUTPUT:Existing Thread Response | TASK:Artifact Review
rq3_094,11,2,0,CONSTRAINT:Evidence Grounding | CONSTRAINT:Resource Budget | CONSTRAINT:Scope Boundary | CONTEXT:Domain Context | OUTPUT:Control Signal | OUTPUT:Repository Change | PROCESS:Decision Branch | PROCESS:Required Sequence | RESOURCE:Web Retrieval | TASK:Artifact Change | TASK:Evidence Investigation,CONSTRAINT:Evidence Grounding | CONSTRAINT:Resource Budget | CONSTRAINT:Scope Boundary | CONTEXT:Domain Context | CONTEXT:Repository Context | OUTPUT:Control Signal | OUTPUT:Repository Change | PROCESS:Decision Branch | PROCESS:Required Sequence | RESOURCE:Web Retrieval | TASK:Artifact Change | TASK:Evidence Investigation | TASK:Work Item Management
rq3_095,11,1,9,COMMUNICATION:Automation Disclosure | COMMUNICATION:Expert Role | CONSTRAINT:Quality Standard | CONSTRAINT:Resource Budget | CONSTRAINT:Scope Boundary | CONTEXT:Domain Context | CONTEXT:Execution Environment | CONTEXT:Repository Context | EVALUATION:Evidence Credibility | EVALUATION:Risk Assessment | EVALUATION:Rule Conformance | EXAMPLE:Output Template | OUTPUT:Existing Thread Response | PROCESS:Decision Branch | PROCESS:Required Sequence | RESOURCE:GitHub Interface | RESOURCE:Local Workspace | SAFETY:Execution Isolation | SAFETY:Prompt Injection Defense | TASK:Evidence Investigation,CONSTRAINT:Evidence Grounding | CONSTRAINT:Resource Budget | CONSTRAINT:Scope Boundary | CONTEXT:Domain Context | CONTEXT:Repository Context | EXAMPLE:Output Template | OUTPUT:Existing Thread Response | PROCESS:Decision Branch | PROCESS:Required Sequence | RESOURCE:GitHub Interface | SAFETY:Prompt Injection Defense | TASK:Evidence Investigation
rq3_096,17,4,1,COMMUNICATION:Expert Role | CONSTRAINT:Resource Budget | CONSTRAINT:Scope Boundary | CONTEXT:Repository Context | EVALUATION:Execution Check | EXAMPLE:Output Template | OUTPUT:Existing Thread Response | OUTPUT:Repository Change | PROCESS:Decision Branch | PROCESS:Required Sequence | PROCESS:Within-Run Iteration | RESOURCE:Development Toolchain | RESOURCE:GitHub Interface | RESOURCE:Local Workspace | SAFETY:Prompt Injection Defense | TASK:Artifact Change | TASK:Executable Validation | TASK:Work Item Management,COMMUNICATION:Expert Role | CONSTRAINT:Quality Standard | CONSTRAINT:Resource Budget | CONSTRAINT:Scope Boundary | CONTEXT:Domain Context | CONTEXT:Repository Context | EVALUATION:Execution Check | EVALUATION:Rule Conformance | EXAMPLE:Technical Snippet | OUTPUT:Existing Thread Response | OUTPUT:Repository Change | PROCESS:Decision Branch | PROCESS:Required Sequence | PROCESS:Within-Run Iteration | RESOURCE:Development Toolchain | RESOURCE:GitHub Interface | RESOURCE:Local Workspace | SAFETY:Prompt Injection Defense | TASK:Artifact Change | TASK:Executable Validation | TASK:Work Item Management
rq3_097,9,5,6,COMMUNICATION:Expert Role | CONSTRAINT:Evidence Grounding | CONSTRAINT:Quality Standard | CONTEXT:Repository Context | EXAMPLE:Output Template | EXAMPLE:Worked Case | OUTPUT:New Thread | PROCESS:Decision Branch | PROCESS:Required Sequence | RESOURCE:Agent Resource | RESOURCE:Local Workspace | RESOURCE:Web Retrieval | SAFETY:Prompt Injection Defense | TASK:Evidence Investigation | TASK:Work Item Management,COMMUNICATION:Expert Role | CONTEXT:Domain Context | CONTEXT:Repository Context | EXAMPLE:Output Template | EXAMPLE:Technical Snippet | OUTPUT:Existing Thread Response | OUTPUT:New Thread | PROCESS:Decision Branch | PROCESS:Required Sequence | RESOURCE:GitHub Interface | RESOURCE:Local Workspace | RESOURCE:Web Retrieval | TASK:Artifact Change | TASK:Evidence Investigation
rq3_098,9,5,3,CONSTRAINT:Quality Standard | CONSTRAINT:Scope Boundary | EVALUATION:Risk Assessment | EXAMPLE:Output Template | OUTPUT:Control Signal | OUTPUT:New Thread | PROCESS:Cross-Run Memory | PROCESS:Decision Branch | PROCESS:Required Sequence | RESOURCE:GitHub Interface | RESOURCE:Local Workspace | TASK:Evidence Investigation,CONSTRAINT:Quality Standard | CONTEXT:Domain Context | CONTEXT:Historical Context | CONTEXT:Repository Context | EVALUATION:Rule Conformance | OUTPUT:Control Signal | OUTPUT:New Thread | PROCESS:Cross-Run Memory | PROCESS:Decision Branch | PROCESS:Required Sequence | RESOURCE:GitHub Interface | RESOURCE:Local Workspace | TASK:Artifact Change | TASK:Evidence Investigation
rq3_099,7,1,5,COMMUNICATION:Expert Role | CONSTRAINT:Evidence Grounding | CONSTRAINT:Quality Standard | CONSTRAINT:Scope Boundary | EVALUATION:Rule Conformance | EXAMPLE:Output Template | EXAMPLE:Technical Snippet | OUTPUT:Control Signal | OUTPUT:Existing Thread Response | PROCESS:Decision Branch | RESOURCE:GitHub Interface | TASK:Artifact Review,COMMUNICATION:Expert Role | CONSTRAINT:Scope Boundary | EVALUATION:Rule Conformance | OUTPUT:Control Signal | PROCESS:Decision Branch | PROCESS:Required Sequence | RESOURCE:GitHub Interface | TASK:Artifact Review
rq3_100,15,1,5,COMMUNICATION:Automation Disclosure | COMMUNICATION:Expert Role | CONSTRAINT:Quality Standard | CONSTRAINT:Scope Boundary | CONTEXT:Execution Environment | CONTEXT:Repository Context | EXAMPLE:Output Template | EXAMPLE:Technical Snippet | OUTPUT:Control Signal | OUTPUT:Existing Thread Response | OUTPUT:New Thread | OUTPUT:Standalone Artifact | PROCESS:Cross-Run Memory | PROCESS:Decision Branch | PROCESS:Required Sequence | PROCESS:Within-Run Iteration | RESOURCE:Agent Resource | RESOURCE:Local Workspace | RESOURCE:Web Retrieval | TASK:Evidence Investigation,COMMUNICATION:Expert Role | CONSTRAINT:Quality Standard | CONSTRAINT:Scope Boundary | CONTEXT:Execution Environment | CONTEXT:Repository Context | EXAMPLE:Output Template | EXAMPLE:Technical Snippet | OUTPUT:Existing Thread Response | OUTPUT:New Thread | PROCESS:Cross-Run Memory | PROCESS:Decision Branch | PROCESS:Required Sequence | PROCESS:Within-Run Iteration | RESOURCE:GitHub Interface | RESOURCE:Local Workspace | TASK:Evidence Investigation
rq3_101,19,4,4,COMMUNICATION:Expert Role | CONSTRAINT:Evidence Grounding | CONSTRAINT:Quality Standard | CONSTRAINT:Resource Budget | CONSTRAINT:Scope Boundary | CONTEXT:Domain Context | CONTEXT:Execution Environment | CONTEXT:Repository Context | EVALUATION:Execution Check | EXAMPLE:Output Template | EXAMPLE:Technical Snippet | EXAMPLE:Worked Case | OUTPUT:Control Signal | OUTPUT:Repository Change | PROCESS:Cross-Run Memory | PROCESS:Decision Branch | PROCESS:Required Sequence | PROCESS:Within-Run Iteration | RESOURCE:Development Toolchain | RESOURCE:GitHub Interface | RESOURCE:Local Workspace | TASK:Artifact Change | TASK:Executable Validation,COMMUNICATION:Expert Role | CONSTRAINT:Quality Standard | CONSTRAINT:Resource Budget | CONSTRAINT:Scope Boundary | CONTEXT:Domain Context | CONTEXT:Execution Environment | CONTEXT:Historical Context | CONTEXT:Repository Context | EVALUATION:Execution Check | EVALUATION:Rule Conformance | EXAMPLE:Technical Snippet | OUTPUT:Control Signal | OUTPUT:Repository Change | PROCESS:Cross-Run Memory | PROCESS:Decision Branch | PROCESS:Required Sequence | RESOURCE:Development Toolchain | RESOURCE:GitHub Interface | RESOURCE:Local Workspace | TASK:Artifact Change | TASK:Evidence Investigation | TASK:Executable Validation | TASK:Work Item Management
rq3_102,13,2,3,CONSTRAINT:Evidence Grounding | CONSTRAINT:Quality Standard | CONSTRAINT:Resource Budget | CONSTRAINT:Scope Boundary | CONTEXT:Domain Context | CONTEXT:Execution Environment | CONTEXT:Repository Context | EVALUATION:Execution Check | EXAMPLE:Output Template | OUTPUT:Control Signal | OUTPUT:New Thread | PROCESS:Decision Branch | PROCESS:Required Sequence | PROCESS:Within-Run Iteration | RESOURCE:GitHub Interface | TASK:Evidence Investigation,CONSTRAINT:Evidence Grounding | CONSTRAINT:Quality Standard | CONSTRAINT:Resource Budget | CONSTRAINT:Scope Boundary | CONTEXT:Domain Context | CONTEXT:Repository Context | EVALUATION:Rule Conformance | OUTPUT:Control Signal | OUTPUT:New Thread | PROCESS:Decision Branch | PROCESS:Required Sequence | PROCESS:Within-Run Iteration | RESOURCE:GitHub Interface | TASK:Artifact Change | TASK:Evidence Investigation
rq3_103,12,3,2,CONSTRAINT:Quality Standard | CONSTRAINT:Scope Boundary | CONTEXT:Execution Environment | CONTEXT:Repository Context | EXAMPLE:Output Template | EXAMPLE:Technical Snippet | OUTPUT:Control Signal | OUTPUT:Repository Change | PROCESS:Decision Branch | PROCESS:Required Sequence | RESOURCE:Development Toolchain | RESOURCE:Local Workspace | TASK:Artifact Change | TASK:Executable Validation,CONSTRAINT:Quality Standard | CONSTRAINT:Scope Boundary | CONTEXT:Domain Context | CONTEXT:Execution Environment | CONTEXT:Repository Context | OUTPUT:Control Signal | OUTPUT:Repository Change | PROCESS:Decision Branch | PROCESS:Required Sequence | RESOURCE:Development Toolchain | RESOURCE:GitHub Interface | RESOURCE:Local Workspace | TASK:Artifact Change | TASK:Executable Validation | TASK:Work Item Management
rq3_104,9,4,1,COMMUNICATION:Expert Role | CONSTRAINT:Evidence Grounding | CONSTRAINT:Quality Standard | CONSTRAINT:Scope Boundary | CONTEXT:Domain Context | CONTEXT:Repository Context | OUTPUT:Control Signal | OUTPUT:Existing Thread Response | RESOURCE:Web Retrieval | TASK:Evidence Investigation,COMMUNICATION:Audience Voice | COMMUNICATION:Expert Role | CONSTRAINT:Evidence Grounding | CONSTRAINT:Quality Standard | CONSTRAINT:Scope Boundary | CONTEXT:Domain Context | CONTEXT:Repository Context | OUTPUT:Existing Thread Response | PROCESS:Required Sequence | RESOURCE:GitHub Interface | RESOURCE:Web Retrieval | TASK:Evidence Investigation | TASK:Work Item Management
rq3_105,11,0,17,COMMUNICATION:Automation Disclosure | COMMUNICATION:Expert Role | CONSTRAINT:Evidence Grounding | CONSTRAINT:Quality Standard | CONSTRAINT:Resource Budget | CONSTRAINT:Scope Boundary | CONTEXT:Domain Context | CONTEXT:Execution Environment | CONTEXT:Repository Context | EVALUATION:Evidence Credibility | EVALUATION:Execution Check | EVALUATION:Risk Assessment | EVALUATION:Rule Conformance | EXAMPLE:Output Template | EXAMPLE:Technical Snippet | EXAMPLE:Worked Case | OUTPUT:Control Signal | OUTPUT:Existing Thread Response | OUTPUT:New Thread | OUTPUT:Standalone Artifact | PROCESS:Cross-Run Memory | PROCESS:Decision Branch | PROCESS:Required Sequence | PROCESS:Within-Run Iteration | RESOURCE:GitHub Interface | RESOURCE:Local Workspace | TASK:Evidence Investigation | TASK:Work Item Management,COMMUNICATION:Expert Role | CONTEXT:Domain Context | CONTEXT:Execution Environment | CONTEXT:Repository Context | OUTPUT:Existing Thread Response | OUTPUT:New Thread | PROCESS:Decision Branch | PROCESS:Required Sequence | RESOURCE:GitHub Interface | TASK:Evidence Investigation | TASK:Work Item Management
rq3_106,13,0,9,COMMUNICATION:Audience Voice | COMMUNICATION:Expert Role | CONSTRAINT:Quality Standard | CONSTRAINT:Resource Budget | CONSTRAINT:Scope Boundary | CONTEXT:Domain Context | CONTEXT:Repository Context | EVALUATION:Execution Check | EVALUATION:Rule Conformance | EXAMPLE:Output Template | EXAMPLE:Worked Case | OUTPUT:Control Signal | OUTPUT:Repository Change | PROCESS:Cross-Run Memory | PROCESS:Decision Branch | PROCESS:Required Sequence | PROCESS:Within-Run Iteration | RESOURCE:Agent Resource | RESOURCE:Development Toolchain | RESOURCE:Local Workspace | TASK:Artifact Change | TASK:Executable Validation,COMMUNICATION:Expert Role | CONSTRAINT:Quality Standard | CONSTRAINT:Resource Budget | CONSTRAINT:Scope Boundary | CONTEXT:Domain Context | EVALUATION:Rule Conformance | OUTPUT:Control Signal | OUTPUT:Repository Change | PROCESS:Cross-Run Memory | PROCESS:Decision Branch | PROCESS:Required Sequence | RESOURCE:Agent Resource | TASK:Artifact Change
rq3_107,13,4,7,COMMUNICATION:Automation Disclosure | COMMUNICATION:Expert Role | CONSTRAINT:Quality Standard | CONSTRAINT:Resource Budget | CONSTRAINT:Scope Boundary | CONTEXT:Domain Context | CONTEXT:Execution Environment | CONTEXT:Repository Context | EVALUATION:Rule Conformance | EXAMPLE:Output Template | EXAMPLE:Technical Snippet | EXAMPLE:Worked Case | OUTPUT:Control Signal | OUTPUT:Existing Thread Response | PROCESS:Decision Branch | PROCESS:Required Sequence | PROCESS:Within-Run Iteration | RESOURCE:GitHub Interface | SAFETY:Prompt Injection Defense | TASK:Work Item Management,COMMUNICATION:Expert Role | CONSTRAINT:Quality Standard | CONSTRAINT:Resource Budget | CONSTRAINT:Scope Boundary | CONTEXT:Domain Context | CONTEXT:Execution Environment | CONTEXT:Historical Context | EVALUATION:Rule Conformance | EXAMPLE:Technical Snippet | OUTPUT:Control Signal | OUTPUT:Repository Change | PROCESS:Decision Branch | PROCESS:Required Sequence | RESOURCE:GitHub Interface | SAFETY:Prompt Injection Defense | TASK:Artifact Change | TASK:Evidence Investigation
rq3_108,5,0,2,CONSTRAINT:Quality Standard | CONSTRAINT:Scope Boundary | OUTPUT:Repository Change | PROCESS:Decision Branch | RESOURCE:Local Workspace | TASK:Artifact Change | TASK:Artifact Review,CONSTRAINT:Quality Standard | CONSTRAINT:Scope Boundary | OUTPUT:Repository Change | PROCESS:Decision Branch | TASK:Artifact Change
rq3_109,2,2,0,PROCESS:Decision Branch | TASK:Artifact Review,CONSTRAINT:Scope Boundary | CONTEXT:Repository Context | PROCESS:Decision Branch | TASK:Artifact Review
rq3_110,4,3,2,CONSTRAINT:Scope Boundary | OUTPUT:Existing Thread Response | OUTPUT:Standalone Artifact | PROCESS:Decision Branch | RESOURCE:Local Workspace | TASK:Artifact Review,CONSTRAINT:Scope Boundary | CONTEXT:Execution Environment | CONTEXT:Repository Context | OUTPUT:Standalone Artifact | PROCESS:Required Sequence | RESOURCE:Local Workspace | TASK:Artifact Review
rq3_111,10,7,3,COMMUNICATION:Expert Role | CONSTRAINT:Quality Standard | CONSTRAINT:Resource Budget | EVALUATION:Rule Conformance | EXAMPLE:Output Template | EXAMPLE:Technical Snippet | OUTPUT:Control Signal | OUTPUT:Existing Thread Response | PROCESS:Decision Branch | PROCESS:Required Sequence | PROCESS:Within-Run Iteration | RESOURCE:GitHub Interface | TASK:Work Item Management,CONSTRAINT:Evidence Grounding | CONSTRAINT:Resource Budget | CONSTRAINT:Scope Boundary | CONTEXT:Domain Context | CONTEXT:Repository Context | EVALUATION:Rule Conformance | EXAMPLE:Output Template | EXAMPLE:Technical Snippet | OUTPUT:Existing Thread Response | OUTPUT:Repository Change | PROCESS:Decision Branch | PROCESS:Required Sequence | PROCESS:Within-Run Iteration | RESOURCE:GitHub Interface | TASK:Artifact Review | TASK:Evidence Investigation | TASK:Work Item Management
rq3_112,8,3,1,COMMUNICATION:Expert Role | CONSTRAINT:Quality Standard | CONSTRAINT:Scope Boundary | OUTPUT:Control Signal | OUTPUT:Existing Thread Response | PROCESS:Decision Branch | PROCESS:Required Sequence | RESOURCE:GitHub Interface | TASK:Artifact Review,COMMUNICATION:Expert Role | CONSTRAINT:Scope Boundary | CONTEXT:Domain Context | CONTEXT:Repository Context | EVALUATION:Rule Conformance | OUTPUT:Control Signal | OUTPUT:Existing Thread Response | PROCESS:Decision Branch | PROCESS:Required Sequence | RESOURCE:GitHub Interface | TASK:Artifact Review
rq3_113,11,5,2,CONSTRAINT:Quality Standard | CONSTRAINT:Scope Boundary | CONTEXT:Domain Context | CONTEXT:Repository Context | EVALUATION:Execution Check | EXAMPLE:Output Template | OUTPUT:Control Signal | OUTPUT:Existing Thread Response | OUTPUT:New Thread | OUTPUT:Standalone Artifact | RESOURCE:GitHub Interface | SAFETY:Execution Isolation | TASK:Executable Validation,CONSTRAINT:Quality Standard | CONSTRAINT:Scope Boundary | CONTEXT:Domain Context | CONTEXT:Execution Environment | CONTEXT:Repository Context | EVALUATION:Execution Check | EVALUATION:Rule Conformance | EXAMPLE:Output Template | OUTPUT:Existing Thread Response | OUTPUT:New Thread | OUTPUT:Standalone Artifact | PROCESS:Decision Branch | RESOURCE:GitHub Interface | RESOURCE:Local Workspace | TASK:Executable Validation | TASK:Work Item Management
rq3_114,15,1,10,COMMUNICATION:Automation Disclosure | COMMUNICATION:Expert Role | CONSTRAINT:Evidence Grounding | CONSTRAINT:Quality Standard | CONSTRAINT:Resource Budget | CONSTRAINT:Scope Boundary | CONTEXT:Domain Context | CONTEXT:Execution Environment | EVALUATION:Risk Assessment | EVALUATION:Rule Conformance | EXAMPLE:Output Template | OUTPUT:Control Signal | OUTPUT:New Thread | PROCESS:Decision Branch | PROCESS:Required Sequence | PROCESS:Within-Run Iteration | PROCESS:Work Delegation | RESOURCE:Agent Resource | RESOURCE:GitHub Interface | RESOURCE:Local Workspace | RESOURCE:Web Retrieval | SAFETY:Execution Isolation | SAFETY:Information Confidentiality | SAFETY:Vulnerability Handling | TASK:Evidence Investigation,COMMUNICATION:Expert Role | CONSTRAINT:Evidence Grounding | CONSTRAINT:Resource Budget | CONSTRAINT:Scope Boundary | CONTEXT:Domain Context | OUTPUT:Control Signal | OUTPUT:New Thread | PROCESS:Decision Branch | PROCESS:Required Sequence | PROCESS:Within-Run Iteration | PROCESS:Work Delegation | RESOURCE:Agent Resource | RESOURCE:Local Workspace | SAFETY:Execution Isolation | TASK:Evidence Investigation | TASK:Work Item Management
rq3_115,3,1,0,OUTPUT:Standalone Artifact | RESOURCE:Local Workspace | TASK:Artifact Change,CONTEXT:Repository Context | OUTPUT:Standalone Artifact | RESOURCE:Local Workspace | TASK:Artifact Change
rq3_116,14,1,6,COMMUNICATION:Automation Disclosure | COMMUNICATION:Expert Role | CONSTRAINT:Evidence Grounding | CONSTRAINT:Quality Standard | CONSTRAINT:Scope Boundary | CONTEXT:Domain Context | CONTEXT:Execution Environment | CONTEXT:Repository Context | EVALUATION:Evidence Credibility | EXAMPLE:Output Template | EXAMPLE:Technical Snippet | EXAMPLE:Worked Case | OUTPUT:New Thread | PROCESS:Cross-Run Memory | PROCESS:Decision Branch | PROCESS:Required Sequence | PROCESS:Within-Run Iteration | RESOURCE:GitHub Interface | RESOURCE:Local Workspace | TASK:Evidence Investigation,COMMUNICATION:Expert Role | CONSTRAINT:Evidence Grounding | CONSTRAINT:Quality Standard | CONTEXT:Domain Context | CONTEXT:Execution Environment | CONTEXT:Historical Context | CONTEXT:Repository Context | EXAMPLE:Output Template | EXAMPLE:Technical Snippet | OUTPUT:New Thread | PROCESS:Cross-Run Memory | PROCESS:Decision Branch | PROCESS:Required Sequence | RESOURCE:Local Workspace | TASK:Evidence Investigation
rq3_117,11,2,2,COMMUNICATION:Expert Role | CONSTRAINT:Evidence Grounding | CONSTRAINT:Quality Standard | CONSTRAINT:Scope Boundary | CONTEXT:Domain Context | CONTEXT:Repository Context | EVALUATION:Risk Assessment | OUTPUT:Control Signal | OUTPUT:Existing Thread Response | PROCESS:Decision Branch | PROCESS:Required Sequence | RESOURCE:GitHub Interface | TASK:Evidence Investigation,COMMUNICATION:Expert Role | CONSTRAINT:Evidence Grounding | CONSTRAINT:Quality Standard | CONTEXT:Domain Context | CONTEXT:Repository Context | OUTPUT:Control Signal | OUTPUT:Existing Thread Response | PROCESS:Decision Branch | PROCESS:Required Sequence | RESOURCE:GitHub Interface | TASK:Artifact Review | TASK:Evidence Investigation | TASK:Work Item Management
rq3_118,13,0,8,COMMUNICATION:Audience Voice | CONSTRAINT:Quality Standard | CONSTRAINT:Resource Budget | CONSTRAINT:Scope Boundary | CONTEXT:Domain Context | CONTEXT:Execution Environment | CONTEXT:Repository Context | EVALUATION:Evidence Credibility | EVALUATION:Risk Assessment | EVALUATION:Rule Conformance | EXAMPLE:Output Template | EXAMPLE:Worked Case | OUTPUT:Control Signal | OUTPUT:Existing Thread Response | PROCESS:Decision Branch | PROCESS:Required Sequence | PROCESS:Within-Run Iteration | RESOURCE:GitHub Interface | SAFETY:Prompt Injection Defense | TASK:Evidence Investigation | TASK:Work Item Management,COMMUNICATION:Audience Voice | CONSTRAINT:Scope Boundary | CONTEXT:Domain Context | CONTEXT:Repository Context | EXAMPLE:Output Template | OUTPUT:Control Signal | OUTPUT:Existing Thread Response | PROCESS:Decision Branch | PROCESS:Required Sequence | PROCESS:Within-Run Iteration | RESOURCE:GitHub Interface | SAFETY:Prompt Injection Defense | TASK:Work Item Management
rq3_119,5,0,2,COMMUNICATION:Audience Voice | CONSTRAINT:Quality Standard | EXAMPLE:Output Template | OUTPUT:New Thread | PROCESS:Required Sequence | RESOURCE:GitHub Interface | TASK:Evidence Investigation,CONSTRAINT:Quality Standard | OUTPUT:New Thread | PROCESS:Required Sequence | RESOURCE:GitHub Interface | TASK:Evidence Investigation
rq3_121,6,3,4,COMMUNICATION:Expert Role | CONSTRAINT:Scope Boundary | EXAMPLE:Output Template | OUTPUT:Control Signal | OUTPUT:Existing Thread Response | OUTPUT:Repository Change | PROCESS:Required Sequence | PROCESS:Work Delegation | TASK:Artifact Change | TASK:Work Item Management,COMMUNICATION:Expert Role | CONTEXT:Domain Context | CONTEXT:Repository Context | OUTPUT:Control Signal | OUTPUT:Existing Thread Response | PROCESS:Required Sequence | PROCESS:Work Delegation | RESOURCE:Agent Resource | TASK:Work Item Management
rq3_122,14,5,6,COMMUNICATION:Audience Voice | COMMUNICATION:Expert Role | CONSTRAINT:Quality Standard | CONSTRAINT:Resource Budget | CONSTRAINT:Scope Boundary | CONTEXT:Repository Context | EVALUATION:Risk Assessment | EVALUATION:Rule Conformance | OUTPUT:Existing Thread Response | PROCESS:Decision Branch | PROCESS:Required Sequence | PROCESS:Within-Run Iteration | PROCESS:Work Delegation | RESOURCE:Agent Resource | RESOURCE:GitHub Interface | RESOURCE:Local Workspace | SAFETY:Information Confidentiality | SAFETY:Prompt Injection Defense | SAFETY:Vulnerability Handling | TASK:Artifact Review,COMMUNICATION:Expert Role | CONSTRAINT:Evidence Grounding | CONSTRAINT:Scope Boundary | CONTEXT:Domain Context | CONTEXT:Repository Context | EVALUATION:Risk Assessment | EXAMPLE:Technical Snippet | OUTPUT:Existing Thread Response | OUTPUT:Repository Change | PROCESS:Decision Branch | PROCESS:Required Sequence | PROCESS:Work Delegation | RESOURCE:Agent Resource | RESOURCE:GitHub Interface | RESOURCE:Local Workspace | SAFETY:Information Confidentiality | SAFETY:Prompt Injection Defense | TASK:Artifact Review | TASK:Evidence Investigation
rq3_123,17,2,5,COMMUNICATION:Automation Disclosure | CONSTRAINT:Evidence Grounding | CONSTRAINT:Quality Standard | CONSTRAINT:Resource Budget | CONSTRAINT:Scope Boundary | CONTEXT:Execution Environment | CONTEXT:Repository Context | EVALUATION:Execution Check | EVALUATION:Risk Assessment | OUTPUT:Control Signal | OUTPUT:New Thread | OUTPUT:Repository Change | OUTPUT:Standalone Artifact | PROCESS:Decision Branch | PROCESS:Required Sequence | RESOURCE:Agent Resource | RESOURCE:Development Toolchain | RESOURCE:GitHub Interface | RESOURCE:Local Workspace | TASK:Artifact Change | TASK:Evidence Investigation | TASK:Executable Validation,COMMUNICATION:Automation Disclosure | CONSTRAINT:Evidence Grounding | CONSTRAINT:Resource Budget | CONSTRAINT:Scope Boundary | CONTEXT:Domain Context | CONTEXT:Execution Environment | CONTEXT:Repository Context | EVALUATION:Execution Check | EVALUATION:Rule Conformance | OUTPUT:Control Signal | OUTPUT:New Thread | OUTPUT:Repository Change | PROCESS:Decision Branch | PROCESS:Required Sequence | RESOURCE:Development Toolchain | RESOURCE:Local Workspace | TASK:Artifact Change | TASK:Evidence Investigation | TASK:Executable Validation
rq3_124,7,2,6,CONTEXT:Domain Context | EVALUATION:Execution Check | EVALUATION:Rule Conformance | EXAMPLE:Output Template | OUTPUT:Existing Thread Response | OUTPUT:New Thread | PROCESS:Decision Branch | PROCESS:Required Sequence | PROCESS:Work Delegation | RESOURCE:Agent Resource | RESOURCE:GitHub Interface | TASK:Executable Validation | TASK:Work Item Management,CONTEXT:Domain Context | EXAMPLE:Technical Snippet | OUTPUT:Existing Thread Response | OUTPUT:New Thread | PROCESS:Decision Branch | PROCESS:Required Sequence | PROCESS:Work Delegation | RESOURCE:Agent Resource | TASK:Artifact Change
rq3_125,11,7,3,COMMUNICATION:Expert Role | CONSTRAINT:Evidence Grounding | CONSTRAINT:Resource Budget | CONSTRAINT:Scope Boundary | CONTEXT:Repository Context | EVALUATION:Rule Conformance | EXAMPLE:Output Template | OUTPUT:New Thread | PROCESS:Cross-Run Memory | PROCESS:Decision Branch | PROCESS:Required Sequence | RESOURCE:Local Workspace | TASK:Artifact Change | TASK:Evidence Investigation,COMMUNICATION:Expert Role | CONSTRAINT:Quality Standard | CONSTRAINT:Resource Budget | CONSTRAINT:Scope Boundary | CONTEXT:Domain Context | CONTEXT:Execution Environment | CONTEXT:Historical Context | EXAMPLE:Output Template | EXAMPLE:Technical Snippet | OUTPUT:Control Signal | OUTPUT:New Thread | PROCESS:Cross-Run Memory | PROCESS:Decision Branch | PROCESS:Required Sequence | RESOURCE:GitHub Interface | RESOURCE:Local Workspace | TASK:Artifact Change | TASK:Evidence Investigation
rq3_126,4,3,1,CONTEXT:Repository Context | OUTPUT:Existing Thread Response | PROCESS:Decision Branch | RESOURCE:GitHub Interface | TASK:Evidence Investigation,CONTEXT:Execution Environment | CONTEXT:Repository Context | OUTPUT:Existing Thread Response | PROCESS:Decision Branch | PROCESS:Required Sequence | RESOURCE:Local Workspace | TASK:Evidence Investigation
rq3_127,9,3,3,CONSTRAINT:Scope Boundary | CONTEXT:Execution Environment | CONTEXT:Repository Context | EVALUATION:Execution Check | EVALUATION:Rule Conformance | OUTPUT:Repository Change | PROCESS:Decision Branch | PROCESS:Required Sequence | RESOURCE:Development Toolchain | RESOURCE:Local Workspace | TASK:Artifact Change | TASK:Executable Validation,CONSTRAINT:Scope Boundary | CONTEXT:Repository Context | EVALUATION:Execution Check | EXAMPLE:Technical Snippet | OUTPUT:Repository Change | PROCESS:Decision Branch | PROCESS:Required Sequence | RESOURCE:Development Toolchain | TASK:Artifact Change | TASK:Evidence Investigation | TASK:Executable Validation | TASK:Work Item Management
rq3_128,18,1,7,COMMUNICATION:Expert Role | CONSTRAINT:Evidence Grounding | CONSTRAINT:Quality Standard | CONSTRAINT:Resource Budget | CONSTRAINT:Scope Boundary | CONTEXT:Domain Context | CONTEXT:Execution Environment | CONTEXT:Repository Context | EVALUATION:Risk Assessment | EVALUATION:Rule Conformance | EXAMPLE:Output Template | EXAMPLE:Technical Snippet | EXAMPLE:Worked Case | OUTPUT:Control Signal | PROCESS:Decision Branch | PROCESS:Required Sequence | PROCESS:Within-Run Iteration | PROCESS:Work Delegation | RESOURCE:Agent Resource | RESOURCE:GitHub Interface | RESOURCE:Local Workspace | SAFETY:Information Confidentiality | SAFETY:Prompt Injection Defense | SAFETY:Vulnerability Handling | TASK:Artifact Review,CONSTRAINT:Evidence Grounding | CONSTRAINT:Quality Standard | CONSTRAINT:Resource Budget | CONSTRAINT:Scope Boundary | CONTEXT:Domain Context | CONTEXT:Repository Context | EVALUATION:Risk Assessment | EXAMPLE:Output Template | EXAMPLE:Technical Snippet | OUTPUT:Control Signal | PROCESS:Decision Branch | PROCESS:Required Sequence | PROCESS:Within-Run Iteration | PROCESS:Work Delegation | RESOURCE:Agent Resource | RESOURCE:GitHub Interface | RESOURCE:Local Workspace | TASK:Artifact Review | TASK:Evidence Investigation
rq3_129,15,5,7,COMMUNICATION:Audience Voice | CONSTRAINT:Evidence Grounding | CONSTRAINT:Quality Standard | CONSTRAINT:Resource Budget | CONSTRAINT:Scope Boundary | CONTEXT:Domain Context | CONTEXT:Execution Environment | CONTEXT:Repository Context | EVALUATION:Risk Assessment | EXAMPLE:Output Template | EXAMPLE:Technical Snippet | OUTPUT:Control Signal | OUTPUT:New Thread | PROCESS:Decision Branch | PROCESS:Required Sequence | PROCESS:Within-Run Iteration | PROCESS:Work Delegation | RESOURCE:Agent Resource | RESOURCE:GitHub Interface | RESOURCE:Local Workspace | TASK:Evidence Investigation | TASK:Work Item Management,CONSTRAINT:Quality Standard | CONSTRAINT:Resource Budget | CONSTRAINT:Scope Boundary | CONTEXT:Domain Context | CONTEXT:Historical Context | CONTEXT:Repository Context | EVALUATION:Rule Conformance | EXAMPLE:Technical Snippet | OUTPUT:Control Signal | OUTPUT:New Thread | OUTPUT:Repository Change | PROCESS:Decision Branch | PROCESS:Required Sequence | PROCESS:Work Delegation | RESOURCE:Agent Resource | RESOURCE:GitHub Interface | TASK:Artifact Change | TASK:Artifact Review | TASK:Evidence Investigation | TASK:Work Item Management
rq3_130,9,4,6,COMMUNICATION:Automation Disclosure | COMMUNICATION:Expert Role | CONSTRAINT:Quality Standard | CONTEXT:Repository Context | EVALUATION:Rule Conformance | EXAMPLE:Output Template | OUTPUT:New Thread | OUTPUT:Standalone Artifact | PROCESS:Decision Branch | PROCESS:Required Sequence | PROCESS:Within-Run Iteration | RESOURCE:GitHub Interface | RESOURCE:Local Workspace | RESOURCE:Web Retrieval | TASK:Evidence Investigation,COMMUNICATION:Expert Role | CONSTRAINT:Quality Standard | CONTEXT:Domain Context | CONTEXT:Repository Context | EXAMPLE:Output Template | EXAMPLE:Technical Snippet | OUTPUT:New Thread | PROCESS:Decision Branch | PROCESS:Required Sequence | RESOURCE:Development Toolchain | RESOURCE:GitHub Interface | TASK:Artifact Change | TASK:Evidence Investigation
rq3_131,10,0,8,COMMUNICATION:Audience Voice | COMMUNICATION:Automation Disclosure | CONSTRAINT:Quality Standard | CONSTRAINT:Scope Boundary | CONTEXT:Domain Context | CONTEXT:Execution Environment | CONTEXT:Repository Context | EVALUATION:Rule Conformance | EXAMPLE:Output Template | EXAMPLE:Technical Snippet | EXAMPLE:Worked Case | OUTPUT:Repository Change | PROCESS:Decision Branch | PROCESS:Required Sequence | RESOURCE:GitHub Interface | RESOURCE:Local Workspace | TASK:Artifact Change | TASK:Evidence Investigation,CONSTRAINT:Quality Standard | CONSTRAINT:Scope Boundary | CONTEXT:Domain Context | CONTEXT:Repository Context | EXAMPLE:Output Template | EXAMPLE:Technical Snippet | OUTPUT:Repository Change | PROCESS:Decision Branch | PROCESS:Required Sequence | TASK:Artifact Change
rq3_132,10,2,9,COMMUNICATION:Automation Disclosure | COMMUNICATION:Expert Role | CONSTRAINT:Evidence Grounding | CONSTRAINT:Quality Standard | CONSTRAINT:Scope Boundary | CONTEXT:Domain Context | CONTEXT:Repository Context | EVALUATION:Risk Assessment | EVALUATION:Rule Conformance | EXAMPLE:Output Template | EXAMPLE:Technical Snippet | EXAMPLE:Worked Case | OUTPUT:New Thread | PROCESS:Decision Branch | PROCESS:Required Sequence | PROCESS:Within-Run Iteration | RESOURCE:GitHub Interface | RESOURCE:Local Workspace | TASK:Artifact Review,COMMUNICATION:Expert Role | CONSTRAINT:Quality Standard | CONSTRAINT:Scope Boundary | CONTEXT:Domain Context | CONTEXT:Repository Context | EXAMPLE:Output Template | EXAMPLE:Technical Snippet | OUTPUT:New Thread | PROCESS:Decision Branch | PROCESS:Required Sequence | TASK:Artifact Change | TASK:Evidence Investigation
rq3_133,10,4,4,COMMUNICATION:Audience Voice | COMMUNICATION:Expert Role | CONSTRAINT:Quality Standard | CONSTRAINT:Resource Budget | CONSTRAINT:Scope Boundary | EVALUATION:Rule Conformance | EXAMPLE:Output Template | EXAMPLE:Worked Case | OUTPUT:Control Signal | OUTPUT:Repository Change | PROCESS:Decision Branch | PROCESS:Required Sequence | RESOURCE:Local Workspace | TASK:Artifact Change,COMMUNICATION:Audience Voice | COMMUNICATION:Expert Role | CONSTRAINT:Quality Standard | CONSTRAINT:Resource Budget | CONSTRAINT:Scope Boundary | CONTEXT:Domain Context | CONTEXT:Repository Context | EXAMPLE:Technical Snippet | OUTPUT:Control Signal | OUTPUT:Repository Change | PROCESS:Decision Branch | PROCESS:Required Sequence | RESOURCE:GitHub Interface | TASK:Artifact Change
rq3_134,19,2,3,COMMUNICATION:Automation Disclosure | COMMUNICATION:Expert Role | CONSTRAINT:Evidence Grounding | CONSTRAINT:Quality Standard | CONSTRAINT:Resource Budget | CONSTRAINT:Scope Boundary | CONTEXT:Domain Context | CONTEXT:Execution Environment | CONTEXT:Repository Context | EVALUATION:Risk Assessment | EVALUATION:Rule Conformance | EXAMPLE:Output Template | EXAMPLE:Worked Case | OUTPUT:Control Signal | OUTPUT:Existing Thread Response | OUTPUT:Repository Change | PROCESS:Decision Branch | PROCESS:Required Sequence | RESOURCE:GitHub Interface | RESOURCE:Local Workspace | TASK:Artifact Change | TASK:Artifact Review,COMMUNICATION:Expert Role | CONSTRAINT:Evidence Grounding | CONSTRAINT:Quality Standard | CONSTRAINT:Resource Budget | CONSTRAINT:Scope Boundary | CONTEXT:Domain Context | CONTEXT:Execution Environment | CONTEXT:Repository Context | EVALUATION:Rule Conformance | EXAMPLE:Output Template | EXAMPLE:Technical Snippet | OUTPUT:Control Signal | OUTPUT:Existing Thread Response | OUTPUT:Repository Change | PROCESS:Decision Branch | PROCESS:Required Sequence | RESOURCE:GitHub Interface | RESOURCE:Local Workspace | TASK:Artifact Change | TASK:Artifact Review | TASK:Evidence Investigation
rq3_135,11,1,7,COMMUNICATION:Audience Voice | COMMUNICATION:Expert Role | CONSTRAINT:Evidence Grounding | CONSTRAINT:Quality Standard | CONSTRAINT:Resource Budget | CONSTRAINT:Scope Boundary | CONTEXT:Repository Context | EVALUATION:Risk Assessment | EVALUATION:Rule Conformance | EXAMPLE:Output Template | OUTPUT:Existing Thread Response | PROCESS:Decision Branch | PROCESS:Required Sequence | PROCESS:Within-Run Iteration | RESOURCE:GitHub Interface | RESOURCE:Local Workspace | RESOURCE:Web Retrieval | TASK:Artifact Review,COMMUNICATION:Expert Role | CONSTRAINT:Quality Standard | CONSTRAINT:Resource Budget | CONSTRAINT:Scope Boundary | CONTEXT:Domain Context | CONTEXT:Repository Context | OUTPUT:Existing Thread Response | PROCESS:Decision Branch | PROCESS:Required Sequence | RESOURCE:GitHub Interface | RESOURCE:Web Retrieval | TASK:Artifact Review
rq3_136,3,2,3,CONSTRAINT:Quality Standard | CONSTRAINT:Scope Boundary | CONTEXT:Repository Context | EXAMPLE:Output Template | OUTPUT:New Thread | PROCESS:Required Sequence,CONTEXT:Repository Context | OUTPUT:New Thread | PROCESS:Required Sequence | RESOURCE:GitHub Interface | TASK:Work Item Management
rq3_137,15,3,8,COMMUNICATION:Automation Disclosure | CONSTRAINT:Quality Standard | CONSTRAINT:Resource Budget | CONSTRAINT:Scope Boundary | CONTEXT:Execution Environment | CONTEXT:Repository Context | EVALUATION:Execution Check | EVALUATION:Rule Conformance | EXAMPLE:Output Template | OUTPUT:Control Signal | OUTPUT:Existing Thread Response | OUTPUT:Repository Change | PROCESS:Decision Branch | PROCESS:Required Sequence | PROCESS:Within-Run Iteration | PROCESS:Work Delegation | RESOURCE:Development Toolchain | RESOURCE:GitHub Interface | RESOURCE:Local Workspace | SAFETY:Prompt Injection Defense | TASK:Artifact Change | TASK:Evidence Investigation | TASK:Work Item Management,CONSTRAINT:Quality Standard | CONSTRAINT:Scope Boundary | CONTEXT:Domain Context | CONTEXT:Execution Environment | CONTEXT:Repository Context | EVALUATION:Execution Check | EXAMPLE:Technical Snippet | OUTPUT:Control Signal | OUTPUT:Existing Thread Response | PROCESS:Decision Branch | PROCESS:Required Sequence | PROCESS:Within-Run Iteration | RESOURCE:Development Toolchain | RESOURCE:GitHub Interface | SAFETY:Prompt Injection Defense | TASK:Evidence Investigation | TASK:Executable Validation | TASK:Work Item Management
rq3_138,12,1,8,CONSTRAINT:Evidence Grounding | CONSTRAINT:Quality Standard | CONSTRAINT:Resource Budget | CONSTRAINT:Scope Boundary | CONTEXT:Domain Context | CONTEXT:Execution Environment | EVALUATION:Evidence Credibility | EVALUATION:Risk Assessment | EVALUATION:Rule Conformance | EXAMPLE:Output Template | EXAMPLE:Worked Case | OUTPUT:Control Signal | OUTPUT:New Thread | PROCESS:Decision Branch | PROCESS:Required Sequence | PROCESS:Within-Run Iteration | RESOURCE:GitHub Interface | RESOURCE:Local Workspace | TASK:Artifact Review | TASK:Evidence Investigation,CONSTRAINT:Quality Standard | CONSTRAINT:Resource Budget | CONTEXT:Domain Context | EVALUATION:Rule Conformance | OUTPUT:Control Signal | OUTPUT:New Thread | OUTPUT:Repository Change | PROCESS:Decision Branch | PROCESS:Required Sequence | RESOURCE:GitHub Interface | RESOURCE:Local Workspace | TASK:Artifact Review | TASK:Evidence Investigation
rq3_139,9,8,4,CONSTRAINT:Quality Standard | EVALUATION:Execution Check | EVALUATION:Risk Assessment | EVALUATION:Rule Conformance | EXAMPLE:Output Template | OUTPUT:New Thread | OUTPUT:Repository Change | PROCESS:Decision Branch | PROCESS:Required Sequence | RESOURCE:Development Toolchain | RESOURCE:GitHub Interface | TASK:Artifact Review | TASK:Evidence Investigation,CONSTRAINT:Quality Standard | CONTEXT:Domain Context | CONTEXT:Execution Environment | CONTEXT:Repository Context | EVALUATION:Execution Check | EVALUATION:Rule Conformance | EXAMPLE:Output Template | EXAMPLE:Technical Snippet | OUTPUT:Repository Change | PROCESS:Decision Branch | PROCESS:Required Sequence | RESOURCE:Local Workspace | TASK:Artifact Change | TASK:Artifact Review | TASK:Evidence Investigation | TASK:Executable Validation | TASK:Work Item Management
rq3_140,10,4,2,COMMUNICATION:Expert Role | CONSTRAINT:Evidence Grounding | CONSTRAINT:Quality Standard | CONSTRAINT:Resource Budget | CONSTRAINT:Scope Boundary | EXAMPLE:Worked Case | OUTPUT:Control Signal | OUTPUT:New Thread | PROCESS:Decision Branch | PROCESS:Required Sequence | RESOURCE:Local Workspace | TASK:Artifact Review,COMMUNICATION:Expert Role | CONSTRAINT:Quality Standard | CONSTRAINT:Resource Budget | CONSTRAINT:Scope Boundary | CONTEXT:Domain Context | EVALUATION:Rule Conformance | OUTPUT:Control Signal | OUTPUT:New Thread | OUTPUT:Repository Change | PROCESS:Decision Branch | PROCESS:Required Sequence | RESOURCE:Local Workspace | TASK:Artifact Review | TASK:Evidence Investigation
rq3_141,17,3,7,COMMUNICATION:Automation Disclosure | COMMUNICATION:Expert Role | CONSTRAINT:Quality Standard | CONSTRAINT:Resource Budget | CONSTRAINT:Scope Boundary | CONTEXT:Domain Context | CONTEXT:Repository Context | EVALUATION:Execution Check | EVALUATION:Risk Assessment | EVALUATION:Rule Conformance | EXAMPLE:Output Template | EXAMPLE:Technical Snippet | EXAMPLE:Worked Case | OUTPUT:Control Signal | OUTPUT:Repository Change | PROCESS:Cross-Run Memory | PROCESS:Decision Branch | PROCESS:Required Sequence | RESOURCE:Development Toolchain | RESOURCE:GitHub Interface | RESOURCE:Local Workspace | RESOURCE:Web Retrieval | TASK:Artifact Change | TASK:Executable Validation,COMMUNICATION:Expert Role | CONSTRAINT:Scope Boundary | CONTEXT:Domain Context | CONTEXT:Historical Context | CONTEXT:Repository Context | EVALUATION:Execution Check | EXAMPLE:Technical Snippet | OUTPUT:Control Signal | OUTPUT:Repository Change | PROCESS:Cross-Run Memory | PROCESS:Decision Branch | PROCESS:Required Sequence | RESOURCE:Development Toolchain | RESOURCE:GitHub Interface | RESOURCE:Local Workspace | RESOURCE:Web Retrieval | TASK:Artifact Change | TASK:Evidence Investigation | TASK:Executable Validation | TASK:Work Item Management
rq3_142,9,3,2,CONSTRAINT:Quality Standard | CONTEXT:Execution Environment | EVALUATION:Execution Check | EXAMPLE:Output Template | OUTPUT:Control Signal | OUTPUT:Existing Thread Response | PROCESS:Decision Branch | PROCESS:Required Sequence | RESOURCE:Development Toolchain | SAFETY:Execution Isolation | TASK:Executable Validation,CONSTRAINT:Quality Standard | CONTEXT:Domain Context | CONTEXT:Execution Environment | CONTEXT:Repository Context | EVALUATION:Execution Check | EXAMPLE:Output Template | EXAMPLE:Technical Snippet | OUTPUT:Control Signal | OUTPUT:Existing Thread Response | PROCESS:Decision Branch | RESOURCE:Development Toolchain | TASK:Executable Validation
rq3_143,15,3,9,COMMUNICATION:Automation Disclosure | COMMUNICATION:Expert Role | CONSTRAINT:Quality Standard | CONSTRAINT:Resource Budget | CONSTRAINT:Scope Boundary | CONTEXT:Execution Environment | CONTEXT:Historical Context | CONTEXT:Repository Context | EVALUATION:Execution Check | EXAMPLE:Output Template | EXAMPLE:Technical Snippet | OUTPUT:Control Signal | OUTPUT:New Thread | OUTPUT:Standalone Artifact | PROCESS:Cross-Run Memory | PROCESS:Decision Branch | PROCESS:Required Sequence | PROCESS:Within-Run Iteration | RESOURCE:Development Toolchain | RESOURCE:GitHub Interface | RESOURCE:Local Workspace | TASK:Evidence Investigation | TASK:Executable Validation | TASK:Work Item Management,COMMUNICATION:Expert Role | CONTEXT:Domain Context | CONTEXT:Execution Environment | CONTEXT:Historical Context | CONTEXT:Repository Context | EVALUATION:Rule Conformance | EXAMPLE:Technical Snippet | OUTPUT:New Thread | OUTPUT:Standalone Artifact | PROCESS:Cross-Run Memory | PROCESS:Decision Branch | PROCESS:Required Sequence | PROCESS:Within-Run Iteration | RESOURCE:Development Toolchain | RESOURCE:Local Workspace | TASK:Artifact Change | TASK:Evidence Investigation | TASK:Executable Validation
rq3_144,10,5,9,COMMUNICATION:Automation Disclosure | CONSTRAINT:Quality Standard | CONSTRAINT:Resource Budget | CONSTRAINT:Scope Boundary | CONTEXT:Execution Environment | CONTEXT:Repository Context | EVALUATION:Risk Assessment | EVALUATION:Rule Conformance | EXAMPLE:Output Template | EXAMPLE:Technical Snippet | EXAMPLE:Worked Case | OUTPUT:Control Signal | OUTPUT:New Thread | PROCESS:Cross-Run Memory | PROCESS:Decision Branch | PROCESS:Required Sequence | PROCESS:Within-Run Iteration | RESOURCE:Local Workspace | TASK:Artifact Review,CONSTRAINT:Quality Standard | CONSTRAINT:Scope Boundary | CONTEXT:Domain Context | CONTEXT:Historical Context | CONTEXT:Repository Context | EXAMPLE:Output Template | EXAMPLE:Technical Snippet | OUTPUT:Control Signal | OUTPUT:New Thread | PROCESS:Cross-Run Memory | PROCESS:Decision Branch | PROCESS:Required Sequence | RESOURCE:Agent Resource | RESOURCE:GitHub Interface | TASK:Evidence Investigation
rq3_145,8,2,2,COMMUNICATION:Expert Role | CONTEXT:Execution Environment | CONTEXT:Repository Context | EVALUATION:Execution Check | OUTPUT:Control Signal | PROCESS:Decision Branch | PROCESS:Required Sequence | RESOURCE:Web Retrieval | SAFETY:Execution Isolation | TASK:Executable Validation,COMMUNICATION:Expert Role | CONTEXT:Domain Context | CONTEXT:Execution Environment | CONTEXT:Repository Context | EVALUATION:Execution Check | PROCESS:Decision Branch | PROCESS:Required Sequence | RESOURCE:Web Retrieval | TASK:Evidence Investigation | TASK:Executable Validation
rq3_146,15,2,6,COMMUNICATION:Expert Role | CONSTRAINT:Evidence Grounding | CONSTRAINT:Quality Standard | CONSTRAINT:Scope Boundary | CONTEXT:Domain Context | CONTEXT:Repository Context | EVALUATION:Execution Check | EVALUATION:Risk Assessment | EVALUATION:Rule Conformance | EXAMPLE:Output Template | OUTPUT:New Thread | PROCESS:Cross-Run Memory | PROCESS:Decision Branch | PROCESS:Required Sequence | PROCESS:Within-Run Iteration | RESOURCE:Agent Resource | RESOURCE:GitHub Interface | SAFETY:Execution Isolation | SAFETY:Information Confidentiality | TASK:Artifact Review | TASK:Evidence Investigation,COMMUNICATION:Expert Role | CONSTRAINT:Evidence Grounding | CONSTRAINT:Quality Standard | CONSTRAINT:Scope Boundary | CONTEXT:Domain Context | CONTEXT:Historical Context | CONTEXT:Repository Context | EVALUATION:Rule Conformance | EXAMPLE:Output Template | OUTPUT:New Thread | PROCESS:Cross-Run Memory | PROCESS:Decision Branch | PROCESS:Required Sequence | RESOURCE:GitHub Interface | SAFETY:Information Confidentiality | TASK:Artifact Change | TASK:Evidence Investigation
rq3_147,11,0,4,COMMUNICATION:Expert Role | CONSTRAINT:Quality Standard | CONSTRAINT:Resource Budget | CONSTRAINT:Scope Boundary | CONTEXT:Repository Context | EVALUATION:Risk Assessment | OUTPUT:Control Signal | OUTPUT:Existing Thread Response | PROCESS:Decision Branch | PROCESS:Required Sequence | RESOURCE:Agent Resource | RESOURCE:GitHub Interface | RESOURCE:Local Workspace | SAFETY:Vulnerability Handling | TASK:Artifact Review,COMMUNICATION:Expert Role | CONSTRAINT:Quality Standard | CONSTRAINT:Scope Boundary | CONTEXT:Repository Context | OUTPUT:Control Signal | OUTPUT:Existing Thread Response | PROCESS:Decision Branch | PROCESS:Required Sequence | RESOURCE:GitHub Interface | RESOURCE:Local Workspace | TASK:Artifact Review
rq3_148,10,5,3,CONSTRAINT:Quality Standard | CONSTRAINT:Resource Budget | CONTEXT:Domain Context | CONTEXT:Repository Context | EXAMPLE:Output Template | EXAMPLE:Technical Snippet | EXAMPLE:Worked Case | OUTPUT:New Thread | PROCESS:Decision Branch | PROCESS:Required Sequence | RESOURCE:GitHub Interface | RESOURCE:Local Workspace | TASK:Evidence Investigation,CONSTRAINT:Evidence Grounding | CONSTRAINT:Quality Standard | CONSTRAINT:Scope Boundary | CONTEXT:Domain Context | CONTEXT:Execution Environment | CONTEXT:Historical Context | CONTEXT:Repository Context | EXAMPLE:Technical Snippet | OUTPUT:New Thread | PROCESS:Decision Branch | PROCESS:Required Sequence | RESOURCE:Development Toolchain | RESOURCE:GitHub Interface | RESOURCE:Local Workspace | TASK:Evidence Investigation
rq3_149,12,0,4,COMMUNICATION:Audience Voice | CONSTRAINT:Quality Standard | CONSTRAINT:Scope Boundary | CONTEXT:Domain Context | CONTEXT:Execution Environment | CONTEXT:Repository Context | EVALUATION:Risk Assessment | EVALUATION:Rule Conformance | EXAMPLE:Output Template | EXAMPLE:Technical Snippet | EXAMPLE:Worked Case | OUTPUT:Standalone Artifact | PROCESS:Decision Branch | PROCESS:Required Sequence | RESOURCE:Local Workspace | TASK:Evidence Investigation,COMMUNICATION:Audience Voice | CONSTRAINT:Quality Standard | CONTEXT:Domain Context | CONTEXT:Execution Environment | CONTEXT:Repository Context | EXAMPLE:Output Template | EXAMPLE:Technical Snippet | OUTPUT:Standalone Artifact | PROCESS:Decision Branch | PROCESS:Required Sequence | RESOURCE:Local Workspace | TASK:Evidence Investigation
rq3_150,5,2,8,CONSTRAINT:Scope Boundary | CONTEXT:Domain Context | CONTEXT:Execution Environment | CONTEXT:Historical Context | CONTEXT:Repository Context | EVALUATION:Execution Check | EVALUATION:Rule Conformance | OUTPUT:Control Signal | OUTPUT:New Thread | PROCESS:Decision Branch | PROCESS:Required Sequence | RESOURCE:Development Toolchain | TASK:Executable Validation,CONTEXT:Execution Environment | EVALUATION:Execution Check | EXAMPLE:Technical Snippet | OUTPUT:New Thread | RESOURCE:Development Toolchain | TASK:Executable Validation | TASK:Work Item Management
rq3_151,12,1,10,COMMUNICATION:Automation Disclosure | COMMUNICATION:Expert Role | CONSTRAINT:Evidence Grounding | CONSTRAINT:Quality Standard | CONSTRAINT:Resource Budget | CONSTRAINT:Scope Boundary | CONTEXT:Domain Context | CONTEXT:Execution Environment | CONTEXT:Repository Context | EVALUATION:Risk Assessment | EXAMPLE:Output Template | EXAMPLE:Technical Snippet | EXAMPLE:Worked Case | OUTPUT:Control Signal | OUTPUT:New Thread | OUTPUT:Standalone Artifact | PROCESS:Decision Branch | PROCESS:Required Sequence | PROCESS:Within-Run Iteration | RESOURCE:GitHub Interface | RESOURCE:Local Workspace | TASK:Evidence Investigation,COMMUNICATION:Expert Role | CONSTRAINT:Quality Standard | CONSTRAINT:Scope Boundary | CONTEXT:Domain Context | CONTEXT:Execution Environment | CONTEXT:Repository Context | EXAMPLE:Output Template | EXAMPLE:Technical Snippet | OUTPUT:New Thread | PROCESS:Decision Branch | PROCESS:Required Sequence | RESOURCE:Local Workspace | TASK:Artifact Change
rq3_152,7,2,4,COMMUNICATION:Expert Role | CONSTRAINT:Evidence Grounding | CONSTRAINT:Quality Standard | EVALUATION:Risk Assessment | OUTPUT:Control Signal | OUTPUT:Existing Thread Response | PROCESS:Decision Branch | PROCESS:Required Sequence | PROCESS:Work Delegation | RESOURCE:GitHub Interface | TASK:Evidence Investigation,COMMUNICATION:Expert Role | CONSTRAINT:Quality Standard | CONTEXT:Repository Context | OUTPUT:Existing Thread Response | PROCESS:Decision Branch | PROCESS:Required Sequence | PROCESS:Work Delegation | RESOURCE:GitHub Interface | TASK:Work Item Management
rq3_153,31,0,6,COMMUNICATION:Audience Voice | COMMUNICATION:Automation Disclosure | CONSTRAINT:Evidence Grounding | CONSTRAINT:Quality Standard | CONSTRAINT:Resource Budget | CONSTRAINT:Scope Boundary | CONTEXT:Domain Context | CONTEXT:Execution Environment | CONTEXT:Historical Context | CONTEXT:Repository Context | EVALUATION:Evidence Credibility | EVALUATION:Execution Check | EVALUATION:Risk Assessment | EVALUATION:Rule Conformance | EXAMPLE:Output Template | EXAMPLE:Technical Snippet | EXAMPLE:Worked Case | OUTPUT:Control Signal | OUTPUT:Existing Thread Response | OUTPUT:Repository Change | OUTPUT:Standalone Artifact | PROCESS:Cross-Run Memory | PROCESS:Decision Branch | PROCESS:Required Sequence | PROCESS:Within-Run Iteration | RESOURCE:Agent Resource | RESOURCE:Development Toolchain | RESOURCE:GitHub Interface | RESOURCE:Local Workspace | RESOURCE:Web Retrieval | SAFETY:Execution Isolation | SAFETY:Prompt Injection Defense | TASK:Artifact Change | TASK:Artifact Review | TASK:Evidence Investigation | TASK:Executable Validation | TASK:Work Item Management,COMMUNICATION:Automation Disclosure | CONSTRAINT:Evidence Grounding | CONSTRAINT:Quality Standard | CONSTRAINT:Resource Budget | CONSTRAINT:Scope Boundary | CONTEXT:Domain Context | CONTEXT:Execution Environment | CONTEXT:Historical Context | CONTEXT:Repository Context | EVALUATION:Evidence Credibility | EVALUATION:Execution Check | EVALUATION:Rule Conformance | EXAMPLE:Output Template | EXAMPLE:Technical Snippet | EXAMPLE:Worked Case | OUTPUT:Existing Thread Response | OUTPUT:Repository Change | PROCESS:Cross-Run Memory | PROCESS:Decision Branch | PROCESS:Required Sequence | PROCESS:Within-Run Iteration | RESOURCE:Development Toolchain | RESOURCE:GitHub Interface | RESOURCE:Local Workspace | SAFETY:Execution Isolation | SAFETY:Prompt Injection Defense | TASK:Artifact Change | TASK:Artifact Review | TASK:Evidence Investigation | TASK:Executable Validation | TASK:Work Item Management
rq3_154,10,2,11,COMMUNICATION:Audience Voice | CONSTRAINT:Quality Standard | CONSTRAINT:Resource Budget | CONSTRAINT:Scope Boundary | CONTEXT:Execution Environment | CONTEXT:Repository Context | EVALUATION:Execution Check | EVALUATION:Rule Conformance | EXAMPLE:Technical Snippet | EXAMPLE:Worked Case | OUTPUT:Control Signal | OUTPUT:Existing Thread Response | PROCESS:Decision Branch | PROCESS:Required Sequence | RESOURCE:Development Toolchain | RESOURCE:GitHub Interface | RESOURCE:Local Workspace | RESOURCE:Web Retrieval | SAFETY:Prompt Injection Defense | TASK:Executable Validation | TASK:Work Item Management,CONSTRAINT:Quality Standard | CONTEXT:Repository Context | OUTPUT:Control Signal | OUTPUT:Existing Thread Response | PROCESS:Decision Branch | PROCESS:Required Sequence | RESOURCE:GitHub Interface | RESOURCE:Web Retrieval | TASK:Artifact Change | TASK:Artifact Review | TASK:Executable Validation | TASK:Work Item Management
rq3_155,11,2,8,COMMUNICATION:Automation Disclosure | CONSTRAINT:Evidence Grounding | CONSTRAINT:Quality Standard | CONSTRAINT:Scope Boundary | CONTEXT:Repository Context | EVALUATION:Evidence Credibility | EVALUATION:Risk Assessment | EVALUATION:Rule Conformance | EXAMPLE:Output Template | EXAMPLE:Technical Snippet | EXAMPLE:Worked Case | OUTPUT:Control Signal | OUTPUT:Repository Change | PROCESS:Decision Branch | PROCESS:Required Sequence | PROCESS:Within-Run Iteration | RESOURCE:GitHub Interface | RESOURCE:Local Workspace | TASK:Artifact Change,CONSTRAINT:Scope Boundary | CONTEXT:Domain Context | CONTEXT:Repository Context | EXAMPLE:Output Template | EXAMPLE:Technical Snippet | OUTPUT:Repository Change | PROCESS:Decision Branch | PROCESS:Required Sequence | PROCESS:Within-Run Iteration | RESOURCE:GitHub Interface | RESOURCE:Local Workspace | TASK:Artifact Change | TASK:Evidence Investigation
rq3_156,8,1,4,COMMUNICATION:Audience Voice | COMMUNICATION:Automation Disclosure | COMMUNICATION:Expert Role | CONSTRAINT:Quality Standard | CONSTRAINT:Scope Boundary | CONTEXT:Repository Context | EXAMPLE:Output Template | OUTPUT:Control Signal | OUTPUT:New Thread | PROCESS:Decision Branch | RESOURCE:GitHub Interface | TASK:Evidence Investigation,CONSTRAINT:Evidence Grounding | CONSTRAINT:Quality Standard | CONTEXT:Repository Context | EXAMPLE:Output Template | OUTPUT:Control Signal | OUTPUT:New Thread | PROCESS:Decision Branch | RESOURCE:GitHub Interface | TASK:Evidence Investigation
rq3_157,16,3,3,COMMUNICATION:Expert Role | CONSTRAINT:Quality Standard | CONSTRAINT:Resource Budget | CONSTRAINT:Scope Boundary | CONTEXT:Repository Context | EVALUATION:Risk Assessment | EVALUATION:Rule Conformance | EXAMPLE:Output Template | EXAMPLE:Worked Case | OUTPUT:Control Signal | OUTPUT:New Thread | PROCESS:Decision Branch | PROCESS:Required Sequence | PROCESS:Within-Run Iteration | RESOURCE:GitHub Interface | RESOURCE:Local Workspace | SAFETY:Execution Isolation | TASK:Artifact Review | TASK:Executable Validation,COMMUNICATION:Expert Role | CONSTRAINT:Quality Standard | CONSTRAINT:Resource Budget | CONSTRAINT:Scope Boundary | CONTEXT:Domain Context | CONTEXT:Repository Context | EVALUATION:Rule Conformance | EXAMPLE:Output Template | EXAMPLE:Technical Snippet | OUTPUT:Control Signal | OUTPUT:New Thread | PROCESS:Decision Branch | PROCESS:Required Sequence | PROCESS:Within-Run Iteration | RESOURCE:GitHub Interface | RESOURCE:Local Workspace | TASK:Artifact Review | TASK:Evidence Investigation | TASK:Executable Validation
rq3_158,13,1,3,CONSTRAINT:Evidence Grounding | CONSTRAINT:Quality Standard | CONSTRAINT:Scope Boundary | CONTEXT:Repository Context | EVALUATION:Execution Check | EVALUATION:Rule Conformance | OUTPUT:Control Signal | OUTPUT:Existing Thread Response | OUTPUT:Repository Change | PROCESS:Decision Branch | PROCESS:Required Sequence | RESOURCE:Local Workspace | SAFETY:Prompt Injection Defense | TASK:Artifact Change | TASK:Evidence Investigation | TASK:Executable Validation,CONSTRAINT:Quality Standard | CONSTRAINT:Scope Boundary | CONTEXT:Domain Context | CONTEXT:Repository Context | EVALUATION:Execution Check | OUTPUT:Control Signal | OUTPUT:Existing Thread Response | OUTPUT:Repository Change | PROCESS:Decision Branch | PROCESS:Required Sequence | RESOURCE:Local Workspace | TASK:Artifact Change | TASK:Evidence Investigation | TASK:Executable Validation
rq3_159,4,3,5,CONSTRAINT:Scope Boundary | CONTEXT:Domain Context | CONTEXT:Execution Environment | EVALUATION:Execution Check | OUTPUT:Control Signal | PROCESS:Decision Branch | RESOURCE:Web Retrieval | SAFETY:Execution Isolation | TASK:Executable Validation,CONSTRAINT:Scope Boundary | CONTEXT:Execution Environment | EVALUATION:Execution Check | EXAMPLE:Technical Snippet | PROCESS:Required Sequence | TASK:Evidence Investigation | TASK:Executable Validation
rq3_160,15,1,15,COMMUNICATION:Automation Disclosure | COMMUNICATION:Expert Role | CONSTRAINT:Evidence Grounding | CONSTRAINT:Quality Standard | CONSTRAINT:Resource Budget | CONSTRAINT:Scope Boundary | CONTEXT:Domain Context | CONTEXT:Repository Context | EVALUATION:Evidence Credibility | EVALUATION:Execution Check | EVALUATION:Risk Assessment | EVALUATION:Rule Conformance | EXAMPLE:Output Template | EXAMPLE:Worked Case | OUTPUT:Control Signal | OUTPUT:Existing Thread Response | OUTPUT:New Thread | OUTPUT:Repository Change | PROCESS:Cross-Run Memory | PROCESS:Decision Branch | PROCESS:Required Sequence | PROCESS:Within-Run Iteration | RESOURCE:Agent Resource | RESOURCE:Development Toolchain | RESOURCE:GitHub Interface | RESOURCE:Local Workspace | TASK:Artifact Change | TASK:Evidence Investigation | TASK:Executable Validation | TASK:Work Item Management,COMMUNICATION:Automation Disclosure | CONSTRAINT:Evidence Grounding | CONSTRAINT:Quality Standard | CONSTRAINT:Resource Budget | CONTEXT:Domain Context | CONTEXT:Historical Context | CONTEXT:Repository Context | OUTPUT:Existing Thread Response | OUTPUT:New Thread | OUTPUT:Repository Change | PROCESS:Cross-Run Memory | PROCESS:Decision Branch | PROCESS:Required Sequence | PROCESS:Within-Run Iteration | TASK:Artifact Change | TASK:Executable Validation
rq3_161,12,1,6,COMMUNICATION:Automation Disclosure | CONSTRAINT:Quality Standard | CONSTRAINT:Resource Budget | CONSTRAINT:Scope Boundary | CONTEXT:Execution Environment | CONTEXT:Repository Context | EVALUATION:Rule Conformance | EXAMPLE:Output Template | OUTPUT:Control Signal | OUTPUT:Repository Change | PROCESS:Decision Branch | PROCESS:Required Sequence | PROCESS:Within-Run Iteration | RESOURCE:GitHub Interface | RESOURCE:Local Workspace | SAFETY:Execution Isolation | TASK:Artifact Change | TASK:Evidence Investigation,CONSTRAINT:Resource Budget | CONSTRAINT:Scope Boundary | CONTEXT:Domain Context | CONTEXT:Execution Environment | CONTEXT:Repository Context | OUTPUT:Control Signal | OUTPUT:Repository Change | PROCESS:Decision Branch | PROCESS:Required Sequence | PROCESS:Within-Run Iteration | RESOURCE:Local Workspace | TASK:Artifact Change | TASK:Evidence Investigation
rq3_162,14,3,7,COMMUNICATION:Automation Disclosure | COMMUNICATION:Expert Role | CONSTRAINT:Quality Standard | CONSTRAINT:Resource Budget | CONSTRAINT:Scope Boundary | EVALUATION:Risk Assessment | EVALUATION:Rule Conformance | EXAMPLE:Output Template | EXAMPLE:Technical Snippet | OUTPUT:Control Signal | OUTPUT:Repository Change | PROCESS:Cross-Run Memory | PROCESS:Decision Branch | PROCESS:Required Sequence | PROCESS:Within-Run Iteration | RESOURCE:GitHub Interface | RESOURCE:Local Workspace | SAFETY:Execution Isolation | SAFETY:Vulnerability Handling | TASK:Artifact Change | TASK:Evidence Investigation,COMMUNICATION:Expert Role | CONSTRAINT:Scope Boundary | CONTEXT:Domain Context | CONTEXT:Historical Context | CONTEXT:Repository Context | EXAMPLE:Output Template | EXAMPLE:Technical Snippet | OUTPUT:Control Signal | OUTPUT:Repository Change | PROCESS:Cross-Run Memory | PROCESS:Decision Branch | PROCESS:Required Sequence | RESOURCE:GitHub Interface | RESOURCE:Local Workspace | SAFETY:Vulnerability Handling | TASK:Artifact Change | TASK:Evidence Investigation
rq3_163,10,2,4,COMMUNICATION:Audience Voice | COMMUNICATION:Expert Role | CONSTRAINT:Evidence Grounding | CONSTRAINT:Quality Standard | CONTEXT:Repository Context | EVALUATION:Rule Conformance | EXAMPLE:Worked Case | OUTPUT:Existing Thread Response | PROCESS:Decision Branch | PROCESS:Required Sequence | RESOURCE:GitHub Interface | RESOURCE:Local Workspace | TASK:Artifact Review | TASK:Evidence Investigation,COMMUNICATION:Expert Role | CONSTRAINT:Evidence Grounding | CONSTRAINT:Scope Boundary | CONTEXT:Domain Context | CONTEXT:Repository Context | EVALUATION:Rule Conformance | OUTPUT:Existing Thread Response | PROCESS:Decision Branch | PROCESS:Required Sequence | RESOURCE:GitHub Interface | RESOURCE:Local Workspace | TASK:Artifact Review
rq3_164,11,2,4,CONSTRAINT:Scope Boundary | CONTEXT:Domain Context | CONTEXT:Execution Environment | CONTEXT:Repository Context | EVALUATION:Execution Check | EXAMPLE:Output Template | OUTPUT:Control Signal | OUTPUT:New Thread | OUTPUT:Standalone Artifact | PROCESS:Decision Branch | PROCESS:Required Sequence | PROCESS:Within-Run Iteration | RESOURCE:Development Toolchain | RESOURCE:Local Workspace | TASK:Executable Validation,CONSTRAINT:Scope Boundary | CONTEXT:Domain Context | CONTEXT:Execution Environment | EVALUATION:Execution Check | EXAMPLE:Technical Snippet | OUTPUT:New Thread | PROCESS:Decision Branch | PROCESS:Required Sequence | PROCESS:Within-Run Iteration | RESOURCE:Development Toolchain | RESOURCE:GitHub Interface | RESOURCE:Local Workspace | TASK:Executable Validation
rq3_165,13,1,6,COMMUNICATION:Audience Voice | COMMUNICATION:Automation Disclosure | COMMUNICATION:Expert Role | CONSTRAINT:Evidence Grounding | CONSTRAINT:Quality Standard | CONSTRAINT:Scope Boundary | CONTEXT:Execution Environment | CONTEXT:Repository Context | EVALUATION:Execution Check | EXAMPLE:Output Template | EXAMPLE:Technical Snippet | OUTPUT:New Thread | PROCESS:Decision Branch | PROCESS:Required Sequence | PROCESS:Within-Run Iteration | RESOURCE:GitHub Interface | RESOURCE:Local Workspace | SAFETY:Vulnerability Handling | TASK:Evidence Investigation,COMMUNICATION:Expert Role | CONSTRAINT:Quality Standard | CONSTRAINT:Scope Boundary | CONTEXT:Domain Context | CONTEXT:Execution Environment | CONTEXT:Repository Context | EXAMPLE:Output Template | EXAMPLE:Technical Snippet | OUTPUT:New Thread | PROCESS:Decision Branch | PROCESS:Required Sequence | RESOURCE:GitHub Interface | RESOURCE:Local Workspace | TASK:Evidence Investigation
rq3_166,8,4,7,COMMUNICATION:Audience Voice | COMMUNICATION:Automation Disclosure | CONSTRAINT:Evidence Grounding | CONSTRAINT:Scope Boundary | CONTEXT:Execution Environment | EVALUATION:Rule Conformance | EXAMPLE:Output Template | EXAMPLE:Technical Snippet | OUTPUT:Control Signal | OUTPUT:Existing Thread Response | PROCESS:Decision Branch | PROCESS:Required Sequence | PROCESS:Within-Run Iteration | RESOURCE:GitHub Interface | TASK:Evidence Investigation,COMMUNICATION:Audience Voice | COMMUNICATION:Expert Role | CONTEXT:Domain Context | CONTEXT:Repository Context | EXAMPLE:Output Template | OUTPUT:Control Signal | OUTPUT:Existing Thread Response | PROCESS:Decision Branch | PROCESS:Required Sequence | RESOURCE:GitHub Interface | TASK:Artifact Review | TASK:Evidence Investigation
rq3_167,17,1,6,COMMUNICATION:Automation Disclosure | COMMUNICATION:Expert Role | CONSTRAINT:Evidence Grounding | CONSTRAINT:Quality Standard | CONSTRAINT:Resource Budget | CONSTRAINT:Scope Boundary | CONTEXT:Execution Environment | CONTEXT:Historical Context | CONTEXT:Repository Context | EVALUATION:Execution Check | EVALUATION:Risk Assessment | EXAMPLE:Output Template | EXAMPLE:Technical Snippet | OUTPUT:Control Signal | OUTPUT:Existing Thread Response | PROCESS:Cross-Run Memory | PROCESS:Decision Branch | PROCESS:Required Sequence | PROCESS:Within-Run Iteration | RESOURCE:GitHub Interface | RESOURCE:Local Workspace | SAFETY:Execution Isolation | TASK:Evidence Investigation,COMMUNICATION:Expert Role | CONSTRAINT:Quality Standard | CONSTRAINT:Resource Budget | CONSTRAINT:Scope Boundary | CONTEXT:Domain Context | CONTEXT:Execution Environment | CONTEXT:Historical Context | CONTEXT:Repository Context | EXAMPLE:Output Template | EXAMPLE:Technical Snippet | OUTPUT:Existing Thread Response | PROCESS:Cross-Run Memory | PROCESS:Decision Branch | PROCESS:Required Sequence | PROCESS:Within-Run Iteration | RESOURCE:GitHub Interface | RESOURCE:Local Workspace | TASK:Evidence Investigation
rq3_168,14,3,6,CONSTRAINT:Evidence Grounding | CONSTRAINT:Quality Standard | CONSTRAINT:Resource Budget | CONSTRAINT:Scope Boundary | CONTEXT:Domain Context | CONTEXT:Repository Context | EVALUATION:Rule Conformance | EXAMPLE:Output Template | EXAMPLE:Worked Case | OUTPUT:Existing Thread Response | OUTPUT:New Thread | OUTPUT:Repository Change | PROCESS:Decision Branch | PROCESS:Required Sequence | PROCESS:Within-Run Iteration | RESOURCE:GitHub Interface | RESOURCE:Local Workspace | TASK:Artifact Change | TASK:Artifact Review | TASK:Evidence Investigation,COMMUNICATION:Expert Role | CONSTRAINT:Quality Standard | CONSTRAINT:Scope Boundary | CONTEXT:Domain Context | CONTEXT:Historical Context | CONTEXT:Repository Context | EVALUATION:Rule Conformance | OUTPUT:New Thread | OUTPUT:Repository Change | PROCESS:Decision Branch | PROCESS:Required Sequence | RESOURCE:GitHub Interface | RESOURCE:Local Workspace | TASK:Artifact Change | TASK:Artifact Review | TASK:Evidence Investigation | TASK:Work Item Management
rq3_169,15,3,2,CONSTRAINT:Quality Standard | CONSTRAINT:Scope Boundary | CONTEXT:Domain Context | CONTEXT:Repository Context | EVALUATION:Execution Check | EVALUATION:Rule Conformance | EXAMPLE:Output Template | OUTPUT:Existing Thread Response | OUTPUT:Repository Change | PROCESS:Decision Branch | PROCESS:Required Sequence | PROCESS:Within-Run Iteration | RESOURCE:Development Toolchain | RESOURCE:GitHub Interface | RESOURCE:Local Workspace | TASK:Artifact Change | TASK:Executable Validation,COMMUNICATION:Expert Role | CONSTRAINT:Scope Boundary | CONTEXT:Domain Context | CONTEXT:Repository Context | EVALUATION:Execution Check | EVALUATION:Rule Conformance | EXAMPLE:Output Template | EXAMPLE:Technical Snippet | OUTPUT:Existing Thread Response | OUTPUT:Repository Change | PROCESS:Decision Branch | PROCESS:Required Sequence | RESOURCE:Development Toolchain | RESOURCE:GitHub Interface | RESOURCE:Local Workspace | TASK:Artifact Change | TASK:Evidence Investigation | TASK:Executable Validation
rq3_170,15,3,7,COMMUNICATION:Audience Voice | COMMUNICATION:Automation Disclosure | COMMUNICATION:Expert Role | CONSTRAINT:Evidence Grounding | CONSTRAINT:Quality Standard | CONSTRAINT:Resource Budget | CONSTRAINT:Scope Boundary | CONTEXT:Execution Environment | CONTEXT:Repository Context | EXAMPLE:Output Template | EXAMPLE:Technical Snippet | EXAMPLE:Worked Case | OUTPUT:Control Signal | OUTPUT:Existing Thread Response | OUTPUT:New Thread | OUTPUT:Standalone Artifact | PROCESS:Decision Branch | PROCESS:Required Sequence | PROCESS:Within-Run Iteration | RESOURCE:GitHub Interface | RESOURCE:Local Workspace | TASK:Work Item Management,COMMUNICATION:Audience Voice | COMMUNICATION:Expert Role | CONSTRAINT:Evidence Grounding | CONSTRAINT:Quality Standard | CONSTRAINT:Scope Boundary | CONTEXT:Domain Context | CONTEXT:Execution Environment | CONTEXT:Repository Context | EXAMPLE:Output Template | EXAMPLE:Technical Snippet | OUTPUT:Repository Change | PROCESS:Decision Branch | PROCESS:Required Sequence | PROCESS:Within-Run Iteration | RESOURCE:GitHub Interface | RESOURCE:Local Workspace | TASK:Artifact Change | TASK:Work Item Management
rq3_171,11,1,2,CONSTRAINT:Evidence Grounding | CONSTRAINT:Quality Standard | CONSTRAINT:Scope Boundary | CONTEXT:Domain Context | EVALUATION:Rule Conformance | OUTPUT:Control Signal | OUTPUT:Repository Change | PROCESS:Decision Branch | PROCESS:Required Sequence | PROCESS:Within-Run Iteration | RESOURCE:Local Workspace | RESOURCE:Web Retrieval | TASK:Artifact Change,CONSTRAINT:Quality Standard | CONSTRAINT:Scope Boundary | CONTEXT:Domain Context | EVALUATION:Rule Conformance | OUTPUT:Control Signal | OUTPUT:Repository Change | PROCESS:Decision Branch | PROCESS:Required Sequence | RESOURCE:Local Workspace | RESOURCE:Web Retrieval | TASK:Artifact Change | TASK:Evidence Investigation
rq3_172,5,3,5,CONSTRAINT:Quality Standard | CONTEXT:Repository Context | EVALUATION:Risk Assessment | EXAMPLE:Output Template | OUTPUT:Existing Thread Response | PROCESS:Decision Branch | PROCESS:Required Sequence | RESOURCE:Agent Resource | RESOURCE:GitHub Interface | TASK:Artifact Review,CONSTRAINT:Quality Standard | CONSTRAINT:Scope Boundary | CONTEXT:Repository Context | EXAMPLE:Technical Snippet | OUTPUT:Existing Thread Response | PROCESS:Required Sequence | PROCESS:Within-Run Iteration | TASK:Artifact Review
rq3_173,8,4,6,COMMUNICATION:Automation Disclosure | CONSTRAINT:Quality Standard | CONSTRAINT:Resource Budget | CONSTRAINT:Scope Boundary | EVALUATION:Execution Check | EVALUATION:Rule Conformance | OUTPUT:Repository Change | PROCESS:Decision Branch | PROCESS:Required Sequence | PROCESS:Within-Run Iteration | RESOURCE:Development Toolchain | RESOURCE:Local Workspace | TASK:Artifact Change | TASK:Executable Validation,CONSTRAINT:Scope Boundary | CONTEXT:Domain Context | CONTEXT:Repository Context | OUTPUT:Repository Change | PROCESS:Decision Branch | PROCESS:Required Sequence | RESOURCE:Development Toolchain | RESOURCE:Local Workspace | TASK:Artifact Change | TASK:Artifact Review | TASK:Executable Validation | TASK:Work Item Management
rq3_174,13,1,10,COMMUNICATION:Automation Disclosure | COMMUNICATION:Expert Role | CONSTRAINT:Resource Budget | CONSTRAINT:Scope Boundary | CONTEXT:Domain Context | CONTEXT:Execution Environment | CONTEXT:Repository Context | EVALUATION:Execution Check | EVALUATION:Rule Conformance | OUTPUT:Existing Thread Response | OUTPUT:Repository Change | PROCESS:Decision Branch | PROCESS:Required Sequence | PROCESS:Within-Run Iteration | PROCESS:Work Delegation | RESOURCE:Agent Resource | RESOURCE:Development Toolchain | RESOURCE:GitHub Interface | RESOURCE:Local Workspace | SAFETY:Execution Isolation | SAFETY:Information Confidentiality | TASK:Artifact Change | TASK:Executable Validation,COMMUNICATION:Expert Role | CONSTRAINT:Resource Budget | CONSTRAINT:Scope Boundary | CONTEXT:Domain Context | CONTEXT:Execution Environment | CONTEXT:Repository Context | OUTPUT:Existing Thread Response | OUTPUT:Repository Change | PROCESS:Decision Branch | PROCESS:Required Sequence | PROCESS:Within-Run Iteration | RESOURCE:GitHub Interface | TASK:Artifact Change | TASK:Evidence Investigation
rq3_175,7,9,6,COMMUNICATION:Expert Role | CONSTRAINT:Quality Standard | CONSTRAINT:Resource Budget | CONTEXT:Execution Environment | CONTEXT:Repository Context | EVALUATION:Rule Conformance | EXAMPLE:Output Template | EXAMPLE:Worked Case | OUTPUT:New Thread | PROCESS:Decision Branch | PROCESS:Required Sequence | RESOURCE:Development Toolchain | TASK:Evidence Investigation,COMMUNICATION:Expert Role | CONTEXT:Historical Context | CONTEXT:Repository Context | EXAMPLE:Technical Snippet | EXAMPLE:Worked Case | OUTPUT:Control Signal | OUTPUT:New Thread | OUTPUT:Repository Change | OUTPUT:Standalone Artifact | PROCESS:Decision Branch | PROCESS:Required Sequence | RESOURCE:Agent Resource | RESOURCE:Local Workspace | TASK:Artifact Change | TASK:Evidence Investigation | TASK:Executable Validation
rq3_176,17,1,9,COMMUNICATION:Automation Disclosure | COMMUNICATION:Expert Role | CONSTRAINT:Evidence Grounding | CONSTRAINT:Quality Standard | CONSTRAINT:Resource Budget | CONSTRAINT:Scope Boundary | CONTEXT:Execution Environment | CONTEXT:Historical Context | CONTEXT:Repository Context | EVALUATION:Evidence Credibility | EVALUATION:Execution Check | EVALUATION:Risk Assessment | EVALUATION:Rule Conformance | EXAMPLE:Output Template | EXAMPLE:Technical Snippet | OUTPUT:Existing Thread Response | PROCESS:Cross-Run Memory | PROCESS:Decision Branch | PROCESS:Required Sequence | PROCESS:Within-Run Iteration | RESOURCE:Agent Resource | RESOURCE:GitHub Interface | RESOURCE:Local Workspace | SAFETY:Execution Isolation | SAFETY:Prompt Injection Defense | TASK:Artifact Review,COMMUNICATION:Automation Disclosure | COMMUNICATION:Expert Role | CONSTRAINT:Quality Standard | CONSTRAINT:Scope Boundary | CONTEXT:Domain Context | CONTEXT:Execution Environment | CONTEXT:Historical Context | CONTEXT:Repository Context | EVALUATION:Rule Conformance | EXAMPLE:Technical Snippet | OUTPUT:Existing Thread Response | PROCESS:Cross-Run Memory | PROCESS:Decision Branch | PROCESS:Required Sequence | RESOURCE:GitHub Interface | RESOURCE:Local Workspace | SAFETY:Execution Isolation | TASK:Artifact Review
rq3_177,3,5,4,EVALUATION:Rule Conformance | OUTPUT:Control Signal | OUTPUT:Existing Thread Response | PROCESS:Decision Branch | RESOURCE:GitHub Interface | TASK:Evidence Investigation | TASK:Work Item Management,CONSTRAINT:Scope Boundary | CONTEXT:Domain Context | OUTPUT:Existing Thread Response | PROCESS:Decision Branch | PROCESS:Required Sequence | PROCESS:Within-Run Iteration | TASK:Artifact Review | TASK:Work Item Management
rq3_178,8,3,9,COMMUNICATION:Audience Voice | COMMUNICATION:Expert Role | CONSTRAINT:Quality Standard | CONSTRAINT:Scope Boundary | CONTEXT:Execution Environment | CONTEXT:Repository Context | EVALUATION:Risk Assessment | EVALUATION:Rule Conformance | EXAMPLE:Output Template | EXAMPLE:Technical Snippet | EXAMPLE:Worked Case | OUTPUT:Control Signal | OUTPUT:New Thread | PROCESS:Required Sequence | RESOURCE:Development Toolchain | RESOURCE:Local Workspace | TASK:Evidence Investigation,CONSTRAINT:Quality Standard | CONSTRAINT:Scope Boundary | CONTEXT:Domain Context | CONTEXT:Execution Environment | CONTEXT:Repository Context | OUTPUT:New Thread | PROCESS:Required Sequence | RESOURCE:GitHub Interface | RESOURCE:Local Workspace | TASK:Artifact Review | TASK:Evidence Investigation
rq3_179,6,7,3,CONSTRAINT:Resource Budget | CONSTRAINT:Scope Boundary | CONTEXT:Domain Context | OUTPUT:New Thread | OUTPUT:Standalone Artifact | PROCESS:Decision Branch | PROCESS:Required Sequence | RESOURCE:Agent Resource | TASK:Evidence Investigation,CONSTRAINT:Resource Budget | CONSTRAINT:Scope Boundary | CONTEXT:Domain Context | EVALUATION:Rule Conformance | OUTPUT:Repository Change | PROCESS:Decision Branch | PROCESS:Required Sequence | RESOURCE:Development Toolchain | RESOURCE:GitHub Interface | TASK:Artifact Change | TASK:Evidence Investigation | TASK:Executable Validation | TASK:Work Item Management
rq3_180,6,7,1,EVALUATION:Execution Check | EXAMPLE:Output Template | OUTPUT:Existing Thread Response | PROCESS:Required Sequence | RESOURCE:Agent Resource | RESOURCE:GitHub Interface | TASK:Executable Validation,CONSTRAINT:Scope Boundary | CONTEXT:Domain Context | CONTEXT:Repository Context | EVALUATION:Execution Check | EXAMPLE:Output Template | EXAMPLE:Technical Snippet | OUTPUT:Control Signal | OUTPUT:Existing Thread Response | PROCESS:Decision Branch | PROCESS:Required Sequence | RESOURCE:GitHub Interface | TASK:Evidence Investigation | TASK:Executable Validation
rq3_181,7,1,4,COMMUNICATION:Expert Role | CONSTRAINT:Quality Standard | CONSTRAINT:Scope Boundary | CONTEXT:Repository Context | OUTPUT:Control Signal | OUTPUT:Existing Thread Response | PROCESS:Decision Branch | PROCESS:Required Sequence | RESOURCE:GitHub Interface | TASK:Evidence Investigation | TASK:Work Item Management,COMMUNICATION:Expert Role | CONSTRAINT:Scope Boundary | PROCESS:Decision Branch | PROCESS:Required Sequence | RESOURCE:GitHub Interface | TASK:Artifact Review | TASK:Evidence Investigation | TASK:Work Item Management
rq3_182,10,2,4,CONSTRAINT:Quality Standard | CONSTRAINT:Scope Boundary | CONTEXT:Domain Context | CONTEXT:Repository Context | EXAMPLE:Output Template | EXAMPLE:Technical Snippet | OUTPUT:Control Signal | OUTPUT:Repository Change | PROCESS:Cross-Run Memory | PROCESS:Decision Branch | PROCESS:Required Sequence | RESOURCE:GitHub Interface | RESOURCE:Local Workspace | TASK:Artifact Change,COMMUNICATION:Expert Role | CONSTRAINT:Quality Standard | CONSTRAINT:Scope Boundary | CONTEXT:Domain Context | CONTEXT:Repository Context | OUTPUT:Repository Change | PROCESS:Decision Branch | PROCESS:Required Sequence | RESOURCE:GitHub Interface | RESOURCE:Local Workspace | TASK:Artifact Change | TASK:Work Item Management
rq3_183,10,5,1,CONSTRAINT:Quality Standard | CONSTRAINT:Scope Boundary | CONTEXT:Execution Environment | EVALUATION:Execution Check | OUTPUT:Control Signal | OUTPUT:Existing Thread Response | PROCESS:Decision Branch | PROCESS:Required Sequence | RESOURCE:GitHub Interface | RESOURCE:Local Workspace | TASK:Executable Validation,CONSTRAINT:Quality Standard | CONSTRAINT:Scope Boundary | CONTEXT:Domain Context | CONTEXT:Execution Environment | CONTEXT:Repository Context | EVALUATION:Execution Check | EVALUATION:Rule Conformance | OUTPUT:Control Signal | OUTPUT:Existing Thread Response | PROCESS:Decision Branch | PROCESS:Required Sequence | RESOURCE:GitHub Interface | RESOURCE:Local Workspace | TASK:Artifact Review | TASK:Evidence Investigation
rq3_184,13,2,12,COMMUNICATION:Automation Disclosure | COMMUNICATION:Expert Role | CONSTRAINT:Evidence Grounding | CONSTRAINT:Quality Standard | CONSTRAINT:Scope Boundary | CONTEXT:Domain Context | CONTEXT:Historical Context | CONTEXT:Repository Context | EVALUATION:Evidence Credibility | EVALUATION:Risk Assessment | EXAMPLE:Output Template | EXAMPLE:Technical Snippet | EXAMPLE:Worked Case | OUTPUT:Control Signal | OUTPUT:Existing Thread Response | OUTPUT:New Thread | PROCESS:Decision Branch | PROCESS:Required Sequence | RESOURCE:GitHub Interface | RESOURCE:Local Workspace | SAFETY:Execution Isolation | SAFETY:Information Confidentiality | SAFETY:Vulnerability Handling | TASK:Evidence Investigation | TASK:Executable Validation,CONSTRAINT:Scope Boundary | CONTEXT:Domain Context | CONTEXT:Execution Environment | CONTEXT:Repository Context | EXAMPLE:Output Template | EXAMPLE:Technical Snippet | OUTPUT:Control Signal | OUTPUT:Existing Thread Response | OUTPUT:New Thread | PROCESS:Decision Branch | PROCESS:Required Sequence | RESOURCE:GitHub Interface | RESOURCE:Local Workspace | TASK:Evidence Investigation | TASK:Work Item Management
rq3_185,12,3,14,COMMUNICATION:Audience Voice | COMMUNICATION:Automation Disclosure | COMMUNICATION:Expert Role | CONSTRAINT:Quality Standard | CONSTRAINT:Scope Boundary | CONTEXT:Repository Context | EVALUATION:Evidence Credibility | EVALUATION:Execution Check | EVALUATION:Risk Assessment | EXAMPLE:Output Template | EXAMPLE:Technical Snippet | OUTPUT:Control Signal | OUTPUT:New Thread | OUTPUT:Standalone Artifact | PROCESS:Cross-Run Memory | PROCESS:Decision Branch | PROCESS:Required Sequence | PROCESS:Within-Run Iteration | RESOURCE:Agent Resource | RESOURCE:Development Toolchain | RESOURCE:GitHub Interface | RESOURCE:Local Workspace | SAFETY:Vulnerability Handling | TASK:Evidence Investigation | TASK:Executable Validation | TASK:Work Item Management,COMMUNICATION:Expert Role | CONSTRAINT:Quality Standard | CONSTRAINT:Scope Boundary | CONTEXT:Domain Context | CONTEXT:Execution Environment | CONTEXT:Historical Context | CONTEXT:Repository Context | OUTPUT:New Thread | PROCESS:Cross-Run Memory | PROCESS:Decision Branch | PROCESS:Required Sequence | RESOURCE:Development Toolchain | RESOURCE:GitHub Interface | TASK:Evidence Investigation | TASK:Executable Validation
rq3_186,6,7,3,CONSTRAINT:Resource Budget | CONSTRAINT:Scope Boundary | CONTEXT:Domain Context | CONTEXT:Repository Context | OUTPUT:Standalone Artifact | PROCESS:Decision Branch | RESOURCE:Agent Resource | TASK:Artifact Change | TASK:Evidence Investigation,CONSTRAINT:Resource Budget | CONSTRAINT:Scope Boundary | CONTEXT:Domain Context | CONTEXT:Historical Context | CONTEXT:Repository Context | EXAMPLE:Technical Snippet | OUTPUT:Repository Change | PROCESS:Cross-Run Memory | PROCESS:Decision Branch | PROCESS:Required Sequence | RESOURCE:Development Toolchain | RESOURCE:GitHub Interface | TASK:Artifact Change
rq3_187,12,2,10,COMMUNICATION:Audience Voice | COMMUNICATION:Automation Disclosure | CONSTRAINT:Evidence Grounding | CONSTRAINT:Quality Standard | CONSTRAINT:Scope Boundary | CONTEXT:Domain Context | CONTEXT:Execution Environment | CONTEXT:Historical Context | EVALUATION:Evidence Credibility | EVALUATION:Risk Assessment | EVALUATION:Rule Conformance | EXAMPLE:Output Template | OUTPUT:Control Signal | OUTPUT:Existing Thread Response | OUTPUT:New Thread | PROCESS:Decision Branch | PROCESS:Required Sequence | PROCESS:Within-Run Iteration | RESOURCE:GitHub Interface | RESOURCE:Local Workspace | TASK:Evidence Investigation | TASK:Work Item Management,CONSTRAINT:Evidence Grounding | CONSTRAINT:Quality Standard | CONSTRAINT:Scope Boundary | CONTEXT:Domain Context | CONTEXT:Execution Environment | EXAMPLE:Technical Snippet | OUTPUT:Existing Thread Response | OUTPUT:New Thread | OUTPUT:Repository Change | PROCESS:Decision Branch | PROCESS:Required Sequence | RESOURCE:GitHub Interface | RESOURCE:Local Workspace | TASK:Evidence Investigation
rq3_188,12,3,2,COMMUNICATION:Audience Voice | COMMUNICATION:Expert Role | CONSTRAINT:Evidence Grounding | CONSTRAINT:Quality Standard | CONSTRAINT:Scope Boundary | CONTEXT:Repository Context | EVALUATION:Rule Conformance | EXAMPLE:Worked Case | OUTPUT:Control Signal | OUTPUT:Existing Thread Response | PROCESS:Decision Branch | PROCESS:Required Sequence | RESOURCE:GitHub Interface | TASK:Artifact Review,COMMUNICATION:Expert Role | CONSTRAINT:Evidence Grounding | CONSTRAINT:Scope Boundary | CONTEXT:Domain Context | CONTEXT:Repository Context | EVALUATION:Rule Conformance | EXAMPLE:Worked Case | OUTPUT:Control Signal | OUTPUT:Existing Thread Response | PROCESS:Decision Branch | PROCESS:Required Sequence | RESOURCE:GitHub Interface | TASK:Artifact Review | TASK:Evidence Investigation | TASK:Work Item Management
rq3_189,8,3,11,CONSTRAINT:Quality Standard | CONSTRAINT:Scope Boundary | CONTEXT:Repository Context | EVALUATION:Execution Check | EVALUATION:Rule Conformance | OUTPUT:Control Signal | OUTPUT:Existing Thread Response | OUTPUT:Repository Change | PROCESS:Decision Branch | PROCESS:Required Sequence | PROCESS:Within-Run Iteration | PROCESS:Work Delegation | RESOURCE:Agent Resource | RESOURCE:Development Toolchain | RESOURCE:GitHub Interface | RESOURCE:Local Workspace | TASK:Artifact Change | TASK:Executable Validation | TASK:Work Item Management,COMMUNICATION:Expert Role | CONSTRAINT:Scope Boundary | CONTEXT:Domain Context | CONTEXT:Repository Context | EXAMPLE:Technical Snippet | OUTPUT:Control Signal | PROCESS:Decision Branch | PROCESS:Required Sequence | PROCESS:Work Delegation | RESOURCE:Development Toolchain | TASK:Work Item Management
rq3_190,10,1,9,CONSTRAINT:Quality Standard | CONSTRAINT:Scope Boundary | CONTEXT:Domain Context | CONTEXT:Repository Context | EVALUATION:Rule Conformance | EXAMPLE:Output Template | EXAMPLE:Worked Case | OUTPUT:Control Signal | OUTPUT:Repository Change | PROCESS:Cross-Run Memory | PROCESS:Decision Branch | PROCESS:Required Sequence | PROCESS:Within-Run Iteration | PROCESS:Work Delegation | RESOURCE:Local Workspace | RESOURCE:Web Retrieval | TASK:Artifact Change | TASK:Evidence Investigation | TASK:Work Item Management,CONSTRAINT:Quality Standard | CONSTRAINT:Scope Boundary | EXAMPLE:Output Template | EXAMPLE:Technical Snippet | OUTPUT:Repository Change | PROCESS:Decision Branch | PROCESS:Required Sequence | RESOURCE:Web Retrieval | TASK:Artifact Change | TASK:Evidence Investigation | TASK:Work Item Management
rq3_191,3,3,5,CONSTRAINT:Evidence Grounding | CONSTRAINT:Resource Budget | CONTEXT:Domain Context | CONTEXT:Historical Context | OUTPUT:New Thread | PROCESS:Decision Branch | PROCESS:Required Sequence | RESOURCE:Agent Resource,CONSTRAINT:Resource Budget | CONTEXT:Domain Context | OUTPUT:Repository Change | PROCESS:Decision Branch | RESOURCE:Local Workspace | TASK:Evidence Investigation
rq3_192,13,1,9,COMMUNICATION:Audience Voice | COMMUNICATION:Automation Disclosure | CONSTRAINT:Quality Standard | CONSTRAINT:Resource Budget | CONSTRAINT:Scope Boundary | CONTEXT:Domain Context | CONTEXT:Execution Environment | EVALUATION:Risk Assessment | EXAMPLE:Output Template | EXAMPLE:Technical Snippet | OUTPUT:Control Signal | OUTPUT:New Thread | OUTPUT:Standalone Artifact | PROCESS:Decision Branch | PROCESS:Required Sequence | PROCESS:Within-Run Iteration | PROCESS:Work Delegation | RESOURCE:Agent Resource | RESOURCE:GitHub Interface | RESOURCE:Local Workspace | SAFETY:Execution Isolation | TASK:Evidence Investigation,CONSTRAINT:Quality Standard | CONSTRAINT:Resource Budget | CONSTRAINT:Scope Boundary | CONTEXT:Domain Context | EXAMPLE:Technical Snippet | OUTPUT:New Thread | PROCESS:Decision Branch | PROCESS:Required Sequence | PROCESS:Within-Run Iteration | PROCESS:Work Delegation | RESOURCE:Agent Resource | RESOURCE:Development Toolchain | RESOURCE:GitHub Interface | TASK:Evidence Investigation
rq3_193,14,0,4,CONSTRAINT:Quality Standard | CONSTRAINT:Scope Boundary | CONTEXT:Domain Context | CONTEXT:Repository Context | EVALUATION:Execution Check | EVALUATION:Rule Conformance | OUTPUT:Repository Change | PROCESS:Decision Branch | PROCESS:Required Sequence | PROCESS:Within-Run Iteration | PROCESS:Work Delegation | RESOURCE:Agent Resource | RESOURCE:Development Toolchain | RESOURCE:GitHub Interface | RESOURCE:Local Workspace | TASK:Artifact Change | TASK:Evidence Investigation | TASK:Executable Validation,CONSTRAINT:Quality Standard | CONSTRAINT:Scope Boundary | CONTEXT:Domain Context | CONTEXT:Repository Context | EVALUATION:Execution Check | OUTPUT:Repository Change | PROCESS:Required Sequence | PROCESS:Work Delegation | RESOURCE:Agent Resource | RESOURCE:Development Toolchain | RESOURCE:GitHub Interface | TASK:Artifact Change | TASK:Evidence Investigation | TASK:Executable Validation
rq3_194,9,1,17,COMMUNICATION:Automation Disclosure | CONSTRAINT:Evidence Grounding | CONSTRAINT:Quality Standard | CONSTRAINT:Resource Budget | CONSTRAINT:Scope Boundary | CONTEXT:Execution Environment | CONTEXT:Repository Context | EVALUATION:Execution Check | EVALUATION:Rule Conformance | EXAMPLE:Technical Snippet | OUTPUT:Control Signal | OUTPUT:Existing Thread Response | OUTPUT:Repository Change | PROCESS:Cross-Run Memory | PROCESS:Decision Branch | PROCESS:Required Sequence | PROCESS:Within-Run Iteration | RESOURCE:Development Toolchain | RESOURCE:GitHub Interface | RESOURCE:Local Workspace | SAFETY:Execution Isolation | SAFETY:Vulnerability Handling | TASK:Artifact Change | TASK:Evidence Investigation | TASK:Executable Validation | TASK:Work Item Management,CONSTRAINT:Scope Boundary | CONTEXT:Domain Context | CONTEXT:Execution Environment | CONTEXT:Repository Context | OUTPUT:Existing Thread Response | OUTPUT:Repository Change | PROCESS:Decision Branch | PROCESS:Required Sequence | TASK:Artifact Change | TASK:Work Item Management
rq3_195,6,0,1,CONSTRAINT:Quality Standard | CONTEXT:Repository Context | OUTPUT:Control Signal | OUTPUT:Existing Thread Response | PROCESS:Decision Branch | PROCESS:Required Sequence | RESOURCE:GitHub Interface,CONSTRAINT:Quality Standard | OUTPUT:Control Signal | OUTPUT:Existing Thread Response | PROCESS:Decision Branch | PROCESS:Required Sequence | RESOURCE:GitHub Interface
rq3_196,13,4,1,COMMUNICATION:Expert Role | CONSTRAINT:Evidence Grounding | CONSTRAINT:Quality Standard | CONTEXT:Domain Context | EVALUATION:Risk Assessment | EXAMPLE:Output Template | EXAMPLE:Technical Snippet | OUTPUT:New Thread | OUTPUT:Standalone Artifact | PROCESS:Cross-Run Memory | PROCESS:Decision Branch | PROCESS:Required Sequence | RESOURCE:Local Workspace | TASK:Evidence Investigation,COMMUNICATION:Expert Role | CONSTRAINT:Evidence Grounding | CONSTRAINT:Quality Standard | CONTEXT:Domain Context | CONTEXT:Execution Environment | CONTEXT:Historical Context | EXAMPLE:Output Template | EXAMPLE:Technical Snippet | OUTPUT:New Thread | OUTPUT:Standalone Artifact | PROCESS:Cross-Run Memory | PROCESS:Decision Branch | PROCESS:Required Sequence | RESOURCE:Development Toolchain | RESOURCE:Local Workspace | TASK:Artifact Change | TASK:Evidence Investigation
rq3_197,8,3,2,COMMUNICATION:Expert Role | CONSTRAINT:Quality Standard | CONSTRAINT:Scope Boundary | CONTEXT:Repository Context | OUTPUT:Repository Change | PROCESS:Decision Branch | PROCESS:Required Sequence | RESOURCE:Local Workspace | TASK:Artifact Change | TASK:Evidence Investigation,COMMUNICATION:Expert Role | CONSTRAINT:Quality Standard | CONSTRAINT:Scope Boundary | CONTEXT:Domain Context | CONTEXT:Repository Context | EVALUATION:Rule Conformance | OUTPUT:Repository Change | PROCESS:Decision Branch | PROCESS:Required Sequence | TASK:Artifact Change | TASK:Artifact Review
rq3_198,14,3,6,COMMUNICATION:Automation Disclosure | COMMUNICATION:Expert Role | CONSTRAINT:Evidence Grounding | CONSTRAINT:Quality Standard | CONSTRAINT:Scope Boundary | CONTEXT:Repository Context | EVALUATION:Evidence Credibility | EVALUATION:Rule Conformance | EXAMPLE:Technical Snippet | EXAMPLE:Worked Case | OUTPUT:Control Signal | OUTPUT:Repository Change | PROCESS:Cross-Run Memory | PROCESS:Decision Branch | PROCESS:Required Sequence | PROCESS:Within-Run Iteration | RESOURCE:GitHub Interface | RESOURCE:Local Workspace | TASK:Artifact Change | TASK:Artifact Review,COMMUNICATION:Expert Role | CONSTRAINT:Evidence Grounding | CONSTRAINT:Quality Standard | CONSTRAINT:Scope Boundary | CONTEXT:Domain Context | CONTEXT:Historical Context | CONTEXT:Repository Context | EVALUATION:Rule Conformance | OUTPUT:Control Signal | OUTPUT:Repository Change | PROCESS:Decision Branch | PROCESS:Required Sequence | RESOURCE:GitHub Interface | RESOURCE:Local Workspace | TASK:Artifact Change | TASK:Artifact Review | TASK:Evidence Investigation
rq3_199,7,3,6,COMMUNICATION:Audience Voice | CONSTRAINT:Evidence Grounding | CONSTRAINT:Quality Standard | CONSTRAINT:Scope Boundary | OUTPUT:Control Signal | OUTPUT:Existing Thread Response | PROCESS:Decision Branch | RESOURCE:GitHub Interface | SAFETY:Information Confidentiality | SAFETY:Prompt Injection Defense | TASK:Artifact Change | TASK:Evidence Investigation | TASK:Work Item Management,COMMUNICATION:Audience Voice | CONSTRAINT:Evidence Grounding | EVALUATION:Risk Assessment | OUTPUT:Existing Thread Response | PROCESS:Decision Branch | PROCESS:Required Sequence | RESOURCE:GitHub Interface | SAFETY:Prompt Injection Defense | TASK:Artifact Review | TASK:Work Item Management
rq3_200,8,9,3,CONSTRAINT:Scope Boundary | CONTEXT:Execution Environment | EVALUATION:Execution Check | EXAMPLE:Output Template | EXAMPLE:Technical Snippet | PROCESS:Decision Branch | PROCESS:Required Sequence | RESOURCE:Development Toolchain | RESOURCE:Web Retrieval | TASK:Artifact Change | TASK:Evidence Investigation,CONSTRAINT:Quality Standard | CONSTRAINT:Scope Boundary | CONTEXT:Domain Context | CONTEXT:Execution Environment | CONTEXT:Repository Context | EVALUATION:Execution Check | EVALUATION:Rule Conformance | EXAMPLE:Technical Snippet | OUTPUT:Control Signal | OUTPUT:Repository Change | PROCESS:Decision Branch | PROCESS:Required Sequence | RESOURCE:Development Toolchain | RESOURCE:GitHub Interface | TASK:Artifact Change | TASK:Executable Validation | TASK:Work Item Management
rq3_201,12,3,3,COMMUNICATION:Audience Voice | COMMUNICATION:Expert Role | CONSTRAINT:Quality Standard | CONSTRAINT:Scope Boundary | CONTEXT:Execution Environment | CONTEXT:Repository Context | EVALUATION:Risk Assessment | EXAMPLE:Output Template | OUTPUT:Control Signal | OUTPUT:New Thread | PROCESS:Decision Branch | PROCESS:Required Sequence | PROCESS:Within-Run Iteration | RESOURCE:Local Workspace | TASK:Evidence Investigation,COMMUNICATION:Expert Role | CONSTRAINT:Quality Standard | CONSTRAINT:Scope Boundary | CONTEXT:Domain Context | CONTEXT:Execution Environment | CONTEXT:Repository Context | EXAMPLE:Output Template | EXAMPLE:Technical Snippet | OUTPUT:Control Signal | OUTPUT:New Thread | PROCESS:Decision Branch | PROCESS:Required Sequence | RESOURCE:Local Workspace | TASK:Artifact Change | TASK:Evidence Investigation
rq3_202,14,2,12,COMMUNICATION:Expert Role | CONSTRAINT:Evidence Grounding | CONSTRAINT:Quality Standard | CONSTRAINT:Resource Budget | CONSTRAINT:Scope Boundary | CONTEXT:Execution Environment | CONTEXT:Repository Context | EVALUATION:Risk Assessment | EVALUATION:Rule Conformance | EXAMPLE:Output Template | EXAMPLE:Technical Snippet | EXAMPLE:Worked Case | OUTPUT:Control Signal | OUTPUT:Existing Thread Response | OUTPUT:New Thread | PROCESS:Cross-Run Memory | PROCESS:Decision Branch | PROCESS:Required Sequence | PROCESS:Within-Run Iteration | RESOURCE:Agent Resource | RESOURCE:GitHub Interface | RESOURCE:Local Workspace | SAFETY:Execution Isolation | TASK:Artifact Review | TASK:Evidence Investigation | TASK:Work Item Management,CONSTRAINT:Resource Budget | CONSTRAINT:Scope Boundary | CONTEXT:Domain Context | CONTEXT:Execution Environment | CONTEXT:Repository Context | EVALUATION:Rule Conformance | EXAMPLE:Output Template | EXAMPLE:Technical Snippet | OUTPUT:New Thread | OUTPUT:Repository Change | PROCESS:Decision Branch | PROCESS:Required Sequence | RESOURCE:GitHub Interface | RESOURCE:Local Workspace | TASK:Evidence Investigation | TASK:Work Item Management
rq3_203,10,3,3,CONSTRAINT:Evidence Grounding | CONSTRAINT:Quality Standard | CONSTRAINT:Resource Budget | CONSTRAINT:Scope Boundary | CONTEXT:Repository Context | EVALUATION:Rule Conformance | EXAMPLE:Output Template | OUTPUT:Control Signal | OUTPUT:Existing Thread Response | PROCESS:Decision Branch | PROCESS:Required Sequence | RESOURCE:Local Workspace | TASK:Artifact Review,CONSTRAINT:Quality Standard | CONSTRAINT:Scope Boundary | CONTEXT:Domain Context | CONTEXT:Repository Context | EVALUATION:Rule Conformance | EXAMPLE:Output Template | OUTPUT:Control Signal | OUTPUT:Existing Thread Response | PROCESS:Decision Branch | PROCESS:Required Sequence | RESOURCE:GitHub Interface | TASK:Artifact Review | TASK:Evidence Investigation
rq3_204,7,2,3,CONSTRAINT:Quality Standard | CONTEXT:Repository Context | EVALUATION:Rule Conformance | EXAMPLE:Output Template | EXAMPLE:Worked Case | OUTPUT:Repository Change | PROCESS:Decision Branch | PROCESS:Required Sequence | RESOURCE:Local Workspace | TASK:Artifact Change,CONSTRAINT:Quality Standard | CONTEXT:Domain Context | CONTEXT:Repository Context | OUTPUT:Repository Change | PROCESS:Decision Branch | PROCESS:Required Sequence | RESOURCE:Local Workspace | TASK:Artifact Change | TASK:Work Item Management
rq3_205,11,2,7,COMMUNICATION:Expert Role | CONSTRAINT:Quality Standard | CONTEXT:Domain Context | CONTEXT:Repository Context | EVALUATION:Risk Assessment | EVALUATION:Rule Conformance | EXAMPLE:Output Template | EXAMPLE:Technical Snippet | EXAMPLE:Worked Case | OUTPUT:Control Signal | PROCESS:Cross-Run Memory | PROCESS:Decision Branch | PROCESS:Required Sequence | RESOURCE:GitHub Interface | RESOURCE:Local Workspace | SAFETY:Vulnerability Handling | TASK:Evidence Investigation | TASK:Work Item Management,COMMUNICATION:Expert Role | CONSTRAINT:Quality Standard | CONSTRAINT:Scope Boundary | CONTEXT:Domain Context | CONTEXT:Historical Context | CONTEXT:Repository Context | EXAMPLE:Technical Snippet | OUTPUT:Control Signal | PROCESS:Cross-Run Memory | PROCESS:Decision Branch | PROCESS:Required Sequence | RESOURCE:GitHub Interface | TASK:Evidence Investigation
rq3_206,14,5,1,COMMUNICATION:Expert Role | CONSTRAINT:Quality Standard | CONSTRAINT:Scope Boundary | CONTEXT:Repository Context | EVALUATION:Execution Check | EXAMPLE:Output Template | OUTPUT:Control Signal | OUTPUT:Repository Change | PROCESS:Decision Branch | PROCESS:Required Sequence | RESOURCE:Development Toolchain | RESOURCE:GitHub Interface | RESOURCE:Local Workspace | TASK:Artifact Change | TASK:Executable Validation,COMMUNICATION:Expert Role | CONSTRAINT:Quality Standard | CONSTRAINT:Scope Boundary | CONTEXT:Domain Context | CONTEXT:Execution Environment | CONTEXT:Repository Context | EVALUATION:Execution Check | EXAMPLE:Output Template | EXAMPLE:Technical Snippet | OUTPUT:Repository Change | PROCESS:Decision Branch | PROCESS:Required Sequence | PROCESS:Within-Run Iteration | RESOURCE:Development Toolchain | RESOURCE:GitHub Interface | RESOURCE:Local Workspace | TASK:Artifact Change | TASK:Evidence Investigation | TASK:Executable Validation
rq3_207,13,1,2,COMMUNICATION:Automation Disclosure | CONSTRAINT:Evidence Grounding | CONSTRAINT:Scope Boundary | CONTEXT:Repository Context | EVALUATION:Evidence Credibility | EXAMPLE:Output Template | OUTPUT:Existing Thread Response | OUTPUT:New Thread | PROCESS:Decision Branch | PROCESS:Required Sequence | PROCESS:Within-Run Iteration | RESOURCE:GitHub Interface | RESOURCE:Local Workspace | RESOURCE:Web Retrieval | TASK:Evidence Investigation,CONSTRAINT:Evidence Grounding | CONSTRAINT:Quality Standard | CONSTRAINT:Scope Boundary | CONTEXT:Repository Context | EVALUATION:Evidence Credibility | OUTPUT:Existing Thread Response | OUTPUT:New Thread | PROCESS:Decision Branch | PROCESS:Required Sequence | PROCESS:Within-Run Iteration | RESOURCE:GitHub Interface | RESOURCE:Local Workspace | RESOURCE:Web Retrieval | TASK:Evidence Investigation
rq3_208,10,8,5,COMMUNICATION:Expert Role | CONSTRAINT:Quality Standard | CONTEXT:Repository Context | EVALUATION:Risk Assessment | EVALUATION:Rule Conformance | EXAMPLE:Output Template | EXAMPLE:Technical Snippet | OUTPUT:New Thread | OUTPUT:Standalone Artifact | PROCESS:Required Sequence | RESOURCE:Development Toolchain | SAFETY:Prompt Injection Defense | SAFETY:Vulnerability Handling | TASK:Evidence Investigation | TASK:Executable Validation,COMMUNICATION:Expert Role | CONSTRAINT:Quality Standard | CONTEXT:Domain Context | CONTEXT:Historical Context | CONTEXT:Repository Context | EXAMPLE:Output Template | EXAMPLE:Technical Snippet | OUTPUT:New Thread | PROCESS:Cross-Run Memory | PROCESS:Required Sequence | RESOURCE:Development Toolchain | RESOURCE:GitHub Interface | RESOURCE:Local Workspace | SAFETY:Information Confidentiality | TASK:Artifact Change | TASK:Evidence Investigation | TASK:Executable Validation | TASK:Work Item Management
rq3_209,16,1,7,COMMUNICATION:Automation Disclosure | COMMUNICATION:Expert Role | CONSTRAINT:Evidence Grounding | CONSTRAINT:Quality Standard | CONSTRAINT:Resource Budget | CONSTRAINT:Scope Boundary | CONTEXT:Domain Context | CONTEXT:Execution Environment | CONTEXT:Repository Context | EVALUATION:Evidence Credibility | EVALUATION:Rule Conformance | EXAMPLE:Output Template | EXAMPLE:Technical Snippet | OUTPUT:New Thread | PROCESS:Cross-Run Memory | PROCESS:Decision Branch | PROCESS:Required Sequence | PROCESS:Within-Run Iteration | RESOURCE:GitHub Interface | RESOURCE:Local Workspace | SAFETY:Information Confidentiality | SAFETY:Prompt Injection Defense | TASK:Evidence Investigation,COMMUNICATION:Expert Role | CONSTRAINT:Quality Standard | CONSTRAINT:Resource Budget | CONTEXT:Domain Context | CONTEXT:Historical Context | CONTEXT:Repository Context | EXAMPLE:Output Template | EXAMPLE:Technical Snippet | OUTPUT:New Thread | PROCESS:Cross-Run Memory | PROCESS:Decision Branch | PROCESS:Required Sequence | PROCESS:Within-Run Iteration | RESOURCE:GitHub Interface | RESOURCE:Local Workspace | SAFETY:Information Confidentiality | TASK:Evidence Investigation
rq3_211,10,3,3,COMMUNICATION:Expert Role | CONSTRAINT:Evidence Grounding | CONSTRAINT:Quality Standard | CONSTRAINT:Resource Budget | CONTEXT:Domain Context | EXAMPLE:Output Template | EXAMPLE:Technical Snippet | OUTPUT:New Thread | PROCESS:Cross-Run Memory | PROCESS:Required Sequence | RESOURCE:GitHub Interface | RESOURCE:Local Workspace | TASK:Evidence Investigation,COMMUNICATION:Expert Role | CONSTRAINT:Quality Standard | EXAMPLE:Output Template | EXAMPLE:Technical Snippet | OUTPUT:New Thread | PROCESS:Cross-Run Memory | PROCESS:Decision Branch | PROCESS:Required Sequence | PROCESS:Within-Run Iteration | RESOURCE:GitHub Interface | RESOURCE:Local Workspace | TASK:Evidence Investigation | TASK:Work Item Management
rq3_212,14,0,1,CONSTRAINT:Evidence Grounding | CONSTRAINT:Quality Standard | CONSTRAINT:Scope Boundary | CONTEXT:Domain Context | CONTEXT:Repository Context | EVALUATION:Rule Conformance | EXAMPLE:Output Template | OUTPUT:Control Signal | OUTPUT:New Thread | PROCESS:Decision Branch | PROCESS:Required Sequence | PROCESS:Within-Run Iteration | RESOURCE:Local Workspace | RESOURCE:Web Retrieval | TASK:Evidence Investigation,CONSTRAINT:Evidence Grounding | CONSTRAINT:Quality Standard | CONSTRAINT:Scope Boundary | CONTEXT:Domain Context | CONTEXT:Repository Context | EVALUATION:Rule Conformance | OUTPUT:Control Signal | OUTPUT:New Thread | PROCESS:Decision Branch | PROCESS:Required Sequence | PROCESS:Within-Run Iteration | RESOURCE:Local Workspace | RESOURCE:Web Retrieval | TASK:Evidence Investigation
rq3_213,13,5,2,COMMUNICATION:Expert Role | CONSTRAINT:Quality Standard | CONSTRAINT:Scope Boundary | CONTEXT:Domain Context | CONTEXT:Execution Environment | EVALUATION:Rule Conformance | EXAMPLE:Output Template | EXAMPLE:Technical Snippet | OUTPUT:Control Signal | OUTPUT:New Thread | PROCESS:Decision Branch | PROCESS:Required Sequence | RESOURCE:GitHub Interface | RESOURCE:Local Workspace | TASK:Evidence Investigation,CONSTRAINT:Quality Standard | CONSTRAINT:Scope Boundary | CONTEXT:Domain Context | CONTEXT:Execution Environment | CONTEXT:Historical Context | CONTEXT:Repository Context | EVALUATION:Rule Conformance | EXAMPLE:Output Template | EXAMPLE:Technical Snippet | OUTPUT:New Thread | PROCESS:Decision Branch | PROCESS:Required Sequence | RESOURCE:Development Toolchain | RESOURCE:GitHub Interface | RESOURCE:Local Workspace | TASK:Artifact Review | TASK:Evidence Investigation | TASK:Executable Validation
rq3_214,6,3,3,CONSTRAINT:Scope Boundary | CONTEXT:Execution Environment | CONTEXT:Repository Context | EVALUATION:Execution Check | EXAMPLE:Output Template | OUTPUT:Control Signal | RESOURCE:GitHub Interface | SAFETY:Execution Isolation | TASK:Executable Validation,CONSTRAINT:Scope Boundary | CONTEXT:Repository Context | EVALUATION:Execution Check | EXAMPLE:Technical Snippet | OUTPUT:Control Signal | PROCESS:Required Sequence | RESOURCE:GitHub Interface | TASK:Evidence Investigation | TASK:Executable Validation
rq3_215,8,4,1,CONSTRAINT:Evidence Grounding | CONSTRAINT:Scope Boundary | CONTEXT:Repository Context | EVALUATION:Execution Check | OUTPUT:Repository Change | PROCESS:Decision Branch | PROCESS:Required Sequence | TASK:Artifact Change | TASK:Executable Validation,CONSTRAINT:Quality Standard | CONSTRAINT:Scope Boundary | CONTEXT:Repository Context | EVALUATION:Execution Check | EXAMPLE:Technical Snippet | OUTPUT:Repository Change | PROCESS:Decision Branch | PROCESS:Required Sequence | RESOURCE:Development Toolchain | TASK:Artifact Change | TASK:Evidence Investigation | TASK:Executable Validation
rq3_216,9,3,7,COMMUNICATION:Expert Role | CONSTRAINT:Scope Boundary | CONTEXT:Domain Context | CONTEXT:Execution Environment | EVALUATION:Rule Conformance | OUTPUT:New Thread | PROCESS:Decision Branch | PROCESS:Required Sequence | PROCESS:Within-Run Iteration | RESOURCE:Development Toolchain | RESOURCE:GitHub Interface | RESOURCE:Local Workspace | RESOURCE:Web Retrieval | SAFETY:Execution Isolation | TASK:Artifact Review | TASK:Executable Validation,CONSTRAINT:Scope Boundary | CONTEXT:Domain Context | CONTEXT:Execution Environment | CONTEXT:Repository Context | OUTPUT:New Thread | PROCESS:Required Sequence | RESOURCE:GitHub Interface | RESOURCE:Local Workspace | RESOURCE:Web Retrieval | TASK:Artifact Change | TASK:Artifact Review | TASK:Evidence Investigation
rq3_217,5,1,8,CONSTRAINT:Quality Standard | CONTEXT:Domain Context | CONTEXT:Historical Context | CONTEXT:Repository Context | EVALUATION:Evidence Credibility | EVALUATION:Execution Check | EVALUATION:Rule Conformance | OUTPUT:Standalone Artifact | PROCESS:Cross-Run Memory | PROCESS:Required Sequence | RESOURCE:Agent Resource | TASK:Artifact Change | TASK:Artifact Review,CONTEXT:Domain Context | CONTEXT:Repository Context | OUTPUT:Standalone Artifact | PROCESS:Required Sequence | RESOURCE:Local Workspace | TASK:Artifact Change
rq3_218,12,2,8,COMMUNICATION:Audience Voice | CONSTRAINT:Resource Budget | CONSTRAINT:Scope Boundary | CONTEXT:Repository Context | EVALUATION:Risk Assessment | EXAMPLE:Output Template | EXAMPLE:Technical Snippet | OUTPUT:Control Signal | OUTPUT:New Thread | OUTPUT:Standalone Artifact | PROCESS:Cross-Run Memory | PROCESS:Decision Branch | PROCESS:Required Sequence | PROCESS:Within-Run Iteration | PROCESS:Work Delegation | RESOURCE:Agent Resource | RESOURCE:GitHub Interface | SAFETY:Vulnerability Handling | TASK:Evidence Investigation | TASK:Work Item Management,CONSTRAINT:Resource Budget | CONTEXT:Domain Context | CONTEXT:Repository Context | EXAMPLE:Technical Snippet | OUTPUT:New Thread | OUTPUT:Standalone Artifact | PROCESS:Cross-Run Memory | PROCESS:Required Sequence | PROCESS:Within-Run Iteration | PROCESS:Work Delegation | RESOURCE:GitHub Interface | TASK:Artifact Change | TASK:Evidence Investigation | TASK:Work Item Management
rq3_219,15,1,8,COMMUNICATION:Audience Voice | COMMUNICATION:Expert Role | CONSTRAINT:Quality Standard | CONSTRAINT:Resource Budget | CONSTRAINT:Scope Boundary | CONTEXT:Domain Context | CONTEXT:Execution Environment | CONTEXT:Repository Context | EVALUATION:Risk Assessment | EVALUATION:Rule Conformance | EXAMPLE:Output Template | EXAMPLE:Technical Snippet | EXAMPLE:Worked Case | OUTPUT:Control Signal | OUTPUT:Repository Change | PROCESS:Cross-Run Memory | PROCESS:Decision Branch | PROCESS:Required Sequence | PROCESS:Work Delegation | RESOURCE:Agent Resource | RESOURCE:GitHub Interface | RESOURCE:Local Workspace | TASK:Artifact Change,COMMUNICATION:Expert Role | CONSTRAINT:Quality Standard | CONSTRAINT:Scope Boundary | CONTEXT:Domain Context | CONTEXT:Repository Context | EXAMPLE:Technical Snippet | OUTPUT:Control Signal | OUTPUT:Repository Change | PROCESS:Decision Branch | PROCESS:Required Sequence | PROCESS:Work Delegation | RESOURCE:Agent Resource | RESOURCE:GitHub Interface | RESOURCE:Local Workspace | TASK:Artifact Change | TASK:Evidence Investigation
rq3_220,6,3,4,CONSTRAINT:Scope Boundary | EVALUATION:Rule Conformance | OUTPUT:Control Signal | OUTPUT:New Thread | PROCESS:Cross-Run Memory | PROCESS:Decision Branch | PROCESS:Required Sequence | RESOURCE:GitHub Interface | RESOURCE:Local Workspace | TASK:Work Item Management,OUTPUT:Control Signal | OUTPUT:Repository Change | PROCESS:Decision Branch | PROCESS:Required Sequence | RESOURCE:GitHub Interface | RESOURCE:Local Workspace | TASK:Artifact Change | TASK:Evidence Investigation | TASK:Work Item Management
rq3_221,17,4,3,COMMUNICATION:Expert Role | CONSTRAINT:Resource Budget | CONSTRAINT:Scope Boundary | CONTEXT:Execution Environment | CONTEXT:Repository Context | EVALUATION:Rule Conformance | EXAMPLE:Output Template | EXAMPLE:Technical Snippet | OUTPUT:Control Signal | OUTPUT:Existing Thread Response | OUTPUT:New Thread | PROCESS:Decision Branch | PROCESS:Required Sequence | PROCESS:Within-Run Iteration | PROCESS:Work Delegation | RESOURCE:GitHub Interface | SAFETY:Information Confidentiality | SAFETY:Prompt Injection Defense | TASK:Evidence Investigation | TASK:Work Item Management,CONSTRAINT:Resource Budget | CONSTRAINT:Scope Boundary | CONTEXT:Domain Context | CONTEXT:Execution Environment | CONTEXT:Repository Context | EVALUATION:Rule Conformance | EXAMPLE:Output Template | EXAMPLE:Technical Snippet | OUTPUT:Existing Thread Response | OUTPUT:New Thread | OUTPUT:Repository Change | PROCESS:Decision Branch | PROCESS:Required Sequence | PROCESS:Within-Run Iteration | PROCESS:Work Delegation | RESOURCE:GitHub Interface | SAFETY:Information Confidentiality | TASK:Artifact Change | TASK:Artifact Review | TASK:Evidence Investigation | TASK:Work Item Management
rq3_222,10,2,4,COMMUNICATION:Automation Disclosure | CONSTRAINT:Scope Boundary | CONTEXT:Domain Context | CONTEXT:Repository Context | EVALUATION:Evidence Credibility | EVALUATION:Rule Conformance | EXAMPLE:Worked Case | OUTPUT:Control Signal | OUTPUT:Existing Thread Response | PROCESS:Decision Branch | PROCESS:Required Sequence | PROCESS:Work Delegation | RESOURCE:GitHub Interface | TASK:Evidence Investigation,CONSTRAINT:Scope Boundary | CONTEXT:Domain Context | CONTEXT:Repository Context | EVALUATION:Rule Conformance | OUTPUT:Existing Thread Response | PROCESS:Decision Branch | PROCESS:Required Sequence | PROCESS:Work Delegation | RESOURCE:GitHub Interface | TASK:Artifact Review | TASK:Evidence Investigation | TASK:Work Item Management
rq3_223,7,3,5,CONSTRAINT:Evidence Grounding | CONSTRAINT:Quality Standard | CONSTRAINT:Scope Boundary | CONTEXT:Execution Environment | CONTEXT:Repository Context | EVALUATION:Evidence Credibility | OUTPUT:Existing Thread Response | PROCESS:Decision Branch | PROCESS:Required Sequence | RESOURCE:Agent Resource | RESOURCE:Local Workspace | TASK:Artifact Review,CONSTRAINT:Scope Boundary | CONTEXT:Repository Context | OUTPUT:Existing Thread Response | PROCESS:Decision Branch | PROCESS:Required Sequence | PROCESS:Within-Run Iteration | PROCESS:Work Delegation | RESOURCE:GitHub Interface | RESOURCE:Local Workspace | TASK:Artifact Review
rq3_224,8,1,9,CONSTRAINT:Resource Budget | CONSTRAINT:Scope Boundary | CONTEXT:Domain Context | CONTEXT:Execution Environment | EVALUATION:Execution Check | EVALUATION:Rule Conformance | OUTPUT:Repository Change | OUTPUT:Standalone Artifact | PROCESS:Cross-Run Memory | PROCESS:Decision Branch | PROCESS:Required Sequence | PROCESS:Within-Run Iteration | RESOURCE:Development Toolchain | RESOURCE:Local Workspace | RESOURCE:Web Retrieval | TASK:Artifact Change | TASK:Executable Validation,CONSTRAINT:Resource Budget | CONTEXT:Domain Context | EXAMPLE:Technical Snippet | OUTPUT:Repository Change | PROCESS:Decision Branch | PROCESS:Required Sequence | PROCESS:Within-Run Iteration | RESOURCE:Local Workspace | TASK:Artifact Change
rq3_225,8,3,6,COMMUNICATION:Audience Voice | CONSTRAINT:Quality Standard | CONSTRAINT:Scope Boundary | EVALUATION:Rule Conformance | EXAMPLE:Output Template | OUTPUT:Control Signal | OUTPUT:Repository Change | PROCESS:Decision Branch | PROCESS:Required Sequence | RESOURCE:GitHub Interface | RESOURCE:Local Workspace | RESOURCE:Web Retrieval | TASK:Artifact Change | TASK:Evidence Investigation,COMMUNICATION:Audience Voice | CONSTRAINT:Scope Boundary | CONTEXT:Domain Context | CONTEXT:Repository Context | EXAMPLE:Technical Snippet | OUTPUT:Control Signal | OUTPUT:Repository Change | PROCESS:Decision Branch | PROCESS:Required Sequence | RESOURCE:Web Retrieval | TASK:Artifact Change
rq3_227,11,3,2,COMMUNICATION:Expert Role | CONSTRAINT:Quality Standard | CONSTRAINT:Resource Budget | CONSTRAINT:Scope Boundary | CONTEXT:Repository Context | EVALUATION:Rule Conformance | EXAMPLE:Output Template | EXAMPLE:Technical Snippet | OUTPUT:Existing Thread Response | PROCESS:Required Sequence | RESOURCE:Agent Resource | RESOURCE:GitHub Interface | TASK:Evidence Investigation,COMMUNICATION:Expert Role | CONSTRAINT:Quality Standard | CONSTRAINT:Scope Boundary | CONTEXT:Execution Environment | CONTEXT:Repository Context | EVALUATION:Rule Conformance | EXAMPLE:Technical Snippet | OUTPUT:Existing Thread Response | PROCESS:Required Sequence | RESOURCE:Agent Resource | RESOURCE:GitHub Interface | SAFETY:Prompt Injection Defense | TASK:Evidence Investigation | TASK:Executable Validation
rq3_228,9,3,4,COMMUNICATION:Audience Voice | CONSTRAINT:Quality Standard | CONSTRAINT:Scope Boundary | CONTEXT:Repository Context | EVALUATION:Rule Conformance | EXAMPLE:Output Template | OUTPUT:Control Signal | OUTPUT:Repository Change | PROCESS:Decision Branch | PROCESS:Required Sequence | PROCESS:Within-Run Iteration | RESOURCE:Local Workspace | TASK:Artifact Change,CONSTRAINT:Quality Standard | CONSTRAINT:Scope Boundary | CONTEXT:Domain Context | CONTEXT:Repository Context | EXAMPLE:Technical Snippet | OUTPUT:Control Signal | OUTPUT:Repository Change | PROCESS:Decision Branch | PROCESS:Required Sequence | RESOURCE:Local Workspace | TASK:Artifact Change | TASK:Evidence Investigation
rq3_229,10,3,8,COMMUNICATION:Audience Voice | CONSTRAINT:Evidence Grounding | CONSTRAINT:Quality Standard | CONSTRAINT:Resource Budget | CONSTRAINT:Scope Boundary | CONTEXT:Domain Context | CONTEXT:Repository Context | EVALUATION:Rule Conformance | OUTPUT:Control Signal | OUTPUT:Existing Thread Response | PROCESS:Decision Branch | PROCESS:Required Sequence | PROCESS:Work Delegation | RESOURCE:Agent Resource | RESOURCE:Local Workspace | SAFETY:Information Confidentiality | TASK:Evidence Investigation | TASK:Work Item Management,COMMUNICATION:Expert Role | CONSTRAINT:Resource Budget | CONSTRAINT:Scope Boundary | CONTEXT:Domain Context | CONTEXT:Repository Context | OUTPUT:Existing Thread Response | OUTPUT:Repository Change | PROCESS:Decision Branch | PROCESS:Required Sequence | PROCESS:Work Delegation | SAFETY:Information Confidentiality | TASK:Artifact Review | TASK:Work Item Management
rq3_230,1,1,3,CONSTRAINT:Scope Boundary | CONTEXT:Repository Context | PROCESS:Decision Branch | TASK:Artifact Review,CONSTRAINT:Scope Boundary | CONTEXT:Domain Context
rq3_231,6,10,2,COMMUNICATION:Expert Role | CONSTRAINT:Scope Boundary | CONTEXT:Repository Context | EVALUATION:Rule Conformance | EXAMPLE:Output Template | OUTPUT:New Thread | RESOURCE:Agent Resource | TASK:Artifact Review,COMMUNICATION:Expert Role | CONSTRAINT:Quality Standard | CONSTRAINT:Scope Boundary | CONTEXT:Domain Context | CONTEXT:Execution Environment | CONTEXT:Historical Context | CONTEXT:Repository Context | EVALUATION:Rule Conformance | OUTPUT:New Thread | PROCESS:Cross-Run Memory | PROCESS:Decision Branch | PROCESS:Required Sequence | RESOURCE:Local Workspace | TASK:Artifact Change | TASK:Artifact Review | TASK:Evidence Investigation
rq3_232,7,2,4,COMMUNICATION:Audience Voice | CONSTRAINT:Evidence Grounding | CONSTRAINT:Quality Standard | CONTEXT:Domain Context | CONTEXT:Repository Context | OUTPUT:Repository Change | PROCESS:Decision Branch | PROCESS:Required Sequence | PROCESS:Within-Run Iteration | RESOURCE:GitHub Interface | TASK:Artifact Change,COMMUNICATION:Audience Voice | COMMUNICATION:Expert Role | CONSTRAINT:Quality Standard | CONTEXT:Domain Context | CONTEXT:Repository Context | OUTPUT:Repository Change | PROCESS:Required Sequence | TASK:Artifact Change | TASK:Evidence Investigation
rq3_233,11,4,3,CONSTRAINT:Quality Standard | CONSTRAINT:Resource Budget | EVALUATION:Execution Check | OUTPUT:Control Signal | OUTPUT:Existing Thread Response | OUTPUT:New Thread | OUTPUT:Standalone Artifact | PROCESS:Decision Branch | PROCESS:Required Sequence | RESOURCE:Development Toolchain | RESOURCE:GitHub Interface | RESOURCE:Local Workspace | RESOURCE:Web Retrieval | TASK:Executable Validation,CONSTRAINT:Quality Standard | CONSTRAINT:Scope Boundary | CONTEXT:Repository Context | EVALUATION:Execution Check | EVALUATION:Rule Conformance | OUTPUT:Control Signal | OUTPUT:Existing Thread Response | OUTPUT:New Thread | PROCESS:Decision Branch | RESOURCE:Development Toolchain | RESOURCE:GitHub Interface | RESOURCE:Local Workspace | RESOURCE:Web Retrieval | TASK:Evidence Investigation | TASK:Executable Validation
rq3_234,13,2,5,CONSTRAINT:Evidence Grounding | CONSTRAINT:Quality Standard | CONSTRAINT:Scope Boundary | CONTEXT:Execution Environment | CONTEXT:Repository Context | EVALUATION:Evidence Credibility | EVALUATION:Risk Assessment | EVALUATION:Rule Conformance | EXAMPLE:Output Template | EXAMPLE:Worked Case | OUTPUT:Control Signal | OUTPUT:Standalone Artifact | PROCESS:Decision Branch | PROCESS:Required Sequence | RESOURCE:GitHub Interface | RESOURCE:Local Workspace | TASK:Artifact Change | TASK:Evidence Investigation,CONSTRAINT:Evidence Grounding | CONSTRAINT:Quality Standard | CONSTRAINT:Scope Boundary | CONTEXT:Domain Context | CONTEXT:Execution Environment | CONTEXT:Repository Context | EXAMPLE:Output Template | EXAMPLE:Technical Snippet | OUTPUT:Control Signal | OUTPUT:Standalone Artifact | PROCESS:Decision Branch | PROCESS:Required Sequence | RESOURCE:GitHub Interface | RESOURCE:Local Workspace | TASK:Evidence Investigation
rq3_235,11,2,4,COMMUNICATION:Automation Disclosure | COMMUNICATION:Expert Role | CONSTRAINT:Quality Standard | CONSTRAINT:Scope Boundary | CONTEXT:Domain Context | CONTEXT:Execution Environment | CONTEXT:Repository Context | EVALUATION:Risk Assessment | EXAMPLE:Output Template | OUTPUT:New Thread | OUTPUT:Standalone Artifact | PROCESS:Decision Branch | PROCESS:Required Sequence | RESOURCE:Local Workspace | TASK:Evidence Investigation,COMMUNICATION:Expert Role | CONSTRAINT:Quality Standard | CONSTRAINT:Scope Boundary | CONTEXT:Domain Context | CONTEXT:Execution Environment | EXAMPLE:Output Template | EXAMPLE:Technical Snippet | OUTPUT:New Thread | PROCESS:Decision Branch | PROCESS:Required Sequence | RESOURCE:Development Toolchain | RESOURCE:Local Workspace | TASK:Evidence Investigation
rq3_236,12,4,1,CONSTRAINT:Quality Standard | CONSTRAINT:Scope Boundary | CONTEXT:Domain Context | EVALUATION:Rule Conformance | EXAMPLE:Technical Snippet | OUTPUT:Repository Change | PROCESS:Decision Branch | PROCESS:Required Sequence | RESOURCE:Development Toolchain | RESOURCE:Local Workspace | RESOURCE:Web Retrieval | TASK:Artifact Change | TASK:Evidence Investigation,CONSTRAINT:Evidence Grounding | CONSTRAINT:Quality Standard | CONSTRAINT:Scope Boundary | CONTEXT:Domain Context | CONTEXT:Repository Context | EXAMPLE:Technical Snippet | OUTPUT:Repository Change | PROCESS:Decision Branch | PROCESS:Required Sequence | RESOURCE:Development Toolchain | RESOURCE:Local Workspace | RESOURCE:Web Retrieval | TASK:Artifact Change | TASK:Evidence Investigation | TASK:Executable Validation | TASK:Work Item Management
rq3_237,8,1,7,COMMUNICATION:Automation Disclosure | CONSTRAINT:Resource Budget | CONTEXT:Domain Context | CONTEXT:Repository Context | EVALUATION:Execution Check | EVALUATION:Rule Conformance | EXAMPLE:Output Template | OUTPUT:Control Signal | OUTPUT:New Thread | PROCESS:Decision Branch | PROCESS:Required Sequence | PROCESS:Within-Run Iteration | RESOURCE:Development Toolchain | RESOURCE:Web Retrieval | TASK:Executable Validation,CONSTRAINT:Resource Budget | EVALUATION:Execution Check | OUTPUT:Control Signal | OUTPUT:New Thread | PROCESS:Decision Branch | PROCESS:Required Sequence | RESOURCE:Development Toolchain | TASK:Evidence Investigation | TASK:Executable Validation
rq3_238,13,4,5,COMMUNICATION:Audience Voice | CONSTRAINT:Evidence Grounding | CONSTRAINT:Quality Standard | CONSTRAINT:Scope Boundary | CONTEXT:Domain Context | CONTEXT:Historical Context | EVALUATION:Risk Assessment | EVALUATION:Rule Conformance | OUTPUT:Control Signal | OUTPUT:Existing Thread Response | PROCESS:Decision Branch | PROCESS:Required Sequence | RESOURCE:GitHub Interface | RESOURCE:Local Workspace | SAFETY:Information Confidentiality | SAFETY:Prompt Injection Defense | TASK:Evidence Investigation | TASK:Work Item Management,COMMUNICATION:Audience Voice | CONSTRAINT:Evidence Grounding | CONSTRAINT:Quality Standard | CONSTRAINT:Scope Boundary | CONTEXT:Domain Context | CONTEXT:Historical Context | CONTEXT:Repository Context | EVALUATION:Evidence Credibility | EVALUATION:Risk Assessment | EVALUATION:Rule Conformance | OUTPUT:Existing Thread Response | PROCESS:Cross-Run Memory | PROCESS:Decision Branch | PROCESS:Required Sequence | TASK:Artifact Review | TASK:Evidence Investigation | TASK:Work Item Management
rq3_239,15,2,5,COMMUNICATION:Automation Disclosure | COMMUNICATION:Expert Role | CONSTRAINT:Scope Boundary | CONTEXT:Domain Context | CONTEXT:Repository Context | EVALUATION:Risk Assessment | EVALUATION:Rule Conformance | EXAMPLE:Output Template | EXAMPLE:Technical Snippet | OUTPUT:Control Signal | OUTPUT:New Thread | PROCESS:Cross-Run Memory | PROCESS:Decision Branch | PROCESS:Required Sequence | PROCESS:Within-Run Iteration | RESOURCE:Development Toolchain | RESOURCE:Local Workspace | TASK:Artifact Review | TASK:Evidence Investigation | TASK:Executable Validation,COMMUNICATION:Expert Role | CONSTRAINT:Scope Boundary | CONTEXT:Domain Context | CONTEXT:Historical Context | CONTEXT:Repository Context | EXAMPLE:Output Template | EXAMPLE:Technical Snippet | OUTPUT:Control Signal | OUTPUT:New Thread | PROCESS:Cross-Run Memory | PROCESS:Decision Branch | PROCESS:Required Sequence | PROCESS:Within-Run Iteration | RESOURCE:Development Toolchain | RESOURCE:GitHub Interface | RESOURCE:Local Workspace | TASK:Evidence Investigation
rq3_240,9,7,2,COMMUNICATION:Automation Disclosure | CONSTRAINT:Evidence Grounding | CONSTRAINT:Scope Boundary | CONTEXT:Execution Environment | EVALUATION:Rule Conformance | EXAMPLE:Output Template | OUTPUT:Existing Thread Response | PROCESS:Decision Branch | PROCESS:Required Sequence | SAFETY:Prompt Injection Defense | TASK:Artifact Review,CONSTRAINT:Evidence Grounding | CONSTRAINT:Scope Boundary | CONTEXT:Domain Context | CONTEXT:Execution Environment | CONTEXT:Repository Context | EVALUATION:Rule Conformance | EXAMPLE:Output Template | OUTPUT:Control Signal | OUTPUT:Existing Thread Response | PROCESS:Decision Branch | PROCESS:Required Sequence | PROCESS:Within-Run Iteration | RESOURCE:GitHub Interface | RESOURCE:Local Workspace | TASK:Artifact Review | TASK:Evidence Investigation
rq3_241,8,6,3,CONSTRAINT:Quality Standard | CONTEXT:Execution Environment | EVALUATION:Execution Check | OUTPUT:Control Signal | OUTPUT:Existing Thread Response | PROCESS:Decision Branch | PROCESS:Required Sequence | RESOURCE:GitHub Interface | RESOURCE:Local Workspace | TASK:Executable Validation | TASK:Work Item Management,CONSTRAINT:Quality Standard | CONSTRAINT:Scope Boundary | CONTEXT:Domain Context | CONTEXT:Historical Context | CONTEXT:Repository Context | EVALUATION:Rule Conformance | OUTPUT:Control Signal | OUTPUT:Existing Thread Response | PROCESS:Decision Branch | PROCESS:Required Sequence | RESOURCE:GitHub Interface | RESOURCE:Local Workspace | TASK:Evidence Investigation | TASK:Executable Validation
rq3_242,11,7,4,COMMUNICATION:Expert Role | CONSTRAINT:Quality Standard | CONTEXT:Historical Context | CONTEXT:Repository Context | EVALUATION:Execution Check | EXAMPLE:Output Template | EXAMPLE:Technical Snippet | OUTPUT:Existing Thread Response | OUTPUT:New Thread | OUTPUT:Repository Change | PROCESS:Decision Branch | PROCESS:Required Sequence | RESOURCE:Agent Resource | SAFETY:Prompt Injection Defense | TASK:Artifact Change,COMMUNICATION:Expert Role | CONSTRAINT:Evidence Grounding | CONSTRAINT:Scope Boundary | CONTEXT:Domain Context | CONTEXT:Repository Context | EVALUATION:Execution Check | EVALUATION:Rule Conformance | EXAMPLE:Output Template | EXAMPLE:Technical Snippet | OUTPUT:Existing Thread Response | OUTPUT:Repository Change | PROCESS:Decision Branch | PROCESS:Required Sequence | RESOURCE:Agent Resource | TASK:Artifact Change | TASK:Evidence Investigation | TASK:Executable Validation | TASK:Work Item Management
rq3_243,6,5,4,CONSTRAINT:Quality Standard | CONSTRAINT:Scope Boundary | EVALUATION:Rule Conformance | EXAMPLE:Output Template | OUTPUT:Control Signal | OUTPUT:New Thread | PROCESS:Decision Branch | PROCESS:Work Delegation | RESOURCE:Local Workspace | TASK:Evidence Investigation,CONTEXT:Domain Context | EVALUATION:Rule Conformance | OUTPUT:New Thread | PROCESS:Decision Branch | PROCESS:Required Sequence | PROCESS:Within-Run Iteration | PROCESS:Work Delegation | RESOURCE:Agent Resource | RESOURCE:Local Workspace | TASK:Artifact Change | TASK:Evidence Investigation
rq3_244,5,5,6,COMMUNICATION:Expert Role | CONSTRAINT:Quality Standard | CONTEXT:Repository Context | EVALUATION:Rule Conformance | EXAMPLE:Output Template | OUTPUT:New Thread | PROCESS:Decision Branch | PROCESS:Required Sequence | RESOURCE:Agent Resource | RESOURCE:Local Workspace | TASK:Artifact Review,COMMUNICATION:Expert Role | CONTEXT:Domain Context | CONTEXT:Execution Environment | CONTEXT:Repository Context | EXAMPLE:Technical Snippet | OUTPUT:New Thread | PROCESS:Decision Branch | PROCESS:Required Sequence | RESOURCE:GitHub Interface | TASK:Evidence Investigation
rq3_245,11,4,3,CONSTRAINT:Evidence Grounding | CONSTRAINT:Scope Boundary | CONTEXT:Repository Context | EVALUATION:Execution Check | EVALUATION:Rule Conformance | EXAMPLE:Output Template | OUTPUT:Existing Thread Response | OUTPUT:Repository Change | PROCESS:Decision Branch | PROCESS:Required Sequence | PROCESS:Within-Run Iteration | RESOURCE:GitHub Interface | RESOURCE:Local Workspace | TASK:Artifact Change,COMMUNICATION:Expert Role | CONSTRAINT:Quality Standard | CONSTRAINT:Scope Boundary | CONTEXT:Domain Context | CONTEXT:Repository Context | EXAMPLE:Output Template | EXAMPLE:Technical Snippet | OUTPUT:Existing Thread Response | OUTPUT:Repository Change | PROCESS:Decision Branch | PROCESS:Required Sequence | PROCESS:Within-Run Iteration | RESOURCE:GitHub Interface | RESOURCE:Local Workspace | TASK:Artifact Change
rq3_246,12,3,4,COMMUNICATION:Automation Disclosure | COMMUNICATION:Expert Role | CONSTRAINT:Evidence Grounding | CONTEXT:Domain Context | CONTEXT:Repository Context | EVALUATION:Risk Assessment | EVALUATION:Rule Conformance | EXAMPLE:Output Template | EXAMPLE:Technical Snippet | OUTPUT:Control Signal | OUTPUT:New Thread | PROCESS:Decision Branch | PROCESS:Required Sequence | PROCESS:Within-Run Iteration | RESOURCE:Local Workspace | TASK:Artifact Review,COMMUNICATION:Expert Role | CONSTRAINT:Scope Boundary | CONTEXT:Domain Context | CONTEXT:Repository Context | EVALUATION:Rule Conformance | EXAMPLE:Output Template | EXAMPLE:Technical Snippet | OUTPUT:Control Signal | OUTPUT:New Thread | PROCESS:Decision Branch | PROCESS:Required Sequence | PROCESS:Within-Run Iteration | RESOURCE:GitHub Interface | TASK:Artifact Review | TASK:Evidence Investigation
rq3_247,6,3,4,CONSTRAINT:Quality Standard | CONTEXT:Execution Environment | EVALUATION:Execution Check | EXAMPLE:Output Template | OUTPUT:Control Signal | OUTPUT:Existing Thread Response | PROCESS:Decision Branch | PROCESS:Required Sequence | RESOURCE:Local Workspace | TASK:Work Item Management,CONTEXT:Execution Environment | OUTPUT:Existing Thread Response | OUTPUT:Repository Change | PROCESS:Decision Branch | PROCESS:Required Sequence | RESOURCE:GitHub Interface | RESOURCE:Local Workspace | TASK:Evidence Investigation | TASK:Work Item Management
rq3_248,10,2,7,COMMUNICATION:Audience Voice | COMMUNICATION:Automation Disclosure | CONSTRAINT:Quality Standard | CONSTRAINT:Resource Budget | CONTEXT:Execution Environment | CONTEXT:Repository Context | EVALUATION:Risk Assessment | EVALUATION:Rule Conformance | EXAMPLE:Output Template | OUTPUT:Control Signal | OUTPUT:Existing Thread Response | PROCESS:Cross-Run Memory | PROCESS:Decision Branch | PROCESS:Required Sequence | RESOURCE:GitHub Interface | RESOURCE:Local Workspace | TASK:Evidence Investigation,COMMUNICATION:Automation Disclosure | CONTEXT:Domain Context | CONTEXT:Historical Context | CONTEXT:Repository Context | EVALUATION:Rule Conformance | OUTPUT:Control Signal | OUTPUT:Existing Thread Response | PROCESS:Decision Branch | PROCESS:Required Sequence | RESOURCE:GitHub Interface | RESOURCE:Local Workspace | TASK:Evidence Investigation
rq3_249,7,4,3,CONSTRAINT:Resource Budget | EVALUATION:Execution Check | EVALUATION:Rule Conformance | EXAMPLE:Output Template | OUTPUT:Existing Thread Response | OUTPUT:Repository Change | PROCESS:Required Sequence | RESOURCE:Local Workspace | TASK:Artifact Change | TASK:Executable Validation,CONSTRAINT:Scope Boundary | CONTEXT:Domain Context | CONTEXT:Repository Context | EVALUATION:Execution Check | EXAMPLE:Technical Snippet | OUTPUT:Existing Thread Response | OUTPUT:Repository Change | PROCESS:Required Sequence | RESOURCE:Local Workspace | TASK:Artifact Change | TASK:Executable Validation
rq3_251,10,2,7,CONSTRAINT:Evidence Grounding | CONSTRAINT:Quality Standard | CONSTRAINT:Scope Boundary | CONTEXT:Repository Context | EVALUATION:Risk Assessment | EVALUATION:Rule Conformance | EXAMPLE:Output Template | OUTPUT:Control Signal | OUTPUT:Existing Thread Response | PROCESS:Cross-Run Memory | PROCESS:Decision Branch | PROCESS:Required Sequence | RESOURCE:Agent Resource | RESOURCE:GitHub Interface | RESOURCE:Local Workspace | TASK:Artifact Review | TASK:Work Item Management,CONSTRAINT:Scope Boundary | CONTEXT:Domain Context | CONTEXT:Historical Context | CONTEXT:Repository Context | EVALUATION:Rule Conformance | OUTPUT:Existing Thread Response | PROCESS:Cross-Run Memory | PROCESS:Decision Branch | PROCESS:Required Sequence | RESOURCE:GitHub Interface | TASK:Artifact Review | TASK:Work Item Management
rq3_252,4,4,1,EXAMPLE:Output Template | OUTPUT:Existing Thread Response | PROCESS:Decision Branch | PROCESS:Required Sequence | RESOURCE:GitHub Interface,CONTEXT:Domain Context | CONTEXT:Repository Context | EXAMPLE:Technical Snippet | OUTPUT:Existing Thread Response | PROCESS:Decision Branch | PROCESS:Required Sequence | RESOURCE:GitHub Interface | TASK:Evidence Investigation
rq3_253,8,3,3,COMMUNICATION:Expert Role | CONSTRAINT:Quality Standard | CONSTRAINT:Scope Boundary | CONTEXT:Repository Context | EVALUATION:Risk Assessment | EXAMPLE:Output Template | OUTPUT:New Thread | PROCESS:Decision Branch | PROCESS:Required Sequence | RESOURCE:GitHub Interface | TASK:Evidence Investigation,COMMUNICATION:Expert Role | CONSTRAINT:Scope Boundary | CONTEXT:Domain Context | CONTEXT:Repository Context | EXAMPLE:Output Template | EXAMPLE:Technical Snippet | OUTPUT:New Thread | PROCESS:Required Sequence | RESOURCE:GitHub Interface | TASK:Artifact Change | TASK:Evidence Investigation
rq3_254,13,1,7,COMMUNICATION:Expert Role | CONSTRAINT:Evidence Grounding | CONSTRAINT:Quality Standard | CONSTRAINT:Scope Boundary | CONTEXT:Domain Context | CONTEXT:Execution Environment | CONTEXT:Repository Context | EVALUATION:Risk Assessment | EVALUATION:Rule Conformance | EXAMPLE:Output Template | EXAMPLE:Technical Snippet | EXAMPLE:Worked Case | OUTPUT:Control Signal | OUTPUT:New Thread | PROCESS:Decision Branch | PROCESS:Required Sequence | PROCESS:Within-Run Iteration | RESOURCE:Local Workspace | SAFETY:Execution Isolation | TASK:Artifact Review,COMMUNICATION:Expert Role | CONSTRAINT:Quality Standard | CONSTRAINT:Scope Boundary | CONTEXT:Domain Context | CONTEXT:Repository Context | EVALUATION:Rule Conformance | EXAMPLE:Output Template | OUTPUT:Control Signal | OUTPUT:New Thread | PROCESS:Decision Branch | PROCESS:Required Sequence | RESOURCE:Local Workspace | TASK:Artifact Review | TASK:Evidence Investigation
rq3_255,6,0,1,COMMUNICATION:Automation Disclosure | CONSTRAINT:Scope Boundary | OUTPUT:Repository Change | PROCESS:Decision Branch | PROCESS:Required Sequence | RESOURCE:Local Workspace | TASK:Artifact Change,CONSTRAINT:Scope Boundary | OUTPUT:Repository Change | PROCESS:Decision Branch | PROCESS:Required Sequence | RESOURCE:Local Workspace | TASK:Artifact Change
rq3_256,15,7,2,COMMUNICATION:Audience Voice | COMMUNICATION:Automation Disclosure | CONSTRAINT:Resource Budget | CONSTRAINT:Scope Boundary | CONTEXT:Repository Context | EVALUATION:Execution Check | EVALUATION:Rule Conformance | EXAMPLE:Output Template | OUTPUT:Existing Thread Response | OUTPUT:Repository Change | PROCESS:Cross-Run Memory | PROCESS:Decision Branch | PROCESS:Required Sequence | RESOURCE:Development Toolchain | RESOURCE:GitHub Interface | TASK:Artifact Change | TASK:Work Item Management,COMMUNICATION:Automation Disclosure | CONSTRAINT:Resource Budget | CONSTRAINT:Scope Boundary | CONTEXT:Domain Context | CONTEXT:Repository Context | EVALUATION:Execution Check | EVALUATION:Rule Conformance | EXAMPLE:Technical Snippet | OUTPUT:Control Signal | OUTPUT:Existing Thread Response | OUTPUT:Repository Change | PROCESS:Cross-Run Memory | PROCESS:Decision Branch | PROCESS:Required Sequence | PROCESS:Within-Run Iteration | RESOURCE:Development Toolchain | RESOURCE:GitHub Interface | TASK:Artifact Change | TASK:Artifact Review | TASK:Evidence Investigation | TASK:Executable Validation | TASK:Work Item Management
rq3_257,17,2,3,COMMUNICATION:Expert Role | CONSTRAINT:Evidence Grounding | CONSTRAINT:Quality Standard | CONSTRAINT:Scope Boundary | CONTEXT:Domain Context | CONTEXT:Execution Environment | CONTEXT:Historical Context | CONTEXT:Repository Context | EVALUATION:Risk Assessment | EVALUATION:Rule Conformance | EXAMPLE:Output Template | OUTPUT:Control Signal | OUTPUT:New Thread | PROCESS:Decision Branch | PROCESS:Required Sequence | PROCESS:Work Delegation | RESOURCE:Agent Resource | RESOURCE:GitHub Interface | RESOURCE:Local Workspace | TASK:Evidence Investigation,COMMUNICATION:Expert Role | CONSTRAINT:Evidence Grounding | CONSTRAINT:Quality Standard | CONSTRAINT:Scope Boundary | CONTEXT:Domain Context | CONTEXT:Execution Environment | CONTEXT:Repository Context | EVALUATION:Risk Assessment | EVALUATION:Rule Conformance | EXAMPLE:Output Template | OUTPUT:Control Signal | OUTPUT:New Thread | PROCESS:Decision Branch | PROCESS:Required Sequence | PROCESS:Work Delegation | RESOURCE:Local Workspace | TASK:Artifact Change | TASK:Evidence Investigation | TASK:Work Item Management
rq3_258,10,4,5,COMMUNICATION:Audience Voice | COMMUNICATION:Automation Disclosure | CONSTRAINT:Evidence Grounding | CONSTRAINT:Quality Standard | CONSTRAINT:Resource Budget | CONSTRAINT:Scope Boundary | CONTEXT:Execution Environment | EXAMPLE:Output Template | OUTPUT:New Thread | OUTPUT:Standalone Artifact | PROCESS:Cross-Run Memory | PROCESS:Decision Branch | PROCESS:Required Sequence | RESOURCE:Local Workspace | TASK:Evidence Investigation,CONSTRAINT:Quality Standard | CONSTRAINT:Resource Budget | CONSTRAINT:Scope Boundary | CONTEXT:Execution Environment | EXAMPLE:Technical Snippet | OUTPUT:New Thread | OUTPUT:Standalone Artifact | PROCESS:Decision Branch | PROCESS:Required Sequence | RESOURCE:Development Toolchain | RESOURCE:GitHub Interface | RESOURCE:Local Workspace | TASK:Artifact Change | TASK:Evidence Investigation
rq3_259,11,6,0,COMMUNICATION:Expert Role | CONSTRAINT:Quality Standard | CONSTRAINT:Scope Boundary | OUTPUT:Control Signal | OUTPUT:Repository Change | PROCESS:Cross-Run Memory | PROCESS:Decision Branch | PROCESS:Required Sequence | RESOURCE:GitHub Interface | RESOURCE:Local Workspace | TASK:Artifact Change,COMMUNICATION:Expert Role | CONSTRAINT:Quality Standard | CONSTRAINT:Resource Budget | CONSTRAINT:Scope Boundary | CONTEXT:Domain Context | CONTEXT:Historical Context | CONTEXT:Repository Context | OUTPUT:Control Signal | OUTPUT:Repository Change | PROCESS:Cross-Run Memory | PROCESS:Decision Branch | PROCESS:Required Sequence | PROCESS:Within-Run Iteration | RESOURCE:GitHub Interface | RESOURCE:Local Workspace | TASK:Artifact Change | TASK:Work Item Management
rq3_260,5,2,1,CONSTRAINT:Quality Standard | CONTEXT:Repository Context | EVALUATION:Rule Conformance | OUTPUT:Control Signal | OUTPUT:Existing Thread Response | TASK:Artifact Review,CONTEXT:Domain Context | CONTEXT:Repository Context | EVALUATION:Rule Conformance | OUTPUT:Control Signal | OUTPUT:Existing Thread Response | RESOURCE:Local Workspace | TASK:Artifact Review
rq3_261,9,5,2,COMMUNICATION:Expert Role | CONSTRAINT:Quality Standard | CONSTRAINT:Scope Boundary | EVALUATION:Risk Assessment | OUTPUT:Existing Thread Response | PROCESS:Decision Branch | PROCESS:Required Sequence | RESOURCE:GitHub Interface | RESOURCE:Web Retrieval | SAFETY:Information Confidentiality | TASK:Artifact Review,COMMUNICATION:Expert Role | CONSTRAINT:Quality Standard | CONSTRAINT:Resource Budget | CONSTRAINT:Scope Boundary | CONTEXT:Domain Context | CONTEXT:Repository Context | EVALUATION:Risk Assessment | EVALUATION:Rule Conformance | OUTPUT:Existing Thread Response | OUTPUT:Repository Change | PROCESS:Required Sequence | RESOURCE:GitHub Interface | RESOURCE:Web Retrieval | TASK:Artifact Review
rq3_262,10,7,2,CONSTRAINT:Quality Standard | CONTEXT:Execution Environment | EVALUATION:Execution Check | OUTPUT:Control Signal | OUTPUT:Existing Thread Response | PROCESS:Decision Branch | PROCESS:Required Sequence | RESOURCE:GitHub Interface | RESOURCE:Local Workspace | SAFETY:Execution Isolation | SAFETY:Prompt Injection Defense | TASK:Executable Validation,CONSTRAINT:Quality Standard | CONTEXT:Domain Context | CONTEXT:Execution Environment | CONTEXT:Historical Context | CONTEXT:Repository Context | EVALUATION:Execution Check | EVALUATION:Rule Conformance | EXAMPLE:Technical Snippet | OUTPUT:Control Signal | OUTPUT:Existing Thread Response | PROCESS:Decision Branch | RESOURCE:GitHub Interface | RESOURCE:Local Workspace | SAFETY:Prompt Injection Defense | TASK:Evidence Investigation | TASK:Executable Validation | TASK:Work Item Management
rq3_263,8,0,2,COMMUNICATION:Expert Role | CONSTRAINT:Quality Standard | CONTEXT:Domain Context | CONTEXT:Repository Context | EVALUATION:Rule Conformance | EXAMPLE:Output Template | OUTPUT:New Thread | PROCESS:Required Sequence | RESOURCE:Local Workspace | TASK:Artifact Review,COMMUNICATION:Expert Role | CONSTRAINT:Quality Standard | CONTEXT:Domain Context | CONTEXT:Repository Context | EVALUATION:Rule Conformance | OUTPUT:New Thread | PROCESS:Required Sequence | TASK:Artifact Review
rq3_264,2,1,1,CONTEXT:Repository Context | OUTPUT:Control Signal | TASK:Work Item Management,OUTPUT:Control Signal | RESOURCE:GitHub Interface | TASK:Work Item Management
rq3_265,15,2,6,COMMUNICATION:Automation Disclosure | COMMUNICATION:Expert Role | CONSTRAINT:Quality Standard | CONSTRAINT:Scope Boundary | CONTEXT:Execution Environment | CONTEXT:Repository Context | EVALUATION:Execution Check | EVALUATION:Risk Assessment | EVALUATION:Rule Conformance | EXAMPLE:Output Template | EXAMPLE:Technical Snippet | OUTPUT:Control Signal | OUTPUT:Repository Change | PROCESS:Decision Branch | PROCESS:Required Sequence | PROCESS:Within-Run Iteration | RESOURCE:Development Toolchain | RESOURCE:GitHub Interface | RESOURCE:Local Workspace | TASK:Artifact Change | TASK:Executable Validation,COMMUNICATION:Expert Role | CONSTRAINT:Quality Standard | CONSTRAINT:Scope Boundary | CONTEXT:Domain Context | CONTEXT:Repository Context | EVALUATION:Execution Check | EVALUATION:Rule Conformance | OUTPUT:Repository Change | PROCESS:Decision Branch | PROCESS:Required Sequence | PROCESS:Within-Run Iteration | RESOURCE:Development Toolchain | RESOURCE:GitHub Interface | RESOURCE:Local Workspace | TASK:Artifact Change | TASK:Evidence Investigation | TASK:Executable Validation
rq3_266,13,1,7,COMMUNICATION:Automation Disclosure | CONSTRAINT:Scope Boundary | CONTEXT:Domain Context | CONTEXT:Execution Environment | CONTEXT:Repository Context | EVALUATION:Execution Check | EVALUATION:Risk Assessment | EVALUATION:Rule Conformance | OUTPUT:Control Signal | OUTPUT:Repository Change | OUTPUT:Standalone Artifact | PROCESS:Decision Branch | PROCESS:Required Sequence | PROCESS:Within-Run Iteration | RESOURCE:Agent Resource | RESOURCE:Development Toolchain | RESOURCE:Local Workspace | SAFETY:Execution Isolation | TASK:Artifact Change | TASK:Executable Validation,CONSTRAINT:Scope Boundary | CONTEXT:Domain Context | CONTEXT:Execution Environment | CONTEXT:Repository Context | EXAMPLE:Technical Snippet | OUTPUT:Control Signal | OUTPUT:Standalone Artifact | PROCESS:Decision Branch | PROCESS:Required Sequence | RESOURCE:Development Toolchain | RESOURCE:Local Workspace | SAFETY:Execution Isolation | TASK:Artifact Change | TASK:Executable Validation
rq3_267,8,5,2,COMMUNICATION:Expert Role | CONSTRAINT:Quality Standard | EVALUATION:Rule Conformance | EXAMPLE:Output Template | OUTPUT:New Thread | PROCESS:Decision Branch | PROCESS:Required Sequence | RESOURCE:Local Workspace | TASK:Artifact Review | TASK:Evidence Investigation,COMMUNICATION:Expert Role | CONSTRAINT:Quality Standard | CONTEXT:Domain Context | CONTEXT:Repository Context | EXAMPLE:Output Template | EXAMPLE:Technical Snippet | OUTPUT:New Thread | PROCESS:Decision Branch | PROCESS:Required Sequence | RESOURCE:GitHub Interface | RESOURCE:Local Workspace | TASK:Artifact Change | TASK:Evidence Investigation
rq3_268,11,2,7,COMMUNICATION:Audience Voice | COMMUNICATION:Expert Role | CONSTRAINT:Evidence Grounding | CONSTRAINT:Quality Standard | CONSTRAINT:Resource Budget | CONSTRAINT:Scope Boundary | CONTEXT:Domain Context | CONTEXT:Repository Context | EVALUATION:Risk Assessment | EVALUATION:Rule Conformance | EXAMPLE:Output Template | OUTPUT:Existing Thread Response | PROCESS:Decision Branch | PROCESS:Required Sequence | PROCESS:Within-Run Iteration | RESOURCE:GitHub Interface | RESOURCE:Web Retrieval | TASK:Artifact Review,COMMUNICATION:Expert Role | CONSTRAINT:Quality Standard | CONSTRAINT:Resource Budget | CONSTRAINT:Scope Boundary | CONTEXT:Domain Context | CONTEXT:Repository Context | OUTPUT:Existing Thread Response | PROCESS:Decision Branch | PROCESS:Required Sequence | RESOURCE:GitHub Interface | RESOURCE:Local Workspace | TASK:Artifact Review | TASK:Evidence Investigation
rq3_269,10,4,8,COMMUNICATION:Audience Voice | COMMUNICATION:Automation Disclosure | CONSTRAINT:Evidence Grounding | CONSTRAINT:Quality Standard | CONSTRAINT:Scope Boundary | CONTEXT:Execution Environment | CONTEXT:Repository Context | EVALUATION:Risk Assessment | EVALUATION:Rule Conformance | EXAMPLE:Output Template | EXAMPLE:Technical Snippet | OUTPUT:Repository Change | PROCESS:Decision Branch | PROCESS:Required Sequence | PROCESS:Within-Run Iteration | RESOURCE:GitHub Interface | RESOURCE:Local Workspace | TASK:Artifact Change,COMMUNICATION:Expert Role | CONSTRAINT:Quality Standard | CONTEXT:Domain Context | CONTEXT:Repository Context | EXAMPLE:Output Template | EXAMPLE:Technical Snippet | OUTPUT:Repository Change | PROCESS:Decision Branch | PROCESS:Required Sequence | RESOURCE:GitHub Interface | RESOURCE:Local Workspace | TASK:Artifact Change | TASK:Artifact Review | TASK:Evidence Investigation
rq3_270,9,2,2,COMMUNICATION:Expert Role | CONSTRAINT:Quality Standard | CONSTRAINT:Resource Budget | CONSTRAINT:Scope Boundary | CONTEXT:Repository Context | OUTPUT:Repository Change | PROCESS:Required Sequence | RESOURCE:Local Workspace | TASK:Artifact Change | TASK:Artifact Review | TASK:Evidence Investigation,COMMUNICATION:Expert Role | CONSTRAINT:Scope Boundary | CONTEXT:Domain Context | CONTEXT:Historical Context | CONTEXT:Repository Context | OUTPUT:Repository Change | PROCESS:Required Sequence | RESOURCE:Local Workspace | TASK:Artifact Change | TASK:Artifact Review | TASK:Evidence Investigation
rq3_271,15,3,9,COMMUNICATION:Audience Voice | COMMUNICATION:Automation Disclosure | CONSTRAINT:Evidence Grounding | CONSTRAINT:Quality Standard | CONSTRAINT:Resource Budget | CONSTRAINT:Scope Boundary | CONTEXT:Domain Context | CONTEXT:Repository Context | EVALUATION:Evidence Credibility | EVALUATION:Execution Check | EVALUATION:Rule Conformance | EXAMPLE:Output Template | OUTPUT:Control Signal | OUTPUT:Existing Thread Response | OUTPUT:New Thread | PROCESS:Cross-Run Memory | PROCESS:Decision Branch | PROCESS:Required Sequence | RESOURCE:GitHub Interface | RESOURCE:Local Workspace | SAFETY:Information Confidentiality | SAFETY:Prompt Injection Defense | TASK:Evidence Investigation | TASK:Work Item Management,COMMUNICATION:Automation Disclosure | CONSTRAINT:Quality Standard | CONSTRAINT:Scope Boundary | CONTEXT:Domain Context | CONTEXT:Historical Context | CONTEXT:Repository Context | OUTPUT:Control Signal | OUTPUT:Existing Thread Response | OUTPUT:New Thread | OUTPUT:Repository Change | PROCESS:Cross-Run Memory | PROCESS:Decision Branch | PROCESS:Required Sequence | RESOURCE:GitHub Interface | SAFETY:Information Confidentiality | TASK:Artifact Change | TASK:Evidence Investigation | TASK:Work Item Management
rq3_272,7,4,2,COMMUNICATION:Audience Voice | CONSTRAINT:Quality Standard | CONSTRAINT:Scope Boundary | OUTPUT:Control Signal | OUTPUT:Existing Thread Response | PROCESS:Decision Branch | RESOURCE:GitHub Interface | TASK:Evidence Investigation | TASK:Work Item Management,CONSTRAINT:Quality Standard | CONSTRAINT:Scope Boundary | CONTEXT:Repository Context | OUTPUT:Existing Thread Response | OUTPUT:Repository Change | PROCESS:Decision Branch | PROCESS:Required Sequence | PROCESS:Within-Run Iteration | RESOURCE:GitHub Interface | TASK:Evidence Investigation | TASK:Work Item Management
rq3_273,8,1,9,COMMUNICATION:Audience Voice | COMMUNICATION:Automation Disclosure | COMMUNICATION:Expert Role | CONSTRAINT:Quality Standard | CONSTRAINT:Scope Boundary | CONTEXT:Domain Context | CONTEXT:Repository Context | EVALUATION:Rule Conformance | OUTPUT:Repository Change | PROCESS:Cross-Run Memory | PROCESS:Decision Branch | PROCESS:Required Sequence | PROCESS:Within-Run Iteration | RESOURCE:GitHub Interface | RESOURCE:Local Workspace | TASK:Artifact Change | TASK:Work Item Management,COMMUNICATION:Expert Role | CONSTRAINT:Quality Standard | CONTEXT:Domain Context | CONTEXT:Repository Context | OUTPUT:Repository Change | PROCESS:Required Sequence | TASK:Artifact Change | TASK:Evidence Investigation | TASK:Work Item Management
rq3_275,2,0,0,CONSTRAINT:Quality Standard | TASK:Evidence Investigation,CONSTRAINT:Quality Standard | TASK:Evidence Investigation
rq3_276,17,2,7,COMMUNICATION:Automation Disclosure | CONSTRAINT:Evidence Grounding | CONSTRAINT:Quality Standard | CONTEXT:Domain Context | CONTEXT:Execution Environment | CONTEXT:Repository Context | EVALUATION:Evidence Credibility | EVALUATION:Risk Assessment | EVALUATION:Rule Conformance | EXAMPLE:Output Template | EXAMPLE:Technical Snippet | OUTPUT:New Thread | OUTPUT:Repository Change | PROCESS:Cross-Run Memory | PROCESS:Decision Branch | PROCESS:Required Sequence | PROCESS:Within-Run Iteration | PROCESS:Work Delegation | RESOURCE:Agent Resource | RESOURCE:GitHub Interface | RESOURCE:Local Workspace | TASK:Artifact Change | TASK:Artifact Review | TASK:Evidence Investigation,COMMUNICATION:Expert Role | CONSTRAINT:Quality Standard | CONTEXT:Domain Context | CONTEXT:Execution Environment | CONTEXT:Historical Context | CONTEXT:Repository Context | EXAMPLE:Output Template | EXAMPLE:Technical Snippet | OUTPUT:New Thread | OUTPUT:Repository Change | PROCESS:Cross-Run Memory | PROCESS:Decision Branch | PROCESS:Required Sequence | PROCESS:Work Delegation | RESOURCE:Agent Resource | RESOURCE:GitHub Interface | RESOURCE:Local Workspace | TASK:Artifact Change | TASK:Evidence Investigation
rq3_277,9,0,10,CONSTRAINT:Evidence Grounding | CONSTRAINT:Quality Standard | CONSTRAINT:Resource Budget | CONSTRAINT:Scope Boundary | CONTEXT:Domain Context | CONTEXT:Execution Environment | EVALUATION:Risk Assessment | EVALUATION:Rule Conformance | OUTPUT:Repository Change | PROCESS:Cross-Run Memory | PROCESS:Decision Branch | PROCESS:Required Sequence | PROCESS:Within-Run Iteration | RESOURCE:Development Toolchain | RESOURCE:Local Workspace | RESOURCE:Web Retrieval | TASK:Artifact Change | TASK:Evidence Investigation | TASK:Executable Validation,CONSTRAINT:Quality Standard | CONSTRAINT:Resource Budget | CONSTRAINT:Scope Boundary | CONTEXT:Domain Context | CONTEXT:Execution Environment | OUTPUT:Repository Change | PROCESS:Decision Branch | PROCESS:Required Sequence | TASK:Artifact Change
rq3_278,12,3,12,COMMUNICATION:Automation Disclosure | CONSTRAINT:Evidence Grounding | CONSTRAINT:Quality Standard | CONSTRAINT:Resource Budget | CONSTRAINT:Scope Boundary | CONTEXT:Domain Context | CONTEXT:Execution Environment | CONTEXT:Repository Context | EVALUATION:Evidence Credibility | EVALUATION:Risk Assessment | EVALUATION:Rule Conformance | EXAMPLE:Technical Snippet | EXAMPLE:Worked Case | OUTPUT:Existing Thread Response | OUTPUT:Repository Change | PROCESS:Decision Branch | PROCESS:Required Sequence | PROCESS:Within-Run Iteration | RESOURCE:Agent Resource | RESOURCE:GitHub Interface | RESOURCE:Local Workspace | TASK:Artifact Change | TASK:Artifact Review | TASK:Work Item Management,CONSTRAINT:Evidence Grounding | CONSTRAINT:Quality Standard | CONSTRAINT:Scope Boundary | CONTEXT:Domain Context | CONTEXT:Execution Environment | CONTEXT:Historical Context | CONTEXT:Repository Context | OUTPUT:Control Signal | OUTPUT:Repository Change | PROCESS:Decision Branch | PROCESS:Required Sequence | RESOURCE:GitHub Interface | RESOURCE:Local Workspace | TASK:Artifact Change | TASK:Evidence Investigation
rq3_279,6,3,9,CONSTRAINT:Evidence Grounding | CONSTRAINT:Quality Standard | CONSTRAINT:Scope Boundary | EVALUATION:Risk Assessment | EVALUATION:Rule Conformance | EXAMPLE:Output Template | EXAMPLE:Worked Case | OUTPUT:Control Signal | OUTPUT:New Thread | PROCESS:Decision Branch | PROCESS:Required Sequence | PROCESS:Within-Run Iteration | RESOURCE:GitHub Interface | RESOURCE:Local Workspace | TASK:Artifact Review,CONTEXT:Domain Context | EVALUATION:Rule Conformance | OUTPUT:New Thread | PROCESS:Decision Branch | PROCESS:Required Sequence | PROCESS:Within-Run Iteration | TASK:Artifact Change | TASK:Artifact Review | TASK:Evidence Investigation
rq3_280,9,5,3,CONSTRAINT:Evidence Grounding | CONSTRAINT:Quality Standard | CONSTRAINT:Resource Budget | CONSTRAINT:Scope Boundary | CONTEXT:Repository Context | EVALUATION:Rule Conformance | EXAMPLE:Output Template | OUTPUT:Control Signal | OUTPUT:Existing Thread Response | PROCESS:Decision Branch | PROCESS:Required Sequence | TASK:Artifact Review,CONSTRAINT:Quality Standard | CONSTRAINT:Scope Boundary | CONTEXT:Domain Context | CONTEXT:Execution Environment | CONTEXT:Repository Context | EXAMPLE:Output Template | EXAMPLE:Technical Snippet | OUTPUT:Control Signal | OUTPUT:Existing Thread Response | PROCESS:Decision Branch | PROCESS:Required Sequence | RESOURCE:Local Workspace | TASK:Artifact Review | TASK:Evidence Investigation
rq3_281,12,2,12,COMMUNICATION:Expert Role | CONSTRAINT:Quality Standard | CONSTRAINT:Resource Budget | CONSTRAINT:Scope Boundary | CONTEXT:Domain Context | CONTEXT:Repository Context | EVALUATION:Evidence Credibility | EVALUATION:Risk Assessment | EVALUATION:Rule Conformance | EXAMPLE:Output Template | EXAMPLE:Technical Snippet | EXAMPLE:Worked Case | OUTPUT:Control Signal | OUTPUT:New Thread | PROCESS:Cross-Run Memory | PROCESS:Decision Branch | PROCESS:Required Sequence | PROCESS:Within-Run Iteration | RESOURCE:GitHub Interface | RESOURCE:Local Workspace | SAFETY:Information Confidentiality | SAFETY:Vulnerability Handling | TASK:Artifact Review | TASK:Evidence Investigation,COMMUNICATION:Expert Role | CONTEXT:Domain Context | CONTEXT:Historical Context | CONTEXT:Repository Context | EXAMPLE:Output Template | EXAMPLE:Technical Snippet | OUTPUT:New Thread | PROCESS:Cross-Run Memory | PROCESS:Decision Branch | PROCESS:Required Sequence | RESOURCE:GitHub Interface | TASK:Artifact Review | TASK:Evidence Investigation | TASK:Work Item Management
rq3_282,13,5,4,COMMUNICATION:Expert Role | CONSTRAINT:Evidence Grounding | CONSTRAINT:Quality Standard | CONSTRAINT:Scope Boundary | CONTEXT:Execution Environment | CONTEXT:Repository Context | EVALUATION:Evidence Credibility | EVALUATION:Risk Assessment | EVALUATION:Rule Conformance | EXAMPLE:Worked Case | OUTPUT:Control Signal | OUTPUT:Existing Thread Response | PROCESS:Decision Branch | PROCESS:Required Sequence | RESOURCE:GitHub Interface | SAFETY:Vulnerability Handling | TASK:Artifact Review,COMMUNICATION:Expert Role | CONSTRAINT:Evidence Grounding | CONSTRAINT:Quality Standard | CONSTRAINT:Resource Budget | CONSTRAINT:Scope Boundary | CONTEXT:Domain Context | CONTEXT:Historical Context | CONTEXT:Repository Context | EVALUATION:Evidence Credibility | EVALUATION:Rule Conformance | OUTPUT:Control Signal | OUTPUT:Existing Thread Response | OUTPUT:Repository Change | PROCESS:Decision Branch | PROCESS:Required Sequence | RESOURCE:GitHub Interface | TASK:Artifact Review | TASK:Evidence Investigation
rq3_283,10,5,3,COMMUNICATION:Expert Role | CONTEXT:Execution Environment | CONTEXT:Historical Context | CONTEXT:Repository Context | EVALUATION:Execution Check | EVALUATION:Rule Conformance | EXAMPLE:Output Template | EXAMPLE:Technical Snippet | OUTPUT:New Thread | OUTPUT:Standalone Artifact | PROCESS:Decision Branch | PROCESS:Required Sequence | TASK:Evidence Investigation,COMMUNICATION:Expert Role | CONTEXT:Execution Environment | CONTEXT:Historical Context | CONTEXT:Repository Context | EVALUATION:Execution Check | OUTPUT:New Thread | OUTPUT:Standalone Artifact | PROCESS:Decision Branch | PROCESS:Required Sequence | PROCESS:Within-Run Iteration | RESOURCE:Development Toolchain | RESOURCE:Local Workspace | TASK:Artifact Change | TASK:Evidence Investigation | TASK:Executable Validation
rq3_284,9,6,2,CONSTRAINT:Evidence Grounding | CONSTRAINT:Scope Boundary | CONTEXT:Repository Context | EVALUATION:Rule Conformance | OUTPUT:Control Signal | OUTPUT:New Thread | PROCESS:Decision Branch | PROCESS:Required Sequence | PROCESS:Within-Run Iteration | RESOURCE:GitHub Interface | TASK:Evidence Investigation,CONSTRAINT:Evidence Grounding | CONSTRAINT:Quality Standard | CONSTRAINT:Scope Boundary | CONTEXT:Domain Context | CONTEXT:Repository Context | EVALUATION:Rule Conformance | OUTPUT:New Thread | OUTPUT:Repository Change | PROCESS:Decision Branch | PROCESS:Required Sequence | RESOURCE:GitHub Interface | TASK:Artifact Change | TASK:Artifact Review | TASK:Evidence Investigation | TASK:Work Item Management
rq3_285,9,2,5,COMMUNICATION:Expert Role | CONSTRAINT:Evidence Grounding | CONSTRAINT:Quality Standard | CONTEXT:Domain Context | CONTEXT:Execution Environment | EVALUATION:Risk Assessment | EXAMPLE:Output Template | EXAMPLE:Technical Snippet | OUTPUT:New Thread | PROCESS:Cross-Run Memory | PROCESS:Decision Branch | PROCESS:Required Sequence | RESOURCE:Local Workspace | TASK:Evidence Investigation,CONTEXT:Execution Environment | CONTEXT:Historical Context | EXAMPLE:Output Template | EXAMPLE:Technical Snippet | OUTPUT:New Thread | PROCESS:Cross-Run Memory | PROCESS:Decision Branch | PROCESS:Required Sequence | RESOURCE:Development Toolchain | RESOURCE:Local Workspace | TASK:Evidence Investigation
rq3_286,11,2,7,COMMUNICATION:Audience Voice | COMMUNICATION:Expert Role | CONSTRAINT:Evidence Grounding | CONSTRAINT:Quality Standard | CONSTRAINT:Resource Budget | CONSTRAINT:Scope Boundary | CONTEXT:Repository Context | EVALUATION:Risk Assessment | EVALUATION:Rule Conformance | EXAMPLE:Output Template | EXAMPLE:Worked Case | OUTPUT:Existing Thread Response | PROCESS:Decision Branch | PROCESS:Required Sequence | PROCESS:Within-Run Iteration | RESOURCE:GitHub Interface | RESOURCE:Web Retrieval | TASK:Artifact Review,COMMUNICATION:Expert Role | CONSTRAINT:Quality Standard | CONSTRAINT:Scope Boundary | CONTEXT:Domain Context | CONTEXT:Repository Context | EVALUATION:Rule Conformance | OUTPUT:Existing Thread Response | PROCESS:Decision Branch | PROCESS:Required Sequence | RESOURCE:GitHub Interface | RESOURCE:Local Workspace | RESOURCE:Web Retrieval | TASK:Artifact Review
rq3_287,9,2,4,COMMUNICATION:Audience Voice | COMMUNICATION:Expert Role | CONSTRAINT:Quality Standard | CONSTRAINT:Resource Budget | CONSTRAINT:Scope Boundary | CONTEXT:Domain Context | EXAMPLE:Output Template | OUTPUT:Repository Change | PROCESS:Decision Branch | PROCESS:Required Sequence | RESOURCE:Agent Resource | RESOURCE:Local Workspace | TASK:Artifact Change,COMMUNICATION:Expert Role | CONSTRAINT:Quality Standard | CONSTRAINT:Resource Budget | CONSTRAINT:Scope Boundary | CONTEXT:Repository Context | OUTPUT:Control Signal | OUTPUT:Repository Change | PROCESS:Decision Branch | PROCESS:Required Sequence | RESOURCE:Local Workspace | TASK:Artifact Change
rq3_288,14,4,6,COMMUNICATION:Expert Role | CONSTRAINT:Evidence Grounding | CONSTRAINT:Quality Standard | CONSTRAINT:Resource Budget | CONSTRAINT:Scope Boundary | CONTEXT:Execution Environment | CONTEXT:Repository Context | EVALUATION:Rule Conformance | EXAMPLE:Output Template | EXAMPLE:Technical Snippet | OUTPUT:Existing Thread Response | OUTPUT:New Thread | OUTPUT:Repository Change | PROCESS:Decision Branch | PROCESS:Required Sequence | RESOURCE:Agent Resource | RESOURCE:GitHub Interface | RESOURCE:Local Workspace | SAFETY:Execution Isolation | TASK:Evidence Investigation,COMMUNICATION:Expert Role | CONSTRAINT:Resource Budget | CONSTRAINT:Scope Boundary | CONTEXT:Domain Context | CONTEXT:Execution Environment | CONTEXT:Repository Context | EVALUATION:Rule Conformance | EXAMPLE:Output Template | EXAMPLE:Technical Snippet | OUTPUT:New Thread | PROCESS:Decision Branch | PROCESS:Required Sequence | PROCESS:Within-Run Iteration | RESOURCE:Local Workspace | RESOURCE:Web Retrieval | SAFETY:Execution Isolation | TASK:Artifact Change | TASK:Evidence Investigation
rq3_289,13,5,2,CONSTRAINT:Evidence Grounding | CONSTRAINT:Quality Standard | CONSTRAINT:Resource Budget | CONSTRAINT:Scope Boundary | EVALUATION:Execution Check | EVALUATION:Risk Assessment | OUTPUT:Control Signal | OUTPUT:Repository Change | PROCESS:Decision Branch | PROCESS:Required Sequence | RESOURCE:Development Toolchain | RESOURCE:GitHub Interface | RESOURCE:Local Workspace | TASK:Artifact Change | TASK:Executable Validation,COMMUNICATION:Expert Role | CONSTRAINT:Quality Standard | CONSTRAINT:Resource Budget | CONSTRAINT:Scope Boundary | CONTEXT:Domain Context | CONTEXT:Repository Context | EVALUATION:Execution Check | OUTPUT:Control Signal | OUTPUT:Repository Change | PROCESS:Decision Branch | PROCESS:Required Sequence | RESOURCE:Development Toolchain | RESOURCE:GitHub Interface | RESOURCE:Local Workspace | TASK:Artifact Change | TASK:Evidence Investigation | TASK:Executable Validation | TASK:Work Item Management
rq3_290,9,4,6,CONSTRAINT:Quality Standard | CONSTRAINT:Resource Budget | CONSTRAINT:Scope Boundary | CONTEXT:Repository Context | EVALUATION:Risk Assessment | EVALUATION:Rule Conformance | OUTPUT:Control Signal | OUTPUT:New Thread | PROCESS:Decision Branch | PROCESS:Required Sequence | PROCESS:Within-Run Iteration | RESOURCE:GitHub Interface | RESOURCE:Web Retrieval | SAFETY:Vulnerability Handling | TASK:Evidence Investigation,CONTEXT:Domain Context | CONTEXT:Repository Context | OUTPUT:Control Signal | OUTPUT:New Thread | OUTPUT:Repository Change | PROCESS:Decision Branch | PROCESS:Required Sequence | PROCESS:Within-Run Iteration | RESOURCE:GitHub Interface | RESOURCE:Web Retrieval | TASK:Artifact Change | TASK:Evidence Investigation | TASK:Work Item Management
rq3_291,11,3,2,COMMUNICATION:Expert Role | CONSTRAINT:Evidence Grounding | CONSTRAINT:Quality Standard | CONSTRAINT:Resource Budget | CONSTRAINT:Scope Boundary | CONTEXT:Execution Environment | CONTEXT:Repository Context | EVALUATION:Risk Assessment | EXAMPLE:Output Template | OUTPUT:Existing Thread Response | PROCESS:Decision Branch | PROCESS:Required Sequence | TASK:Evidence Investigation,COMMUNICATION:Expert Role | CONSTRAINT:Evidence Grounding | CONSTRAINT:Quality Standard | CONSTRAINT:Resource Budget | CONSTRAINT:Scope Boundary | CONTEXT:Domain Context | EVALUATION:Risk Assessment | EXAMPLE:Output Template | EXAMPLE:Technical Snippet | OUTPUT:Existing Thread Response | PROCESS:Decision Branch | PROCESS:Required Sequence | RESOURCE:GitHub Interface | TASK:Evidence Investigation
rq3_292,8,7,2,CONSTRAINT:Quality Standard | CONSTRAINT:Scope Boundary | EVALUATION:Rule Conformance | EXAMPLE:Output Template | OUTPUT:New Thread | PROCESS:Decision Branch | PROCESS:Required Sequence | RESOURCE:GitHub Interface | RESOURCE:Web Retrieval | TASK:Evidence Investigation,COMMUNICATION:Expert Role | CONSTRAINT:Quality Standard | CONSTRAINT:Scope Boundary | CONTEXT:Domain Context | OUTPUT:Control Signal | OUTPUT:New Thread | PROCESS:Decision Branch | PROCESS:Required Sequence | RESOURCE:GitHub Interface | RESOURCE:Local Workspace | RESOURCE:Web Retrieval | TASK:Artifact Change | TASK:Artifact Review | TASK:Evidence Investigation | TASK:Work Item Management
rq3_293,17,4,5,COMMUNICATION:Audience Voice | COMMUNICATION:Automation Disclosure | COMMUNICATION:Expert Role | CONSTRAINT:Evidence Grounding | CONSTRAINT:Quality Standard | CONSTRAINT:Resource Budget | CONSTRAINT:Scope Boundary | CONTEXT:Domain Context | CONTEXT:Repository Context | EVALUATION:Evidence Credibility | EVALUATION:Risk Assessment | EVALUATION:Rule Conformance | EXAMPLE:Output Template | OUTPUT:Control Signal | OUTPUT:Existing Thread Response | OUTPUT:New Thread | PROCESS:Cross-Run Memory | PROCESS:Decision Branch | PROCESS:Required Sequence | PROCESS:Within-Run Iteration | RESOURCE:GitHub Interface | TASK:Evidence Investigation,COMMUNICATION:Audience Voice | COMMUNICATION:Automation Disclosure | COMMUNICATION:Expert Role | CONSTRAINT:Quality Standard | CONSTRAINT:Resource Budget | CONSTRAINT:Scope Boundary | CONTEXT:Domain Context | CONTEXT:Historical Context | CONTEXT:Repository Context | EXAMPLE:Output Template | EXAMPLE:Technical Snippet | EXAMPLE:Worked Case | OUTPUT:Control Signal | OUTPUT:New Thread | PROCESS:Cross-Run Memory | PROCESS:Decision Branch | PROCESS:Required Sequence | PROCESS:Within-Run Iteration | RESOURCE:GitHub Interface | TASK:Artifact Review | TASK:Evidence Investigation
rq3_294,15,1,8,COMMUNICATION:Audience Voice | COMMUNICATION:Automation Disclosure | CONSTRAINT:Evidence Grounding | CONSTRAINT:Quality Standard | CONSTRAINT:Scope Boundary | CONTEXT:Execution Environment | CONTEXT:Repository Context | EVALUATION:Execution Check | EVALUATION:Rule Conformance | OUTPUT:Existing Thread Response | OUTPUT:New Thread | OUTPUT:Repository Change | PROCESS:Decision Branch | PROCESS:Required Sequence | PROCESS:Within-Run Iteration | RESOURCE:Development Toolchain | RESOURCE:GitHub Interface | RESOURCE:Local Workspace | SAFETY:Execution Isolation | TASK:Artifact Change | TASK:Evidence Investigation | TASK:Executable Validation | TASK:Work Item Management,CONSTRAINT:Quality Standard | CONSTRAINT:Scope Boundary | CONTEXT:Repository Context | OUTPUT:Existing Thread Response | OUTPUT:New Thread | OUTPUT:Repository Change | PROCESS:Decision Branch | PROCESS:Required Sequence | RESOURCE:Development Toolchain | RESOURCE:GitHub Interface | RESOURCE:Local Workspace | TASK:Artifact Change | TASK:Artifact Review | TASK:Evidence Investigation | TASK:Executable Validation | TASK:Work Item Management
rq3_295,9,4,6,COMMUNICATION:Expert Role | CONSTRAINT:Scope Boundary | CONTEXT:Execution Environment | CONTEXT:Repository Context | EXAMPLE:Output Template | EXAMPLE:Technical Snippet | OUTPUT:Repository Change | OUTPUT:Standalone Artifact | PROCESS:Decision Branch | PROCESS:Required Sequence | RESOURCE:Agent Resource | RESOURCE:Development Toolchain | RESOURCE:GitHub Interface | TASK:Artifact Change | TASK:Evidence Investigation,CONSTRAINT:Quality Standard | CONSTRAINT:Resource Budget | CONSTRAINT:Scope Boundary | CONTEXT:Domain Context | CONTEXT:Repository Context | EXAMPLE:Technical Snippet | OUTPUT:Repository Change | PROCESS:Decision Branch | PROCESS:Required Sequence | RESOURCE:GitHub Interface | RESOURCE:Local Workspace | TASK:Artifact Change | TASK:Evidence Investigation
rq3_296,11,9,5,CONSTRAINT:Evidence Grounding | CONSTRAINT:Quality Standard | CONSTRAINT:Scope Boundary | CONTEXT:Repository Context | EXAMPLE:Output Template | EXAMPLE:Technical Snippet | OUTPUT:Control Signal | OUTPUT:New Thread | OUTPUT:Repository Change | PROCESS:Decision Branch | PROCESS:Required Sequence | RESOURCE:Agent Resource | RESOURCE:GitHub Interface | RESOURCE:Local Workspace | TASK:Artifact Change | TASK:Evidence Investigation,COMMUNICATION:Expert Role | CONSTRAINT:Quality Standard | CONSTRAINT:Resource Budget | CONSTRAINT:Scope Boundary | CONTEXT:Domain Context | CONTEXT:Repository Context | EVALUATION:Execution Check | EXAMPLE:Technical Snippet | OUTPUT:Control Signal | OUTPUT:Repository Change | PROCESS:Cross-Run Memory | PROCESS:Decision Branch | PROCESS:Required Sequence | PROCESS:Within-Run Iteration | RESOURCE:GitHub Interface | TASK:Artifact Change | TASK:Artifact Review | TASK:Evidence Investigation | TASK:Executable Validation | TASK:Work Item Management
rq3_297,13,1,6,COMMUNICATION:Audience Voice | COMMUNICATION:Automation Disclosure | CONSTRAINT:Evidence Grounding | CONSTRAINT:Quality Standard | CONSTRAINT:Resource Budget | CONSTRAINT:Scope Boundary | CONTEXT:Domain Context | CONTEXT:Execution Environment | CONTEXT:Repository Context | EVALUATION:Evidence Credibility | EVALUATION:Rule Conformance | EXAMPLE:Output Template | EXAMPLE:Worked Case | OUTPUT:Control Signal | OUTPUT:New Thread | PROCESS:Decision Branch | PROCESS:Required Sequence | RESOURCE:Local Workspace | TASK:Evidence Investigation,CONSTRAINT:Evidence Grounding | CONSTRAINT:Quality Standard | CONSTRAINT:Scope Boundary | CONTEXT:Domain Context | CONTEXT:Execution Environment | CONTEXT:Repository Context | EXAMPLE:Output Template | EXAMPLE:Technical Snippet | OUTPUT:Control Signal | OUTPUT:New Thread | PROCESS:Decision Branch | PROCESS:Required Sequence | RESOURCE:Local Workspace | TASK:Evidence Investigation
