id,tp,fp,fn,reference_labels,predicted_labels
rq3_001,1,4,3,CONSTRAINT:Evidence Grounding | CONSTRAINT:Scope Boundary | EVALUATION:Execution Check | TASK:Artifact Change,OUTPUT:Repository Change | PROCESS:Required Sequence | TASK:Artifact Change | TASK:Evidence Investigation | TASK:Executable Validation
rq3_002,12,4,0,COMMUNICATION:Expert Role | CONSTRAINT:Scope Boundary | CONTEXT:Repository Context | EXAMPLE:Output Template | OUTPUT:Control Signal | OUTPUT:Existing Thread Response | PROCESS:Decision Branch | PROCESS:Required Sequence | RESOURCE:GitHub Interface | SAFETY:Information Confidentiality | SAFETY:Prompt Injection Defense | TASK:Artifact Review,COMMUNICATION:Expert Role | CONSTRAINT:Scope Boundary | CONTEXT:Domain Context | CONTEXT:Repository Context | EVALUATION:Risk Assessment | EVALUATION:Rule Conformance | EXAMPLE:Output Template | OUTPUT:Control Signal | OUTPUT:Existing Thread Response | PROCESS:Decision Branch | PROCESS:Required Sequence | RESOURCE:GitHub Interface | RESOURCE:Web Retrieval | SAFETY:Information Confidentiality | SAFETY:Prompt Injection Defense | TASK:Artifact Review
rq3_003,12,4,4,COMMUNICATION:Expert Role | CONSTRAINT:Quality Standard | CONSTRAINT:Scope Boundary | CONTEXT:Historical Context | CONTEXT:Repository Context | EVALUATION:Evidence Credibility | EXAMPLE:Output Template | OUTPUT:Control Signal | OUTPUT:Existing Thread Response | PROCESS:Decision Branch | PROCESS:Required Sequence | RESOURCE:Agent Resource | RESOURCE:GitHub Interface | RESOURCE:Web Retrieval | SAFETY:Execution Isolation | TASK:Evidence Investigation,COMMUNICATION:Expert Role | CONSTRAINT:Evidence Grounding | CONSTRAINT:Quality Standard | CONSTRAINT:Resource Budget | CONSTRAINT:Scope Boundary | CONTEXT:Repository Context | EVALUATION:Evidence Credibility | EXAMPLE:Output Template | EXAMPLE:Technical Snippet | OUTPUT:Existing Thread Response | PROCESS:Decision Branch | PROCESS:Required Sequence | RESOURCE:GitHub Interface | RESOURCE:Web Retrieval | TASK:Evidence Investigation | TASK:Work Item Management
rq3_004,10,4,1,CONSTRAINT:Quality Standard | CONSTRAINT:Scope Boundary | CONTEXT:Repository Context | OUTPUT:Control Signal | OUTPUT:New Thread | OUTPUT:Repository Change | PROCESS:Decision Branch | PROCESS:Required Sequence | RESOURCE:GitHub Interface | TASK:Artifact Change | TASK:Evidence Investigation,COMMUNICATION:Expert Role | CONSTRAINT:Quality Standard | CONSTRAINT:Scope Boundary | CONTEXT:Domain Context | CONTEXT:Historical Context | CONTEXT:Repository Context | OUTPUT:Control Signal | OUTPUT:Repository Change | PROCESS:Decision Branch | PROCESS:Required Sequence | RESOURCE:GitHub Interface | RESOURCE:Local Workspace | TASK:Artifact Change | TASK:Evidence Investigation
rq3_005,10,6,2,CONSTRAINT:Quality Standard | CONSTRAINT:Scope Boundary | CONTEXT:Repository Context | EVALUATION:Execution Check | EXAMPLE:Output Template | OUTPUT:Existing Thread Response | OUTPUT:Repository Change | PROCESS:Decision Branch | PROCESS:Required Sequence | RESOURCE:Development Toolchain | TASK:Artifact Change | TASK:Evidence Investigation,CONSTRAINT:Evidence Grounding | CONSTRAINT:Quality Standard | CONSTRAINT:Scope Boundary | CONTEXT:Repository Context | EXAMPLE:Technical Snippet | OUTPUT:Existing Thread Response | OUTPUT:Repository Change | PROCESS:Decision Branch | PROCESS:Required Sequence | RESOURCE:Development Toolchain | RESOURCE:GitHub Interface | RESOURCE:Local Workspace | TASK:Artifact Change | TASK:Evidence Investigation | TASK:Executable Validation | TASK:Work Item Management
rq3_006,10,8,2,CONSTRAINT:Scope Boundary | CONTEXT:Repository Context | EVALUATION:Execution Check | EVALUATION:Risk Assessment | EXAMPLE:Output Template | OUTPUT:Existing Thread Response | PROCESS:Cross-Run Memory | PROCESS:Decision Branch | PROCESS:Required Sequence | RESOURCE:Agent Resource | RESOURCE:GitHub Interface | TASK:Artifact Review,CONSTRAINT:Resource Budget | CONSTRAINT:Scope Boundary | CONTEXT:Domain Context | CONTEXT:Repository Context | EVALUATION:Execution Check | EVALUATION:Rule Conformance | EXAMPLE:Output Template | EXAMPLE:Technical Snippet | OUTPUT:Existing Thread Response | PROCESS:Cross-Run Memory | PROCESS:Decision Branch | PROCESS:Required Sequence | RESOURCE:Development Toolchain | RESOURCE:GitHub Interface | RESOURCE:Web Retrieval | TASK:Artifact Review | TASK:Evidence Investigation | TASK:Work Item Management
rq3_007,2,0,4,CONTEXT:Execution Environment | EVALUATION:Execution Check | OUTPUT:New Thread | RESOURCE:Agent Resource | SAFETY:Execution Isolation | TASK:Executable Validation,CONTEXT:Execution Environment | TASK:Executable Validation
rq3_008,17,2,3,COMMUNICATION:Automation Disclosure | COMMUNICATION:Expert Role | CONSTRAINT:Evidence Grounding | CONSTRAINT:Quality Standard | CONSTRAINT:Resource Budget | CONSTRAINT:Scope Boundary | CONTEXT:Execution Environment | CONTEXT:Repository Context | EVALUATION:Risk Assessment | EVALUATION:Rule Conformance | OUTPUT:Control Signal | OUTPUT:Existing Thread Response | PROCESS:Decision Branch | PROCESS:Required Sequence | PROCESS:Within-Run Iteration | RESOURCE:GitHub Interface | SAFETY:Execution Isolation | SAFETY:Information Confidentiality | SAFETY:Prompt Injection Defense | TASK:Artifact Review,COMMUNICATION:Expert Role | CONSTRAINT:Evidence Grounding | CONSTRAINT:Quality Standard | CONSTRAINT:Resource Budget | CONSTRAINT:Scope Boundary | CONTEXT:Domain Context | CONTEXT:Execution Environment | CONTEXT:Repository Context | OUTPUT:Control Signal | OUTPUT:Existing Thread Response | PROCESS:Decision Branch | PROCESS:Required Sequence | PROCESS:Within-Run Iteration | RESOURCE:GitHub Interface | SAFETY:Execution Isolation | SAFETY:Information Confidentiality | SAFETY:Prompt Injection Defense | TASK:Artifact Review | TASK:Evidence Investigation
rq3_009,7,7,1,COMMUNICATION:Expert Role | CONSTRAINT:Quality Standard | CONSTRAINT:Resource Budget | CONSTRAINT:Scope Boundary | CONTEXT:Repository Context | OUTPUT:New Thread | PROCESS:Required Sequence | TASK:Evidence Investigation,COMMUNICATION:Expert Role | CONSTRAINT:Quality Standard | CONSTRAINT:Scope Boundary | CONTEXT:Domain Context | CONTEXT:Historical Context | CONTEXT:Repository Context | EVALUATION:Risk Assessment | OUTPUT:New Thread | PROCESS:Cross-Run Memory | PROCESS:Required Sequence | RESOURCE:GitHub Interface | RESOURCE:Local Workspace | TASK:Artifact Review | TASK:Evidence Investigation
rq3_010,8,8,2,CONTEXT:Domain Context | EVALUATION:Execution Check | EVALUATION:Rule Conformance | EXAMPLE:Technical Snippet | OUTPUT:Existing Thread Response | OUTPUT:New Thread | PROCESS:Decision Branch | PROCESS:Required Sequence | RESOURCE:Development Toolchain | TASK:Executable Validation,CONSTRAINT:Evidence Grounding | CONTEXT:Domain Context | CONTEXT:Execution Environment | CONTEXT:Repository Context | EVALUATION:Execution Check | EXAMPLE:Technical Snippet | OUTPUT:Control Signal | OUTPUT:Existing Thread Response | OUTPUT:Repository Change | PROCESS:Decision Branch | PROCESS:Required Sequence | RESOURCE:Development Toolchain | RESOURCE:GitHub Interface | RESOURCE:Local Workspace | TASK:Executable Validation | TASK:Work Item Management
rq3_011,11,6,4,COMMUNICATION:Expert Role | CONSTRAINT:Quality Standard | CONSTRAINT:Scope Boundary | CONTEXT:Historical Context | CONTEXT:Repository Context | EXAMPLE:Output Template | EXAMPLE:Technical Snippet | OUTPUT:Control Signal | OUTPUT:Existing Thread Response | PROCESS:Decision Branch | PROCESS:Required Sequence | RESOURCE:Agent Resource | RESOURCE:GitHub Interface | SAFETY:Prompt Injection Defense | TASK:Evidence Investigation,COMMUNICATION:Expert Role | CONSTRAINT:Quality Standard | CONSTRAINT:Scope Boundary | CONTEXT:Domain Context | CONTEXT:Execution Environment | CONTEXT:Repository Context | EXAMPLE:Output Template | EXAMPLE:Technical Snippet | EXAMPLE:Worked Case | OUTPUT:Existing Thread Response | PROCESS:Decision Branch | PROCESS:Required Sequence | RESOURCE:GitHub Interface | RESOURCE:Web Retrieval | SAFETY:Execution Isolation | SAFETY:Prompt Injection Defense | TASK:Work Item Management
rq3_012,2,1,1,EVALUATION:Risk Assessment | RESOURCE:Development Toolchain | TASK:Artifact Review,CONTEXT:Repository Context | EVALUATION:Risk Assessment | RESOURCE:Development Toolchain
rq3_014,5,3,4,CONSTRAINT:Evidence Grounding | CONSTRAINT:Quality Standard | CONSTRAINT:Scope Boundary | OUTPUT:Control Signal | OUTPUT:Existing Thread Response | OUTPUT:New Thread | PROCESS:Required Sequence | RESOURCE:Agent Resource | TASK:Evidence Investigation,CONSTRAINT:Scope Boundary | CONTEXT:Repository Context | OUTPUT:Existing Thread Response | OUTPUT:New Thread | PROCESS:Decision Branch | PROCESS:Required Sequence | TASK:Evidence Investigation | TASK:Work Item Management
rq3_015,17,4,5,COMMUNICATION:Expert Role | CONSTRAINT:Quality Standard | CONSTRAINT:Scope Boundary | CONTEXT:Domain Context | CONTEXT:Execution Environment | CONTEXT:Repository Context | EVALUATION:Execution Check | EVALUATION:Risk Assessment | EVALUATION:Rule Conformance | EXAMPLE:Output Template | OUTPUT:Control Signal | OUTPUT:Existing Thread Response | PROCESS:Decision Branch | PROCESS:Required Sequence | RESOURCE:Agent Resource | RESOURCE:GitHub Interface | RESOURCE:Local Workspace | RESOURCE:Web Retrieval | SAFETY:Execution Isolation | SAFETY:Prompt Injection Defense | TASK:Artifact Review | TASK:Evidence Investigation,COMMUNICATION:Expert Role | CONSTRAINT:Quality Standard | CONSTRAINT:Scope Boundary | CONTEXT:Domain Context | CONTEXT:Execution Environment | CONTEXT:Historical Context | CONTEXT:Repository Context | EVALUATION:Risk Assessment | EVALUATION:Rule Conformance | EXAMPLE:Output Template | EXAMPLE:Technical Snippet | OUTPUT:Existing Thread Response | PROCESS:Cross-Run Memory | PROCESS:Decision Branch | PROCESS:Required Sequence | PROCESS:Work Delegation | RESOURCE:Local Workspace | SAFETY:Execution Isolation | SAFETY:Prompt Injection Defense | TASK:Artifact Review | TASK:Evidence Investigation
rq3_016,10,8,1,COMMUNICATION:Expert Role | CONSTRAINT:Quality Standard | CONSTRAINT:Resource Budget | CONSTRAINT:Scope Boundary | CONTEXT:Repository Context | OUTPUT:New Thread | PROCESS:Decision Branch | PROCESS:Required Sequence | RESOURCE:Development Toolchain | RESOURCE:GitHub Interface | TASK:Artifact Change,COMMUNICATION:Expert Role | CONSTRAINT:Quality Standard | CONSTRAINT:Resource Budget | CONSTRAINT:Scope Boundary | CONTEXT:Repository Context | EVALUATION:Execution Check | EXAMPLE:Technical Snippet | OUTPUT:Control Signal | OUTPUT:Repository Change | PROCESS:Decision Branch | PROCESS:Required Sequence | PROCESS:Within-Run Iteration | RESOURCE:Development Toolchain | RESOURCE:GitHub Interface | RESOURCE:Local Workspace | TASK:Artifact Change | TASK:Evidence Investigation | TASK:Executable Validation
rq3_017,10,5,5,COMMUNICATION:Expert Role | CONSTRAINT:Evidence Grounding | CONSTRAINT:Quality Standard | CONSTRAINT:Resource Budget | CONSTRAINT:Scope Boundary | CONTEXT:Repository Context | EVALUATION:Rule Conformance | EXAMPLE:Output Template | EXAMPLE:Technical Snippet | OUTPUT:Control Signal | OUTPUT:New Thread | OUTPUT:Standalone Artifact | PROCESS:Decision Branch | PROCESS:Required Sequence | TASK:Evidence Investigation,COMMUNICATION:Expert Role | CONSTRAINT:Evidence Grounding | CONSTRAINT:Quality Standard | CONSTRAINT:Resource Budget | CONTEXT:Domain Context | CONTEXT:Historical Context | CONTEXT:Repository Context | EVALUATION:Risk Assessment | OUTPUT:Control Signal | OUTPUT:New Thread | PROCESS:Decision Branch | PROCESS:Required Sequence | RESOURCE:GitHub Interface | RESOURCE:Local Workspace | TASK:Evidence Investigation
rq3_018,13,6,1,COMMUNICATION:Expert Role | CONSTRAINT:Scope Boundary | CONTEXT:Execution Environment | EVALUATION:Execution Check | EXAMPLE:Output Template | OUTPUT:Control Signal | OUTPUT:Repository Change | PROCESS:Decision Branch | PROCESS:Required Sequence | PROCESS:Within-Run Iteration | RESOURCE:Development Toolchain | RESOURCE:GitHub Interface | RESOURCE:Local Workspace | TASK:Artifact Change,COMMUNICATION:Expert Role | CONSTRAINT:Resource Budget | CONSTRAINT:Scope Boundary | CONTEXT:Domain Context | CONTEXT:Execution Environment | CONTEXT:Repository Context | EVALUATION:Rule Conformance | EXAMPLE:Output Template | EXAMPLE:Technical Snippet | OUTPUT:Control Signal | OUTPUT:Repository Change | PROCESS:Decision Branch | PROCESS:Required Sequence | PROCESS:Within-Run Iteration | RESOURCE:Development Toolchain | RESOURCE:GitHub Interface | RESOURCE:Local Workspace | TASK:Artifact Change | TASK:Executable Validation
rq3_019,9,7,3,CONSTRAINT:Evidence Grounding | CONSTRAINT:Resource Budget | CONSTRAINT:Scope Boundary | EXAMPLE:Technical Snippet | OUTPUT:New Thread | PROCESS:Decision Branch | PROCESS:Required Sequence | RESOURCE:Agent Resource | RESOURCE:Local Workspace | SAFETY:Information Confidentiality | TASK:Artifact Change | TASK:Executable Validation,CONSTRAINT:Resource Budget | CONSTRAINT:Scope Boundary | CONTEXT:Domain Context | CONTEXT:Repository Context | EVALUATION:Execution Check | EXAMPLE:Technical Snippet | OUTPUT:Repository Change | PROCESS:Decision Branch | PROCESS:Required Sequence | RESOURCE:Development Toolchain | RESOURCE:GitHub Interface | RESOURCE:Local Workspace | SAFETY:Information Confidentiality | TASK:Artifact Change | TASK:Evidence Investigation | TASK:Executable Validation
rq3_020,7,1,0,COMMUNICATION:Expert Role | CONSTRAINT:Quality Standard | CONTEXT:Repository Context | OUTPUT:New Thread | PROCESS:Required Sequence | RESOURCE:Web Retrieval | TASK:Evidence Investigation,COMMUNICATION:Expert Role | CONSTRAINT:Quality Standard | CONTEXT:Repository Context | OUTPUT:New Thread | PROCESS:Required Sequence | RESOURCE:GitHub Interface | RESOURCE:Web Retrieval | TASK:Evidence Investigation
rq3_021,11,7,1,COMMUNICATION:Expert Role | CONSTRAINT:Quality Standard | CONTEXT:Domain Context | CONTEXT:Repository Context | EXAMPLE:Output Template | EXAMPLE:Technical Snippet | OUTPUT:New Thread | PROCESS:Decision Branch | PROCESS:Required Sequence | PROCESS:Within-Run Iteration | RESOURCE:Local Workspace | TASK:Evidence Investigation,COMMUNICATION:Automation Disclosure | COMMUNICATION:Expert Role | CONSTRAINT:Quality Standard | CONSTRAINT:Scope Boundary | CONTEXT:Domain Context | CONTEXT:Execution Environment | CONTEXT:Historical Context | CONTEXT:Repository Context | EXAMPLE:Output Template | EXAMPLE:Technical Snippet | OUTPUT:Control Signal | OUTPUT:New Thread | PROCESS:Cross-Run Memory | PROCESS:Decision Branch | PROCESS:Required Sequence | RESOURCE:GitHub Interface | RESOURCE:Local Workspace | TASK:Evidence Investigation
rq3_022,10,2,7,COMMUNICATION:Audience Voice | CONSTRAINT:Evidence Grounding | CONSTRAINT:Quality Standard | CONSTRAINT:Scope Boundary | CONTEXT:Execution Environment | CONTEXT:Historical Context | CONTEXT:Repository Context | EXAMPLE:Output Template | EXAMPLE:Worked Case | OUTPUT:Control Signal | OUTPUT:Repository Change | PROCESS:Cross-Run Memory | PROCESS:Decision Branch | PROCESS:Required Sequence | RESOURCE:GitHub Interface | RESOURCE:Local Workspace | TASK:Artifact Change,CONSTRAINT:Quality Standard | CONSTRAINT:Scope Boundary | CONTEXT:Domain Context | CONTEXT:Historical Context | CONTEXT:Repository Context | OUTPUT:Control Signal | OUTPUT:Repository Change | PROCESS:Cross-Run Memory | PROCESS:Decision Branch | PROCESS:Required Sequence | TASK:Artifact Change | TASK:Evidence Investigation
rq3_023,4,10,1,CONSTRAINT:Resource Budget | CONSTRAINT:Scope Boundary | CONTEXT:Domain Context | EXAMPLE:Technical Snippet | RESOURCE:Agent Resource,CONSTRAINT:Resource Budget | CONSTRAINT:Scope Boundary | CONTEXT:Domain Context | CONTEXT:Execution Environment | CONTEXT:Historical Context | EXAMPLE:Technical Snippet | OUTPUT:Repository Change | PROCESS:Decision Branch | PROCESS:Required Sequence | PROCESS:Within-Run Iteration | RESOURCE:GitHub Interface | RESOURCE:Local Workspace | TASK:Artifact Change | TASK:Evidence Investigation
rq3_024,0,3,1,TASK:Artifact Review,CONSTRAINT:Scope Boundary | OUTPUT:Control Signal | PROCESS:Decision Branch
rq3_025,10,7,4,COMMUNICATION:Automation Disclosure | CONSTRAINT:Quality Standard | CONSTRAINT:Scope Boundary | CONTEXT:Repository Context | EVALUATION:Execution Check | EXAMPLE:Technical Snippet | OUTPUT:Control Signal | OUTPUT:Existing Thread Response | OUTPUT:New Thread | PROCESS:Decision Branch | PROCESS:Required Sequence | RESOURCE:Development Toolchain | RESOURCE:GitHub Interface | TASK:Executable Validation,CONSTRAINT:Evidence Grounding | CONSTRAINT:Quality Standard | CONSTRAINT:Scope Boundary | CONTEXT:Domain Context | CONTEXT:Execution Environment | CONTEXT:Repository Context | EVALUATION:Execution Check | OUTPUT:Existing Thread Response | OUTPUT:New Thread | PROCESS:Decision Branch | PROCESS:Required Sequence | RESOURCE:GitHub Interface | RESOURCE:Local Workspace | TASK:Artifact Change | TASK:Evidence Investigation | TASK:Executable Validation | TASK:Work Item Management
rq3_026,9,7,3,COMMUNICATION:Expert Role | CONSTRAINT:Evidence Grounding | CONSTRAINT:Scope Boundary | CONTEXT:Repository Context | EXAMPLE:Output Template | OUTPUT:Control Signal | OUTPUT:Existing Thread Response | OUTPUT:Repository Change | PROCESS:Decision Branch | PROCESS:Required Sequence | RESOURCE:GitHub Interface | TASK:Evidence Investigation,COMMUNICATION:Expert Role | CONSTRAINT:Quality Standard | CONSTRAINT:Scope Boundary | CONTEXT:Repository Context | EVALUATION:Risk Assessment | OUTPUT:Existing Thread Response | OUTPUT:Repository Change | PROCESS:Decision Branch | PROCESS:Required Sequence | PROCESS:Work Delegation | RESOURCE:Agent Resource | RESOURCE:GitHub Interface | RESOURCE:Local Workspace | TASK:Artifact Change | TASK:Evidence Investigation | TASK:Work Item Management
rq3_027,15,1,3,COMMUNICATION:Audience Voice | COMMUNICATION:Expert Role | CONSTRAINT:Quality Standard | CONSTRAINT:Resource Budget | CONSTRAINT:Scope Boundary | CONTEXT:Repository Context | EVALUATION:Risk Assessment | EVALUATION:Rule Conformance | EXAMPLE:Output Template | OUTPUT:Existing Thread Response | PROCESS:Decision Branch | PROCESS:Required Sequence | PROCESS:Within-Run Iteration | RESOURCE:GitHub Interface | RESOURCE:Local Workspace | RESOURCE:Web Retrieval | TASK:Artifact Review | TASK:Evidence Investigation,COMMUNICATION:Audience Voice | COMMUNICATION:Expert Role | CONSTRAINT:Quality Standard | CONSTRAINT:Resource Budget | CONTEXT:Domain Context | CONTEXT:Repository Context | EVALUATION:Rule Conformance | OUTPUT:Existing Thread Response | PROCESS:Decision Branch | PROCESS:Required Sequence | PROCESS:Within-Run Iteration | RESOURCE:GitHub Interface | RESOURCE:Local Workspace | RESOURCE:Web Retrieval | TASK:Artifact Review | TASK:Evidence Investigation
rq3_028,1,1,1,CONTEXT:Repository Context | TASK:Artifact Change,OUTPUT:Repository Change | TASK:Artifact Change
rq3_029,2,2,0,CONTEXT:Execution Environment | SAFETY:Execution Isolation,CONSTRAINT:Scope Boundary | CONTEXT:Execution Environment | SAFETY:Execution Isolation | TASK:Executable Validation
rq3_030,14,5,5,COMMUNICATION:Audience Voice | COMMUNICATION:Automation Disclosure | CONSTRAINT:Quality Standard | CONSTRAINT:Resource Budget | CONSTRAINT:Scope Boundary | CONTEXT:Repository Context | EVALUATION:Evidence Credibility | EXAMPLE:Output Template | OUTPUT:Control Signal | OUTPUT:Existing Thread Response | OUTPUT:New Thread | PROCESS:Cross-Run Memory | PROCESS:Decision Branch | PROCESS:Required Sequence | RESOURCE:Agent Resource | RESOURCE:GitHub Interface | RESOURCE:Local Workspace | TASK:Evidence Investigation | TASK:Work Item Management,COMMUNICATION:Audience Voice | COMMUNICATION:Automation Disclosure | COMMUNICATION:Expert Role | CONSTRAINT:Quality Standard | CONSTRAINT:Resource Budget | CONSTRAINT:Scope Boundary | CONTEXT:Domain Context | CONTEXT:Execution Environment | CONTEXT:Historical Context | CONTEXT:Repository Context | OUTPUT:Existing Thread Response | OUTPUT:New Thread | PROCESS:Cross-Run Memory | PROCESS:Decision Branch | PROCESS:Required Sequence | RESOURCE:Local Workspace | TASK:Artifact Review | TASK:Evidence Investigation | TASK:Work Item Management
rq3_031,13,4,1,COMMUNICATION:Expert Role | CONSTRAINT:Evidence Grounding | CONSTRAINT:Quality Standard | CONSTRAINT:Scope Boundary | CONTEXT:Repository Context | EVALUATION:Execution Check | EXAMPLE:Output Template | OUTPUT:New Thread | PROCESS:Decision Branch | PROCESS:Required Sequence | PROCESS:Within-Run Iteration | RESOURCE:Web Retrieval | SAFETY:Information Confidentiality | TASK:Evidence Investigation,COMMUNICATION:Expert Role | CONSTRAINT:Evidence Grounding | CONSTRAINT:Quality Standard | CONSTRAINT:Resource Budget | CONSTRAINT:Scope Boundary | CONTEXT:Domain Context | CONTEXT:Repository Context | EXAMPLE:Output Template | EXAMPLE:Technical Snippet | OUTPUT:New Thread | PROCESS:Decision Branch | PROCESS:Required Sequence | PROCESS:Within-Run Iteration | RESOURCE:Local Workspace | RESOURCE:Web Retrieval | SAFETY:Information Confidentiality | TASK:Evidence Investigation
rq3_032,6,7,1,CONSTRAINT:Quality Standard | CONSTRAINT:Resource Budget | CONTEXT:Domain Context | EXAMPLE:Technical Snippet | OUTPUT:Standalone Artifact | PROCESS:Decision Branch | TASK:Evidence Investigation,CONSTRAINT:Quality Standard | CONSTRAINT:Resource Budget | CONTEXT:Domain Context | CONTEXT:Execution Environment | CONTEXT:Repository Context | EXAMPLE:Technical Snippet | OUTPUT:Repository Change | PROCESS:Decision Branch | PROCESS:Required Sequence | PROCESS:Within-Run Iteration | RESOURCE:Local Workspace | TASK:Artifact Change | TASK:Evidence Investigation
rq3_033,9,4,1,COMMUNICATION:Audience Voice | CONSTRAINT:Quality Standard | CONSTRAINT:Scope Boundary | CONTEXT:Repository Context | OUTPUT:Existing Thread Response | OUTPUT:New Thread | PROCESS:Decision Branch | PROCESS:Required Sequence | RESOURCE:GitHub Interface | TASK:Artifact Review,COMMUNICATION:Expert Role | CONSTRAINT:Quality Standard | CONSTRAINT:Scope Boundary | CONTEXT:Repository Context | EXAMPLE:Technical Snippet | OUTPUT:Existing Thread Response | OUTPUT:New Thread | PROCESS:Decision Branch | PROCESS:Required Sequence | RESOURCE:GitHub Interface | RESOURCE:Local Workspace | TASK:Artifact Review | TASK:Work Item Management
rq3_034,14,2,9,COMMUNICATION:Automation Disclosure | COMMUNICATION:Expert Role | CONSTRAINT:Evidence Grounding | CONSTRAINT:Quality Standard | CONSTRAINT:Resource Budget | CONSTRAINT:Scope Boundary | CONTEXT:Execution Environment | CONTEXT:Historical Context | CONTEXT:Repository Context | EVALUATION:Risk Assessment | EVALUATION:Rule Conformance | EXAMPLE:Output Template | OUTPUT:Control Signal | OUTPUT:New Thread | PROCESS:Decision Branch | PROCESS:Required Sequence | PROCESS:Within-Run Iteration | PROCESS:Work Delegation | RESOURCE:Agent Resource | RESOURCE:GitHub Interface | RESOURCE:Local Workspace | TASK:Evidence Investigation | TASK:Work Item Management,COMMUNICATION:Expert Role | CONSTRAINT:Evidence Grounding | CONSTRAINT:Resource Budget | CONSTRAINT:Scope Boundary | CONTEXT:Domain Context | CONTEXT:Execution Environment | EXAMPLE:Output Template | EXAMPLE:Technical Snippet | OUTPUT:New Thread | PROCESS:Decision Branch | PROCESS:Required Sequence | PROCESS:Within-Run Iteration | PROCESS:Work Delegation | RESOURCE:GitHub Interface | RESOURCE:Local Workspace | TASK:Evidence Investigation
rq3_035,5,4,2,CONSTRAINT:Resource Budget | CONTEXT:Domain Context | OUTPUT:Repository Change | OUTPUT:Standalone Artifact | PROCESS:Decision Branch | PROCESS:Required Sequence | TASK:Evidence Investigation,CONSTRAINT:Resource Budget | CONSTRAINT:Scope Boundary | CONTEXT:Domain Context | CONTEXT:Repository Context | OUTPUT:Repository Change | PROCESS:Decision Branch | PROCESS:Required Sequence | RESOURCE:Local Workspace | TASK:Artifact Change
rq3_036,7,10,2,COMMUNICATION:Expert Role | CONSTRAINT:Evidence Grounding | CONSTRAINT:Quality Standard | CONTEXT:Repository Context | OUTPUT:New Thread | PROCESS:Decision Branch | PROCESS:Required Sequence | RESOURCE:Agent Resource | TASK:Evidence Investigation,COMMUNICATION:Expert Role | CONSTRAINT:Evidence Grounding | CONSTRAINT:Resource Budget | CONSTRAINT:Scope Boundary | CONTEXT:Domain Context | CONTEXT:Execution Environment | CONTEXT:Historical Context | CONTEXT:Repository Context | OUTPUT:New Thread | PROCESS:Cross-Run Memory | PROCESS:Decision Branch | PROCESS:Required Sequence | RESOURCE:Development Toolchain | RESOURCE:Local Workspace | TASK:Artifact Change | TASK:Evidence Investigation | TASK:Work Item Management
rq3_037,13,4,1,COMMUNICATION:Automation Disclosure | COMMUNICATION:Expert Role | CONSTRAINT:Resource Budget | CONSTRAINT:Scope Boundary | CONTEXT:Repository Context | EVALUATION:Rule Conformance | EXAMPLE:Output Template | OUTPUT:Control Signal | OUTPUT:Existing Thread Response | PROCESS:Decision Branch | PROCESS:Required Sequence | RESOURCE:GitHub Interface | TASK:Artifact Review | TASK:Work Item Management,COMMUNICATION:Automation Disclosure | COMMUNICATION:Expert Role | CONSTRAINT:Evidence Grounding | CONSTRAINT:Resource Budget | CONSTRAINT:Scope Boundary | CONTEXT:Domain Context | CONTEXT:Repository Context | EVALUATION:Rule Conformance | EXAMPLE:Output Template | OUTPUT:Existing Thread Response | OUTPUT:Repository Change | PROCESS:Decision Branch | PROCESS:Required Sequence | RESOURCE:GitHub Interface | TASK:Artifact Review | TASK:Evidence Investigation | TASK:Work Item Management
rq3_038,11,4,4,COMMUNICATION:Expert Role | CONSTRAINT:Evidence Grounding | CONSTRAINT:Quality Standard | CONSTRAINT:Resource Budget | CONSTRAINT:Scope Boundary | CONTEXT:Repository Context | EVALUATION:Rule Conformance | EXAMPLE:Output Template | OUTPUT:Existing Thread Response | PROCESS:Decision Branch | PROCESS:Required Sequence | RESOURCE:GitHub Interface | RESOURCE:Local Workspace | RESOURCE:Web Retrieval | TASK:Artifact Review,COMMUNICATION:Expert Role | CONSTRAINT:Scope Boundary | CONTEXT:Domain Context | CONTEXT:Execution Environment | CONTEXT:Repository Context | EXAMPLE:Output Template | EXAMPLE:Technical Snippet | OUTPUT:Existing Thread Response | PROCESS:Decision Branch | PROCESS:Required Sequence | PROCESS:Within-Run Iteration | RESOURCE:GitHub Interface | RESOURCE:Local Workspace | RESOURCE:Web Retrieval | TASK:Artifact Review
rq3_039,7,8,1,CONSTRAINT:Resource Budget | CONTEXT:Domain Context | EXAMPLE:Technical Snippet | OUTPUT:Standalone Artifact | PROCESS:Decision Branch | PROCESS:Required Sequence | RESOURCE:Local Workspace | TASK:Artifact Change,CONSTRAINT:Resource Budget | CONSTRAINT:Scope Boundary | CONTEXT:Domain Context | CONTEXT:Execution Environment | CONTEXT:Historical Context | CONTEXT:Repository Context | EXAMPLE:Technical Snippet | OUTPUT:Repository Change | PROCESS:Decision Branch | PROCESS:Required Sequence | PROCESS:Within-Run Iteration | RESOURCE:Local Workspace | RESOURCE:Web Retrieval | TASK:Artifact Change | TASK:Evidence Investigation
rq3_040,12,9,3,COMMUNICATION:Audience Voice | COMMUNICATION:Expert Role | CONSTRAINT:Quality Standard | CONSTRAINT:Scope Boundary | CONTEXT:Repository Context | EXAMPLE:Output Template | EXAMPLE:Technical Snippet | OUTPUT:New Thread | OUTPUT:Standalone Artifact | PROCESS:Required Sequence | RESOURCE:Agent Resource | RESOURCE:GitHub Interface | RESOURCE:Local Workspace | TASK:Artifact Review | TASK:Evidence Investigation,COMMUNICATION:Expert Role | CONSTRAINT:Quality Standard | CONSTRAINT:Scope Boundary | CONTEXT:Domain Context | CONTEXT:Execution Environment | CONTEXT:Historical Context | CONTEXT:Repository Context | EXAMPLE:Output Template | EXAMPLE:Technical Snippet | OUTPUT:New Thread | OUTPUT:Repository Change | PROCESS:Cross-Run Memory | PROCESS:Decision Branch | PROCESS:Required Sequence | PROCESS:Within-Run Iteration | RESOURCE:GitHub Interface | RESOURCE:Local Workspace | TASK:Artifact Change | TASK:Artifact Review | TASK:Evidence Investigation | TASK:Work Item Management
rq3_041,13,0,4,CONSTRAINT:Evidence Grounding | CONSTRAINT:Scope Boundary | CONTEXT:Domain Context | EVALUATION:Risk Assessment | EVALUATION:Rule Conformance | EXAMPLE:Output Template | OUTPUT:Control Signal | OUTPUT:New Thread | PROCESS:Decision Branch | PROCESS:Required Sequence | PROCESS:Within-Run Iteration | PROCESS:Work Delegation | RESOURCE:Agent Resource | RESOURCE:GitHub Interface | RESOURCE:Local Workspace | TASK:Artifact Review | TASK:Evidence Investigation,CONTEXT:Domain Context | EVALUATION:Rule Conformance | OUTPUT:Control Signal | OUTPUT:New Thread | PROCESS:Decision Branch | PROCESS:Required Sequence | PROCESS:Within-Run Iteration | PROCESS:Work Delegation | RESOURCE:Agent Resource | RESOURCE:GitHub Interface | RESOURCE:Local Workspace | TASK:Artifact Review | TASK:Evidence Investigation
rq3_042,7,4,2,COMMUNICATION:Expert Role | CONSTRAINT:Resource Budget | CONTEXT:Repository Context | EXAMPLE:Output Template | EXAMPLE:Technical Snippet | OUTPUT:New Thread | PROCESS:Decision Branch | PROCESS:Required Sequence | TASK:Executable Validation,COMMUNICATION:Expert Role | CONTEXT:Domain Context | CONTEXT:Execution Environment | CONTEXT:Repository Context | EXAMPLE:Output Template | EXAMPLE:Technical Snippet | OUTPUT:New Thread | PROCESS:Required Sequence | RESOURCE:GitHub Interface | TASK:Evidence Investigation | TASK:Executable Validation
rq3_043,11,12,2,CONSTRAINT:Scope Boundary | CONTEXT:Domain Context | CONTEXT:Execution Environment | EXAMPLE:Technical Snippet | OUTPUT:New Thread | OUTPUT:Repository Change | PROCESS:Decision Branch | PROCESS:Required Sequence | RESOURCE:Agent Resource | RESOURCE:Development Toolchain | RESOURCE:GitHub Interface | TASK:Artifact Change | TASK:Executable Validation,CONSTRAINT:Evidence Grounding | CONSTRAINT:Quality Standard | CONSTRAINT:Scope Boundary | CONTEXT:Domain Context | CONTEXT:Execution Environment | CONTEXT:Repository Context | EVALUATION:Execution Check | EVALUATION:Rule Conformance | EXAMPLE:Technical Snippet | OUTPUT:Control Signal | OUTPUT:Existing Thread Response | OUTPUT:Repository Change | PROCESS:Decision Branch | PROCESS:Required Sequence | RESOURCE:Development Toolchain | RESOURCE:GitHub Interface | RESOURCE:Local Workspace | RESOURCE:Web Retrieval | SAFETY:Execution Isolation | TASK:Artifact Change | TASK:Evidence Investigation | TASK:Executable Validation | TASK:Work Item Management
rq3_044,13,2,6,COMMUNICATION:Automation Disclosure | COMMUNICATION:Expert Role | CONSTRAINT:Quality Standard | CONSTRAINT:Resource Budget | CONSTRAINT:Scope Boundary | CONTEXT:Repository Context | EVALUATION:Execution Check | EXAMPLE:Output Template | OUTPUT:Repository Change | PROCESS:Decision Branch | PROCESS:Required Sequence | PROCESS:Within-Run Iteration | RESOURCE:Development Toolchain | RESOURCE:GitHub Interface | RESOURCE:Local Workspace | RESOURCE:Web Retrieval | SAFETY:Execution Isolation | TASK:Artifact Change | TASK:Executable Validation,COMMUNICATION:Automation Disclosure | COMMUNICATION:Expert Role | CONSTRAINT:Quality Standard | CONSTRAINT:Scope Boundary | CONTEXT:Domain Context | CONTEXT:Execution Environment | CONTEXT:Repository Context | OUTPUT:Repository Change | PROCESS:Decision Branch | PROCESS:Required Sequence | RESOURCE:Development Toolchain | RESOURCE:GitHub Interface | RESOURCE:Local Workspace | TASK:Artifact Change | TASK:Executable Validation
rq3_045,8,6,4,COMMUNICATION:Audience Voice | COMMUNICATION:Expert Role | CONSTRAINT:Evidence Grounding | CONSTRAINT:Quality Standard | CONTEXT:Repository Context | EXAMPLE:Output Template | EXAMPLE:Technical Snippet | OUTPUT:New Thread | PROCESS:Decision Branch | PROCESS:Required Sequence | TASK:Artifact Review | TASK:Evidence Investigation,COMMUNICATION:Expert Role | CONTEXT:Domain Context | CONTEXT:Repository Context | EVALUATION:Execution Check | EXAMPLE:Output Template | EXAMPLE:Technical Snippet | OUTPUT:New Thread | PROCESS:Decision Branch | PROCESS:Required Sequence | RESOURCE:Development Toolchain | RESOURCE:GitHub Interface | TASK:Evidence Investigation | TASK:Executable Validation | TASK:Work Item Management
rq3_046,4,6,2,COMMUNICATION:Expert Role | CONSTRAINT:Quality Standard | CONSTRAINT:Scope Boundary | OUTPUT:New Thread | PROCESS:Required Sequence | TASK:Artifact Review,COMMUNICATION:Expert Role | CONSTRAINT:Scope Boundary | CONTEXT:Domain Context | CONTEXT:Repository Context | OUTPUT:New Thread | PROCESS:Cross-Run Memory | PROCESS:Decision Branch | PROCESS:Required Sequence | TASK:Artifact Change | TASK:Evidence Investigation
rq3_047,6,4,1,CONSTRAINT:Quality Standard | CONSTRAINT:Scope Boundary | CONTEXT:Repository Context | OUTPUT:Repository Change | PROCESS:Decision Branch | PROCESS:Required Sequence | TASK:Artifact Change,CONSTRAINT:Scope Boundary | CONTEXT:Domain Context | CONTEXT:Repository Context | OUTPUT:Control Signal | OUTPUT:Repository Change | PROCESS:Decision Branch | PROCESS:Required Sequence | PROCESS:Work Delegation | RESOURCE:Local Workspace | TASK:Artifact Change
rq3_048,16,1,2,COMMUNICATION:Audience Voice | COMMUNICATION:Automation Disclosure | CONSTRAINT:Quality Standard | CONSTRAINT:Resource Budget | CONSTRAINT:Scope Boundary | CONTEXT:Domain Context | CONTEXT:Repository Context | EVALUATION:Rule Conformance | EXAMPLE:Output Template | EXAMPLE:Technical Snippet | OUTPUT:Control Signal | OUTPUT:Existing Thread Response | OUTPUT:Standalone Artifact | PROCESS:Decision Branch | PROCESS:Required Sequence | PROCESS:Within-Run Iteration | RESOURCE:GitHub Interface | TASK:Work Item Management,COMMUNICATION:Audience Voice | COMMUNICATION:Automation Disclosure | CONSTRAINT:Quality Standard | CONSTRAINT:Resource Budget | CONSTRAINT:Scope Boundary | CONTEXT:Domain Context | CONTEXT:Repository Context | EXAMPLE:Output Template | EXAMPLE:Technical Snippet | OUTPUT:Existing Thread Response | OUTPUT:Standalone Artifact | PROCESS:Decision Branch | PROCESS:Required Sequence | PROCESS:Within-Run Iteration | RESOURCE:GitHub Interface | TASK:Evidence Investigation | TASK:Work Item Management
rq3_049,11,4,2,COMMUNICATION:Expert Role | CONSTRAINT:Evidence Grounding | CONSTRAINT:Quality Standard | CONSTRAINT:Resource Budget | CONSTRAINT:Scope Boundary | CONTEXT:Repository Context | EXAMPLE:Output Template | OUTPUT:Existing Thread Response | PROCESS:Decision Branch | PROCESS:Required Sequence | RESOURCE:GitHub Interface | SAFETY:Execution Isolation | TASK:Evidence Investigation,COMMUNICATION:Automation Disclosure | COMMUNICATION:Expert Role | CONSTRAINT:Evidence Grounding | CONSTRAINT:Quality Standard | CONSTRAINT:Resource Budget | CONSTRAINT:Scope Boundary | CONTEXT:Domain Context | CONTEXT:Repository Context | EXAMPLE:Output Template | OUTPUT:Control Signal | OUTPUT:Existing Thread Response | PROCESS:Decision Branch | PROCESS:Required Sequence | RESOURCE:Local Workspace | TASK:Evidence Investigation
rq3_050,2,2,1,CONTEXT:Domain Context | CONTEXT:Historical Context | TASK:Artifact Change,CONTEXT:Domain Context | CONTEXT:Repository Context | OUTPUT:Repository Change | TASK:Artifact Change
rq3_052,3,4,3,CONSTRAINT:Quality Standard | CONTEXT:Repository Context | EVALUATION:Rule Conformance | OUTPUT:New Thread | TASK:Artifact Review | TASK:Evidence Investigation,CONSTRAINT:Quality Standard | OUTPUT:Control Signal | OUTPUT:New Thread | PROCESS:Decision Branch | PROCESS:Required Sequence | RESOURCE:GitHub Interface | TASK:Evidence Investigation
rq3_053,6,3,2,COMMUNICATION:Automation Disclosure | CONSTRAINT:Quality Standard | CONSTRAINT:Scope Boundary | OUTPUT:Control Signal | OUTPUT:Repository Change | PROCESS:Decision Branch | PROCESS:Required Sequence | TASK:Artifact Change,CONSTRAINT:Scope Boundary | CONTEXT:Domain Context | CONTEXT:Execution Environment | OUTPUT:Control Signal | OUTPUT:Repository Change | PROCESS:Decision Branch | PROCESS:Required Sequence | RESOURCE:Local Workspace | TASK:Artifact Change
rq3_054,8,6,0,CONSTRAINT:Evidence Grounding | CONSTRAINT:Quality Standard | CONTEXT:Repository Context | OUTPUT:New Thread | PROCESS:Decision Branch | PROCESS:Required Sequence | RESOURCE:GitHub Interface | TASK:Evidence Investigation,CONSTRAINT:Evidence Grounding | CONSTRAINT:Quality Standard | CONSTRAINT:Scope Boundary | CONTEXT:Domain Context | CONTEXT:Repository Context | OUTPUT:Control Signal | OUTPUT:New Thread | PROCESS:Decision Branch | PROCESS:Required Sequence | RESOURCE:GitHub Interface | TASK:Artifact Change | TASK:Artifact Review | TASK:Evidence Investigation | TASK:Work Item Management
rq3_055,17,5,8,COMMUNICATION:Automation Disclosure | COMMUNICATION:Expert Role | CONSTRAINT:Quality Standard | CONSTRAINT:Resource Budget | CONSTRAINT:Scope Boundary | CONTEXT:Execution Environment | CONTEXT:Historical Context | CONTEXT:Repository Context | EVALUATION:Evidence Credibility | EVALUATION:Risk Assessment | EXAMPLE:Output Template | OUTPUT:Existing Thread Response | OUTPUT:New Thread | PROCESS:Cross-Run Memory | PROCESS:Decision Branch | PROCESS:Required Sequence | PROCESS:Within-Run Iteration | RESOURCE:Agent Resource | RESOURCE:GitHub Interface | RESOURCE:Local Workspace | RESOURCE:Web Retrieval | SAFETY:Execution Isolation | SAFETY:Information Confidentiality | SAFETY:Vulnerability Handling | TASK:Evidence Investigation,COMMUNICATION:Expert Role | CONSTRAINT:Evidence Grounding | CONSTRAINT:Quality Standard | CONSTRAINT:Resource Budget | CONSTRAINT:Scope Boundary | CONTEXT:Domain Context | CONTEXT:Execution Environment | CONTEXT:Historical Context | CONTEXT:Repository Context | EXAMPLE:Output Template | EXAMPLE:Technical Snippet | OUTPUT:New Thread | PROCESS:Cross-Run Memory | PROCESS:Decision Branch | PROCESS:Required Sequence | PROCESS:Within-Run Iteration | RESOURCE:GitHub Interface | RESOURCE:Local Workspace | SAFETY:Execution Isolation | TASK:Artifact Change | TASK:Evidence Investigation | TASK:Work Item Management
rq3_056,15,2,6,CONSTRAINT:Evidence Grounding | CONSTRAINT:Quality Standard | CONSTRAINT:Scope Boundary | CONTEXT:Domain Context | CONTEXT:Execution Environment | CONTEXT:Repository Context | EVALUATION:Execution Check | EVALUATION:Risk Assessment | EVALUATION:Rule Conformance | OUTPUT:Control Signal | OUTPUT:New Thread | OUTPUT:Repository Change | PROCESS:Decision Branch | PROCESS:Required Sequence | PROCESS:Within-Run Iteration | RESOURCE:Development Toolchain | RESOURCE:GitHub Interface | RESOURCE:Local Workspace | TASK:Artifact Change | TASK:Executable Validation | TASK:Work Item Management,CONSTRAINT:Scope Boundary | CONTEXT:Domain Context | CONTEXT:Historical Context | CONTEXT:Repository Context | EVALUATION:Execution Check | OUTPUT:Control Signal | OUTPUT:New Thread | OUTPUT:Repository Change | PROCESS:Decision Branch | PROCESS:Required Sequence | RESOURCE:Development Toolchain | RESOURCE:GitHub Interface | RESOURCE:Local Workspace | TASK:Artifact Change | TASK:Evidence Investigation | TASK:Executable Validation | TASK:Work Item Management
rq3_057,8,3,6,COMMUNICATION:Audience Voice | COMMUNICATION:Expert Role | CONSTRAINT:Quality Standard | CONSTRAINT:Scope Boundary | CONTEXT:Repository Context | EXAMPLE:Output Template | EXAMPLE:Worked Case | OUTPUT:Control Signal | OUTPUT:Existing Thread Response | PROCESS:Decision Branch | PROCESS:Required Sequence | PROCESS:Work Delegation | RESOURCE:Agent Resource | RESOURCE:GitHub Interface,COMMUNICATION:Expert Role | CONSTRAINT:Scope Boundary | CONTEXT:Domain Context | CONTEXT:Repository Context | OUTPUT:Existing Thread Response | PROCESS:Decision Branch | PROCESS:Required Sequence | PROCESS:Work Delegation | RESOURCE:Agent Resource | TASK:Evidence Investigation | TASK:Work Item Management
rq3_058,7,1,3,CONSTRAINT:Quality Standard | CONSTRAINT:Resource Budget | CONSTRAINT:Scope Boundary | CONTEXT:Repository Context | OUTPUT:Standalone Artifact | PROCESS:Decision Branch | PROCESS:Required Sequence | RESOURCE:Local Workspace | SAFETY:Execution Isolation | TASK:Evidence Investigation,CONSTRAINT:Resource Budget | CONSTRAINT:Scope Boundary | CONTEXT:Repository Context | OUTPUT:Standalone Artifact | PROCESS:Required Sequence | RESOURCE:Local Workspace | TASK:Artifact Change | TASK:Evidence Investigation
rq3_059,7,7,0,CONSTRAINT:Scope Boundary | CONTEXT:Repository Context | EXAMPLE:Output Template | EXAMPLE:Technical Snippet | OUTPUT:New Thread | PROCESS:Required Sequence | TASK:Evidence Investigation,CONSTRAINT:Scope Boundary | CONTEXT:Repository Context | EVALUATION:Risk Assessment | EXAMPLE:Output Template | EXAMPLE:Technical Snippet | OUTPUT:Control Signal | OUTPUT:New Thread | PROCESS:Decision Branch | PROCESS:Required Sequence | RESOURCE:GitHub Interface | RESOURCE:Local Workspace | TASK:Artifact Change | TASK:Evidence Investigation | TASK:Work Item Management
rq3_061,12,2,7,COMMUNICATION:Automation Disclosure | COMMUNICATION:Expert Role | CONSTRAINT:Resource Budget | CONTEXT:Domain Context | CONTEXT:Execution Environment | CONTEXT:Repository Context | EVALUATION:Execution Check | EVALUATION:Risk Assessment | EXAMPLE:Output Template | EXAMPLE:Worked Case | OUTPUT:Control Signal | OUTPUT:Existing Thread Response | OUTPUT:New Thread | PROCESS:Decision Branch | PROCESS:Required Sequence | PROCESS:Within-Run Iteration | RESOURCE:GitHub Interface | TASK:Evidence Investigation | TASK:Work Item Management,COMMUNICATION:Expert Role | CONTEXT:Domain Context | CONTEXT:Historical Context | CONTEXT:Repository Context | EXAMPLE:Output Template | OUTPUT:Control Signal | OUTPUT:Existing Thread Response | OUTPUT:New Thread | PROCESS:Decision Branch | PROCESS:Required Sequence | PROCESS:Within-Run Iteration | RESOURCE:GitHub Interface | TASK:Artifact Change | TASK:Evidence Investigation
rq3_062,10,1,4,COMMUNICATION:Expert Role | CONSTRAINT:Quality Standard | CONSTRAINT:Resource Budget | CONSTRAINT:Scope Boundary | CONTEXT:Execution Environment | EVALUATION:Rule Conformance | OUTPUT:Standalone Artifact | PROCESS:Decision Branch | PROCESS:Required Sequence | PROCESS:Within-Run Iteration | RESOURCE:GitHub Interface | RESOURCE:Local Workspace | TASK:Artifact Review | TASK:Evidence Investigation,COMMUNICATION:Expert Role | CONSTRAINT:Resource Budget | CONSTRAINT:Scope Boundary | CONTEXT:Repository Context | OUTPUT:Standalone Artifact | PROCESS:Decision Branch | PROCESS:Required Sequence | PROCESS:Within-Run Iteration | RESOURCE:GitHub Interface | RESOURCE:Local Workspace | TASK:Evidence Investigation
rq3_063,8,0,1,CONSTRAINT:Quality Standard | CONSTRAINT:Scope Boundary | CONTEXT:Repository Context | OUTPUT:Existing Thread Response | PROCESS:Decision Branch | PROCESS:Required Sequence | RESOURCE:GitHub Interface | RESOURCE:Local Workspace | TASK:Evidence Investigation,CONSTRAINT:Scope Boundary | CONTEXT:Repository Context | OUTPUT:Existing Thread Response | PROCESS:Decision Branch | PROCESS:Required Sequence | RESOURCE:GitHub Interface | RESOURCE:Local Workspace | TASK:Evidence Investigation
rq3_064,11,0,2,CONSTRAINT:Quality Standard | CONSTRAINT:Resource Budget | CONSTRAINT:Scope Boundary | CONTEXT:Repository Context | OUTPUT:Control Signal | OUTPUT:Repository Change | PROCESS:Decision Branch | PROCESS:Required Sequence | PROCESS:Within-Run Iteration | RESOURCE:GitHub Interface | RESOURCE:Local Workspace | SAFETY:Execution Isolation | TASK:Artifact Change,CONSTRAINT:Quality Standard | CONSTRAINT:Resource Budget | CONSTRAINT:Scope Boundary | OUTPUT:Control Signal | OUTPUT:Repository Change | PROCESS:Decision Branch | PROCESS:Required Sequence | PROCESS:Within-Run Iteration | RESOURCE:GitHub Interface | RESOURCE:Local Workspace | TASK:Artifact Change
rq3_065,10,1,11,CONSTRAINT:Resource Budget | CONSTRAINT:Scope Boundary | CONTEXT:Domain Context | CONTEXT:Repository Context | EVALUATION:Execution Check | EVALUATION:Risk Assessment | EVALUATION:Rule Conformance | EXAMPLE:Output Template | EXAMPLE:Technical Snippet | EXAMPLE:Worked Case | OUTPUT:New Thread | OUTPUT:Standalone Artifact | PROCESS:Decision Branch | PROCESS:Required Sequence | PROCESS:Within-Run Iteration | RESOURCE:GitHub Interface | RESOURCE:Local Workspace | SAFETY:Execution Isolation | SAFETY:Information Confidentiality | SAFETY:Vulnerability Handling | TASK:Evidence Investigation,CONTEXT:Domain Context | CONTEXT:Repository Context | EVALUATION:Risk Assessment | EXAMPLE:Output Template | EXAMPLE:Technical Snippet | OUTPUT:New Thread | PROCESS:Required Sequence | RESOURCE:GitHub Interface | RESOURCE:Local Workspace | TASK:Evidence Investigation | TASK:Work Item Management
rq3_066,11,1,13,COMMUNICATION:Automation Disclosure | COMMUNICATION:Expert Role | CONSTRAINT:Evidence Grounding | CONSTRAINT:Quality Standard | CONSTRAINT:Scope Boundary | CONTEXT:Domain Context | CONTEXT:Repository Context | EXAMPLE:Output Template | EXAMPLE:Technical Snippet | EXAMPLE:Worked Case | OUTPUT:Control Signal | OUTPUT:Existing Thread Response | OUTPUT:New Thread | OUTPUT:Repository Change | PROCESS:Cross-Run Memory | PROCESS:Decision Branch | PROCESS:Required Sequence | PROCESS:Within-Run Iteration | RESOURCE:GitHub Interface | RESOURCE:Local Workspace | SAFETY:Vulnerability Handling | TASK:Artifact Change | TASK:Evidence Investigation | TASK:Work Item Management,COMMUNICATION:Expert Role | CONTEXT:Domain Context | CONTEXT:Repository Context | OUTPUT:Control Signal | OUTPUT:Repository Change | PROCESS:Decision Branch | PROCESS:Required Sequence | RESOURCE:GitHub Interface | RESOURCE:Local Workspace | RESOURCE:Web Retrieval | TASK:Artifact Change | TASK:Work Item Management
rq3_068,4,1,5,CONSTRAINT:Quality Standard | CONSTRAINT:Scope Boundary | CONTEXT:Execution Environment | CONTEXT:Historical Context | CONTEXT:Repository Context | EXAMPLE:Output Template | OUTPUT:Existing Thread Response | RESOURCE:GitHub Interface | TASK:Artifact Review,CONTEXT:Execution Environment | CONTEXT:Repository Context | OUTPUT:Existing Thread Response | PROCESS:Required Sequence | TASK:Artifact Review
rq3_069,16,0,4,COMMUNICATION:Audience Voice | COMMUNICATION:Expert Role | CONSTRAINT:Evidence Grounding | CONSTRAINT:Quality Standard | CONSTRAINT:Scope Boundary | CONTEXT:Domain Context | CONTEXT:Execution Environment | CONTEXT:Repository Context | EVALUATION:Rule Conformance | EXAMPLE:Output Template | EXAMPLE:Technical Snippet | OUTPUT:Control Signal | OUTPUT:Standalone Artifact | PROCESS:Decision Branch | PROCESS:Required Sequence | PROCESS:Within-Run Iteration | RESOURCE:GitHub Interface | RESOURCE:Local Workspace | TASK:Artifact Change | TASK:Evidence Investigation,COMMUNICATION:Audience Voice | CONSTRAINT:Evidence Grounding | CONSTRAINT:Quality Standard | CONSTRAINT:Scope Boundary | CONTEXT:Domain Context | CONTEXT:Execution Environment | CONTEXT:Repository Context | EXAMPLE:Output Template | EXAMPLE:Technical Snippet | OUTPUT:Standalone Artifact | PROCESS:Decision Branch | PROCESS:Required Sequence | RESOURCE:GitHub Interface | RESOURCE:Local Workspace | TASK:Artifact Change | TASK:Evidence Investigation
rq3_070,18,4,9,COMMUNICATION:Automation Disclosure | CONSTRAINT:Evidence Grounding | CONSTRAINT:Quality Standard | CONSTRAINT:Resource Budget | CONSTRAINT:Scope Boundary | CONTEXT:Domain Context | CONTEXT:Execution Environment | CONTEXT:Repository Context | EVALUATION:Evidence Credibility | EVALUATION:Rule Conformance | EXAMPLE:Output Template | EXAMPLE:Worked Case | OUTPUT:Control Signal | OUTPUT:Repository Change | PROCESS:Cross-Run Memory | PROCESS:Decision Branch | PROCESS:Required Sequence | PROCESS:Within-Run Iteration | RESOURCE:Development Toolchain | RESOURCE:GitHub Interface | RESOURCE:Local Workspace | SAFETY:Execution Isolation | SAFETY:Prompt Injection Defense | TASK:Artifact Change | TASK:Evidence Investigation | TASK:Executable Validation | TASK:Work Item Management,COMMUNICATION:Expert Role | CONSTRAINT:Quality Standard | CONSTRAINT:Scope Boundary | CONTEXT:Execution Environment | CONTEXT:Historical Context | CONTEXT:Repository Context | EVALUATION:Execution Check | EVALUATION:Rule Conformance | EXAMPLE:Technical Snippet | OUTPUT:Control Signal | OUTPUT:Repository Change | PROCESS:Cross-Run Memory | PROCESS:Decision Branch | PROCESS:Required Sequence | PROCESS:Within-Run Iteration | RESOURCE:Development Toolchain | RESOURCE:GitHub Interface | RESOURCE:Local Workspace | SAFETY:Prompt Injection Defense | TASK:Artifact Change | TASK:Evidence Investigation | TASK:Executable Validation
rq3_071,9,8,2,CONSTRAINT:Quality Standard | CONSTRAINT:Scope Boundary | CONTEXT:Repository Context | EVALUATION:Rule Conformance | OUTPUT:Control Signal | OUTPUT:New Thread | PROCESS:Decision Branch | PROCESS:Required Sequence | PROCESS:Work Delegation | RESOURCE:Agent Resource | TASK:Evidence Investigation,CONSTRAINT:Evidence Grounding | CONSTRAINT:Quality Standard | CONSTRAINT:Resource Budget | CONSTRAINT:Scope Boundary | CONTEXT:Domain Context | CONTEXT:Repository Context | EXAMPLE:Output Template | OUTPUT:New Thread | PROCESS:Decision Branch | PROCESS:Required Sequence | PROCESS:Within-Run Iteration | PROCESS:Work Delegation | RESOURCE:Agent Resource | RESOURCE:GitHub Interface | RESOURCE:Local Workspace | TASK:Evidence Investigation | TASK:Work Item Management
rq3_072,8,9,0,CONSTRAINT:Evidence Grounding | CONSTRAINT:Scope Boundary | EXAMPLE:Output Template | OUTPUT:New Thread | PROCESS:Decision Branch | PROCESS:Required Sequence | RESOURCE:GitHub Interface | TASK:Evidence Investigation,CONSTRAINT:Evidence Grounding | CONSTRAINT:Quality Standard | CONSTRAINT:Scope Boundary | CONTEXT:Domain Context | CONTEXT:Repository Context | EVALUATION:Rule Conformance | EXAMPLE:Output Template | EXAMPLE:Technical Snippet | OUTPUT:Control Signal | OUTPUT:New Thread | PROCESS:Decision Branch | PROCESS:Required Sequence | PROCESS:Within-Run Iteration | RESOURCE:GitHub Interface | RESOURCE:Local Workspace | TASK:Evidence Investigation | TASK:Work Item Management
rq3_073,12,4,3,COMMUNICATION:Expert Role | CONSTRAINT:Scope Boundary | CONTEXT:Execution Environment | CONTEXT:Repository Context | EVALUATION:Execution Check | EXAMPLE:Technical Snippet | OUTPUT:New Thread | OUTPUT:Standalone Artifact | PROCESS:Decision Branch | PROCESS:Required Sequence | RESOURCE:Agent Resource | RESOURCE:GitHub Interface | RESOURCE:Local Workspace | SAFETY:Execution Isolation | TASK:Executable Validation,COMMUNICATION:Expert Role | CONSTRAINT:Quality Standard | CONSTRAINT:Scope Boundary | CONTEXT:Domain Context | CONTEXT:Execution Environment | CONTEXT:Repository Context | EVALUATION:Execution Check | EXAMPLE:Technical Snippet | OUTPUT:New Thread | PROCESS:Decision Branch | PROCESS:Required Sequence | PROCESS:Within-Run Iteration | RESOURCE:Development Toolchain | RESOURCE:GitHub Interface | RESOURCE:Local Workspace | TASK:Executable Validation
rq3_074,10,2,3,COMMUNICATION:Expert Role | CONSTRAINT:Evidence Grounding | CONSTRAINT:Quality Standard | CONSTRAINT:Scope Boundary | CONTEXT:Repository Context | OUTPUT:Control Signal | OUTPUT:Repository Change | PROCESS:Decision Branch | PROCESS:Required Sequence | PROCESS:Within-Run Iteration | RESOURCE:Local Workspace | TASK:Artifact Change | TASK:Evidence Investigation,COMMUNICATION:Expert Role | CONSTRAINT:Evidence Grounding | CONSTRAINT:Quality Standard | CONSTRAINT:Scope Boundary | CONTEXT:Domain Context | CONTEXT:Repository Context | EXAMPLE:Technical Snippet | OUTPUT:Repository Change | PROCESS:Decision Branch | PROCESS:Required Sequence | TASK:Artifact Change | TASK:Evidence Investigation
rq3_075,6,3,4,CONSTRAINT:Quality Standard | CONTEXT:Repository Context | EXAMPLE:Output Template | OUTPUT:Control Signal | OUTPUT:New Thread | OUTPUT:Repository Change | PROCESS:Decision Branch | PROCESS:Required Sequence | RESOURCE:GitHub Interface | TASK:Artifact Change,CONSTRAINT:Scope Boundary | OUTPUT:Control Signal | OUTPUT:Repository Change | PROCESS:Decision Branch | PROCESS:Required Sequence | RESOURCE:GitHub Interface | RESOURCE:Local Workspace | TASK:Artifact Change | TASK:Evidence Investigation
rq3_076,20,1,2,COMMUNICATION:Automation Disclosure | COMMUNICATION:Expert Role | CONSTRAINT:Quality Standard | CONSTRAINT:Resource Budget | CONSTRAINT:Scope Boundary | CONTEXT:Domain Context | CONTEXT:Repository Context | EVALUATION:Execution Check | EXAMPLE:Technical Snippet | EXAMPLE:Worked Case | OUTPUT:Control Signal | OUTPUT:Existing Thread Response | OUTPUT:Repository Change | PROCESS:Decision Branch | PROCESS:Required Sequence | PROCESS:Within-Run Iteration | RESOURCE:Development Toolchain | RESOURCE:GitHub Interface | RESOURCE:Local Workspace | TASK:Artifact Change | TASK:Evidence Investigation | TASK:Executable Validation,COMMUNICATION:Expert Role | CONSTRAINT:Quality Standard | CONSTRAINT:Resource Budget | CONSTRAINT:Scope Boundary | CONTEXT:Domain Context | CONTEXT:Execution Environment | CONTEXT:Repository Context | EVALUATION:Execution Check | EXAMPLE:Technical Snippet | OUTPUT:Control Signal | OUTPUT:Existing Thread Response | OUTPUT:Repository Change | PROCESS:Decision Branch | PROCESS:Required Sequence | PROCESS:Within-Run Iteration | RESOURCE:Development Toolchain | RESOURCE:GitHub Interface | RESOURCE:Local Workspace | TASK:Artifact Change | TASK:Evidence Investigation | TASK:Executable Validation
rq3_077,12,2,9,COMMUNICATION:Audience Voice | COMMUNICATION:Automation Disclosure | COMMUNICATION:Expert Role | CONSTRAINT:Evidence Grounding | CONSTRAINT:Quality Standard | CONSTRAINT:Resource Budget | CONSTRAINT:Scope Boundary | CONTEXT:Domain Context | CONTEXT:Repository Context | EVALUATION:Risk Assessment | EVALUATION:Rule Conformance | EXAMPLE:Output Template | OUTPUT:Control Signal | OUTPUT:Repository Change | PROCESS:Decision Branch | PROCESS:Required Sequence | PROCESS:Within-Run Iteration | RESOURCE:Local Workspace | RESOURCE:Web Retrieval | TASK:Artifact Change | TASK:Artifact Review,COMMUNICATION:Expert Role | CONSTRAINT:Evidence Grounding | CONSTRAINT:Quality Standard | CONSTRAINT:Resource Budget | CONSTRAINT:Scope Boundary | CONTEXT:Domain Context | CONTEXT:Repository Context | EXAMPLE:Technical Snippet | OUTPUT:Control Signal | OUTPUT:Repository Change | PROCESS:Decision Branch | PROCESS:Required Sequence | TASK:Artifact Change | TASK:Evidence Investigation
rq3_078,7,4,4,COMMUNICATION:Audience Voice | CONSTRAINT:Quality Standard | CONSTRAINT:Scope Boundary | EXAMPLE:Output Template | EXAMPLE:Technical Snippet | OUTPUT:Repository Change | PROCESS:Decision Branch | PROCESS:Required Sequence | RESOURCE:GitHub Interface | RESOURCE:Local Workspace | TASK:Artifact Change,CONSTRAINT:Quality Standard | CONSTRAINT:Scope Boundary | CONTEXT:Domain Context | CONTEXT:Execution Environment | CONTEXT:Repository Context | EXAMPLE:Technical Snippet | OUTPUT:Repository Change | PROCESS:Required Sequence | RESOURCE:Local Workspace | TASK:Artifact Change | TASK:Evidence Investigation
rq3_079,11,1,2,COMMUNICATION:Expert Role | CONSTRAINT:Quality Standard | CONSTRAINT:Scope Boundary | CONTEXT:Repository Context | EVALUATION:Risk Assessment | EXAMPLE:Output Template | EXAMPLE:Technical Snippet | OUTPUT:Control Signal | OUTPUT:New Thread | PROCESS:Decision Branch | PROCESS:Required Sequence | RESOURCE:Local Workspace | TASK:Evidence Investigation,COMMUNICATION:Expert Role | CONSTRAINT:Quality Standard | CONSTRAINT:Scope Boundary | CONTEXT:Execution Environment | CONTEXT:Repository Context | EXAMPLE:Output Template | OUTPUT:Control Signal | OUTPUT:New Thread | PROCESS:Decision Branch | PROCESS:Required Sequence | RESOURCE:Local Workspace | TASK:Evidence Investigation
rq3_080,11,4,1,COMMUNICATION:Expert Role | CONSTRAINT:Quality Standard | CONSTRAINT:Scope Boundary | CONTEXT:Historical Context | EVALUATION:Risk Assessment | OUTPUT:Repository Change | PROCESS:Cross-Run Memory | PROCESS:Decision Branch | PROCESS:Required Sequence | RESOURCE:GitHub Interface | TASK:Artifact Change | TASK:Evidence Investigation,COMMUNICATION:Expert Role | CONSTRAINT:Quality Standard | CONSTRAINT:Scope Boundary | CONTEXT:Domain Context | CONTEXT:Historical Context | CONTEXT:Repository Context | OUTPUT:Control Signal | OUTPUT:Repository Change | PROCESS:Cross-Run Memory | PROCESS:Decision Branch | PROCESS:Required Sequence | RESOURCE:GitHub Interface | RESOURCE:Local Workspace | TASK:Artifact Change | TASK:Evidence Investigation
rq3_081,16,3,0,COMMUNICATION:Expert Role | CONSTRAINT:Quality Standard | CONSTRAINT:Scope Boundary | CONTEXT:Execution Environment | CONTEXT:Repository Context | EVALUATION:Execution Check | EXAMPLE:Output Template | EXAMPLE:Technical Snippet | OUTPUT:Control Signal | OUTPUT:Repository Change | PROCESS:Decision Branch | PROCESS:Required Sequence | RESOURCE:Development Toolchain | RESOURCE:Local Workspace | TASK:Artifact Change | TASK:Evidence Investigation,COMMUNICATION:Expert Role | CONSTRAINT:Quality Standard | CONSTRAINT:Scope Boundary | CONTEXT:Domain Context | CONTEXT:Execution Environment | CONTEXT:Repository Context | EVALUATION:Execution Check | EXAMPLE:Output Template | EXAMPLE:Technical Snippet | OUTPUT:Control Signal | OUTPUT:Repository Change | PROCESS:Decision Branch | PROCESS:Required Sequence | RESOURCE:Development Toolchain | RESOURCE:GitHub Interface | RESOURCE:Local Workspace | TASK:Artifact Change | TASK:Evidence Investigation | TASK:Executable Validation
rq3_082,8,2,13,COMMUNICATION:Audience Voice | COMMUNICATION:Expert Role | CONSTRAINT:Quality Standard | CONSTRAINT:Resource Budget | CONSTRAINT:Scope Boundary | CONTEXT:Domain Context | CONTEXT:Execution Environment | CONTEXT:Historical Context | CONTEXT:Repository Context | EVALUATION:Rule Conformance | EXAMPLE:Output Template | EXAMPLE:Technical Snippet | EXAMPLE:Worked Case | OUTPUT:Existing Thread Response | OUTPUT:New Thread | PROCESS:Decision Branch | PROCESS:Required Sequence | PROCESS:Within-Run Iteration | RESOURCE:GitHub Interface | RESOURCE:Local Workspace | TASK:Artifact Review,COMMUNICATION:Expert Role | CONTEXT:Domain Context | CONTEXT:Repository Context | EVALUATION:Rule Conformance | OUTPUT:New Thread | PROCESS:Required Sequence | RESOURCE:GitHub Interface | RESOURCE:Local Workspace | TASK:Evidence Investigation | TASK:Work Item Management
rq3_083,10,0,5,COMMUNICATION:Expert Role | CONSTRAINT:Evidence Grounding | CONSTRAINT:Quality Standard | CONSTRAINT:Scope Boundary | CONTEXT:Repository Context | EVALUATION:Evidence Credibility | EVALUATION:Rule Conformance | EXAMPLE:Output Template | OUTPUT:Existing Thread Response | PROCESS:Decision Branch | PROCESS:Required Sequence | RESOURCE:GitHub Interface | RESOURCE:Local Workspace | TASK:Artifact Review | TASK:Evidence Investigation,COMMUNICATION:Expert Role | CONSTRAINT:Evidence Grounding | CONSTRAINT:Quality Standard | CONSTRAINT:Scope Boundary | CONTEXT:Repository Context | EXAMPLE:Output Template | OUTPUT:Existing Thread Response | PROCESS:Required Sequence | TASK:Artifact Review | TASK:Evidence Investigation
rq3_084,12,6,0,COMMUNICATION:Expert Role | CONSTRAINT:Quality Standard | CONSTRAINT:Resource Budget | CONSTRAINT:Scope Boundary | CONTEXT:Historical Context | CONTEXT:Repository Context | OUTPUT:New Thread | PROCESS:Decision Branch | PROCESS:Required Sequence | PROCESS:Work Delegation | RESOURCE:Agent Resource | TASK:Evidence Investigation,COMMUNICATION:Expert Role | CONSTRAINT:Quality Standard | CONSTRAINT:Resource Budget | CONSTRAINT:Scope Boundary | CONTEXT:Historical Context | CONTEXT:Repository Context | OUTPUT:Control Signal | OUTPUT:New Thread | PROCESS:Decision Branch | PROCESS:Required Sequence | PROCESS:Within-Run Iteration | PROCESS:Work Delegation | RESOURCE:Agent Resource | RESOURCE:GitHub Interface | RESOURCE:Local Workspace | TASK:Artifact Change | TASK:Evidence Investigation | TASK:Work Item Management
rq3_085,7,4,3,COMMUNICATION:Expert Role | CONTEXT:Repository Context | EVALUATION:Execution Check | EXAMPLE:Technical Snippet | OUTPUT:Existing Thread Response | OUTPUT:Repository Change | PROCESS:Decision Branch | PROCESS:Required Sequence | RESOURCE:Web Retrieval | TASK:Artifact Change,COMMUNICATION:Expert Role | CONTEXT:Repository Context | OUTPUT:Existing Thread Response | OUTPUT:Repository Change | PROCESS:Decision Branch | PROCESS:Required Sequence | RESOURCE:GitHub Interface | RESOURCE:Local Workspace | TASK:Artifact Change | TASK:Evidence Investigation | TASK:Executable Validation
rq3_086,12,7,1,COMMUNICATION:Expert Role | CONSTRAINT:Quality Standard | CONSTRAINT:Resource Budget | CONSTRAINT:Scope Boundary | CONTEXT:Repository Context | EXAMPLE:Output Template | OUTPUT:Control Signal | OUTPUT:Repository Change | PROCESS:Decision Branch | PROCESS:Required Sequence | RESOURCE:Local Workspace | TASK:Artifact Change | TASK:Evidence Investigation,CONSTRAINT:Quality Standard | CONSTRAINT:Resource Budget | CONSTRAINT:Scope Boundary | CONTEXT:Domain Context | CONTEXT:Historical Context | CONTEXT:Repository Context | EXAMPLE:Output Template | EXAMPLE:Technical Snippet | OUTPUT:Control Signal | OUTPUT:Repository Change | PROCESS:Cross-Run Memory | PROCESS:Decision Branch | PROCESS:Required Sequence | PROCESS:Within-Run Iteration | RESOURCE:GitHub Interface | RESOURCE:Local Workspace | TASK:Artifact Change | TASK:Evidence Investigation | TASK:Work Item Management
rq3_087,15,1,2,CONSTRAINT:Evidence Grounding | CONSTRAINT:Quality Standard | CONSTRAINT:Scope Boundary | CONTEXT:Execution Environment | CONTEXT:Historical Context | CONTEXT:Repository Context | EXAMPLE:Output Template | EXAMPLE:Worked Case | OUTPUT:Control Signal | OUTPUT:Repository Change | PROCESS:Cross-Run Memory | PROCESS:Decision Branch | PROCESS:Required Sequence | RESOURCE:GitHub Interface | RESOURCE:Local Workspace | TASK:Artifact Change | TASK:Evidence Investigation,CONSTRAINT:Evidence Grounding | CONSTRAINT:Quality Standard | CONSTRAINT:Scope Boundary | CONTEXT:Domain Context | CONTEXT:Execution Environment | CONTEXT:Historical Context | CONTEXT:Repository Context | EXAMPLE:Output Template | OUTPUT:Control Signal | OUTPUT:Repository Change | PROCESS:Cross-Run Memory | PROCESS:Decision Branch | PROCESS:Required Sequence | RESOURCE:GitHub Interface | TASK:Artifact Change | TASK:Evidence Investigation
rq3_088,9,4,1,COMMUNICATION:Expert Role | CONSTRAINT:Quality Standard | CONSTRAINT:Scope Boundary | CONTEXT:Repository Context | EVALUATION:Risk Assessment | EXAMPLE:Output Template | OUTPUT:Existing Thread Response | PROCESS:Decision Branch | RESOURCE:GitHub Interface | TASK:Evidence Investigation,COMMUNICATION:Expert Role | CONSTRAINT:Quality Standard | CONTEXT:Domain Context | CONTEXT:Repository Context | EVALUATION:Risk Assessment | EVALUATION:Rule Conformance | EXAMPLE:Output Template | OUTPUT:Existing Thread Response | PROCESS:Decision Branch | PROCESS:Required Sequence | RESOURCE:GitHub Interface | TASK:Artifact Review | TASK:Evidence Investigation
rq3_089,14,1,13,COMMUNICATION:Audience Voice | COMMUNICATION:Automation Disclosure | COMMUNICATION:Expert Role | CONSTRAINT:Quality Standard | CONSTRAINT:Resource Budget | CONSTRAINT:Scope Boundary | CONTEXT:Domain Context | CONTEXT:Execution Environment | CONTEXT:Repository Context | EVALUATION:Evidence Credibility | EVALUATION:Risk Assessment | EVALUATION:Rule Conformance | EXAMPLE:Output Template | EXAMPLE:Technical Snippet | EXAMPLE:Worked Case | OUTPUT:Control Signal | OUTPUT:Existing Thread Response | PROCESS:Decision Branch | PROCESS:Required Sequence | PROCESS:Within-Run Iteration | RESOURCE:GitHub Interface | RESOURCE:Local Workspace | SAFETY:Execution Isolation | SAFETY:Information Confidentiality | SAFETY:Prompt Injection Defense | TASK:Evidence Investigation | TASK:Work Item Management,COMMUNICATION:Expert Role | CONSTRAINT:Scope Boundary | CONTEXT:Domain Context | CONTEXT:Execution Environment | CONTEXT:Repository Context | OUTPUT:Existing Thread Response | PROCESS:Decision Branch | PROCESS:Required Sequence | RESOURCE:GitHub Interface | RESOURCE:Local Workspace | RESOURCE:Web Retrieval | SAFETY:Execution Isolation | SAFETY:Prompt Injection Defense | TASK:Evidence Investigation | TASK:Work Item Management
rq3_090,16,2,2,COMMUNICATION:Audience Voice | COMMUNICATION:Expert Role | CONSTRAINT:Quality Standard | CONSTRAINT:Resource Budget | CONSTRAINT:Scope Boundary | CONTEXT:Repository Context | EVALUATION:Risk Assessment | EVALUATION:Rule Conformance | EXAMPLE:Output Template | OUTPUT:Existing Thread Response | PROCESS:Decision Branch | PROCESS:Required Sequence | PROCESS:Within-Run Iteration | RESOURCE:GitHub Interface | RESOURCE:Local Workspace | RESOURCE:Web Retrieval | TASK:Artifact Review | TASK:Evidence Investigation,COMMUNICATION:Audience Voice | COMMUNICATION:Expert Role | CONSTRAINT:Quality Standard | CONSTRAINT:Resource Budget | CONSTRAINT:Scope Boundary | CONTEXT:Domain Context | CONTEXT:Repository Context | EVALUATION:Rule Conformance | EXAMPLE:Output Template | EXAMPLE:Technical Snippet | OUTPUT:Existing Thread Response | PROCESS:Decision Branch | PROCESS:Required Sequence | RESOURCE:GitHub Interface | RESOURCE:Local Workspace | RESOURCE:Web Retrieval | TASK:Artifact Review | TASK:Evidence Investigation
rq3_091,10,6,2,CONSTRAINT:Quality Standard | CONSTRAINT:Resource Budget | CONSTRAINT:Scope Boundary | OUTPUT:Control Signal | OUTPUT:Existing Thread Response | OUTPUT:New Thread | PROCESS:Decision Branch | PROCESS:Required Sequence | RESOURCE:Development Toolchain | RESOURCE:GitHub Interface | RESOURCE:Web Retrieval | TASK:Executable Validation,CONSTRAINT:Quality Standard | CONSTRAINT:Scope Boundary | CONTEXT:Repository Context | EVALUATION:Execution Check | OUTPUT:Control Signal | OUTPUT:Existing Thread Response | OUTPUT:New Thread | OUTPUT:Standalone Artifact | PROCESS:Decision Branch | RESOURCE:Development Toolchain | RESOURCE:GitHub Interface | RESOURCE:Local Workspace | RESOURCE:Web Retrieval | TASK:Artifact Change | TASK:Evidence Investigation | TASK:Executable Validation
rq3_092,12,3,3,CONSTRAINT:Quality Standard | CONSTRAINT:Scope Boundary | CONTEXT:Execution Environment | CONTEXT:Repository Context | EVALUATION:Execution Check | EXAMPLE:Output Template | OUTPUT:Control Signal | OUTPUT:Existing Thread Response | PROCESS:Decision Branch | PROCESS:Required Sequence | RESOURCE:GitHub Interface | RESOURCE:Local Workspace | SAFETY:Execution Isolation | TASK:Executable Validation | TASK:Work Item Management,CONSTRAINT:Quality Standard | CONSTRAINT:Scope Boundary | CONTEXT:Domain Context | CONTEXT:Execution Environment | CONTEXT:Repository Context | EVALUATION:Execution Check | EVALUATION:Rule Conformance | OUTPUT:Control Signal | OUTPUT:Existing Thread Response | PROCESS:Decision Branch | PROCESS:Required Sequence | RESOURCE:Local Workspace | TASK:Artifact Review | TASK:Executable Validation | TASK:Work Item Management
rq3_093,4,2,0,COMMUNICATION:Audience Voice | CONSTRAINT:Quality Standard | CONTEXT:Repository Context | TASK:Artifact Review,COMMUNICATION:Audience Voice | CONSTRAINT:Quality Standard | CONSTRAINT:Scope Boundary | CONTEXT:Repository Context | OUTPUT:Existing Thread Response | TASK:Artifact Review
rq3_094,10,1,1,CONSTRAINT:Evidence Grounding | CONSTRAINT:Resource Budget | CONSTRAINT:Scope Boundary | CONTEXT:Domain Context | OUTPUT:Control Signal | OUTPUT:Repository Change | PROCESS:Decision Branch | PROCESS:Required Sequence | RESOURCE:Web Retrieval | TASK:Artifact Change | TASK:Evidence Investigation,CONSTRAINT:Evidence Grounding | CONSTRAINT:Scope Boundary | CONTEXT:Domain Context | CONTEXT:Repository Context | OUTPUT:Control Signal | OUTPUT:Repository Change | PROCESS:Decision Branch | PROCESS:Required Sequence | RESOURCE:Web Retrieval | TASK:Artifact Change | TASK:Evidence Investigation
rq3_095,13,1,7,COMMUNICATION:Automation Disclosure | COMMUNICATION:Expert Role | CONSTRAINT:Quality Standard | CONSTRAINT:Resource Budget | CONSTRAINT:Scope Boundary | CONTEXT:Domain Context | CONTEXT:Execution Environment | CONTEXT:Repository Context | EVALUATION:Evidence Credibility | EVALUATION:Risk Assessment | EVALUATION:Rule Conformance | EXAMPLE:Output Template | OUTPUT:Existing Thread Response | PROCESS:Decision Branch | PROCESS:Required Sequence | RESOURCE:GitHub Interface | RESOURCE:Local Workspace | SAFETY:Execution Isolation | SAFETY:Prompt Injection Defense | TASK:Evidence Investigation,COMMUNICATION:Expert Role | CONSTRAINT:Quality Standard | CONSTRAINT:Resource Budget | CONSTRAINT:Scope Boundary | CONTEXT:Domain Context | CONTEXT:Repository Context | EXAMPLE:Output Template | OUTPUT:Existing Thread Response | PROCESS:Decision Branch | PROCESS:Required Sequence | RESOURCE:GitHub Interface | SAFETY:Prompt Injection Defense | TASK:Artifact Review | TASK:Evidence Investigation
rq3_096,17,4,1,COMMUNICATION:Expert Role | CONSTRAINT:Resource Budget | CONSTRAINT:Scope Boundary | CONTEXT:Repository Context | EVALUATION:Execution Check | EXAMPLE:Output Template | OUTPUT:Existing Thread Response | OUTPUT:Repository Change | PROCESS:Decision Branch | PROCESS:Required Sequence | PROCESS:Within-Run Iteration | RESOURCE:Development Toolchain | RESOURCE:GitHub Interface | RESOURCE:Local Workspace | SAFETY:Prompt Injection Defense | TASK:Artifact Change | TASK:Executable Validation | TASK:Work Item Management,COMMUNICATION:Expert Role | CONSTRAINT:Quality Standard | CONSTRAINT:Resource Budget | CONSTRAINT:Scope Boundary | CONTEXT:Domain Context | CONTEXT:Repository Context | EVALUATION:Execution Check | EXAMPLE:Output Template | EXAMPLE:Technical Snippet | OUTPUT:Existing Thread Response | OUTPUT:Repository Change | PROCESS:Decision Branch | PROCESS:Required Sequence | RESOURCE:Development Toolchain | RESOURCE:GitHub Interface | RESOURCE:Local Workspace | SAFETY:Prompt Injection Defense | TASK:Artifact Change | TASK:Evidence Investigation | TASK:Executable Validation | TASK:Work Item Management
rq3_097,11,6,4,COMMUNICATION:Expert Role | CONSTRAINT:Evidence Grounding | CONSTRAINT:Quality Standard | CONTEXT:Repository Context | EXAMPLE:Output Template | EXAMPLE:Worked Case | OUTPUT:New Thread | PROCESS:Decision Branch | PROCESS:Required Sequence | RESOURCE:Agent Resource | RESOURCE:Local Workspace | RESOURCE:Web Retrieval | SAFETY:Prompt Injection Defense | TASK:Evidence Investigation | TASK:Work Item Management,COMMUNICATION:Automation Disclosure | COMMUNICATION:Expert Role | CONSTRAINT:Evidence Grounding | CONTEXT:Domain Context | CONTEXT:Repository Context | EXAMPLE:Output Template | EXAMPLE:Technical Snippet | OUTPUT:Existing Thread Response | OUTPUT:New Thread | PROCESS:Decision Branch | PROCESS:Required Sequence | RESOURCE:GitHub Interface | RESOURCE:Local Workspace | RESOURCE:Web Retrieval | TASK:Artifact Change | TASK:Evidence Investigation | TASK:Work Item Management
rq3_098,8,2,4,CONSTRAINT:Quality Standard | CONSTRAINT:Scope Boundary | EVALUATION:Risk Assessment | EXAMPLE:Output Template | OUTPUT:Control Signal | OUTPUT:New Thread | PROCESS:Cross-Run Memory | PROCESS:Decision Branch | PROCESS:Required Sequence | RESOURCE:GitHub Interface | RESOURCE:Local Workspace | TASK:Evidence Investigation,CONSTRAINT:Quality Standard | CONSTRAINT:Resource Budget | CONSTRAINT:Scope Boundary | CONTEXT:Repository Context | OUTPUT:Control Signal | OUTPUT:New Thread | PROCESS:Decision Branch | PROCESS:Required Sequence | RESOURCE:GitHub Interface | TASK:Evidence Investigation
rq3_099,7,2,5,COMMUNICATION:Expert Role | CONSTRAINT:Evidence Grounding | CONSTRAINT:Quality Standard | CONSTRAINT:Scope Boundary | EVALUATION:Rule Conformance | EXAMPLE:Output Template | EXAMPLE:Technical Snippet | OUTPUT:Control Signal | OUTPUT:Existing Thread Response | PROCESS:Decision Branch | RESOURCE:GitHub Interface | TASK:Artifact Review,COMMUNICATION:Automation Disclosure | COMMUNICATION:Expert Role | EVALUATION:Rule Conformance | EXAMPLE:Output Template | OUTPUT:Control Signal | PROCESS:Decision Branch | PROCESS:Required Sequence | RESOURCE:GitHub Interface | TASK:Artifact Review
rq3_100,15,0,5,COMMUNICATION:Automation Disclosure | COMMUNICATION:Expert Role | CONSTRAINT:Quality Standard | CONSTRAINT:Scope Boundary | CONTEXT:Execution Environment | CONTEXT:Repository Context | EXAMPLE:Output Template | EXAMPLE:Technical Snippet | OUTPUT:Control Signal | OUTPUT:Existing Thread Response | OUTPUT:New Thread | OUTPUT:Standalone Artifact | PROCESS:Cross-Run Memory | PROCESS:Decision Branch | PROCESS:Required Sequence | PROCESS:Within-Run Iteration | RESOURCE:Agent Resource | RESOURCE:Local Workspace | RESOURCE:Web Retrieval | TASK:Evidence Investigation,COMMUNICATION:Expert Role | CONSTRAINT:Quality Standard | CONSTRAINT:Scope Boundary | CONTEXT:Execution Environment | CONTEXT:Repository Context | EXAMPLE:Output Template | EXAMPLE:Technical Snippet | OUTPUT:Existing Thread Response | OUTPUT:New Thread | PROCESS:Cross-Run Memory | PROCESS:Decision Branch | PROCESS:Required Sequence | RESOURCE:Local Workspace | RESOURCE:Web Retrieval | TASK:Evidence Investigation
rq3_101,20,3,3,COMMUNICATION:Expert Role | CONSTRAINT:Evidence Grounding | CONSTRAINT:Quality Standard | CONSTRAINT:Resource Budget | CONSTRAINT:Scope Boundary | CONTEXT:Domain Context | CONTEXT:Execution Environment | CONTEXT:Repository Context | EVALUATION:Execution Check | EXAMPLE:Output Template | EXAMPLE:Technical Snippet | EXAMPLE:Worked Case | OUTPUT:Control Signal | OUTPUT:Repository Change | PROCESS:Cross-Run Memory | PROCESS:Decision Branch | PROCESS:Required Sequence | PROCESS:Within-Run Iteration | RESOURCE:Development Toolchain | RESOURCE:GitHub Interface | RESOURCE:Local Workspace | TASK:Artifact Change | TASK:Executable Validation,COMMUNICATION:Expert Role | CONSTRAINT:Evidence Grounding | CONSTRAINT:Quality Standard | CONSTRAINT:Resource Budget | CONSTRAINT:Scope Boundary | CONTEXT:Domain Context | CONTEXT:Execution Environment | CONTEXT:Historical Context | CONTEXT:Repository Context | EVALUATION:Execution Check | EXAMPLE:Technical Snippet | OUTPUT:Control Signal | OUTPUT:Repository Change | PROCESS:Cross-Run Memory | PROCESS:Decision Branch | PROCESS:Required Sequence | RESOURCE:Development Toolchain | RESOURCE:GitHub Interface | RESOURCE:Local Workspace | TASK:Artifact Change | TASK:Evidence Investigation | TASK:Executable Validation | TASK:Work Item Management
rq3_102,13,0,3,CONSTRAINT:Evidence Grounding | CONSTRAINT:Quality Standard | CONSTRAINT:Resource Budget | CONSTRAINT:Scope Boundary | CONTEXT:Domain Context | CONTEXT:Execution Environment | CONTEXT:Repository Context | EVALUATION:Execution Check | EXAMPLE:Output Template | OUTPUT:Control Signal | OUTPUT:New Thread | PROCESS:Decision Branch | PROCESS:Required Sequence | PROCESS:Within-Run Iteration | RESOURCE:GitHub Interface | TASK:Evidence Investigation,CONSTRAINT:Evidence Grounding | CONSTRAINT:Quality Standard | CONSTRAINT:Resource Budget | CONSTRAINT:Scope Boundary | CONTEXT:Domain Context | CONTEXT:Repository Context | OUTPUT:Control Signal | OUTPUT:New Thread | PROCESS:Decision Branch | PROCESS:Required Sequence | PROCESS:Within-Run Iteration | RESOURCE:GitHub Interface | TASK:Evidence Investigation
rq3_103,13,1,1,CONSTRAINT:Quality Standard | CONSTRAINT:Scope Boundary | CONTEXT:Execution Environment | CONTEXT:Repository Context | EXAMPLE:Output Template | EXAMPLE:Technical Snippet | OUTPUT:Control Signal | OUTPUT:Repository Change | PROCESS:Decision Branch | PROCESS:Required Sequence | RESOURCE:Development Toolchain | RESOURCE:Local Workspace | TASK:Artifact Change | TASK:Executable Validation,CONSTRAINT:Quality Standard | CONSTRAINT:Scope Boundary | CONTEXT:Domain Context | CONTEXT:Execution Environment | CONTEXT:Repository Context | EXAMPLE:Technical Snippet | OUTPUT:Control Signal | OUTPUT:Repository Change | PROCESS:Decision Branch | PROCESS:Required Sequence | RESOURCE:Development Toolchain | RESOURCE:Local Workspace | TASK:Artifact Change | TASK:Executable Validation
rq3_104,9,3,1,COMMUNICATION:Expert Role | CONSTRAINT:Evidence Grounding | CONSTRAINT:Quality Standard | CONSTRAINT:Scope Boundary | CONTEXT:Domain Context | CONTEXT:Repository Context | OUTPUT:Control Signal | OUTPUT:Existing Thread Response | RESOURCE:Web Retrieval | TASK:Evidence Investigation,COMMUNICATION:Audience Voice | COMMUNICATION:Expert Role | CONSTRAINT:Evidence Grounding | CONSTRAINT:Quality Standard | CONSTRAINT:Scope Boundary | CONTEXT:Domain Context | CONTEXT:Repository Context | OUTPUT:Existing Thread Response | PROCESS:Required Sequence | RESOURCE:Web Retrieval | TASK:Evidence Investigation | TASK:Work Item Management
rq3_105,18,2,10,COMMUNICATION:Automation Disclosure | COMMUNICATION:Expert Role | CONSTRAINT:Evidence Grounding | CONSTRAINT:Quality Standard | CONSTRAINT:Resource Budget | CONSTRAINT:Scope Boundary | CONTEXT:Domain Context | CONTEXT:Execution Environment | CONTEXT:Repository Context | EVALUATION:Evidence Credibility | EVALUATION:Execution Check | EVALUATION:Risk Assessment | EVALUATION:Rule Conformance | EXAMPLE:Output Template | EXAMPLE:Technical Snippet | EXAMPLE:Worked Case | OUTPUT:Control Signal | OUTPUT:Existing Thread Response | OUTPUT:New Thread | OUTPUT:Standalone Artifact | PROCESS:Cross-Run Memory | PROCESS:Decision Branch | PROCESS:Required Sequence | PROCESS:Within-Run Iteration | RESOURCE:GitHub Interface | RESOURCE:Local Workspace | TASK:Evidence Investigation | TASK:Work Item Management,COMMUNICATION:Expert Role | CONSTRAINT:Quality Standard | CONTEXT:Domain Context | CONTEXT:Execution Environment | CONTEXT:Historical Context | CONTEXT:Repository Context | EVALUATION:Risk Assessment | EXAMPLE:Output Template | EXAMPLE:Technical Snippet | OUTPUT:Existing Thread Response | OUTPUT:New Thread | OUTPUT:Standalone Artifact | PROCESS:Decision Branch | PROCESS:Required Sequence | PROCESS:Within-Run Iteration | RESOURCE:Development Toolchain | RESOURCE:GitHub Interface | RESOURCE:Local Workspace | TASK:Evidence Investigation | TASK:Work Item Management
rq3_106,10,1,12,COMMUNICATION:Audience Voice | COMMUNICATION:Expert Role | CONSTRAINT:Quality Standard | CONSTRAINT:Resource Budget | CONSTRAINT:Scope Boundary | CONTEXT:Domain Context | CONTEXT:Repository Context | EVALUATION:Execution Check | EVALUATION:Rule Conformance | EXAMPLE:Output Template | EXAMPLE:Worked Case | OUTPUT:Control Signal | OUTPUT:Repository Change | PROCESS:Cross-Run Memory | PROCESS:Decision Branch | PROCESS:Required Sequence | PROCESS:Within-Run Iteration | RESOURCE:Agent Resource | RESOURCE:Development Toolchain | RESOURCE:Local Workspace | TASK:Artifact Change | TASK:Executable Validation,COMMUNICATION:Expert Role | CONSTRAINT:Quality Standard | CONSTRAINT:Scope Boundary | CONTEXT:Domain Context | EXAMPLE:Technical Snippet | OUTPUT:Repository Change | PROCESS:Decision Branch | PROCESS:Required Sequence | RESOURCE:Agent Resource | RESOURCE:Local Workspace | TASK:Artifact Change
rq3_107,11,3,9,COMMUNICATION:Automation Disclosure | COMMUNICATION:Expert Role | CONSTRAINT:Quality Standard | CONSTRAINT:Resource Budget | CONSTRAINT:Scope Boundary | CONTEXT:Domain Context | CONTEXT:Execution Environment | CONTEXT:Repository Context | EVALUATION:Rule Conformance | EXAMPLE:Output Template | EXAMPLE:Technical Snippet | EXAMPLE:Worked Case | OUTPUT:Control Signal | OUTPUT:Existing Thread Response | PROCESS:Decision Branch | PROCESS:Required Sequence | PROCESS:Within-Run Iteration | RESOURCE:GitHub Interface | SAFETY:Prompt Injection Defense | TASK:Work Item Management,COMMUNICATION:Expert Role | CONSTRAINT:Resource Budget | CONSTRAINT:Scope Boundary | CONTEXT:Domain Context | CONTEXT:Repository Context | OUTPUT:Control Signal | OUTPUT:Repository Change | PROCESS:Decision Branch | PROCESS:Required Sequence | PROCESS:Within-Run Iteration | RESOURCE:GitHub Interface | SAFETY:Prompt Injection Defense | TASK:Artifact Change | TASK:Evidence Investigation
rq3_108,4,2,3,CONSTRAINT:Quality Standard | CONSTRAINT:Scope Boundary | OUTPUT:Repository Change | PROCESS:Decision Branch | RESOURCE:Local Workspace | TASK:Artifact Change | TASK:Artifact Review,CONSTRAINT:Scope Boundary | CONTEXT:Repository Context | OUTPUT:Repository Change | PROCESS:Decision Branch | TASK:Artifact Change | TASK:Work Item Management
rq3_109,1,3,1,PROCESS:Decision Branch | TASK:Artifact Review,COMMUNICATION:Expert Role | CONSTRAINT:Scope Boundary | CONTEXT:Repository Context | PROCESS:Decision Branch
rq3_110,5,4,1,CONSTRAINT:Scope Boundary | OUTPUT:Existing Thread Response | OUTPUT:Standalone Artifact | PROCESS:Decision Branch | RESOURCE:Local Workspace | TASK:Artifact Review,COMMUNICATION:Expert Role | CONSTRAINT:Scope Boundary | CONTEXT:Domain Context | CONTEXT:Execution Environment | OUTPUT:Standalone Artifact | PROCESS:Decision Branch | PROCESS:Required Sequence | RESOURCE:Local Workspace | TASK:Artifact Review
rq3_111,10,4,3,COMMUNICATION:Expert Role | CONSTRAINT:Quality Standard | CONSTRAINT:Resource Budget | EVALUATION:Rule Conformance | EXAMPLE:Output Template | EXAMPLE:Technical Snippet | OUTPUT:Control Signal | OUTPUT:Existing Thread Response | PROCESS:Decision Branch | PROCESS:Required Sequence | PROCESS:Within-Run Iteration | RESOURCE:GitHub Interface | TASK:Work Item Management,COMMUNICATION:Expert Role | CONSTRAINT:Evidence Grounding | CONSTRAINT:Resource Budget | CONSTRAINT:Scope Boundary | CONTEXT:Repository Context | EXAMPLE:Output Template | EXAMPLE:Technical Snippet | OUTPUT:Existing Thread Response | PROCESS:Decision Branch | PROCESS:Required Sequence | PROCESS:Within-Run Iteration | RESOURCE:GitHub Interface | TASK:Evidence Investigation | TASK:Work Item Management
rq3_112,9,2,0,COMMUNICATION:Expert Role | CONSTRAINT:Quality Standard | CONSTRAINT:Scope Boundary | OUTPUT:Control Signal | OUTPUT:Existing Thread Response | PROCESS:Decision Branch | PROCESS:Required Sequence | RESOURCE:GitHub Interface | TASK:Artifact Review,COMMUNICATION:Expert Role | CONSTRAINT:Quality Standard | CONSTRAINT:Scope Boundary | CONTEXT:Domain Context | EVALUATION:Rule Conformance | OUTPUT:Control Signal | OUTPUT:Existing Thread Response | PROCESS:Decision Branch | PROCESS:Required Sequence | RESOURCE:GitHub Interface | TASK:Artifact Review
rq3_113,10,4,3,CONSTRAINT:Quality Standard | CONSTRAINT:Scope Boundary | CONTEXT:Domain Context | CONTEXT:Repository Context | EVALUATION:Execution Check | EXAMPLE:Output Template | OUTPUT:Control Signal | OUTPUT:Existing Thread Response | OUTPUT:New Thread | OUTPUT:Standalone Artifact | RESOURCE:GitHub Interface | SAFETY:Execution Isolation | TASK:Executable Validation,CONSTRAINT:Quality Standard | CONTEXT:Domain Context | CONTEXT:Repository Context | EVALUATION:Execution Check | EXAMPLE:Output Template | OUTPUT:Existing Thread Response | OUTPUT:New Thread | OUTPUT:Standalone Artifact | PROCESS:Decision Branch | PROCESS:Required Sequence | RESOURCE:GitHub Interface | RESOURCE:Local Workspace | TASK:Executable Validation | TASK:Work Item Management
rq3_114,15,2,10,COMMUNICATION:Automation Disclosure | COMMUNICATION:Expert Role | CONSTRAINT:Evidence Grounding | CONSTRAINT:Quality Standard | CONSTRAINT:Resource Budget | CONSTRAINT:Scope Boundary | CONTEXT:Domain Context | CONTEXT:Execution Environment | EVALUATION:Risk Assessment | EVALUATION:Rule Conformance | EXAMPLE:Output Template | OUTPUT:Control Signal | OUTPUT:New Thread | PROCESS:Decision Branch | PROCESS:Required Sequence | PROCESS:Within-Run Iteration | PROCESS:Work Delegation | RESOURCE:Agent Resource | RESOURCE:GitHub Interface | RESOURCE:Local Workspace | RESOURCE:Web Retrieval | SAFETY:Execution Isolation | SAFETY:Information Confidentiality | SAFETY:Vulnerability Handling | TASK:Evidence Investigation,CONSTRAINT:Quality Standard | CONSTRAINT:Scope Boundary | CONTEXT:Domain Context | CONTEXT:Repository Context | EVALUATION:Risk Assessment | EVALUATION:Rule Conformance | OUTPUT:Control Signal | OUTPUT:New Thread | PROCESS:Decision Branch | PROCESS:Required Sequence | PROCESS:Work Delegation | RESOURCE:Agent Resource | RESOURCE:GitHub Interface | RESOURCE:Local Workspace | SAFETY:Execution Isolation | TASK:Evidence Investigation | TASK:Work Item Management
rq3_115,3,0,0,OUTPUT:Standalone Artifact | RESOURCE:Local Workspace | TASK:Artifact Change,OUTPUT:Standalone Artifact | RESOURCE:Local Workspace | TASK:Artifact Change
rq3_116,14,2,6,COMMUNICATION:Automation Disclosure | COMMUNICATION:Expert Role | CONSTRAINT:Evidence Grounding | CONSTRAINT:Quality Standard | CONSTRAINT:Scope Boundary | CONTEXT:Domain Context | CONTEXT:Execution Environment | CONTEXT:Repository Context | EVALUATION:Evidence Credibility | EXAMPLE:Output Template | EXAMPLE:Technical Snippet | EXAMPLE:Worked Case | OUTPUT:New Thread | PROCESS:Cross-Run Memory | PROCESS:Decision Branch | PROCESS:Required Sequence | PROCESS:Within-Run Iteration | RESOURCE:GitHub Interface | RESOURCE:Local Workspace | TASK:Evidence Investigation,COMMUNICATION:Expert Role | CONSTRAINT:Evidence Grounding | CONSTRAINT:Quality Standard | CONTEXT:Domain Context | CONTEXT:Historical Context | CONTEXT:Repository Context | EVALUATION:Evidence Credibility | OUTPUT:New Thread | OUTPUT:Standalone Artifact | PROCESS:Cross-Run Memory | PROCESS:Decision Branch | PROCESS:Required Sequence | PROCESS:Within-Run Iteration | RESOURCE:GitHub Interface | RESOURCE:Local Workspace | TASK:Evidence Investigation
rq3_117,10,4,3,COMMUNICATION:Expert Role | CONSTRAINT:Evidence Grounding | CONSTRAINT:Quality Standard | CONSTRAINT:Scope Boundary | CONTEXT:Domain Context | CONTEXT:Repository Context | EVALUATION:Risk Assessment | OUTPUT:Control Signal | OUTPUT:Existing Thread Response | PROCESS:Decision Branch | PROCESS:Required Sequence | RESOURCE:GitHub Interface | TASK:Evidence Investigation,COMMUNICATION:Audience Voice | COMMUNICATION:Expert Role | CONSTRAINT:Quality Standard | CONSTRAINT:Scope Boundary | CONTEXT:Domain Context | CONTEXT:Repository Context | EVALUATION:Rule Conformance | EXAMPLE:Output Template | OUTPUT:Existing Thread Response | PROCESS:Decision Branch | PROCESS:Required Sequence | RESOURCE:GitHub Interface | TASK:Evidence Investigation | TASK:Work Item Management
rq3_118,13,0,8,COMMUNICATION:Audience Voice | CONSTRAINT:Quality Standard | CONSTRAINT:Resource Budget | CONSTRAINT:Scope Boundary | CONTEXT:Domain Context | CONTEXT:Execution Environment | CONTEXT:Repository Context | EVALUATION:Evidence Credibility | EVALUATION:Risk Assessment | EVALUATION:Rule Conformance | EXAMPLE:Output Template | EXAMPLE:Worked Case | OUTPUT:Control Signal | OUTPUT:Existing Thread Response | PROCESS:Decision Branch | PROCESS:Required Sequence | PROCESS:Within-Run Iteration | RESOURCE:GitHub Interface | SAFETY:Prompt Injection Defense | TASK:Evidence Investigation | TASK:Work Item Management,COMMUNICATION:Audience Voice | CONSTRAINT:Scope Boundary | CONTEXT:Domain Context | CONTEXT:Repository Context | EXAMPLE:Output Template | OUTPUT:Control Signal | OUTPUT:Existing Thread Response | PROCESS:Decision Branch | PROCESS:Required Sequence | PROCESS:Within-Run Iteration | RESOURCE:GitHub Interface | SAFETY:Prompt Injection Defense | TASK:Work Item Management
rq3_119,5,0,2,COMMUNICATION:Audience Voice | CONSTRAINT:Quality Standard | EXAMPLE:Output Template | OUTPUT:New Thread | PROCESS:Required Sequence | RESOURCE:GitHub Interface | TASK:Evidence Investigation,CONSTRAINT:Quality Standard | OUTPUT:New Thread | PROCESS:Required Sequence | RESOURCE:GitHub Interface | TASK:Evidence Investigation
rq3_121,5,1,5,COMMUNICATION:Expert Role | CONSTRAINT:Scope Boundary | EXAMPLE:Output Template | OUTPUT:Control Signal | OUTPUT:Existing Thread Response | OUTPUT:Repository Change | PROCESS:Required Sequence | PROCESS:Work Delegation | TASK:Artifact Change | TASK:Work Item Management,COMMUNICATION:Expert Role | OUTPUT:Existing Thread Response | PROCESS:Required Sequence | PROCESS:Work Delegation | RESOURCE:Agent Resource | TASK:Work Item Management
rq3_122,11,1,9,COMMUNICATION:Audience Voice | COMMUNICATION:Expert Role | CONSTRAINT:Quality Standard | CONSTRAINT:Resource Budget | CONSTRAINT:Scope Boundary | CONTEXT:Repository Context | EVALUATION:Risk Assessment | EVALUATION:Rule Conformance | OUTPUT:Existing Thread Response | PROCESS:Decision Branch | PROCESS:Required Sequence | PROCESS:Within-Run Iteration | PROCESS:Work Delegation | RESOURCE:Agent Resource | RESOURCE:GitHub Interface | RESOURCE:Local Workspace | SAFETY:Information Confidentiality | SAFETY:Prompt Injection Defense | SAFETY:Vulnerability Handling | TASK:Artifact Review,COMMUNICATION:Expert Role | CONTEXT:Domain Context | CONTEXT:Repository Context | EVALUATION:Risk Assessment | EVALUATION:Rule Conformance | OUTPUT:Existing Thread Response | PROCESS:Required Sequence | PROCESS:Work Delegation | RESOURCE:Agent Resource | SAFETY:Information Confidentiality | SAFETY:Prompt Injection Defense | TASK:Artifact Review
rq3_123,18,2,4,COMMUNICATION:Automation Disclosure | CONSTRAINT:Evidence Grounding | CONSTRAINT:Quality Standard | CONSTRAINT:Resource Budget | CONSTRAINT:Scope Boundary | CONTEXT:Execution Environment | CONTEXT:Repository Context | EVALUATION:Execution Check | EVALUATION:Risk Assessment | OUTPUT:Control Signal | OUTPUT:New Thread | OUTPUT:Repository Change | OUTPUT:Standalone Artifact | PROCESS:Decision Branch | PROCESS:Required Sequence | RESOURCE:Agent Resource | RESOURCE:Development Toolchain | RESOURCE:GitHub Interface | RESOURCE:Local Workspace | TASK:Artifact Change | TASK:Evidence Investigation | TASK:Executable Validation,COMMUNICATION:Automation Disclosure | CONSTRAINT:Evidence Grounding | CONSTRAINT:Resource Budget | CONSTRAINT:Scope Boundary | CONTEXT:Domain Context | CONTEXT:Execution Environment | CONTEXT:Repository Context | EVALUATION:Evidence Credibility | EVALUATION:Execution Check | OUTPUT:Control Signal | OUTPUT:New Thread | OUTPUT:Repository Change | PROCESS:Decision Branch | PROCESS:Required Sequence | RESOURCE:Development Toolchain | RESOURCE:GitHub Interface | RESOURCE:Local Workspace | TASK:Artifact Change | TASK:Evidence Investigation | TASK:Executable Validation
rq3_124,6,2,7,CONTEXT:Domain Context | EVALUATION:Execution Check | EVALUATION:Rule Conformance | EXAMPLE:Output Template | OUTPUT:Existing Thread Response | OUTPUT:New Thread | PROCESS:Decision Branch | PROCESS:Required Sequence | PROCESS:Work Delegation | RESOURCE:Agent Resource | RESOURCE:GitHub Interface | TASK:Executable Validation | TASK:Work Item Management,CONSTRAINT:Quality Standard | EXAMPLE:Technical Snippet | OUTPUT:Existing Thread Response | PROCESS:Required Sequence | PROCESS:Work Delegation | RESOURCE:Agent Resource | RESOURCE:GitHub Interface | TASK:Work Item Management
rq3_125,11,7,3,COMMUNICATION:Expert Role | CONSTRAINT:Evidence Grounding | CONSTRAINT:Resource Budget | CONSTRAINT:Scope Boundary | CONTEXT:Repository Context | EVALUATION:Rule Conformance | EXAMPLE:Output Template | OUTPUT:New Thread | PROCESS:Cross-Run Memory | PROCESS:Decision Branch | PROCESS:Required Sequence | RESOURCE:Local Workspace | TASK:Artifact Change | TASK:Evidence Investigation,COMMUNICATION:Expert Role | CONSTRAINT:Quality Standard | CONSTRAINT:Resource Budget | CONSTRAINT:Scope Boundary | CONTEXT:Domain Context | CONTEXT:Execution Environment | CONTEXT:Historical Context | EVALUATION:Rule Conformance | EXAMPLE:Output Template | EXAMPLE:Technical Snippet | OUTPUT:Control Signal | OUTPUT:New Thread | PROCESS:Cross-Run Memory | PROCESS:Decision Branch | PROCESS:Required Sequence | RESOURCE:GitHub Interface | RESOURCE:Local Workspace | TASK:Evidence Investigation
rq3_126,4,3,1,CONTEXT:Repository Context | OUTPUT:Existing Thread Response | PROCESS:Decision Branch | RESOURCE:GitHub Interface | TASK:Evidence Investigation,CONTEXT:Execution Environment | CONTEXT:Repository Context | OUTPUT:Existing Thread Response | PROCESS:Decision Branch | PROCESS:Required Sequence | RESOURCE:Local Workspace | TASK:Evidence Investigation
rq3_127,9,0,3,CONSTRAINT:Scope Boundary | CONTEXT:Execution Environment | CONTEXT:Repository Context | EVALUATION:Execution Check | EVALUATION:Rule Conformance | OUTPUT:Repository Change | PROCESS:Decision Branch | PROCESS:Required Sequence | RESOURCE:Development Toolchain | RESOURCE:Local Workspace | TASK:Artifact Change | TASK:Executable Validation,CONSTRAINT:Scope Boundary | CONTEXT:Repository Context | EVALUATION:Execution Check | OUTPUT:Repository Change | PROCESS:Decision Branch | PROCESS:Required Sequence | RESOURCE:Development Toolchain | TASK:Artifact Change | TASK:Executable Validation
rq3_128,22,1,3,COMMUNICATION:Expert Role | CONSTRAINT:Evidence Grounding | CONSTRAINT:Quality Standard | CONSTRAINT:Resource Budget | CONSTRAINT:Scope Boundary | CONTEXT:Domain Context | CONTEXT:Execution Environment | CONTEXT:Repository Context | EVALUATION:Risk Assessment | EVALUATION:Rule Conformance | EXAMPLE:Output Template | EXAMPLE:Technical Snippet | EXAMPLE:Worked Case | OUTPUT:Control Signal | PROCESS:Decision Branch | PROCESS:Required Sequence | PROCESS:Within-Run Iteration | PROCESS:Work Delegation | RESOURCE:Agent Resource | RESOURCE:GitHub Interface | RESOURCE:Local Workspace | SAFETY:Information Confidentiality | SAFETY:Prompt Injection Defense | SAFETY:Vulnerability Handling | TASK:Artifact Review,COMMUNICATION:Expert Role | CONSTRAINT:Evidence Grounding | CONSTRAINT:Quality Standard | CONSTRAINT:Resource Budget | CONSTRAINT:Scope Boundary | CONTEXT:Domain Context | CONTEXT:Repository Context | EVALUATION:Risk Assessment | EXAMPLE:Output Template | EXAMPLE:Technical Snippet | EXAMPLE:Worked Case | OUTPUT:Control Signal | PROCESS:Decision Branch | PROCESS:Required Sequence | PROCESS:Within-Run Iteration | PROCESS:Work Delegation | RESOURCE:Agent Resource | RESOURCE:GitHub Interface | RESOURCE:Local Workspace | SAFETY:Information Confidentiality | SAFETY:Vulnerability Handling | TASK:Artifact Review | TASK:Evidence Investigation
rq3_129,15,3,7,COMMUNICATION:Audience Voice | CONSTRAINT:Evidence Grounding | CONSTRAINT:Quality Standard | CONSTRAINT:Resource Budget | CONSTRAINT:Scope Boundary | CONTEXT:Domain Context | CONTEXT:Execution Environment | CONTEXT:Repository Context | EVALUATION:Risk Assessment | EXAMPLE:Output Template | EXAMPLE:Technical Snippet | OUTPUT:Control Signal | OUTPUT:New Thread | PROCESS:Decision Branch | PROCESS:Required Sequence | PROCESS:Within-Run Iteration | PROCESS:Work Delegation | RESOURCE:Agent Resource | RESOURCE:GitHub Interface | RESOURCE:Local Workspace | TASK:Evidence Investigation | TASK:Work Item Management,CONSTRAINT:Quality Standard | CONSTRAINT:Resource Budget | CONSTRAINT:Scope Boundary | CONTEXT:Execution Environment | CONTEXT:Historical Context | CONTEXT:Repository Context | EXAMPLE:Technical Snippet | OUTPUT:Control Signal | OUTPUT:New Thread | OUTPUT:Repository Change | PROCESS:Decision Branch | PROCESS:Required Sequence | PROCESS:Work Delegation | RESOURCE:Agent Resource | RESOURCE:Local Workspace | TASK:Evidence Investigation | TASK:Executable Validation | TASK:Work Item Management
rq3_130,9,3,6,COMMUNICATION:Automation Disclosure | COMMUNICATION:Expert Role | CONSTRAINT:Quality Standard | CONTEXT:Repository Context | EVALUATION:Rule Conformance | EXAMPLE:Output Template | OUTPUT:New Thread | OUTPUT:Standalone Artifact | PROCESS:Decision Branch | PROCESS:Required Sequence | PROCESS:Within-Run Iteration | RESOURCE:GitHub Interface | RESOURCE:Local Workspace | RESOURCE:Web Retrieval | TASK:Evidence Investigation,COMMUNICATION:Automation Disclosure | COMMUNICATION:Expert Role | CONTEXT:Domain Context | CONTEXT:Repository Context | EXAMPLE:Output Template | EXAMPLE:Technical Snippet | OUTPUT:New Thread | PROCESS:Required Sequence | RESOURCE:GitHub Interface | RESOURCE:Local Workspace | TASK:Evidence Investigation | TASK:Executable Validation
rq3_131,13,2,5,COMMUNICATION:Audience Voice | COMMUNICATION:Automation Disclosure | CONSTRAINT:Quality Standard | CONSTRAINT:Scope Boundary | CONTEXT:Domain Context | CONTEXT:Execution Environment | CONTEXT:Repository Context | EVALUATION:Rule Conformance | EXAMPLE:Output Template | EXAMPLE:Technical Snippet | EXAMPLE:Worked Case | OUTPUT:Repository Change | PROCESS:Decision Branch | PROCESS:Required Sequence | RESOURCE:GitHub Interface | RESOURCE:Local Workspace | TASK:Artifact Change | TASK:Evidence Investigation,COMMUNICATION:Audience Voice | CONSTRAINT:Quality Standard | CONSTRAINT:Scope Boundary | CONTEXT:Domain Context | CONTEXT:Execution Environment | CONTEXT:Historical Context | CONTEXT:Repository Context | EXAMPLE:Output Template | EXAMPLE:Technical Snippet | OUTPUT:Repository Change | PROCESS:Decision Branch | PROCESS:Required Sequence | RESOURCE:Agent Resource | RESOURCE:Local Workspace | TASK:Artifact Change
rq3_132,12,2,7,COMMUNICATION:Automation Disclosure | COMMUNICATION:Expert Role | CONSTRAINT:Evidence Grounding | CONSTRAINT:Quality Standard | CONSTRAINT:Scope Boundary | CONTEXT:Domain Context | CONTEXT:Repository Context | EVALUATION:Risk Assessment | EVALUATION:Rule Conformance | EXAMPLE:Output Template | EXAMPLE:Technical Snippet | EXAMPLE:Worked Case | OUTPUT:New Thread | PROCESS:Decision Branch | PROCESS:Required Sequence | PROCESS:Within-Run Iteration | RESOURCE:GitHub Interface | RESOURCE:Local Workspace | TASK:Artifact Review,COMMUNICATION:Expert Role | CONSTRAINT:Evidence Grounding | CONSTRAINT:Quality Standard | CONTEXT:Domain Context | CONTEXT:Repository Context | EXAMPLE:Output Template | EXAMPLE:Technical Snippet | OUTPUT:New Thread | PROCESS:Decision Branch | PROCESS:Required Sequence | RESOURCE:GitHub Interface | RESOURCE:Local Workspace | TASK:Evidence Investigation | TASK:Work Item Management
rq3_133,7,2,7,COMMUNICATION:Audience Voice | COMMUNICATION:Expert Role | CONSTRAINT:Quality Standard | CONSTRAINT:Resource Budget | CONSTRAINT:Scope Boundary | EVALUATION:Rule Conformance | EXAMPLE:Output Template | EXAMPLE:Worked Case | OUTPUT:Control Signal | OUTPUT:Repository Change | PROCESS:Decision Branch | PROCESS:Required Sequence | RESOURCE:Local Workspace | TASK:Artifact Change,CONSTRAINT:Resource Budget | CONSTRAINT:Scope Boundary | CONTEXT:Repository Context | OUTPUT:Control Signal | OUTPUT:Repository Change | PROCESS:Decision Branch | PROCESS:Required Sequence | RESOURCE:GitHub Interface | TASK:Artifact Change
rq3_134,16,2,6,COMMUNICATION:Automation Disclosure | COMMUNICATION:Expert Role | CONSTRAINT:Evidence Grounding | CONSTRAINT:Quality Standard | CONSTRAINT:Resource Budget | CONSTRAINT:Scope Boundary | CONTEXT:Domain Context | CONTEXT:Execution Environment | CONTEXT:Repository Context | EVALUATION:Risk Assessment | EVALUATION:Rule Conformance | EXAMPLE:Output Template | EXAMPLE:Worked Case | OUTPUT:Control Signal | OUTPUT:Existing Thread Response | OUTPUT:Repository Change | PROCESS:Decision Branch | PROCESS:Required Sequence | RESOURCE:GitHub Interface | RESOURCE:Local Workspace | TASK:Artifact Change | TASK:Artifact Review,COMMUNICATION:Expert Role | CONSTRAINT:Evidence Grounding | CONSTRAINT:Quality Standard | CONSTRAINT:Resource Budget | CONSTRAINT:Scope Boundary | CONTEXT:Domain Context | CONTEXT:Repository Context | EXAMPLE:Technical Snippet | OUTPUT:Control Signal | OUTPUT:Existing Thread Response | OUTPUT:Repository Change | PROCESS:Decision Branch | PROCESS:Required Sequence | RESOURCE:GitHub Interface | RESOURCE:Local Workspace | TASK:Artifact Change | TASK:Artifact Review | TASK:Evidence Investigation
rq3_135,10,2,8,COMMUNICATION:Audience Voice | COMMUNICATION:Expert Role | CONSTRAINT:Evidence Grounding | CONSTRAINT:Quality Standard | CONSTRAINT:Resource Budget | CONSTRAINT:Scope Boundary | CONTEXT:Repository Context | EVALUATION:Risk Assessment | EVALUATION:Rule Conformance | EXAMPLE:Output Template | OUTPUT:Existing Thread Response | PROCESS:Decision Branch | PROCESS:Required Sequence | PROCESS:Within-Run Iteration | RESOURCE:GitHub Interface | RESOURCE:Local Workspace | RESOURCE:Web Retrieval | TASK:Artifact Review,COMMUNICATION:Expert Role | CONSTRAINT:Quality Standard | CONSTRAINT:Resource Budget | CONSTRAINT:Scope Boundary | CONTEXT:Domain Context | CONTEXT:Repository Context | OUTPUT:Existing Thread Response | PROCESS:Required Sequence | RESOURCE:GitHub Interface | RESOURCE:Web Retrieval | TASK:Artifact Review | TASK:Evidence Investigation
rq3_136,4,1,2,CONSTRAINT:Quality Standard | CONSTRAINT:Scope Boundary | CONTEXT:Repository Context | EXAMPLE:Output Template | OUTPUT:New Thread | PROCESS:Required Sequence,COMMUNICATION:Expert Role | CONSTRAINT:Quality Standard | CONTEXT:Repository Context | OUTPUT:New Thread | PROCESS:Required Sequence
rq3_137,13,1,10,COMMUNICATION:Automation Disclosure | CONSTRAINT:Quality Standard | CONSTRAINT:Resource Budget | CONSTRAINT:Scope Boundary | CONTEXT:Execution Environment | CONTEXT:Repository Context | EVALUATION:Execution Check | EVALUATION:Rule Conformance | EXAMPLE:Output Template | OUTPUT:Control Signal | OUTPUT:Existing Thread Response | OUTPUT:Repository Change | PROCESS:Decision Branch | PROCESS:Required Sequence | PROCESS:Within-Run Iteration | PROCESS:Work Delegation | RESOURCE:Development Toolchain | RESOURCE:GitHub Interface | RESOURCE:Local Workspace | SAFETY:Prompt Injection Defense | TASK:Artifact Change | TASK:Evidence Investigation | TASK:Work Item Management,CONSTRAINT:Quality Standard | CONSTRAINT:Scope Boundary | CONTEXT:Domain Context | CONTEXT:Repository Context | OUTPUT:Control Signal | OUTPUT:Existing Thread Response | OUTPUT:Repository Change | PROCESS:Decision Branch | PROCESS:Required Sequence | PROCESS:Within-Run Iteration | RESOURCE:Development Toolchain | RESOURCE:GitHub Interface | SAFETY:Prompt Injection Defense | TASK:Evidence Investigation
rq3_138,13,1,7,CONSTRAINT:Evidence Grounding | CONSTRAINT:Quality Standard | CONSTRAINT:Resource Budget | CONSTRAINT:Scope Boundary | CONTEXT:Domain Context | CONTEXT:Execution Environment | EVALUATION:Evidence Credibility | EVALUATION:Risk Assessment | EVALUATION:Rule Conformance | EXAMPLE:Output Template | EXAMPLE:Worked Case | OUTPUT:Control Signal | OUTPUT:New Thread | PROCESS:Decision Branch | PROCESS:Required Sequence | PROCESS:Within-Run Iteration | RESOURCE:GitHub Interface | RESOURCE:Local Workspace | TASK:Artifact Review | TASK:Evidence Investigation,CONSTRAINT:Evidence Grounding | CONSTRAINT:Quality Standard | CONSTRAINT:Resource Budget | CONTEXT:Domain Context | EVALUATION:Rule Conformance | EXAMPLE:Output Template | OUTPUT:Control Signal | OUTPUT:New Thread | PROCESS:Decision Branch | PROCESS:Required Sequence | RESOURCE:GitHub Interface | RESOURCE:Local Workspace | TASK:Evidence Investigation | TASK:Work Item Management
rq3_139,10,9,3,CONSTRAINT:Quality Standard | EVALUATION:Execution Check | EVALUATION:Risk Assessment | EVALUATION:Rule Conformance | EXAMPLE:Output Template | OUTPUT:New Thread | OUTPUT:Repository Change | PROCESS:Decision Branch | PROCESS:Required Sequence | RESOURCE:Development Toolchain | RESOURCE:GitHub Interface | TASK:Artifact Review | TASK:Evidence Investigation,COMMUNICATION:Expert Role | CONSTRAINT:Quality Standard | CONTEXT:Domain Context | CONTEXT:Execution Environment | CONTEXT:Repository Context | EVALUATION:Execution Check | EVALUATION:Rule Conformance | EXAMPLE:Output Template | EXAMPLE:Technical Snippet | OUTPUT:Repository Change | PROCESS:Decision Branch | PROCESS:Required Sequence | RESOURCE:Development Toolchain | RESOURCE:Local Workspace | TASK:Artifact Change | TASK:Artifact Review | TASK:Evidence Investigation | TASK:Executable Validation | TASK:Work Item Management
rq3_140,8,2,4,COMMUNICATION:Expert Role | CONSTRAINT:Evidence Grounding | CONSTRAINT:Quality Standard | CONSTRAINT:Resource Budget | CONSTRAINT:Scope Boundary | EXAMPLE:Worked Case | OUTPUT:Control Signal | OUTPUT:New Thread | PROCESS:Decision Branch | PROCESS:Required Sequence | RESOURCE:Local Workspace | TASK:Artifact Review,COMMUNICATION:Expert Role | CONSTRAINT:Scope Boundary | OUTPUT:Control Signal | OUTPUT:New Thread | PROCESS:Decision Branch | PROCESS:Required Sequence | RESOURCE:Local Workspace | TASK:Artifact Change | TASK:Artifact Review | TASK:Evidence Investigation
rq3_141,19,3,5,COMMUNICATION:Automation Disclosure | COMMUNICATION:Expert Role | CONSTRAINT:Quality Standard | CONSTRAINT:Resource Budget | CONSTRAINT:Scope Boundary | CONTEXT:Domain Context | CONTEXT:Repository Context | EVALUATION:Execution Check | EVALUATION:Risk Assessment | EVALUATION:Rule Conformance | EXAMPLE:Output Template | EXAMPLE:Technical Snippet | EXAMPLE:Worked Case | OUTPUT:Control Signal | OUTPUT:Repository Change | PROCESS:Cross-Run Memory | PROCESS:Decision Branch | PROCESS:Required Sequence | RESOURCE:Development Toolchain | RESOURCE:GitHub Interface | RESOURCE:Local Workspace | RESOURCE:Web Retrieval | TASK:Artifact Change | TASK:Executable Validation,COMMUNICATION:Expert Role | CONSTRAINT:Scope Boundary | CONTEXT:Domain Context | CONTEXT:Execution Environment | CONTEXT:Historical Context | CONTEXT:Repository Context | EVALUATION:Execution Check | EVALUATION:Rule Conformance | EXAMPLE:Output Template | EXAMPLE:Technical Snippet | OUTPUT:Control Signal | OUTPUT:Repository Change | PROCESS:Cross-Run Memory | PROCESS:Decision Branch | PROCESS:Required Sequence | RESOURCE:Development Toolchain | RESOURCE:GitHub Interface | RESOURCE:Local Workspace | RESOURCE:Web Retrieval | TASK:Artifact Change | TASK:Evidence Investigation | TASK:Executable Validation
rq3_142,8,2,3,CONSTRAINT:Quality Standard | CONTEXT:Execution Environment | EVALUATION:Execution Check | EXAMPLE:Output Template | OUTPUT:Control Signal | OUTPUT:Existing Thread Response | PROCESS:Decision Branch | PROCESS:Required Sequence | RESOURCE:Development Toolchain | SAFETY:Execution Isolation | TASK:Executable Validation,CONSTRAINT:Quality Standard | CONSTRAINT:Scope Boundary | CONTEXT:Execution Environment | EVALUATION:Execution Check | OUTPUT:Control Signal | OUTPUT:Existing Thread Response | PROCESS:Decision Branch | PROCESS:Required Sequence | RESOURCE:Local Workspace | TASK:Executable Validation
rq3_143,21,3,3,COMMUNICATION:Automation Disclosure | COMMUNICATION:Expert Role | CONSTRAINT:Quality Standard | CONSTRAINT:Resource Budget | CONSTRAINT:Scope Boundary | CONTEXT:Execution Environment | CONTEXT:Historical Context | CONTEXT:Repository Context | EVALUATION:Execution Check | EXAMPLE:Output Template | EXAMPLE:Technical Snippet | OUTPUT:Control Signal | OUTPUT:New Thread | OUTPUT:Standalone Artifact | PROCESS:Cross-Run Memory | PROCESS:Decision Branch | PROCESS:Required Sequence | PROCESS:Within-Run Iteration | RESOURCE:Development Toolchain | RESOURCE:GitHub Interface | RESOURCE:Local Workspace | TASK:Evidence Investigation | TASK:Executable Validation | TASK:Work Item Management,COMMUNICATION:Automation Disclosure | COMMUNICATION:Expert Role | CONSTRAINT:Quality Standard | CONSTRAINT:Resource Budget | CONSTRAINT:Scope Boundary | CONTEXT:Domain Context | CONTEXT:Execution Environment | CONTEXT:Historical Context | CONTEXT:Repository Context | EXAMPLE:Output Template | EXAMPLE:Technical Snippet | OUTPUT:New Thread | OUTPUT:Repository Change | OUTPUT:Standalone Artifact | PROCESS:Cross-Run Memory | PROCESS:Decision Branch | PROCESS:Required Sequence | RESOURCE:Development Toolchain | RESOURCE:GitHub Interface | RESOURCE:Local Workspace | TASK:Artifact Change | TASK:Evidence Investigation | TASK:Executable Validation | TASK:Work Item Management
rq3_144,12,8,7,COMMUNICATION:Automation Disclosure | CONSTRAINT:Quality Standard | CONSTRAINT:Resource Budget | CONSTRAINT:Scope Boundary | CONTEXT:Execution Environment | CONTEXT:Repository Context | EVALUATION:Risk Assessment | EVALUATION:Rule Conformance | EXAMPLE:Output Template | EXAMPLE:Technical Snippet | EXAMPLE:Worked Case | OUTPUT:Control Signal | OUTPUT:New Thread | PROCESS:Cross-Run Memory | PROCESS:Decision Branch | PROCESS:Required Sequence | PROCESS:Within-Run Iteration | RESOURCE:Local Workspace | TASK:Artifact Review,COMMUNICATION:Expert Role | CONSTRAINT:Quality Standard | CONSTRAINT:Scope Boundary | CONTEXT:Domain Context | CONTEXT:Execution Environment | CONTEXT:Historical Context | CONTEXT:Repository Context | EXAMPLE:Output Template | EXAMPLE:Technical Snippet | OUTPUT:Control Signal | OUTPUT:New Thread | PROCESS:Cross-Run Memory | PROCESS:Decision Branch | PROCESS:Required Sequence | PROCESS:Work Delegation | RESOURCE:Agent Resource | RESOURCE:GitHub Interface | RESOURCE:Local Workspace | TASK:Evidence Investigation | TASK:Work Item Management
rq3_145,6,0,4,COMMUNICATION:Expert Role | CONTEXT:Execution Environment | CONTEXT:Repository Context | EVALUATION:Execution Check | OUTPUT:Control Signal | PROCESS:Decision Branch | PROCESS:Required Sequence | RESOURCE:Web Retrieval | SAFETY:Execution Isolation | TASK:Executable Validation,COMMUNICATION:Expert Role | CONTEXT:Repository Context | EVALUATION:Execution Check | PROCESS:Required Sequence | RESOURCE:Web Retrieval | TASK:Executable Validation
rq3_146,13,1,8,COMMUNICATION:Expert Role | CONSTRAINT:Evidence Grounding | CONSTRAINT:Quality Standard | CONSTRAINT:Scope Boundary | CONTEXT:Domain Context | CONTEXT:Repository Context | EVALUATION:Execution Check | EVALUATION:Risk Assessment | EVALUATION:Rule Conformance | EXAMPLE:Output Template | OUTPUT:New Thread | PROCESS:Cross-Run Memory | PROCESS:Decision Branch | PROCESS:Required Sequence | PROCESS:Within-Run Iteration | RESOURCE:Agent Resource | RESOURCE:GitHub Interface | SAFETY:Execution Isolation | SAFETY:Information Confidentiality | TASK:Artifact Review | TASK:Evidence Investigation,COMMUNICATION:Expert Role | CONSTRAINT:Quality Standard | CONSTRAINT:Scope Boundary | CONTEXT:Domain Context | CONTEXT:Historical Context | CONTEXT:Repository Context | EXAMPLE:Output Template | OUTPUT:New Thread | PROCESS:Cross-Run Memory | PROCESS:Decision Branch | PROCESS:Required Sequence | RESOURCE:GitHub Interface | SAFETY:Information Confidentiality | TASK:Evidence Investigation
rq3_147,11,0,4,COMMUNICATION:Expert Role | CONSTRAINT:Quality Standard | CONSTRAINT:Resource Budget | CONSTRAINT:Scope Boundary | CONTEXT:Repository Context | EVALUATION:Risk Assessment | OUTPUT:Control Signal | OUTPUT:Existing Thread Response | PROCESS:Decision Branch | PROCESS:Required Sequence | RESOURCE:Agent Resource | RESOURCE:GitHub Interface | RESOURCE:Local Workspace | SAFETY:Vulnerability Handling | TASK:Artifact Review,COMMUNICATION:Expert Role | CONSTRAINT:Quality Standard | CONSTRAINT:Scope Boundary | CONTEXT:Repository Context | EVALUATION:Risk Assessment | OUTPUT:Control Signal | OUTPUT:Existing Thread Response | PROCESS:Decision Branch | PROCESS:Required Sequence | RESOURCE:GitHub Interface | TASK:Artifact Review
rq3_148,9,5,4,CONSTRAINT:Quality Standard | CONSTRAINT:Resource Budget | CONTEXT:Domain Context | CONTEXT:Repository Context | EXAMPLE:Output Template | EXAMPLE:Technical Snippet | EXAMPLE:Worked Case | OUTPUT:New Thread | PROCESS:Decision Branch | PROCESS:Required Sequence | RESOURCE:GitHub Interface | RESOURCE:Local Workspace | TASK:Evidence Investigation,COMMUNICATION:Expert Role | CONSTRAINT:Quality Standard | CONSTRAINT:Scope Boundary | CONTEXT:Domain Context | CONTEXT:Execution Environment | CONTEXT:Historical Context | CONTEXT:Repository Context | OUTPUT:New Thread | PROCESS:Decision Branch | PROCESS:Required Sequence | RESOURCE:GitHub Interface | RESOURCE:Local Workspace | TASK:Evidence Investigation | TASK:Work Item Management
rq3_149,10,0,6,COMMUNICATION:Audience Voice | CONSTRAINT:Quality Standard | CONSTRAINT:Scope Boundary | CONTEXT:Domain Context | CONTEXT:Execution Environment | CONTEXT:Repository Context | EVALUATION:Risk Assessment | EVALUATION:Rule Conformance | EXAMPLE:Output Template | EXAMPLE:Technical Snippet | EXAMPLE:Worked Case | OUTPUT:Standalone Artifact | PROCESS:Decision Branch | PROCESS:Required Sequence | RESOURCE:Local Workspace | TASK:Evidence Investigation,CONSTRAINT:Quality Standard | CONTEXT:Domain Context | CONTEXT:Execution Environment | CONTEXT:Repository Context | EXAMPLE:Output Template | EXAMPLE:Technical Snippet | EXAMPLE:Worked Case | PROCESS:Required Sequence | RESOURCE:Local Workspace | TASK:Evidence Investigation
rq3_150,9,5,4,CONSTRAINT:Scope Boundary | CONTEXT:Domain Context | CONTEXT:Execution Environment | CONTEXT:Historical Context | CONTEXT:Repository Context | EVALUATION:Execution Check | EVALUATION:Rule Conformance | OUTPUT:Control Signal | OUTPUT:New Thread | PROCESS:Decision Branch | PROCESS:Required Sequence | RESOURCE:Development Toolchain | TASK:Executable Validation,CONSTRAINT:Evidence Grounding | CONSTRAINT:Scope Boundary | CONTEXT:Domain Context | CONTEXT:Execution Environment | EVALUATION:Execution Check | OUTPUT:New Thread | PROCESS:Decision Branch | PROCESS:Required Sequence | PROCESS:Within-Run Iteration | RESOURCE:Development Toolchain | RESOURCE:GitHub Interface | RESOURCE:Local Workspace | TASK:Executable Validation | TASK:Work Item Management
rq3_151,13,1,9,COMMUNICATION:Automation Disclosure | COMMUNICATION:Expert Role | CONSTRAINT:Evidence Grounding | CONSTRAINT:Quality Standard | CONSTRAINT:Resource Budget | CONSTRAINT:Scope Boundary | CONTEXT:Domain Context | CONTEXT:Execution Environment | CONTEXT:Repository Context | EVALUATION:Risk Assessment | EXAMPLE:Output Template | EXAMPLE:Technical Snippet | EXAMPLE:Worked Case | OUTPUT:Control Signal | OUTPUT:New Thread | OUTPUT:Standalone Artifact | PROCESS:Decision Branch | PROCESS:Required Sequence | PROCESS:Within-Run Iteration | RESOURCE:GitHub Interface | RESOURCE:Local Workspace | TASK:Evidence Investigation,COMMUNICATION:Expert Role | CONSTRAINT:Quality Standard | CONSTRAINT:Scope Boundary | CONTEXT:Domain Context | CONTEXT:Repository Context | EXAMPLE:Output Template | EXAMPLE:Technical Snippet | OUTPUT:New Thread | PROCESS:Decision Branch | PROCESS:Required Sequence | RESOURCE:GitHub Interface | RESOURCE:Local Workspace | TASK:Artifact Change | TASK:Evidence Investigation
rq3_152,7,1,4,COMMUNICATION:Expert Role | CONSTRAINT:Evidence Grounding | CONSTRAINT:Quality Standard | EVALUATION:Risk Assessment | OUTPUT:Control Signal | OUTPUT:Existing Thread Response | PROCESS:Decision Branch | PROCESS:Required Sequence | PROCESS:Work Delegation | RESOURCE:GitHub Interface | TASK:Evidence Investigation,COMMUNICATION:Expert Role | OUTPUT:Existing Thread Response | PROCESS:Decision Branch | PROCESS:Required Sequence | PROCESS:Work Delegation | RESOURCE:GitHub Interface | TASK:Evidence Investigation | TASK:Work Item Management
rq3_153,29,1,8,COMMUNICATION:Audience Voice | COMMUNICATION:Automation Disclosure | CONSTRAINT:Evidence Grounding | CONSTRAINT:Quality Standard | CONSTRAINT:Resource Budget | CONSTRAINT:Scope Boundary | CONTEXT:Domain Context | CONTEXT:Execution Environment | CONTEXT:Historical Context | CONTEXT:Repository Context | EVALUATION:Evidence Credibility | EVALUATION:Execution Check | EVALUATION:Risk Assessment | EVALUATION:Rule Conformance | EXAMPLE:Output Template | EXAMPLE:Technical Snippet | EXAMPLE:Worked Case | OUTPUT:Control Signal | OUTPUT:Existing Thread Response | OUTPUT:Repository Change | OUTPUT:Standalone Artifact | PROCESS:Cross-Run Memory | PROCESS:Decision Branch | PROCESS:Required Sequence | PROCESS:Within-Run Iteration | RESOURCE:Agent Resource | RESOURCE:Development Toolchain | RESOURCE:GitHub Interface | RESOURCE:Local Workspace | RESOURCE:Web Retrieval | SAFETY:Execution Isolation | SAFETY:Prompt Injection Defense | TASK:Artifact Change | TASK:Artifact Review | TASK:Evidence Investigation | TASK:Executable Validation | TASK:Work Item Management,COMMUNICATION:Automation Disclosure | COMMUNICATION:Expert Role | CONSTRAINT:Evidence Grounding | CONSTRAINT:Quality Standard | CONSTRAINT:Resource Budget | CONSTRAINT:Scope Boundary | CONTEXT:Domain Context | CONTEXT:Execution Environment | CONTEXT:Historical Context | CONTEXT:Repository Context | EVALUATION:Evidence Credibility | EVALUATION:Execution Check | EVALUATION:Rule Conformance | EXAMPLE:Output Template | EXAMPLE:Technical Snippet | OUTPUT:Existing Thread Response | OUTPUT:Repository Change | PROCESS:Cross-Run Memory | PROCESS:Decision Branch | PROCESS:Required Sequence | PROCESS:Within-Run Iteration | RESOURCE:Development Toolchain | RESOURCE:GitHub Interface | RESOURCE:Local Workspace | SAFETY:Execution Isolation | SAFETY:Prompt Injection Defense | TASK:Artifact Change | TASK:Evidence Investigation | TASK:Executable Validation | TASK:Work Item Management
rq3_154,17,2,4,COMMUNICATION:Audience Voice | CONSTRAINT:Quality Standard | CONSTRAINT:Resource Budget | CONSTRAINT:Scope Boundary | CONTEXT:Execution Environment | CONTEXT:Repository Context | EVALUATION:Execution Check | EVALUATION:Rule Conformance | EXAMPLE:Technical Snippet | EXAMPLE:Worked Case | OUTPUT:Control Signal | OUTPUT:Existing Thread Response | PROCESS:Decision Branch | PROCESS:Required Sequence | RESOURCE:Development Toolchain | RESOURCE:GitHub Interface | RESOURCE:Local Workspace | RESOURCE:Web Retrieval | SAFETY:Prompt Injection Defense | TASK:Executable Validation | TASK:Work Item Management,CONSTRAINT:Quality Standard | CONSTRAINT:Resource Budget | CONSTRAINT:Scope Boundary | CONTEXT:Domain Context | CONTEXT:Execution Environment | CONTEXT:Repository Context | EVALUATION:Execution Check | OUTPUT:Control Signal | OUTPUT:Existing Thread Response | PROCESS:Decision Branch | PROCESS:Required Sequence | RESOURCE:Development Toolchain | RESOURCE:GitHub Interface | RESOURCE:Local Workspace | RESOURCE:Web Retrieval | SAFETY:Prompt Injection Defense | TASK:Artifact Review | TASK:Executable Validation | TASK:Work Item Management
rq3_155,12,3,7,COMMUNICATION:Automation Disclosure | CONSTRAINT:Evidence Grounding | CONSTRAINT:Quality Standard | CONSTRAINT:Scope Boundary | CONTEXT:Repository Context | EVALUATION:Evidence Credibility | EVALUATION:Risk Assessment | EVALUATION:Rule Conformance | EXAMPLE:Output Template | EXAMPLE:Technical Snippet | EXAMPLE:Worked Case | OUTPUT:Control Signal | OUTPUT:Repository Change | PROCESS:Decision Branch | PROCESS:Required Sequence | PROCESS:Within-Run Iteration | RESOURCE:GitHub Interface | RESOURCE:Local Workspace | TASK:Artifact Change,CONSTRAINT:Quality Standard | CONSTRAINT:Resource Budget | CONSTRAINT:Scope Boundary | CONTEXT:Domain Context | CONTEXT:Repository Context | EXAMPLE:Output Template | EXAMPLE:Technical Snippet | OUTPUT:Repository Change | PROCESS:Decision Branch | PROCESS:Required Sequence | PROCESS:Within-Run Iteration | RESOURCE:GitHub Interface | RESOURCE:Local Workspace | TASK:Artifact Change | TASK:Evidence Investigation
rq3_156,9,2,3,COMMUNICATION:Audience Voice | COMMUNICATION:Automation Disclosure | COMMUNICATION:Expert Role | CONSTRAINT:Quality Standard | CONSTRAINT:Scope Boundary | CONTEXT:Repository Context | EXAMPLE:Output Template | OUTPUT:Control Signal | OUTPUT:New Thread | PROCESS:Decision Branch | RESOURCE:GitHub Interface | TASK:Evidence Investigation,CONSTRAINT:Evidence Grounding | CONSTRAINT:Quality Standard | CONSTRAINT:Scope Boundary | CONTEXT:Repository Context | EXAMPLE:Output Template | OUTPUT:Control Signal | OUTPUT:New Thread | PROCESS:Decision Branch | RESOURCE:GitHub Interface | TASK:Evidence Investigation | TASK:Work Item Management
rq3_157,13,6,6,COMMUNICATION:Expert Role | CONSTRAINT:Quality Standard | CONSTRAINT:Resource Budget | CONSTRAINT:Scope Boundary | CONTEXT:Repository Context | EVALUATION:Risk Assessment | EVALUATION:Rule Conformance | EXAMPLE:Output Template | EXAMPLE:Worked Case | OUTPUT:Control Signal | OUTPUT:New Thread | PROCESS:Decision Branch | PROCESS:Required Sequence | PROCESS:Within-Run Iteration | RESOURCE:GitHub Interface | RESOURCE:Local Workspace | SAFETY:Execution Isolation | TASK:Artifact Review | TASK:Executable Validation,COMMUNICATION:Expert Role | CONSTRAINT:Quality Standard | CONSTRAINT:Scope Boundary | CONTEXT:Domain Context | CONTEXT:Repository Context | EXAMPLE:Output Template | EXAMPLE:Technical Snippet | OUTPUT:Control Signal | OUTPUT:New Thread | OUTPUT:Repository Change | PROCESS:Decision Branch | PROCESS:Required Sequence | PROCESS:Within-Run Iteration | RESOURCE:GitHub Interface | RESOURCE:Local Workspace | TASK:Artifact Change | TASK:Artifact Review | TASK:Evidence Investigation | TASK:Work Item Management
rq3_158,11,0,5,CONSTRAINT:Evidence Grounding | CONSTRAINT:Quality Standard | CONSTRAINT:Scope Boundary | CONTEXT:Repository Context | EVALUATION:Execution Check | EVALUATION:Rule Conformance | OUTPUT:Control Signal | OUTPUT:Existing Thread Response | OUTPUT:Repository Change | PROCESS:Decision Branch | PROCESS:Required Sequence | RESOURCE:Local Workspace | SAFETY:Prompt Injection Defense | TASK:Artifact Change | TASK:Evidence Investigation | TASK:Executable Validation,CONSTRAINT:Quality Standard | CONSTRAINT:Scope Boundary | EVALUATION:Rule Conformance | OUTPUT:Control Signal | OUTPUT:Existing Thread Response | OUTPUT:Repository Change | PROCESS:Decision Branch | PROCESS:Required Sequence | RESOURCE:Local Workspace | TASK:Artifact Change | TASK:Evidence Investigation
rq3_159,3,1,6,CONSTRAINT:Scope Boundary | CONTEXT:Domain Context | CONTEXT:Execution Environment | EVALUATION:Execution Check | OUTPUT:Control Signal | PROCESS:Decision Branch | RESOURCE:Web Retrieval | SAFETY:Execution Isolation | TASK:Executable Validation,CONSTRAINT:Scope Boundary | EVALUATION:Execution Check | RESOURCE:Local Workspace | TASK:Executable Validation
rq3_160,20,0,10,COMMUNICATION:Automation Disclosure | COMMUNICATION:Expert Role | CONSTRAINT:Evidence Grounding | CONSTRAINT:Quality Standard | CONSTRAINT:Resource Budget | CONSTRAINT:Scope Boundary | CONTEXT:Domain Context | CONTEXT:Repository Context | EVALUATION:Evidence Credibility | EVALUATION:Execution Check | EVALUATION:Risk Assessment | EVALUATION:Rule Conformance | EXAMPLE:Output Template | EXAMPLE:Worked Case | OUTPUT:Control Signal | OUTPUT:Existing Thread Response | OUTPUT:New Thread | OUTPUT:Repository Change | PROCESS:Cross-Run Memory | PROCESS:Decision Branch | PROCESS:Required Sequence | PROCESS:Within-Run Iteration | RESOURCE:Agent Resource | RESOURCE:Development Toolchain | RESOURCE:GitHub Interface | RESOURCE:Local Workspace | TASK:Artifact Change | TASK:Evidence Investigation | TASK:Executable Validation | TASK:Work Item Management,COMMUNICATION:Automation Disclosure | COMMUNICATION:Expert Role | CONSTRAINT:Evidence Grounding | CONSTRAINT:Quality Standard | CONSTRAINT:Scope Boundary | CONTEXT:Domain Context | CONTEXT:Repository Context | EVALUATION:Execution Check | EXAMPLE:Output Template | OUTPUT:Existing Thread Response | OUTPUT:New Thread | OUTPUT:Repository Change | PROCESS:Cross-Run Memory | PROCESS:Decision Branch | PROCESS:Required Sequence | RESOURCE:GitHub Interface | TASK:Artifact Change | TASK:Evidence Investigation | TASK:Executable Validation | TASK:Work Item Management
rq3_161,12,1,6,COMMUNICATION:Automation Disclosure | CONSTRAINT:Quality Standard | CONSTRAINT:Resource Budget | CONSTRAINT:Scope Boundary | CONTEXT:Execution Environment | CONTEXT:Repository Context | EVALUATION:Rule Conformance | EXAMPLE:Output Template | OUTPUT:Control Signal | OUTPUT:Repository Change | PROCESS:Decision Branch | PROCESS:Required Sequence | PROCESS:Within-Run Iteration | RESOURCE:GitHub Interface | RESOURCE:Local Workspace | SAFETY:Execution Isolation | TASK:Artifact Change | TASK:Evidence Investigation,CONSTRAINT:Quality Standard | CONSTRAINT:Resource Budget | CONSTRAINT:Scope Boundary | CONTEXT:Domain Context | CONTEXT:Execution Environment | CONTEXT:Repository Context | OUTPUT:Control Signal | OUTPUT:Repository Change | PROCESS:Decision Branch | PROCESS:Required Sequence | RESOURCE:Local Workspace | TASK:Artifact Change | TASK:Evidence Investigation
rq3_162,15,3,6,COMMUNICATION:Automation Disclosure | COMMUNICATION:Expert Role | CONSTRAINT:Quality Standard | CONSTRAINT:Resource Budget | CONSTRAINT:Scope Boundary | EVALUATION:Risk Assessment | EVALUATION:Rule Conformance | EXAMPLE:Output Template | EXAMPLE:Technical Snippet | OUTPUT:Control Signal | OUTPUT:Repository Change | PROCESS:Cross-Run Memory | PROCESS:Decision Branch | PROCESS:Required Sequence | PROCESS:Within-Run Iteration | RESOURCE:GitHub Interface | RESOURCE:Local Workspace | SAFETY:Execution Isolation | SAFETY:Vulnerability Handling | TASK:Artifact Change | TASK:Evidence Investigation,COMMUNICATION:Expert Role | CONSTRAINT:Quality Standard | CONSTRAINT:Scope Boundary | CONTEXT:Domain Context | CONTEXT:Historical Context | CONTEXT:Repository Context | EXAMPLE:Output Template | EXAMPLE:Technical Snippet | OUTPUT:Control Signal | OUTPUT:Repository Change | PROCESS:Cross-Run Memory | PROCESS:Decision Branch | PROCESS:Required Sequence | RESOURCE:GitHub Interface | RESOURCE:Local Workspace | SAFETY:Vulnerability Handling | TASK:Artifact Change | TASK:Evidence Investigation
rq3_163,13,4,1,COMMUNICATION:Audience Voice | COMMUNICATION:Expert Role | CONSTRAINT:Evidence Grounding | CONSTRAINT:Quality Standard | CONTEXT:Repository Context | EVALUATION:Rule Conformance | EXAMPLE:Worked Case | OUTPUT:Existing Thread Response | PROCESS:Decision Branch | PROCESS:Required Sequence | RESOURCE:GitHub Interface | RESOURCE:Local Workspace | TASK:Artifact Review | TASK:Evidence Investigation,COMMUNICATION:Expert Role | CONSTRAINT:Evidence Grounding | CONSTRAINT:Quality Standard | CONSTRAINT:Scope Boundary | CONTEXT:Domain Context | CONTEXT:Repository Context | EVALUATION:Rule Conformance | EXAMPLE:Output Template | EXAMPLE:Technical Snippet | EXAMPLE:Worked Case | OUTPUT:Existing Thread Response | PROCESS:Decision Branch | PROCESS:Required Sequence | RESOURCE:GitHub Interface | RESOURCE:Local Workspace | TASK:Artifact Review | TASK:Evidence Investigation
rq3_164,9,2,6,CONSTRAINT:Scope Boundary | CONTEXT:Domain Context | CONTEXT:Execution Environment | CONTEXT:Repository Context | EVALUATION:Execution Check | EXAMPLE:Output Template | OUTPUT:Control Signal | OUTPUT:New Thread | OUTPUT:Standalone Artifact | PROCESS:Decision Branch | PROCESS:Required Sequence | PROCESS:Within-Run Iteration | RESOURCE:Development Toolchain | RESOURCE:Local Workspace | TASK:Executable Validation,CONSTRAINT:Quality Standard | CONSTRAINT:Scope Boundary | CONTEXT:Domain Context | CONTEXT:Execution Environment | EVALUATION:Execution Check | OUTPUT:New Thread | PROCESS:Decision Branch | PROCESS:Required Sequence | RESOURCE:GitHub Interface | RESOURCE:Local Workspace | TASK:Executable Validation
rq3_165,12,1,7,COMMUNICATION:Audience Voice | COMMUNICATION:Automation Disclosure | COMMUNICATION:Expert Role | CONSTRAINT:Evidence Grounding | CONSTRAINT:Quality Standard | CONSTRAINT:Scope Boundary | CONTEXT:Execution Environment | CONTEXT:Repository Context | EVALUATION:Execution Check | EXAMPLE:Output Template | EXAMPLE:Technical Snippet | OUTPUT:New Thread | PROCESS:Decision Branch | PROCESS:Required Sequence | PROCESS:Within-Run Iteration | RESOURCE:GitHub Interface | RESOURCE:Local Workspace | SAFETY:Vulnerability Handling | TASK:Evidence Investigation,COMMUNICATION:Expert Role | CONSTRAINT:Quality Standard | CONSTRAINT:Scope Boundary | CONTEXT:Domain Context | CONTEXT:Execution Environment | CONTEXT:Repository Context | EXAMPLE:Output Template | OUTPUT:New Thread | PROCESS:Decision Branch | PROCESS:Required Sequence | RESOURCE:GitHub Interface | RESOURCE:Local Workspace | TASK:Evidence Investigation
rq3_166,9,3,6,COMMUNICATION:Audience Voice | COMMUNICATION:Automation Disclosure | CONSTRAINT:Evidence Grounding | CONSTRAINT:Scope Boundary | CONTEXT:Execution Environment | EVALUATION:Rule Conformance | EXAMPLE:Output Template | EXAMPLE:Technical Snippet | OUTPUT:Control Signal | OUTPUT:Existing Thread Response | PROCESS:Decision Branch | PROCESS:Required Sequence | PROCESS:Within-Run Iteration | RESOURCE:GitHub Interface | TASK:Evidence Investigation,COMMUNICATION:Audience Voice | COMMUNICATION:Automation Disclosure | CONSTRAINT:Quality Standard | CONSTRAINT:Scope Boundary | CONTEXT:Repository Context | EXAMPLE:Output Template | OUTPUT:Control Signal | OUTPUT:Existing Thread Response | PROCESS:Decision Branch | PROCESS:Required Sequence | RESOURCE:GitHub Interface | TASK:Artifact Review
rq3_167,18,1,5,COMMUNICATION:Automation Disclosure | COMMUNICATION:Expert Role | CONSTRAINT:Evidence Grounding | CONSTRAINT:Quality Standard | CONSTRAINT:Resource Budget | CONSTRAINT:Scope Boundary | CONTEXT:Execution Environment | CONTEXT:Historical Context | CONTEXT:Repository Context | EVALUATION:Execution Check | EVALUATION:Risk Assessment | EXAMPLE:Output Template | EXAMPLE:Technical Snippet | OUTPUT:Control Signal | OUTPUT:Existing Thread Response | PROCESS:Cross-Run Memory | PROCESS:Decision Branch | PROCESS:Required Sequence | PROCESS:Within-Run Iteration | RESOURCE:GitHub Interface | RESOURCE:Local Workspace | SAFETY:Execution Isolation | TASK:Evidence Investigation,COMMUNICATION:Expert Role | CONSTRAINT:Evidence Grounding | CONSTRAINT:Quality Standard | CONSTRAINT:Resource Budget | CONSTRAINT:Scope Boundary | CONTEXT:Domain Context | CONTEXT:Execution Environment | CONTEXT:Historical Context | CONTEXT:Repository Context | EXAMPLE:Output Template | OUTPUT:Control Signal | OUTPUT:Existing Thread Response | PROCESS:Cross-Run Memory | PROCESS:Decision Branch | PROCESS:Required Sequence | PROCESS:Within-Run Iteration | RESOURCE:GitHub Interface | RESOURCE:Local Workspace | TASK:Evidence Investigation
rq3_168,14,3,6,CONSTRAINT:Evidence Grounding | CONSTRAINT:Quality Standard | CONSTRAINT:Resource Budget | CONSTRAINT:Scope Boundary | CONTEXT:Domain Context | CONTEXT:Repository Context | EVALUATION:Rule Conformance | EXAMPLE:Output Template | EXAMPLE:Worked Case | OUTPUT:Existing Thread Response | OUTPUT:New Thread | OUTPUT:Repository Change | PROCESS:Decision Branch | PROCESS:Required Sequence | PROCESS:Within-Run Iteration | RESOURCE:GitHub Interface | RESOURCE:Local Workspace | TASK:Artifact Change | TASK:Artifact Review | TASK:Evidence Investigation,CONSTRAINT:Quality Standard | CONSTRAINT:Scope Boundary | CONTEXT:Domain Context | EVALUATION:Rule Conformance | EXAMPLE:Technical Snippet | OUTPUT:Existing Thread Response | OUTPUT:New Thread | OUTPUT:Repository Change | PROCESS:Decision Branch | PROCESS:Required Sequence | RESOURCE:GitHub Interface | RESOURCE:Local Workspace | TASK:Artifact Change | TASK:Artifact Review | TASK:Evidence Investigation | TASK:Executable Validation | TASK:Work Item Management
rq3_169,15,2,2,CONSTRAINT:Quality Standard | CONSTRAINT:Scope Boundary | CONTEXT:Domain Context | CONTEXT:Repository Context | EVALUATION:Execution Check | EVALUATION:Rule Conformance | EXAMPLE:Output Template | OUTPUT:Existing Thread Response | OUTPUT:Repository Change | PROCESS:Decision Branch | PROCESS:Required Sequence | PROCESS:Within-Run Iteration | RESOURCE:Development Toolchain | RESOURCE:GitHub Interface | RESOURCE:Local Workspace | TASK:Artifact Change | TASK:Executable Validation,COMMUNICATION:Expert Role | CONSTRAINT:Quality Standard | CONSTRAINT:Scope Boundary | CONTEXT:Domain Context | CONTEXT:Repository Context | EVALUATION:Execution Check | EVALUATION:Rule Conformance | EXAMPLE:Output Template | EXAMPLE:Technical Snippet | OUTPUT:Existing Thread Response | OUTPUT:Repository Change | PROCESS:Decision Branch | PROCESS:Required Sequence | RESOURCE:Development Toolchain | RESOURCE:GitHub Interface | RESOURCE:Local Workspace | TASK:Artifact Change
rq3_170,15,2,7,COMMUNICATION:Audience Voice | COMMUNICATION:Automation Disclosure | COMMUNICATION:Expert Role | CONSTRAINT:Evidence Grounding | CONSTRAINT:Quality Standard | CONSTRAINT:Resource Budget | CONSTRAINT:Scope Boundary | CONTEXT:Execution Environment | CONTEXT:Repository Context | EXAMPLE:Output Template | EXAMPLE:Technical Snippet | EXAMPLE:Worked Case | OUTPUT:Control Signal | OUTPUT:Existing Thread Response | OUTPUT:New Thread | OUTPUT:Standalone Artifact | PROCESS:Decision Branch | PROCESS:Required Sequence | PROCESS:Within-Run Iteration | RESOURCE:GitHub Interface | RESOURCE:Local Workspace | TASK:Work Item Management,COMMUNICATION:Audience Voice | COMMUNICATION:Expert Role | CONSTRAINT:Quality Standard | CONSTRAINT:Resource Budget | CONSTRAINT:Scope Boundary | CONTEXT:Domain Context | CONTEXT:Repository Context | EXAMPLE:Output Template | EXAMPLE:Technical Snippet | OUTPUT:Control Signal | OUTPUT:Existing Thread Response | OUTPUT:New Thread | PROCESS:Decision Branch | PROCESS:Required Sequence | RESOURCE:Local Workspace | TASK:Artifact Change | TASK:Work Item Management
rq3_171,10,1,3,CONSTRAINT:Evidence Grounding | CONSTRAINT:Quality Standard | CONSTRAINT:Scope Boundary | CONTEXT:Domain Context | EVALUATION:Rule Conformance | OUTPUT:Control Signal | OUTPUT:Repository Change | PROCESS:Decision Branch | PROCESS:Required Sequence | PROCESS:Within-Run Iteration | RESOURCE:Local Workspace | RESOURCE:Web Retrieval | TASK:Artifact Change,CONSTRAINT:Quality Standard | CONSTRAINT:Scope Boundary | CONTEXT:Domain Context | OUTPUT:Control Signal | OUTPUT:Repository Change | PROCESS:Decision Branch | PROCESS:Required Sequence | RESOURCE:Local Workspace | RESOURCE:Web Retrieval | TASK:Artifact Change | TASK:Evidence Investigation
rq3_172,4,1,6,CONSTRAINT:Quality Standard | CONTEXT:Repository Context | EVALUATION:Risk Assessment | EXAMPLE:Output Template | OUTPUT:Existing Thread Response | PROCESS:Decision Branch | PROCESS:Required Sequence | RESOURCE:Agent Resource | RESOURCE:GitHub Interface | TASK:Artifact Review,CONTEXT:Repository Context | EXAMPLE:Output Template | EXAMPLE:Technical Snippet | PROCESS:Required Sequence | TASK:Artifact Review
rq3_173,8,5,6,COMMUNICATION:Automation Disclosure | CONSTRAINT:Quality Standard | CONSTRAINT:Resource Budget | CONSTRAINT:Scope Boundary | EVALUATION:Execution Check | EVALUATION:Rule Conformance | OUTPUT:Repository Change | PROCESS:Decision Branch | PROCESS:Required Sequence | PROCESS:Within-Run Iteration | RESOURCE:Development Toolchain | RESOURCE:Local Workspace | TASK:Artifact Change | TASK:Executable Validation,CONSTRAINT:Quality Standard | CONSTRAINT:Scope Boundary | CONTEXT:Domain Context | CONTEXT:Execution Environment | EXAMPLE:Technical Snippet | OUTPUT:Repository Change | PROCESS:Decision Branch | PROCESS:Required Sequence | RESOURCE:Development Toolchain | RESOURCE:Local Workspace | TASK:Artifact Change | TASK:Artifact Review | TASK:Work Item Management
rq3_174,16,2,7,COMMUNICATION:Automation Disclosure | COMMUNICATION:Expert Role | CONSTRAINT:Resource Budget | CONSTRAINT:Scope Boundary | CONTEXT:Domain Context | CONTEXT:Execution Environment | CONTEXT:Repository Context | EVALUATION:Execution Check | EVALUATION:Rule Conformance | OUTPUT:Existing Thread Response | OUTPUT:Repository Change | PROCESS:Decision Branch | PROCESS:Required Sequence | PROCESS:Within-Run Iteration | PROCESS:Work Delegation | RESOURCE:Agent Resource | RESOURCE:Development Toolchain | RESOURCE:GitHub Interface | RESOURCE:Local Workspace | SAFETY:Execution Isolation | SAFETY:Information Confidentiality | TASK:Artifact Change | TASK:Executable Validation,COMMUNICATION:Automation Disclosure | COMMUNICATION:Expert Role | CONSTRAINT:Resource Budget | CONSTRAINT:Scope Boundary | CONTEXT:Domain Context | CONTEXT:Execution Environment | CONTEXT:Repository Context | EXAMPLE:Technical Snippet | OUTPUT:Existing Thread Response | OUTPUT:Repository Change | PROCESS:Decision Branch | PROCESS:Required Sequence | PROCESS:Within-Run Iteration | RESOURCE:Development Toolchain | RESOURCE:GitHub Interface | TASK:Artifact Change | TASK:Evidence Investigation | TASK:Executable Validation
rq3_175,9,8,4,COMMUNICATION:Expert Role | CONSTRAINT:Quality Standard | CONSTRAINT:Resource Budget | CONTEXT:Execution Environment | CONTEXT:Repository Context | EVALUATION:Rule Conformance | EXAMPLE:Output Template | EXAMPLE:Worked Case | OUTPUT:New Thread | PROCESS:Decision Branch | PROCESS:Required Sequence | RESOURCE:Development Toolchain | TASK:Evidence Investigation,COMMUNICATION:Expert Role | CONSTRAINT:Resource Budget | CONTEXT:Domain Context | CONTEXT:Execution Environment | CONTEXT:Historical Context | CONTEXT:Repository Context | EVALUATION:Execution Check | OUTPUT:New Thread | PROCESS:Cross-Run Memory | PROCESS:Decision Branch | PROCESS:Required Sequence | RESOURCE:Development Toolchain | RESOURCE:GitHub Interface | RESOURCE:Local Workspace | TASK:Evidence Investigation | TASK:Executable Validation | TASK:Work Item Management
rq3_176,16,1,10,COMMUNICATION:Automation Disclosure | COMMUNICATION:Expert Role | CONSTRAINT:Evidence Grounding | CONSTRAINT:Quality Standard | CONSTRAINT:Resource Budget | CONSTRAINT:Scope Boundary | CONTEXT:Execution Environment | CONTEXT:Historical Context | CONTEXT:Repository Context | EVALUATION:Evidence Credibility | EVALUATION:Execution Check | EVALUATION:Risk Assessment | EVALUATION:Rule Conformance | EXAMPLE:Output Template | EXAMPLE:Technical Snippet | OUTPUT:Existing Thread Response | PROCESS:Cross-Run Memory | PROCESS:Decision Branch | PROCESS:Required Sequence | PROCESS:Within-Run Iteration | RESOURCE:Agent Resource | RESOURCE:GitHub Interface | RESOURCE:Local Workspace | SAFETY:Execution Isolation | SAFETY:Prompt Injection Defense | TASK:Artifact Review,COMMUNICATION:Automation Disclosure | COMMUNICATION:Expert Role | CONSTRAINT:Scope Boundary | CONTEXT:Domain Context | CONTEXT:Execution Environment | CONTEXT:Historical Context | CONTEXT:Repository Context | EXAMPLE:Technical Snippet | OUTPUT:Existing Thread Response | PROCESS:Cross-Run Memory | PROCESS:Decision Branch | PROCESS:Required Sequence | RESOURCE:GitHub Interface | RESOURCE:Local Workspace | SAFETY:Execution Isolation | SAFETY:Prompt Injection Defense | TASK:Artifact Review
rq3_177,5,4,2,EVALUATION:Rule Conformance | OUTPUT:Control Signal | OUTPUT:Existing Thread Response | PROCESS:Decision Branch | RESOURCE:GitHub Interface | TASK:Evidence Investigation | TASK:Work Item Management,CONSTRAINT:Scope Boundary | CONTEXT:Repository Context | OUTPUT:Existing Thread Response | PROCESS:Decision Branch | PROCESS:Required Sequence | PROCESS:Within-Run Iteration | RESOURCE:GitHub Interface | TASK:Evidence Investigation | TASK:Work Item Management
rq3_178,4,2,13,COMMUNICATION:Audience Voice | COMMUNICATION:Expert Role | CONSTRAINT:Quality Standard | CONSTRAINT:Scope Boundary | CONTEXT:Execution Environment | CONTEXT:Repository Context | EVALUATION:Risk Assessment | EVALUATION:Rule Conformance | EXAMPLE:Output Template | EXAMPLE:Technical Snippet | EXAMPLE:Worked Case | OUTPUT:Control Signal | OUTPUT:New Thread | PROCESS:Required Sequence | RESOURCE:Development Toolchain | RESOURCE:Local Workspace | TASK:Evidence Investigation,OUTPUT:New Thread | PROCESS:Required Sequence | RESOURCE:GitHub Interface | RESOURCE:Local Workspace | TASK:Evidence Investigation | TASK:Work Item Management
rq3_179,5,2,4,CONSTRAINT:Resource Budget | CONSTRAINT:Scope Boundary | CONTEXT:Domain Context | OUTPUT:New Thread | OUTPUT:Standalone Artifact | PROCESS:Decision Branch | PROCESS:Required Sequence | RESOURCE:Agent Resource | TASK:Evidence Investigation,CONSTRAINT:Resource Budget | CONSTRAINT:Scope Boundary | CONTEXT:Domain Context | OUTPUT:Repository Change | PROCESS:Decision Branch | PROCESS:Required Sequence | TASK:Artifact Change
rq3_180,5,5,2,EVALUATION:Execution Check | EXAMPLE:Output Template | OUTPUT:Existing Thread Response | PROCESS:Required Sequence | RESOURCE:Agent Resource | RESOURCE:GitHub Interface | TASK:Executable Validation,CONTEXT:Domain Context | CONTEXT:Repository Context | EVALUATION:Execution Check | OUTPUT:Control Signal | OUTPUT:Existing Thread Response | PROCESS:Decision Branch | PROCESS:Required Sequence | RESOURCE:GitHub Interface | TASK:Evidence Investigation | TASK:Executable Validation
rq3_181,6,1,5,COMMUNICATION:Expert Role | CONSTRAINT:Quality Standard | CONSTRAINT:Scope Boundary | CONTEXT:Repository Context | OUTPUT:Control Signal | OUTPUT:Existing Thread Response | PROCESS:Decision Branch | PROCESS:Required Sequence | RESOURCE:GitHub Interface | TASK:Evidence Investigation | TASK:Work Item Management,COMMUNICATION:Expert Role | CONTEXT:Repository Context | PROCESS:Decision Branch | PROCESS:Required Sequence | RESOURCE:GitHub Interface | TASK:Artifact Review | TASK:Work Item Management
rq3_182,9,2,5,CONSTRAINT:Quality Standard | CONSTRAINT:Scope Boundary | CONTEXT:Domain Context | CONTEXT:Repository Context | EXAMPLE:Output Template | EXAMPLE:Technical Snippet | OUTPUT:Control Signal | OUTPUT:Repository Change | PROCESS:Cross-Run Memory | PROCESS:Decision Branch | PROCESS:Required Sequence | RESOURCE:GitHub Interface | RESOURCE:Local Workspace | TASK:Artifact Change,CONSTRAINT:Scope Boundary | CONTEXT:Domain Context | CONTEXT:Repository Context | EXAMPLE:Technical Snippet | OUTPUT:Repository Change | PROCESS:Decision Branch | PROCESS:Required Sequence | RESOURCE:GitHub Interface | TASK:Artifact Change | TASK:Evidence Investigation | TASK:Work Item Management
rq3_183,10,3,1,CONSTRAINT:Quality Standard | CONSTRAINT:Scope Boundary | CONTEXT:Execution Environment | EVALUATION:Execution Check | OUTPUT:Control Signal | OUTPUT:Existing Thread Response | PROCESS:Decision Branch | PROCESS:Required Sequence | RESOURCE:GitHub Interface | RESOURCE:Local Workspace | TASK:Executable Validation,CONSTRAINT:Quality Standard | CONSTRAINT:Scope Boundary | CONTEXT:Repository Context | EVALUATION:Execution Check | OUTPUT:Control Signal | OUTPUT:Existing Thread Response | PROCESS:Decision Branch | PROCESS:Required Sequence | RESOURCE:GitHub Interface | RESOURCE:Local Workspace | TASK:Evidence Investigation | TASK:Executable Validation | TASK:Work Item Management
rq3_184,14,1,11,COMMUNICATION:Automation Disclosure | COMMUNICATION:Expert Role | CONSTRAINT:Evidence Grounding | CONSTRAINT:Quality Standard | CONSTRAINT:Scope Boundary | CONTEXT:Domain Context | CONTEXT:Historical Context | CONTEXT:Repository Context | EVALUATION:Evidence Credibility | EVALUATION:Risk Assessment | EXAMPLE:Output Template | EXAMPLE:Technical Snippet | EXAMPLE:Worked Case | OUTPUT:Control Signal | OUTPUT:Existing Thread Response | OUTPUT:New Thread | PROCESS:Decision Branch | PROCESS:Required Sequence | RESOURCE:GitHub Interface | RESOURCE:Local Workspace | SAFETY:Execution Isolation | SAFETY:Information Confidentiality | SAFETY:Vulnerability Handling | TASK:Evidence Investigation | TASK:Executable Validation,COMMUNICATION:Expert Role | CONSTRAINT:Evidence Grounding | CONSTRAINT:Quality Standard | CONSTRAINT:Scope Boundary | CONTEXT:Domain Context | CONTEXT:Execution Environment | CONTEXT:Repository Context | OUTPUT:Control Signal | OUTPUT:Existing Thread Response | OUTPUT:New Thread | PROCESS:Decision Branch | PROCESS:Required Sequence | RESOURCE:Local Workspace | TASK:Evidence Investigation | TASK:Executable Validation
rq3_185,16,4,10,COMMUNICATION:Audience Voice | COMMUNICATION:Automation Disclosure | COMMUNICATION:Expert Role | CONSTRAINT:Quality Standard | CONSTRAINT:Scope Boundary | CONTEXT:Repository Context | EVALUATION:Evidence Credibility | EVALUATION:Execution Check | EVALUATION:Risk Assessment | EXAMPLE:Output Template | EXAMPLE:Technical Snippet | OUTPUT:Control Signal | OUTPUT:New Thread | OUTPUT:Standalone Artifact | PROCESS:Cross-Run Memory | PROCESS:Decision Branch | PROCESS:Required Sequence | PROCESS:Within-Run Iteration | RESOURCE:Agent Resource | RESOURCE:Development Toolchain | RESOURCE:GitHub Interface | RESOURCE:Local Workspace | SAFETY:Vulnerability Handling | TASK:Evidence Investigation | TASK:Executable Validation | TASK:Work Item Management,COMMUNICATION:Automation Disclosure | COMMUNICATION:Expert Role | CONSTRAINT:Quality Standard | CONSTRAINT:Resource Budget | CONSTRAINT:Scope Boundary | CONTEXT:Domain Context | CONTEXT:Execution Environment | CONTEXT:Historical Context | CONTEXT:Repository Context | EVALUATION:Execution Check | OUTPUT:New Thread | PROCESS:Cross-Run Memory | PROCESS:Decision Branch | PROCESS:Required Sequence | RESOURCE:Development Toolchain | RESOURCE:GitHub Interface | RESOURCE:Local Workspace | TASK:Evidence Investigation | TASK:Executable Validation | TASK:Work Item Management
rq3_186,6,3,3,CONSTRAINT:Resource Budget | CONSTRAINT:Scope Boundary | CONTEXT:Domain Context | CONTEXT:Repository Context | OUTPUT:Standalone Artifact | PROCESS:Decision Branch | RESOURCE:Agent Resource | TASK:Artifact Change | TASK:Evidence Investigation,CONSTRAINT:Resource Budget | CONSTRAINT:Scope Boundary | CONTEXT:Domain Context | CONTEXT:Repository Context | OUTPUT:Repository Change | PROCESS:Decision Branch | PROCESS:Required Sequence | RESOURCE:GitHub Interface | TASK:Artifact Change
rq3_187,13,1,9,COMMUNICATION:Audience Voice | COMMUNICATION:Automation Disclosure | CONSTRAINT:Evidence Grounding | CONSTRAINT:Quality Standard | CONSTRAINT:Scope Boundary | CONTEXT:Domain Context | CONTEXT:Execution Environment | CONTEXT:Historical Context | EVALUATION:Evidence Credibility | EVALUATION:Risk Assessment | EVALUATION:Rule Conformance | EXAMPLE:Output Template | OUTPUT:Control Signal | OUTPUT:Existing Thread Response | OUTPUT:New Thread | PROCESS:Decision Branch | PROCESS:Required Sequence | PROCESS:Within-Run Iteration | RESOURCE:GitHub Interface | RESOURCE:Local Workspace | TASK:Evidence Investigation | TASK:Work Item Management,CONSTRAINT:Evidence Grounding | CONSTRAINT:Quality Standard | CONSTRAINT:Scope Boundary | CONTEXT:Domain Context | CONTEXT:Execution Environment | CONTEXT:Repository Context | OUTPUT:Control Signal | OUTPUT:Existing Thread Response | OUTPUT:New Thread | PROCESS:Decision Branch | PROCESS:Required Sequence | RESOURCE:Local Workspace | TASK:Evidence Investigation | TASK:Work Item Management
rq3_188,10,3,4,COMMUNICATION:Audience Voice | COMMUNICATION:Expert Role | CONSTRAINT:Evidence Grounding | CONSTRAINT:Quality Standard | CONSTRAINT:Scope Boundary | CONTEXT:Repository Context | EVALUATION:Rule Conformance | EXAMPLE:Worked Case | OUTPUT:Control Signal | OUTPUT:Existing Thread Response | PROCESS:Decision Branch | PROCESS:Required Sequence | RESOURCE:GitHub Interface | TASK:Artifact Review,COMMUNICATION:Expert Role | CONSTRAINT:Evidence Grounding | CONSTRAINT:Scope Boundary | CONTEXT:Domain Context | CONTEXT:Repository Context | EVALUATION:Rule Conformance | OUTPUT:Existing Thread Response | PROCESS:Decision Branch | PROCESS:Required Sequence | RESOURCE:GitHub Interface | TASK:Artifact Review | TASK:Evidence Investigation | TASK:Work Item Management
rq3_189,10,4,9,CONSTRAINT:Quality Standard | CONSTRAINT:Scope Boundary | CONTEXT:Repository Context | EVALUATION:Execution Check | EVALUATION:Rule Conformance | OUTPUT:Control Signal | OUTPUT:Existing Thread Response | OUTPUT:Repository Change | PROCESS:Decision Branch | PROCESS:Required Sequence | PROCESS:Within-Run Iteration | PROCESS:Work Delegation | RESOURCE:Agent Resource | RESOURCE:Development Toolchain | RESOURCE:GitHub Interface | RESOURCE:Local Workspace | TASK:Artifact Change | TASK:Executable Validation | TASK:Work Item Management,COMMUNICATION:Expert Role | CONSTRAINT:Scope Boundary | CONTEXT:Domain Context | CONTEXT:Execution Environment | CONTEXT:Repository Context | EXAMPLE:Technical Snippet | OUTPUT:Existing Thread Response | OUTPUT:Repository Change | PROCESS:Decision Branch | PROCESS:Required Sequence | PROCESS:Work Delegation | RESOURCE:Agent Resource | RESOURCE:Development Toolchain | TASK:Work Item Management
rq3_190,12,3,7,CONSTRAINT:Quality Standard | CONSTRAINT:Scope Boundary | CONTEXT:Domain Context | CONTEXT:Repository Context | EVALUATION:Rule Conformance | EXAMPLE:Output Template | EXAMPLE:Worked Case | OUTPUT:Control Signal | OUTPUT:Repository Change | PROCESS:Cross-Run Memory | PROCESS:Decision Branch | PROCESS:Required Sequence | PROCESS:Within-Run Iteration | PROCESS:Work Delegation | RESOURCE:Local Workspace | RESOURCE:Web Retrieval | TASK:Artifact Change | TASK:Evidence Investigation | TASK:Work Item Management,CONSTRAINT:Evidence Grounding | CONSTRAINT:Quality Standard | CONSTRAINT:Scope Boundary | CONTEXT:Repository Context | EXAMPLE:Output Template | EXAMPLE:Technical Snippet | OUTPUT:Repository Change | PROCESS:Decision Branch | PROCESS:Required Sequence | PROCESS:Within-Run Iteration | RESOURCE:GitHub Interface | RESOURCE:Web Retrieval | TASK:Artifact Change | TASK:Evidence Investigation | TASK:Work Item Management
rq3_191,4,4,4,CONSTRAINT:Evidence Grounding | CONSTRAINT:Resource Budget | CONTEXT:Domain Context | CONTEXT:Historical Context | OUTPUT:New Thread | PROCESS:Decision Branch | PROCESS:Required Sequence | RESOURCE:Agent Resource,CONSTRAINT:Resource Budget | CONTEXT:Domain Context | CONTEXT:Repository Context | OUTPUT:Repository Change | PROCESS:Decision Branch | PROCESS:Required Sequence | RESOURCE:Local Workspace | RESOURCE:Web Retrieval
rq3_192,14,1,8,COMMUNICATION:Audience Voice | COMMUNICATION:Automation Disclosure | CONSTRAINT:Quality Standard | CONSTRAINT:Resource Budget | CONSTRAINT:Scope Boundary | CONTEXT:Domain Context | CONTEXT:Execution Environment | EVALUATION:Risk Assessment | EXAMPLE:Output Template | EXAMPLE:Technical Snippet | OUTPUT:Control Signal | OUTPUT:New Thread | OUTPUT:Standalone Artifact | PROCESS:Decision Branch | PROCESS:Required Sequence | PROCESS:Within-Run Iteration | PROCESS:Work Delegation | RESOURCE:Agent Resource | RESOURCE:GitHub Interface | RESOURCE:Local Workspace | SAFETY:Execution Isolation | TASK:Evidence Investigation,CONSTRAINT:Quality Standard | CONSTRAINT:Scope Boundary | CONTEXT:Domain Context | CONTEXT:Execution Environment | EXAMPLE:Output Template | EXAMPLE:Technical Snippet | OUTPUT:New Thread | OUTPUT:Repository Change | PROCESS:Decision Branch | PROCESS:Required Sequence | PROCESS:Within-Run Iteration | PROCESS:Work Delegation | RESOURCE:Agent Resource | RESOURCE:GitHub Interface | TASK:Evidence Investigation
rq3_193,14,2,4,CONSTRAINT:Quality Standard | CONSTRAINT:Scope Boundary | CONTEXT:Domain Context | CONTEXT:Repository Context | EVALUATION:Execution Check | EVALUATION:Rule Conformance | OUTPUT:Repository Change | PROCESS:Decision Branch | PROCESS:Required Sequence | PROCESS:Within-Run Iteration | PROCESS:Work Delegation | RESOURCE:Agent Resource | RESOURCE:Development Toolchain | RESOURCE:GitHub Interface | RESOURCE:Local Workspace | TASK:Artifact Change | TASK:Evidence Investigation | TASK:Executable Validation,CONSTRAINT:Quality Standard | CONSTRAINT:Scope Boundary | CONTEXT:Domain Context | CONTEXT:Execution Environment | CONTEXT:Repository Context | EVALUATION:Execution Check | EXAMPLE:Technical Snippet | OUTPUT:Repository Change | PROCESS:Required Sequence | PROCESS:Work Delegation | RESOURCE:Agent Resource | RESOURCE:Development Toolchain | RESOURCE:GitHub Interface | TASK:Artifact Change | TASK:Evidence Investigation | TASK:Executable Validation
rq3_194,17,2,9,COMMUNICATION:Automation Disclosure | CONSTRAINT:Evidence Grounding | CONSTRAINT:Quality Standard | CONSTRAINT:Resource Budget | CONSTRAINT:Scope Boundary | CONTEXT:Execution Environment | CONTEXT:Repository Context | EVALUATION:Execution Check | EVALUATION:Rule Conformance | EXAMPLE:Technical Snippet | OUTPUT:Control Signal | OUTPUT:Existing Thread Response | OUTPUT:Repository Change | PROCESS:Cross-Run Memory | PROCESS:Decision Branch | PROCESS:Required Sequence | PROCESS:Within-Run Iteration | RESOURCE:Development Toolchain | RESOURCE:GitHub Interface | RESOURCE:Local Workspace | SAFETY:Execution Isolation | SAFETY:Vulnerability Handling | TASK:Artifact Change | TASK:Evidence Investigation | TASK:Executable Validation | TASK:Work Item Management,COMMUNICATION:Expert Role | CONSTRAINT:Scope Boundary | CONTEXT:Domain Context | CONTEXT:Execution Environment | CONTEXT:Repository Context | EVALUATION:Execution Check | EVALUATION:Rule Conformance | OUTPUT:Existing Thread Response | OUTPUT:Repository Change | PROCESS:Decision Branch | PROCESS:Required Sequence | PROCESS:Within-Run Iteration | RESOURCE:Development Toolchain | RESOURCE:GitHub Interface | RESOURCE:Local Workspace | TASK:Artifact Change | TASK:Evidence Investigation | TASK:Executable Validation | TASK:Work Item Management
rq3_195,7,0,0,CONSTRAINT:Quality Standard | CONTEXT:Repository Context | OUTPUT:Control Signal | OUTPUT:Existing Thread Response | PROCESS:Decision Branch | PROCESS:Required Sequence | RESOURCE:GitHub Interface,CONSTRAINT:Quality Standard | CONTEXT:Repository Context | OUTPUT:Control Signal | OUTPUT:Existing Thread Response | PROCESS:Decision Branch | PROCESS:Required Sequence | RESOURCE:GitHub Interface
rq3_196,13,6,1,COMMUNICATION:Expert Role | CONSTRAINT:Evidence Grounding | CONSTRAINT:Quality Standard | CONTEXT:Domain Context | EVALUATION:Risk Assessment | EXAMPLE:Output Template | EXAMPLE:Technical Snippet | OUTPUT:New Thread | OUTPUT:Standalone Artifact | PROCESS:Cross-Run Memory | PROCESS:Decision Branch | PROCESS:Required Sequence | RESOURCE:Local Workspace | TASK:Evidence Investigation,COMMUNICATION:Expert Role | CONSTRAINT:Evidence Grounding | CONSTRAINT:Quality Standard | CONSTRAINT:Resource Budget | CONSTRAINT:Scope Boundary | CONTEXT:Domain Context | CONTEXT:Execution Environment | CONTEXT:Historical Context | EXAMPLE:Output Template | EXAMPLE:Technical Snippet | OUTPUT:New Thread | OUTPUT:Standalone Artifact | PROCESS:Cross-Run Memory | PROCESS:Decision Branch | PROCESS:Required Sequence | RESOURCE:Development Toolchain | RESOURCE:GitHub Interface | RESOURCE:Local Workspace | TASK:Evidence Investigation
rq3_197,10,2,0,COMMUNICATION:Expert Role | CONSTRAINT:Quality Standard | CONSTRAINT:Scope Boundary | CONTEXT:Repository Context | OUTPUT:Repository Change | PROCESS:Decision Branch | PROCESS:Required Sequence | RESOURCE:Local Workspace | TASK:Artifact Change | TASK:Evidence Investigation,COMMUNICATION:Expert Role | CONSTRAINT:Quality Standard | CONSTRAINT:Scope Boundary | CONTEXT:Domain Context | CONTEXT:Repository Context | OUTPUT:Repository Change | OUTPUT:Standalone Artifact | PROCESS:Decision Branch | PROCESS:Required Sequence | RESOURCE:Local Workspace | TASK:Artifact Change | TASK:Evidence Investigation
rq3_198,13,5,7,COMMUNICATION:Automation Disclosure | COMMUNICATION:Expert Role | CONSTRAINT:Evidence Grounding | CONSTRAINT:Quality Standard | CONSTRAINT:Scope Boundary | CONTEXT:Repository Context | EVALUATION:Evidence Credibility | EVALUATION:Rule Conformance | EXAMPLE:Technical Snippet | EXAMPLE:Worked Case | OUTPUT:Control Signal | OUTPUT:Repository Change | PROCESS:Cross-Run Memory | PROCESS:Decision Branch | PROCESS:Required Sequence | PROCESS:Within-Run Iteration | RESOURCE:GitHub Interface | RESOURCE:Local Workspace | TASK:Artifact Change | TASK:Artifact Review,COMMUNICATION:Expert Role | CONSTRAINT:Evidence Grounding | CONSTRAINT:Quality Standard | CONSTRAINT:Resource Budget | CONSTRAINT:Scope Boundary | CONTEXT:Domain Context | CONTEXT:Execution Environment | CONTEXT:Historical Context | CONTEXT:Repository Context | OUTPUT:Control Signal | OUTPUT:Repository Change | PROCESS:Decision Branch | PROCESS:Required Sequence | RESOURCE:GitHub Interface | RESOURCE:Local Workspace | TASK:Artifact Change | TASK:Artifact Review | TASK:Evidence Investigation
rq3_199,11,7,2,COMMUNICATION:Audience Voice | CONSTRAINT:Evidence Grounding | CONSTRAINT:Quality Standard | CONSTRAINT:Scope Boundary | OUTPUT:Control Signal | OUTPUT:Existing Thread Response | PROCESS:Decision Branch | RESOURCE:GitHub Interface | SAFETY:Information Confidentiality | SAFETY:Prompt Injection Defense | TASK:Artifact Change | TASK:Evidence Investigation | TASK:Work Item Management,COMMUNICATION:Audience Voice | CONSTRAINT:Evidence Grounding | CONSTRAINT:Quality Standard | CONSTRAINT:Scope Boundary | CONTEXT:Domain Context | CONTEXT:Historical Context | EVALUATION:Rule Conformance | EXAMPLE:Output Template | OUTPUT:Existing Thread Response | PROCESS:Cross-Run Memory | PROCESS:Decision Branch | PROCESS:Required Sequence | RESOURCE:GitHub Interface | SAFETY:Information Confidentiality | SAFETY:Prompt Injection Defense | TASK:Artifact Review | TASK:Evidence Investigation | TASK:Work Item Management
rq3_200,9,10,2,CONSTRAINT:Scope Boundary | CONTEXT:Execution Environment | EVALUATION:Execution Check | EXAMPLE:Output Template | EXAMPLE:Technical Snippet | PROCESS:Decision Branch | PROCESS:Required Sequence | RESOURCE:Development Toolchain | RESOURCE:Web Retrieval | TASK:Artifact Change | TASK:Evidence Investigation,CONSTRAINT:Evidence Grounding | CONSTRAINT:Quality Standard | CONSTRAINT:Scope Boundary | CONTEXT:Domain Context | CONTEXT:Execution Environment | CONTEXT:Repository Context | EVALUATION:Execution Check | EVALUATION:Rule Conformance | EXAMPLE:Technical Snippet | OUTPUT:Control Signal | OUTPUT:Repository Change | PROCESS:Decision Branch | PROCESS:Required Sequence | RESOURCE:Development Toolchain | RESOURCE:GitHub Interface | RESOURCE:Local Workspace | TASK:Artifact Change | TASK:Evidence Investigation | TASK:Executable Validation
rq3_201,12,4,3,COMMUNICATION:Audience Voice | COMMUNICATION:Expert Role | CONSTRAINT:Quality Standard | CONSTRAINT:Scope Boundary | CONTEXT:Execution Environment | CONTEXT:Repository Context | EVALUATION:Risk Assessment | EXAMPLE:Output Template | OUTPUT:Control Signal | OUTPUT:New Thread | PROCESS:Decision Branch | PROCESS:Required Sequence | PROCESS:Within-Run Iteration | RESOURCE:Local Workspace | TASK:Evidence Investigation,COMMUNICATION:Expert Role | CONSTRAINT:Quality Standard | CONSTRAINT:Resource Budget | CONSTRAINT:Scope Boundary | CONTEXT:Domain Context | CONTEXT:Execution Environment | CONTEXT:Repository Context | EXAMPLE:Output Template | EXAMPLE:Technical Snippet | OUTPUT:Control Signal | OUTPUT:New Thread | PROCESS:Decision Branch | PROCESS:Required Sequence | RESOURCE:Local Workspace | TASK:Artifact Change | TASK:Evidence Investigation
rq3_202,12,0,14,COMMUNICATION:Expert Role | CONSTRAINT:Evidence Grounding | CONSTRAINT:Quality Standard | CONSTRAINT:Resource Budget | CONSTRAINT:Scope Boundary | CONTEXT:Execution Environment | CONTEXT:Repository Context | EVALUATION:Risk Assessment | EVALUATION:Rule Conformance | EXAMPLE:Output Template | EXAMPLE:Technical Snippet | EXAMPLE:Worked Case | OUTPUT:Control Signal | OUTPUT:Existing Thread Response | OUTPUT:New Thread | PROCESS:Cross-Run Memory | PROCESS:Decision Branch | PROCESS:Required Sequence | PROCESS:Within-Run Iteration | RESOURCE:Agent Resource | RESOURCE:GitHub Interface | RESOURCE:Local Workspace | SAFETY:Execution Isolation | TASK:Artifact Review | TASK:Evidence Investigation | TASK:Work Item Management,COMMUNICATION:Expert Role | CONSTRAINT:Scope Boundary | CONTEXT:Execution Environment | CONTEXT:Repository Context | OUTPUT:New Thread | PROCESS:Decision Branch | PROCESS:Required Sequence | RESOURCE:Agent Resource | RESOURCE:GitHub Interface | SAFETY:Execution Isolation | TASK:Evidence Investigation | TASK:Work Item Management
rq3_203,9,3,4,CONSTRAINT:Evidence Grounding | CONSTRAINT:Quality Standard | CONSTRAINT:Resource Budget | CONSTRAINT:Scope Boundary | CONTEXT:Repository Context | EVALUATION:Rule Conformance | EXAMPLE:Output Template | OUTPUT:Control Signal | OUTPUT:Existing Thread Response | PROCESS:Decision Branch | PROCESS:Required Sequence | RESOURCE:Local Workspace | TASK:Artifact Review,CONSTRAINT:Evidence Grounding | CONSTRAINT:Quality Standard | CONSTRAINT:Scope Boundary | CONTEXT:Domain Context | CONTEXT:Repository Context | EXAMPLE:Output Template | OUTPUT:Control Signal | OUTPUT:Existing Thread Response | PROCESS:Required Sequence | RESOURCE:GitHub Interface | TASK:Artifact Review | TASK:Evidence Investigation
rq3_204,7,4,3,CONSTRAINT:Quality Standard | CONTEXT:Repository Context | EVALUATION:Rule Conformance | EXAMPLE:Output Template | EXAMPLE:Worked Case | OUTPUT:Repository Change | PROCESS:Decision Branch | PROCESS:Required Sequence | RESOURCE:Local Workspace | TASK:Artifact Change,CONSTRAINT:Quality Standard | CONSTRAINT:Scope Boundary | CONTEXT:Repository Context | OUTPUT:Repository Change | PROCESS:Decision Branch | PROCESS:Required Sequence | RESOURCE:GitHub Interface | RESOURCE:Local Workspace | TASK:Artifact Change | TASK:Evidence Investigation | TASK:Work Item Management
rq3_205,10,1,8,COMMUNICATION:Expert Role | CONSTRAINT:Quality Standard | CONTEXT:Domain Context | CONTEXT:Repository Context | EVALUATION:Risk Assessment | EVALUATION:Rule Conformance | EXAMPLE:Output Template | EXAMPLE:Technical Snippet | EXAMPLE:Worked Case | OUTPUT:Control Signal | PROCESS:Cross-Run Memory | PROCESS:Decision Branch | PROCESS:Required Sequence | RESOURCE:GitHub Interface | RESOURCE:Local Workspace | SAFETY:Vulnerability Handling | TASK:Evidence Investigation | TASK:Work Item Management,COMMUNICATION:Expert Role | CONSTRAINT:Quality Standard | CONTEXT:Repository Context | EVALUATION:Rule Conformance | OUTPUT:Control Signal | OUTPUT:Repository Change | PROCESS:Cross-Run Memory | PROCESS:Decision Branch | PROCESS:Required Sequence | RESOURCE:GitHub Interface | TASK:Evidence Investigation
rq3_206,14,5,1,COMMUNICATION:Expert Role | CONSTRAINT:Quality Standard | CONSTRAINT:Scope Boundary | CONTEXT:Repository Context | EVALUATION:Execution Check | EXAMPLE:Output Template | OUTPUT:Control Signal | OUTPUT:Repository Change | PROCESS:Decision Branch | PROCESS:Required Sequence | RESOURCE:Development Toolchain | RESOURCE:GitHub Interface | RESOURCE:Local Workspace | TASK:Artifact Change | TASK:Executable Validation,COMMUNICATION:Expert Role | CONSTRAINT:Quality Standard | CONSTRAINT:Scope Boundary | CONTEXT:Domain Context | CONTEXT:Repository Context | EVALUATION:Execution Check | EVALUATION:Rule Conformance | EXAMPLE:Output Template | EXAMPLE:Technical Snippet | OUTPUT:Repository Change | PROCESS:Decision Branch | PROCESS:Required Sequence | PROCESS:Within-Run Iteration | RESOURCE:Development Toolchain | RESOURCE:GitHub Interface | RESOURCE:Local Workspace | TASK:Artifact Change | TASK:Evidence Investigation | TASK:Executable Validation
rq3_207,13,1,2,COMMUNICATION:Automation Disclosure | CONSTRAINT:Evidence Grounding | CONSTRAINT:Scope Boundary | CONTEXT:Repository Context | EVALUATION:Evidence Credibility | EXAMPLE:Output Template | OUTPUT:Existing Thread Response | OUTPUT:New Thread | PROCESS:Decision Branch | PROCESS:Required Sequence | PROCESS:Within-Run Iteration | RESOURCE:GitHub Interface | RESOURCE:Local Workspace | RESOURCE:Web Retrieval | TASK:Evidence Investigation,CONSTRAINT:Evidence Grounding | CONSTRAINT:Quality Standard | CONSTRAINT:Scope Boundary | CONTEXT:Repository Context | EVALUATION:Evidence Credibility | OUTPUT:Existing Thread Response | OUTPUT:New Thread | PROCESS:Decision Branch | PROCESS:Required Sequence | PROCESS:Within-Run Iteration | RESOURCE:GitHub Interface | RESOURCE:Local Workspace | RESOURCE:Web Retrieval | TASK:Evidence Investigation
rq3_208,11,11,4,COMMUNICATION:Expert Role | CONSTRAINT:Quality Standard | CONTEXT:Repository Context | EVALUATION:Risk Assessment | EVALUATION:Rule Conformance | EXAMPLE:Output Template | EXAMPLE:Technical Snippet | OUTPUT:New Thread | OUTPUT:Standalone Artifact | PROCESS:Required Sequence | RESOURCE:Development Toolchain | SAFETY:Prompt Injection Defense | SAFETY:Vulnerability Handling | TASK:Evidence Investigation | TASK:Executable Validation,COMMUNICATION:Expert Role | CONSTRAINT:Evidence Grounding | CONSTRAINT:Quality Standard | CONTEXT:Domain Context | CONTEXT:Execution Environment | CONTEXT:Historical Context | CONTEXT:Repository Context | EVALUATION:Evidence Credibility | EVALUATION:Execution Check | EXAMPLE:Output Template | EXAMPLE:Technical Snippet | OUTPUT:New Thread | OUTPUT:Standalone Artifact | PROCESS:Cross-Run Memory | PROCESS:Required Sequence | RESOURCE:Development Toolchain | RESOURCE:Local Workspace | SAFETY:Execution Isolation | SAFETY:Information Confidentiality | TASK:Evidence Investigation | TASK:Executable Validation | TASK:Work Item Management
rq3_209,20,2,3,COMMUNICATION:Automation Disclosure | COMMUNICATION:Expert Role | CONSTRAINT:Evidence Grounding | CONSTRAINT:Quality Standard | CONSTRAINT:Resource Budget | CONSTRAINT:Scope Boundary | CONTEXT:Domain Context | CONTEXT:Execution Environment | CONTEXT:Repository Context | EVALUATION:Evidence Credibility | EVALUATION:Rule Conformance | EXAMPLE:Output Template | EXAMPLE:Technical Snippet | OUTPUT:New Thread | PROCESS:Cross-Run Memory | PROCESS:Decision Branch | PROCESS:Required Sequence | PROCESS:Within-Run Iteration | RESOURCE:GitHub Interface | RESOURCE:Local Workspace | SAFETY:Information Confidentiality | SAFETY:Prompt Injection Defense | TASK:Evidence Investigation,COMMUNICATION:Automation Disclosure | COMMUNICATION:Expert Role | CONSTRAINT:Quality Standard | CONSTRAINT:Resource Budget | CONSTRAINT:Scope Boundary | CONTEXT:Domain Context | CONTEXT:Execution Environment | CONTEXT:Historical Context | CONTEXT:Repository Context | EXAMPLE:Output Template | EXAMPLE:Technical Snippet | EXAMPLE:Worked Case | OUTPUT:New Thread | PROCESS:Cross-Run Memory | PROCESS:Decision Branch | PROCESS:Required Sequence | PROCESS:Within-Run Iteration | RESOURCE:GitHub Interface | RESOURCE:Local Workspace | SAFETY:Information Confidentiality | SAFETY:Prompt Injection Defense | TASK:Evidence Investigation
rq3_211,11,6,2,COMMUNICATION:Expert Role | CONSTRAINT:Evidence Grounding | CONSTRAINT:Quality Standard | CONSTRAINT:Resource Budget | CONTEXT:Domain Context | EXAMPLE:Output Template | EXAMPLE:Technical Snippet | OUTPUT:New Thread | PROCESS:Cross-Run Memory | PROCESS:Required Sequence | RESOURCE:GitHub Interface | RESOURCE:Local Workspace | TASK:Evidence Investigation,COMMUNICATION:Expert Role | CONSTRAINT:Evidence Grounding | CONSTRAINT:Quality Standard | CONTEXT:Execution Environment | CONTEXT:Historical Context | CONTEXT:Repository Context | EXAMPLE:Output Template | EXAMPLE:Technical Snippet | OUTPUT:New Thread | PROCESS:Cross-Run Memory | PROCESS:Decision Branch | PROCESS:Required Sequence | PROCESS:Within-Run Iteration | RESOURCE:Development Toolchain | RESOURCE:GitHub Interface | RESOURCE:Local Workspace | TASK:Evidence Investigation
rq3_212,12,0,3,CONSTRAINT:Evidence Grounding | CONSTRAINT:Quality Standard | CONSTRAINT:Scope Boundary | CONTEXT:Domain Context | CONTEXT:Repository Context | EVALUATION:Rule Conformance | EXAMPLE:Output Template | OUTPUT:Control Signal | OUTPUT:New Thread | PROCESS:Decision Branch | PROCESS:Required Sequence | PROCESS:Within-Run Iteration | RESOURCE:Local Workspace | RESOURCE:Web Retrieval | TASK:Evidence Investigation,CONSTRAINT:Evidence Grounding | CONSTRAINT:Quality Standard | CONTEXT:Domain Context | CONTEXT:Repository Context | OUTPUT:Control Signal | OUTPUT:New Thread | PROCESS:Decision Branch | PROCESS:Required Sequence | PROCESS:Within-Run Iteration | RESOURCE:Local Workspace | RESOURCE:Web Retrieval | TASK:Evidence Investigation
rq3_213,13,2,2,COMMUNICATION:Expert Role | CONSTRAINT:Quality Standard | CONSTRAINT:Scope Boundary | CONTEXT:Domain Context | CONTEXT:Execution Environment | EVALUATION:Rule Conformance | EXAMPLE:Output Template | EXAMPLE:Technical Snippet | OUTPUT:Control Signal | OUTPUT:New Thread | PROCESS:Decision Branch | PROCESS:Required Sequence | RESOURCE:GitHub Interface | RESOURCE:Local Workspace | TASK:Evidence Investigation,COMMUNICATION:Expert Role | CONSTRAINT:Evidence Grounding | CONSTRAINT:Quality Standard | CONSTRAINT:Scope Boundary | CONTEXT:Domain Context | CONTEXT:Execution Environment | CONTEXT:Repository Context | EXAMPLE:Output Template | EXAMPLE:Technical Snippet | OUTPUT:New Thread | PROCESS:Decision Branch | PROCESS:Required Sequence | RESOURCE:GitHub Interface | RESOURCE:Local Workspace | TASK:Evidence Investigation
rq3_214,6,3,3,CONSTRAINT:Scope Boundary | CONTEXT:Execution Environment | CONTEXT:Repository Context | EVALUATION:Execution Check | EXAMPLE:Output Template | OUTPUT:Control Signal | RESOURCE:GitHub Interface | SAFETY:Execution Isolation | TASK:Executable Validation,CONSTRAINT:Scope Boundary | CONTEXT:Domain Context | CONTEXT:Repository Context | EVALUATION:Execution Check | EXAMPLE:Technical Snippet | OUTPUT:Control Signal | PROCESS:Required Sequence | RESOURCE:GitHub Interface | TASK:Executable Validation
rq3_215,8,4,1,CONSTRAINT:Evidence Grounding | CONSTRAINT:Scope Boundary | CONTEXT:Repository Context | EVALUATION:Execution Check | OUTPUT:Repository Change | PROCESS:Decision Branch | PROCESS:Required Sequence | TASK:Artifact Change | TASK:Executable Validation,CONSTRAINT:Scope Boundary | CONTEXT:Repository Context | EVALUATION:Execution Check | EXAMPLE:Technical Snippet | OUTPUT:Repository Change | PROCESS:Decision Branch | PROCESS:Required Sequence | RESOURCE:Development Toolchain | RESOURCE:GitHub Interface | TASK:Artifact Change | TASK:Evidence Investigation | TASK:Executable Validation
rq3_216,10,4,6,COMMUNICATION:Expert Role | CONSTRAINT:Scope Boundary | CONTEXT:Domain Context | CONTEXT:Execution Environment | EVALUATION:Rule Conformance | OUTPUT:New Thread | PROCESS:Decision Branch | PROCESS:Required Sequence | PROCESS:Within-Run Iteration | RESOURCE:Development Toolchain | RESOURCE:GitHub Interface | RESOURCE:Local Workspace | RESOURCE:Web Retrieval | SAFETY:Execution Isolation | TASK:Artifact Review | TASK:Executable Validation,CONSTRAINT:Scope Boundary | CONTEXT:Domain Context | CONTEXT:Execution Environment | CONTEXT:Repository Context | OUTPUT:New Thread | PROCESS:Required Sequence | RESOURCE:GitHub Interface | RESOURCE:Local Workspace | RESOURCE:Web Retrieval | SAFETY:Execution Isolation | SAFETY:Information Confidentiality | TASK:Artifact Review | TASK:Evidence Investigation | TASK:Work Item Management
rq3_217,5,3,8,CONSTRAINT:Quality Standard | CONTEXT:Domain Context | CONTEXT:Historical Context | CONTEXT:Repository Context | EVALUATION:Evidence Credibility | EVALUATION:Execution Check | EVALUATION:Rule Conformance | OUTPUT:Standalone Artifact | PROCESS:Cross-Run Memory | PROCESS:Required Sequence | RESOURCE:Agent Resource | TASK:Artifact Change | TASK:Artifact Review,COMMUNICATION:Expert Role | CONTEXT:Repository Context | EVALUATION:Execution Check | PROCESS:Cross-Run Memory | PROCESS:Required Sequence | RESOURCE:Local Workspace | TASK:Artifact Change | TASK:Executable Validation
rq3_218,10,3,10,COMMUNICATION:Audience Voice | CONSTRAINT:Resource Budget | CONSTRAINT:Scope Boundary | CONTEXT:Repository Context | EVALUATION:Risk Assessment | EXAMPLE:Output Template | EXAMPLE:Technical Snippet | OUTPUT:Control Signal | OUTPUT:New Thread | OUTPUT:Standalone Artifact | PROCESS:Cross-Run Memory | PROCESS:Decision Branch | PROCESS:Required Sequence | PROCESS:Within-Run Iteration | PROCESS:Work Delegation | RESOURCE:Agent Resource | RESOURCE:GitHub Interface | SAFETY:Vulnerability Handling | TASK:Evidence Investigation | TASK:Work Item Management,CONSTRAINT:Resource Budget | CONSTRAINT:Scope Boundary | CONTEXT:Domain Context | CONTEXT:Repository Context | EXAMPLE:Technical Snippet | OUTPUT:New Thread | OUTPUT:Repository Change | OUTPUT:Standalone Artifact | PROCESS:Required Sequence | RESOURCE:GitHub Interface | TASK:Artifact Change | TASK:Evidence Investigation | TASK:Work Item Management
rq3_219,17,1,6,COMMUNICATION:Audience Voice | COMMUNICATION:Expert Role | CONSTRAINT:Quality Standard | CONSTRAINT:Resource Budget | CONSTRAINT:Scope Boundary | CONTEXT:Domain Context | CONTEXT:Execution Environment | CONTEXT:Repository Context | EVALUATION:Risk Assessment | EVALUATION:Rule Conformance | EXAMPLE:Output Template | EXAMPLE:Technical Snippet | EXAMPLE:Worked Case | OUTPUT:Control Signal | OUTPUT:Repository Change | PROCESS:Cross-Run Memory | PROCESS:Decision Branch | PROCESS:Required Sequence | PROCESS:Work Delegation | RESOURCE:Agent Resource | RESOURCE:GitHub Interface | RESOURCE:Local Workspace | TASK:Artifact Change,COMMUNICATION:Audience Voice | COMMUNICATION:Expert Role | CONSTRAINT:Scope Boundary | CONTEXT:Domain Context | CONTEXT:Execution Environment | CONTEXT:Historical Context | CONTEXT:Repository Context | EXAMPLE:Technical Snippet | OUTPUT:Control Signal | OUTPUT:Repository Change | PROCESS:Cross-Run Memory | PROCESS:Decision Branch | PROCESS:Required Sequence | PROCESS:Work Delegation | RESOURCE:Agent Resource | RESOURCE:GitHub Interface | RESOURCE:Local Workspace | TASK:Artifact Change
rq3_220,6,0,4,CONSTRAINT:Scope Boundary | EVALUATION:Rule Conformance | OUTPUT:Control Signal | OUTPUT:New Thread | PROCESS:Cross-Run Memory | PROCESS:Decision Branch | PROCESS:Required Sequence | RESOURCE:GitHub Interface | RESOURCE:Local Workspace | TASK:Work Item Management,OUTPUT:Control Signal | OUTPUT:New Thread | PROCESS:Decision Branch | RESOURCE:GitHub Interface | RESOURCE:Local Workspace | TASK:Work Item Management
rq3_221,18,2,2,COMMUNICATION:Expert Role | CONSTRAINT:Resource Budget | CONSTRAINT:Scope Boundary | CONTEXT:Execution Environment | CONTEXT:Repository Context | EVALUATION:Rule Conformance | EXAMPLE:Output Template | EXAMPLE:Technical Snippet | OUTPUT:Control Signal | OUTPUT:Existing Thread Response | OUTPUT:New Thread | PROCESS:Decision Branch | PROCESS:Required Sequence | PROCESS:Within-Run Iteration | PROCESS:Work Delegation | RESOURCE:GitHub Interface | SAFETY:Information Confidentiality | SAFETY:Prompt Injection Defense | TASK:Evidence Investigation | TASK:Work Item Management,COMMUNICATION:Expert Role | CONSTRAINT:Quality Standard | CONSTRAINT:Resource Budget | CONSTRAINT:Scope Boundary | CONTEXT:Domain Context | CONTEXT:Execution Environment | CONTEXT:Repository Context | EXAMPLE:Output Template | EXAMPLE:Technical Snippet | OUTPUT:Existing Thread Response | OUTPUT:New Thread | PROCESS:Decision Branch | PROCESS:Required Sequence | PROCESS:Within-Run Iteration | PROCESS:Work Delegation | RESOURCE:GitHub Interface | SAFETY:Information Confidentiality | SAFETY:Prompt Injection Defense | TASK:Evidence Investigation | TASK:Work Item Management
rq3_222,9,2,5,COMMUNICATION:Automation Disclosure | CONSTRAINT:Scope Boundary | CONTEXT:Domain Context | CONTEXT:Repository Context | EVALUATION:Evidence Credibility | EVALUATION:Rule Conformance | EXAMPLE:Worked Case | OUTPUT:Control Signal | OUTPUT:Existing Thread Response | PROCESS:Decision Branch | PROCESS:Required Sequence | PROCESS:Work Delegation | RESOURCE:GitHub Interface | TASK:Evidence Investigation,COMMUNICATION:Expert Role | CONSTRAINT:Scope Boundary | CONTEXT:Domain Context | CONTEXT:Repository Context | OUTPUT:Existing Thread Response | PROCESS:Decision Branch | PROCESS:Required Sequence | PROCESS:Work Delegation | RESOURCE:GitHub Interface | TASK:Evidence Investigation | TASK:Work Item Management
rq3_223,10,7,2,CONSTRAINT:Evidence Grounding | CONSTRAINT:Quality Standard | CONSTRAINT:Scope Boundary | CONTEXT:Execution Environment | CONTEXT:Repository Context | EVALUATION:Evidence Credibility | OUTPUT:Existing Thread Response | PROCESS:Decision Branch | PROCESS:Required Sequence | RESOURCE:Agent Resource | RESOURCE:Local Workspace | TASK:Artifact Review,CONSTRAINT:Quality Standard | CONSTRAINT:Scope Boundary | CONTEXT:Execution Environment | CONTEXT:Historical Context | CONTEXT:Repository Context | EVALUATION:Rule Conformance | OUTPUT:Control Signal | OUTPUT:Existing Thread Response | PROCESS:Decision Branch | PROCESS:Required Sequence | PROCESS:Within-Run Iteration | PROCESS:Work Delegation | RESOURCE:Agent Resource | RESOURCE:GitHub Interface | RESOURCE:Local Workspace | TASK:Artifact Review | TASK:Evidence Investigation
rq3_224,9,3,8,CONSTRAINT:Resource Budget | CONSTRAINT:Scope Boundary | CONTEXT:Domain Context | CONTEXT:Execution Environment | EVALUATION:Execution Check | EVALUATION:Rule Conformance | OUTPUT:Repository Change | OUTPUT:Standalone Artifact | PROCESS:Cross-Run Memory | PROCESS:Decision Branch | PROCESS:Required Sequence | PROCESS:Within-Run Iteration | RESOURCE:Development Toolchain | RESOURCE:Local Workspace | RESOURCE:Web Retrieval | TASK:Artifact Change | TASK:Executable Validation,CONSTRAINT:Resource Budget | CONSTRAINT:Scope Boundary | CONTEXT:Domain Context | CONTEXT:Execution Environment | CONTEXT:Repository Context | EXAMPLE:Technical Snippet | OUTPUT:Repository Change | PROCESS:Decision Branch | PROCESS:Required Sequence | PROCESS:Within-Run Iteration | RESOURCE:Local Workspace | TASK:Evidence Investigation
rq3_225,9,2,5,COMMUNICATION:Audience Voice | CONSTRAINT:Quality Standard | CONSTRAINT:Scope Boundary | EVALUATION:Rule Conformance | EXAMPLE:Output Template | OUTPUT:Control Signal | OUTPUT:Repository Change | PROCESS:Decision Branch | PROCESS:Required Sequence | RESOURCE:GitHub Interface | RESOURCE:Local Workspace | RESOURCE:Web Retrieval | TASK:Artifact Change | TASK:Evidence Investigation,CONSTRAINT:Scope Boundary | CONTEXT:Domain Context | CONTEXT:Repository Context | OUTPUT:Control Signal | OUTPUT:Repository Change | PROCESS:Decision Branch | PROCESS:Required Sequence | RESOURCE:GitHub Interface | RESOURCE:Web Retrieval | TASK:Artifact Change | TASK:Evidence Investigation
rq3_227,12,3,1,COMMUNICATION:Expert Role | CONSTRAINT:Quality Standard | CONSTRAINT:Resource Budget | CONSTRAINT:Scope Boundary | CONTEXT:Repository Context | EVALUATION:Rule Conformance | EXAMPLE:Output Template | EXAMPLE:Technical Snippet | OUTPUT:Existing Thread Response | PROCESS:Required Sequence | RESOURCE:Agent Resource | RESOURCE:GitHub Interface | TASK:Evidence Investigation,COMMUNICATION:Automation Disclosure | COMMUNICATION:Expert Role | CONSTRAINT:Quality Standard | CONSTRAINT:Resource Budget | CONSTRAINT:Scope Boundary | CONTEXT:Domain Context | CONTEXT:Execution Environment | CONTEXT:Repository Context | EVALUATION:Rule Conformance | EXAMPLE:Output Template | EXAMPLE:Technical Snippet | OUTPUT:Existing Thread Response | PROCESS:Required Sequence | RESOURCE:GitHub Interface | TASK:Evidence Investigation
rq3_228,9,3,4,COMMUNICATION:Audience Voice | CONSTRAINT:Quality Standard | CONSTRAINT:Scope Boundary | CONTEXT:Repository Context | EVALUATION:Rule Conformance | EXAMPLE:Output Template | OUTPUT:Control Signal | OUTPUT:Repository Change | PROCESS:Decision Branch | PROCESS:Required Sequence | PROCESS:Within-Run Iteration | RESOURCE:Local Workspace | TASK:Artifact Change,CONSTRAINT:Quality Standard | CONSTRAINT:Scope Boundary | CONTEXT:Domain Context | CONTEXT:Repository Context | OUTPUT:Control Signal | OUTPUT:Repository Change | PROCESS:Decision Branch | PROCESS:Required Sequence | RESOURCE:Local Workspace | TASK:Artifact Change | TASK:Evidence Investigation | TASK:Work Item Management
rq3_229,12,3,6,COMMUNICATION:Audience Voice | CONSTRAINT:Evidence Grounding | CONSTRAINT:Quality Standard | CONSTRAINT:Resource Budget | CONSTRAINT:Scope Boundary | CONTEXT:Domain Context | CONTEXT:Repository Context | EVALUATION:Rule Conformance | OUTPUT:Control Signal | OUTPUT:Existing Thread Response | PROCESS:Decision Branch | PROCESS:Required Sequence | PROCESS:Work Delegation | RESOURCE:Agent Resource | RESOURCE:Local Workspace | SAFETY:Information Confidentiality | TASK:Evidence Investigation | TASK:Work Item Management,COMMUNICATION:Expert Role | CONSTRAINT:Quality Standard | CONSTRAINT:Resource Budget | CONSTRAINT:Scope Boundary | CONTEXT:Domain Context | CONTEXT:Repository Context | OUTPUT:Existing Thread Response | PROCESS:Decision Branch | PROCESS:Required Sequence | PROCESS:Work Delegation | RESOURCE:Agent Resource | RESOURCE:GitHub Interface | SAFETY:Information Confidentiality | TASK:Artifact Review | TASK:Work Item Management
rq3_230,1,0,3,CONSTRAINT:Scope Boundary | CONTEXT:Repository Context | PROCESS:Decision Branch | TASK:Artifact Review,CONSTRAINT:Scope Boundary
rq3_231,4,8,4,COMMUNICATION:Expert Role | CONSTRAINT:Scope Boundary | CONTEXT:Repository Context | EVALUATION:Rule Conformance | EXAMPLE:Output Template | OUTPUT:New Thread | RESOURCE:Agent Resource | TASK:Artifact Review,COMMUNICATION:Expert Role | CONSTRAINT:Quality Standard | CONSTRAINT:Resource Budget | CONSTRAINT:Scope Boundary | CONTEXT:Domain Context | EVALUATION:Rule Conformance | OUTPUT:New Thread | PROCESS:Cross-Run Memory | PROCESS:Required Sequence | RESOURCE:GitHub Interface | RESOURCE:Local Workspace | TASK:Artifact Change
rq3_232,7,1,4,COMMUNICATION:Audience Voice | CONSTRAINT:Evidence Grounding | CONSTRAINT:Quality Standard | CONTEXT:Domain Context | CONTEXT:Repository Context | OUTPUT:Repository Change | PROCESS:Decision Branch | PROCESS:Required Sequence | PROCESS:Within-Run Iteration | RESOURCE:GitHub Interface | TASK:Artifact Change,COMMUNICATION:Audience Voice | COMMUNICATION:Expert Role | CONSTRAINT:Quality Standard | CONTEXT:Domain Context | CONTEXT:Repository Context | OUTPUT:Repository Change | PROCESS:Required Sequence | TASK:Artifact Change
rq3_233,11,3,3,CONSTRAINT:Quality Standard | CONSTRAINT:Resource Budget | EVALUATION:Execution Check | OUTPUT:Control Signal | OUTPUT:Existing Thread Response | OUTPUT:New Thread | OUTPUT:Standalone Artifact | PROCESS:Decision Branch | PROCESS:Required Sequence | RESOURCE:Development Toolchain | RESOURCE:GitHub Interface | RESOURCE:Local Workspace | RESOURCE:Web Retrieval | TASK:Executable Validation,CONSTRAINT:Quality Standard | CONSTRAINT:Scope Boundary | CONTEXT:Execution Environment | CONTEXT:Repository Context | EVALUATION:Execution Check | OUTPUT:Existing Thread Response | OUTPUT:New Thread | PROCESS:Decision Branch | PROCESS:Required Sequence | RESOURCE:Development Toolchain | RESOURCE:GitHub Interface | RESOURCE:Local Workspace | RESOURCE:Web Retrieval | TASK:Executable Validation
rq3_234,12,1,6,CONSTRAINT:Evidence Grounding | CONSTRAINT:Quality Standard | CONSTRAINT:Scope Boundary | CONTEXT:Execution Environment | CONTEXT:Repository Context | EVALUATION:Evidence Credibility | EVALUATION:Risk Assessment | EVALUATION:Rule Conformance | EXAMPLE:Output Template | EXAMPLE:Worked Case | OUTPUT:Control Signal | OUTPUT:Standalone Artifact | PROCESS:Decision Branch | PROCESS:Required Sequence | RESOURCE:GitHub Interface | RESOURCE:Local Workspace | TASK:Artifact Change | TASK:Evidence Investigation,CONSTRAINT:Evidence Grounding | CONSTRAINT:Quality Standard | CONSTRAINT:Scope Boundary | CONTEXT:Execution Environment | CONTEXT:Repository Context | EXAMPLE:Output Template | EXAMPLE:Technical Snippet | OUTPUT:Control Signal | OUTPUT:Standalone Artifact | PROCESS:Required Sequence | RESOURCE:GitHub Interface | RESOURCE:Local Workspace | TASK:Evidence Investigation
rq3_235,12,4,3,COMMUNICATION:Automation Disclosure | COMMUNICATION:Expert Role | CONSTRAINT:Quality Standard | CONSTRAINT:Scope Boundary | CONTEXT:Domain Context | CONTEXT:Execution Environment | CONTEXT:Repository Context | EVALUATION:Risk Assessment | EXAMPLE:Output Template | OUTPUT:New Thread | OUTPUT:Standalone Artifact | PROCESS:Decision Branch | PROCESS:Required Sequence | RESOURCE:Local Workspace | TASK:Evidence Investigation,COMMUNICATION:Expert Role | CONSTRAINT:Evidence Grounding | CONSTRAINT:Quality Standard | CONSTRAINT:Scope Boundary | CONTEXT:Domain Context | CONTEXT:Execution Environment | EXAMPLE:Output Template | EXAMPLE:Technical Snippet | OUTPUT:New Thread | OUTPUT:Standalone Artifact | PROCESS:Decision Branch | PROCESS:Required Sequence | RESOURCE:Development Toolchain | RESOURCE:GitHub Interface | RESOURCE:Local Workspace | TASK:Evidence Investigation
rq3_236,11,2,2,CONSTRAINT:Quality Standard | CONSTRAINT:Scope Boundary | CONTEXT:Domain Context | EVALUATION:Rule Conformance | EXAMPLE:Technical Snippet | OUTPUT:Repository Change | PROCESS:Decision Branch | PROCESS:Required Sequence | RESOURCE:Development Toolchain | RESOURCE:Local Workspace | RESOURCE:Web Retrieval | TASK:Artifact Change | TASK:Evidence Investigation,CONSTRAINT:Quality Standard | CONSTRAINT:Scope Boundary | CONTEXT:Domain Context | CONTEXT:Repository Context | EXAMPLE:Technical Snippet | OUTPUT:Repository Change | PROCESS:Decision Branch | PROCESS:Required Sequence | RESOURCE:Development Toolchain | RESOURCE:GitHub Interface | RESOURCE:Local Workspace | RESOURCE:Web Retrieval | TASK:Artifact Change
rq3_237,14,5,1,COMMUNICATION:Automation Disclosure | CONSTRAINT:Resource Budget | CONTEXT:Domain Context | CONTEXT:Repository Context | EVALUATION:Execution Check | EVALUATION:Rule Conformance | EXAMPLE:Output Template | OUTPUT:Control Signal | OUTPUT:New Thread | PROCESS:Decision Branch | PROCESS:Required Sequence | PROCESS:Within-Run Iteration | RESOURCE:Development Toolchain | RESOURCE:Web Retrieval | TASK:Executable Validation,COMMUNICATION:Automation Disclosure | COMMUNICATION:Expert Role | CONSTRAINT:Quality Standard | CONSTRAINT:Resource Budget | CONTEXT:Domain Context | CONTEXT:Execution Environment | CONTEXT:Repository Context | EVALUATION:Execution Check | EVALUATION:Rule Conformance | EXAMPLE:Output Template | EXAMPLE:Technical Snippet | OUTPUT:Control Signal | OUTPUT:New Thread | PROCESS:Decision Branch | PROCESS:Required Sequence | PROCESS:Within-Run Iteration | RESOURCE:Web Retrieval | TASK:Executable Validation | TASK:Work Item Management
rq3_238,11,2,7,COMMUNICATION:Audience Voice | CONSTRAINT:Evidence Grounding | CONSTRAINT:Quality Standard | CONSTRAINT:Scope Boundary | CONTEXT:Domain Context | CONTEXT:Historical Context | EVALUATION:Risk Assessment | EVALUATION:Rule Conformance | OUTPUT:Control Signal | OUTPUT:Existing Thread Response | PROCESS:Decision Branch | PROCESS:Required Sequence | RESOURCE:GitHub Interface | RESOURCE:Local Workspace | SAFETY:Information Confidentiality | SAFETY:Prompt Injection Defense | TASK:Evidence Investigation | TASK:Work Item Management,CONSTRAINT:Evidence Grounding | CONSTRAINT:Quality Standard | CONSTRAINT:Scope Boundary | CONTEXT:Domain Context | CONTEXT:Repository Context | OUTPUT:Existing Thread Response | PROCESS:Decision Branch | PROCESS:Required Sequence | RESOURCE:Local Workspace | SAFETY:Prompt Injection Defense | TASK:Artifact Review | TASK:Evidence Investigation | TASK:Work Item Management
rq3_239,13,3,7,COMMUNICATION:Automation Disclosure | COMMUNICATION:Expert Role | CONSTRAINT:Scope Boundary | CONTEXT:Domain Context | CONTEXT:Repository Context | EVALUATION:Risk Assessment | EVALUATION:Rule Conformance | EXAMPLE:Output Template | EXAMPLE:Technical Snippet | OUTPUT:Control Signal | OUTPUT:New Thread | PROCESS:Cross-Run Memory | PROCESS:Decision Branch | PROCESS:Required Sequence | PROCESS:Within-Run Iteration | RESOURCE:Development Toolchain | RESOURCE:Local Workspace | TASK:Artifact Review | TASK:Evidence Investigation | TASK:Executable Validation,COMMUNICATION:Expert Role | CONSTRAINT:Scope Boundary | CONTEXT:Historical Context | CONTEXT:Repository Context | EXAMPLE:Output Template | EXAMPLE:Technical Snippet | OUTPUT:Control Signal | OUTPUT:New Thread | PROCESS:Cross-Run Memory | PROCESS:Decision Branch | PROCESS:Required Sequence | RESOURCE:Development Toolchain | RESOURCE:GitHub Interface | RESOURCE:Local Workspace | TASK:Evidence Investigation | TASK:Work Item Management
rq3_240,7,5,4,COMMUNICATION:Automation Disclosure | CONSTRAINT:Evidence Grounding | CONSTRAINT:Scope Boundary | CONTEXT:Execution Environment | EVALUATION:Rule Conformance | EXAMPLE:Output Template | OUTPUT:Existing Thread Response | PROCESS:Decision Branch | PROCESS:Required Sequence | SAFETY:Prompt Injection Defense | TASK:Artifact Review,CONSTRAINT:Evidence Grounding | CONSTRAINT:Scope Boundary | CONTEXT:Domain Context | CONTEXT:Repository Context | EVALUATION:Rule Conformance | OUTPUT:Control Signal | OUTPUT:Existing Thread Response | PROCESS:Decision Branch | PROCESS:Required Sequence | PROCESS:Within-Run Iteration | RESOURCE:Local Workspace | TASK:Artifact Review
rq3_241,9,4,2,CONSTRAINT:Quality Standard | CONTEXT:Execution Environment | EVALUATION:Execution Check | OUTPUT:Control Signal | OUTPUT:Existing Thread Response | PROCESS:Decision Branch | PROCESS:Required Sequence | RESOURCE:GitHub Interface | RESOURCE:Local Workspace | TASK:Executable Validation | TASK:Work Item Management,CONSTRAINT:Quality Standard | CONSTRAINT:Scope Boundary | CONTEXT:Domain Context | CONTEXT:Execution Environment | CONTEXT:Repository Context | EVALUATION:Execution Check | OUTPUT:Control Signal | OUTPUT:Existing Thread Response | PROCESS:Decision Branch | PROCESS:Required Sequence | RESOURCE:Local Workspace | TASK:Artifact Review | TASK:Work Item Management
rq3_242,11,6,4,COMMUNICATION:Expert Role | CONSTRAINT:Quality Standard | CONTEXT:Historical Context | CONTEXT:Repository Context | EVALUATION:Execution Check | EXAMPLE:Output Template | EXAMPLE:Technical Snippet | OUTPUT:Existing Thread Response | OUTPUT:New Thread | OUTPUT:Repository Change | PROCESS:Decision Branch | PROCESS:Required Sequence | RESOURCE:Agent Resource | SAFETY:Prompt Injection Defense | TASK:Artifact Change,COMMUNICATION:Expert Role | CONSTRAINT:Evidence Grounding | CONSTRAINT:Quality Standard | CONSTRAINT:Scope Boundary | CONTEXT:Domain Context | CONTEXT:Repository Context | EVALUATION:Execution Check | EXAMPLE:Output Template | EXAMPLE:Technical Snippet | OUTPUT:Existing Thread Response | OUTPUT:Repository Change | PROCESS:Decision Branch | PROCESS:Required Sequence | TASK:Artifact Change | TASK:Evidence Investigation | TASK:Executable Validation | TASK:Work Item Management
rq3_243,9,5,1,CONSTRAINT:Quality Standard | CONSTRAINT:Scope Boundary | EVALUATION:Rule Conformance | EXAMPLE:Output Template | OUTPUT:Control Signal | OUTPUT:New Thread | PROCESS:Decision Branch | PROCESS:Work Delegation | RESOURCE:Local Workspace | TASK:Evidence Investigation,CONSTRAINT:Quality Standard | CONTEXT:Domain Context | EVALUATION:Rule Conformance | EXAMPLE:Output Template | EXAMPLE:Technical Snippet | OUTPUT:Control Signal | OUTPUT:New Thread | PROCESS:Decision Branch | PROCESS:Required Sequence | PROCESS:Within-Run Iteration | PROCESS:Work Delegation | RESOURCE:Agent Resource | RESOURCE:Local Workspace | TASK:Evidence Investigation
rq3_244,8,5,3,COMMUNICATION:Expert Role | CONSTRAINT:Quality Standard | CONTEXT:Repository Context | EVALUATION:Rule Conformance | EXAMPLE:Output Template | OUTPUT:New Thread | PROCESS:Decision Branch | PROCESS:Required Sequence | RESOURCE:Agent Resource | RESOURCE:Local Workspace | TASK:Artifact Review,COMMUNICATION:Expert Role | CONSTRAINT:Quality Standard | CONSTRAINT:Scope Boundary | CONTEXT:Domain Context | CONTEXT:Repository Context | EXAMPLE:Output Template | EXAMPLE:Technical Snippet | OUTPUT:New Thread | PROCESS:Decision Branch | PROCESS:Required Sequence | RESOURCE:Local Workspace | TASK:Artifact Change | TASK:Evidence Investigation
rq3_245,14,7,0,CONSTRAINT:Evidence Grounding | CONSTRAINT:Scope Boundary | CONTEXT:Repository Context | EVALUATION:Execution Check | EVALUATION:Rule Conformance | EXAMPLE:Output Template | OUTPUT:Existing Thread Response | OUTPUT:Repository Change | PROCESS:Decision Branch | PROCESS:Required Sequence | PROCESS:Within-Run Iteration | RESOURCE:GitHub Interface | RESOURCE:Local Workspace | TASK:Artifact Change,COMMUNICATION:Expert Role | CONSTRAINT:Evidence Grounding | CONSTRAINT:Quality Standard | CONSTRAINT:Scope Boundary | CONTEXT:Domain Context | CONTEXT:Repository Context | EVALUATION:Execution Check | EVALUATION:Rule Conformance | EXAMPLE:Output Template | EXAMPLE:Technical Snippet | OUTPUT:Existing Thread Response | OUTPUT:Repository Change | PROCESS:Decision Branch | PROCESS:Required Sequence | PROCESS:Within-Run Iteration | RESOURCE:GitHub Interface | RESOURCE:Local Workspace | TASK:Artifact Change | TASK:Evidence Investigation | TASK:Executable Validation | TASK:Work Item Management
rq3_246,13,2,3,COMMUNICATION:Automation Disclosure | COMMUNICATION:Expert Role | CONSTRAINT:Evidence Grounding | CONTEXT:Domain Context | CONTEXT:Repository Context | EVALUATION:Risk Assessment | EVALUATION:Rule Conformance | EXAMPLE:Output Template | EXAMPLE:Technical Snippet | OUTPUT:Control Signal | OUTPUT:New Thread | PROCESS:Decision Branch | PROCESS:Required Sequence | PROCESS:Within-Run Iteration | RESOURCE:Local Workspace | TASK:Artifact Review,COMMUNICATION:Automation Disclosure | COMMUNICATION:Expert Role | CONSTRAINT:Quality Standard | CONSTRAINT:Scope Boundary | CONTEXT:Domain Context | CONTEXT:Repository Context | EVALUATION:Rule Conformance | EXAMPLE:Output Template | EXAMPLE:Technical Snippet | OUTPUT:Control Signal | OUTPUT:New Thread | PROCESS:Decision Branch | PROCESS:Required Sequence | RESOURCE:Local Workspace | TASK:Artifact Review
rq3_247,6,1,4,CONSTRAINT:Quality Standard | CONTEXT:Execution Environment | EVALUATION:Execution Check | EXAMPLE:Output Template | OUTPUT:Control Signal | OUTPUT:Existing Thread Response | PROCESS:Decision Branch | PROCESS:Required Sequence | RESOURCE:Local Workspace | TASK:Work Item Management,OUTPUT:Control Signal | OUTPUT:Existing Thread Response | PROCESS:Decision Branch | PROCESS:Required Sequence | RESOURCE:Local Workspace | TASK:Evidence Investigation | TASK:Work Item Management
rq3_248,12,5,5,COMMUNICATION:Audience Voice | COMMUNICATION:Automation Disclosure | CONSTRAINT:Quality Standard | CONSTRAINT:Resource Budget | CONTEXT:Execution Environment | CONTEXT:Repository Context | EVALUATION:Risk Assessment | EVALUATION:Rule Conformance | EXAMPLE:Output Template | OUTPUT:Control Signal | OUTPUT:Existing Thread Response | PROCESS:Cross-Run Memory | PROCESS:Decision Branch | PROCESS:Required Sequence | RESOURCE:GitHub Interface | RESOURCE:Local Workspace | TASK:Evidence Investigation,COMMUNICATION:Audience Voice | COMMUNICATION:Automation Disclosure | COMMUNICATION:Expert Role | CONSTRAINT:Resource Budget | CONSTRAINT:Scope Boundary | CONTEXT:Historical Context | EXAMPLE:Output Template | EXAMPLE:Technical Snippet | OUTPUT:Control Signal | OUTPUT:Existing Thread Response | PROCESS:Cross-Run Memory | PROCESS:Decision Branch | PROCESS:Required Sequence | RESOURCE:GitHub Interface | RESOURCE:Local Workspace | TASK:Artifact Review | TASK:Evidence Investigation
rq3_249,6,4,4,CONSTRAINT:Resource Budget | EVALUATION:Execution Check | EVALUATION:Rule Conformance | EXAMPLE:Output Template | OUTPUT:Existing Thread Response | OUTPUT:Repository Change | PROCESS:Required Sequence | RESOURCE:Local Workspace | TASK:Artifact Change | TASK:Executable Validation,CONSTRAINT:Resource Budget | CONSTRAINT:Scope Boundary | CONTEXT:Repository Context | EXAMPLE:Technical Snippet | OUTPUT:Existing Thread Response | OUTPUT:Repository Change | PROCESS:Required Sequence | RESOURCE:GitHub Interface | RESOURCE:Local Workspace | TASK:Artifact Change
rq3_251,11,3,6,CONSTRAINT:Evidence Grounding | CONSTRAINT:Quality Standard | CONSTRAINT:Scope Boundary | CONTEXT:Repository Context | EVALUATION:Risk Assessment | EVALUATION:Rule Conformance | EXAMPLE:Output Template | OUTPUT:Control Signal | OUTPUT:Existing Thread Response | PROCESS:Cross-Run Memory | PROCESS:Decision Branch | PROCESS:Required Sequence | RESOURCE:Agent Resource | RESOURCE:GitHub Interface | RESOURCE:Local Workspace | TASK:Artifact Review | TASK:Work Item Management,CONSTRAINT:Scope Boundary | CONTEXT:Domain Context | CONTEXT:Historical Context | CONTEXT:Repository Context | EVALUATION:Rule Conformance | EXAMPLE:Output Template | EXAMPLE:Technical Snippet | OUTPUT:Existing Thread Response | PROCESS:Cross-Run Memory | PROCESS:Decision Branch | PROCESS:Required Sequence | RESOURCE:GitHub Interface | TASK:Artifact Review | TASK:Work Item Management
rq3_252,5,3,0,EXAMPLE:Output Template | OUTPUT:Existing Thread Response | PROCESS:Decision Branch | PROCESS:Required Sequence | RESOURCE:GitHub Interface,CONTEXT:Domain Context | CONTEXT:Repository Context | EXAMPLE:Output Template | OUTPUT:Existing Thread Response | PROCESS:Decision Branch | PROCESS:Required Sequence | RESOURCE:GitHub Interface | TASK:Work Item Management
rq3_253,8,0,3,COMMUNICATION:Expert Role | CONSTRAINT:Quality Standard | CONSTRAINT:Scope Boundary | CONTEXT:Repository Context | EVALUATION:Risk Assessment | EXAMPLE:Output Template | OUTPUT:New Thread | PROCESS:Decision Branch | PROCESS:Required Sequence | RESOURCE:GitHub Interface | TASK:Evidence Investigation,COMMUNICATION:Expert Role | CONSTRAINT:Quality Standard | CONSTRAINT:Scope Boundary | CONTEXT:Repository Context | OUTPUT:New Thread | PROCESS:Required Sequence | RESOURCE:GitHub Interface | TASK:Evidence Investigation
rq3_254,16,3,4,COMMUNICATION:Expert Role | CONSTRAINT:Evidence Grounding | CONSTRAINT:Quality Standard | CONSTRAINT:Scope Boundary | CONTEXT:Domain Context | CONTEXT:Execution Environment | CONTEXT:Repository Context | EVALUATION:Risk Assessment | EVALUATION:Rule Conformance | EXAMPLE:Output Template | EXAMPLE:Technical Snippet | EXAMPLE:Worked Case | OUTPUT:Control Signal | OUTPUT:New Thread | PROCESS:Decision Branch | PROCESS:Required Sequence | PROCESS:Within-Run Iteration | RESOURCE:Local Workspace | SAFETY:Execution Isolation | TASK:Artifact Review,COMMUNICATION:Expert Role | CONSTRAINT:Quality Standard | CONSTRAINT:Scope Boundary | CONTEXT:Domain Context | CONTEXT:Execution Environment | CONTEXT:Repository Context | EVALUATION:Risk Assessment | EVALUATION:Rule Conformance | EXAMPLE:Output Template | EXAMPLE:Technical Snippet | OUTPUT:New Thread | PROCESS:Decision Branch | PROCESS:Required Sequence | RESOURCE:GitHub Interface | RESOURCE:Local Workspace | SAFETY:Execution Isolation | TASK:Artifact Review | TASK:Evidence Investigation | TASK:Work Item Management
rq3_255,6,3,1,COMMUNICATION:Automation Disclosure | CONSTRAINT:Scope Boundary | OUTPUT:Repository Change | PROCESS:Decision Branch | PROCESS:Required Sequence | RESOURCE:Local Workspace | TASK:Artifact Change,CONSTRAINT:Scope Boundary | CONTEXT:Repository Context | EXAMPLE:Technical Snippet | OUTPUT:Control Signal | OUTPUT:Repository Change | PROCESS:Decision Branch | PROCESS:Required Sequence | RESOURCE:Local Workspace | TASK:Artifact Change
rq3_256,13,8,4,COMMUNICATION:Audience Voice | COMMUNICATION:Automation Disclosure | CONSTRAINT:Resource Budget | CONSTRAINT:Scope Boundary | CONTEXT:Repository Context | EVALUATION:Execution Check | EVALUATION:Rule Conformance | EXAMPLE:Output Template | OUTPUT:Existing Thread Response | OUTPUT:Repository Change | PROCESS:Cross-Run Memory | PROCESS:Decision Branch | PROCESS:Required Sequence | RESOURCE:Development Toolchain | RESOURCE:GitHub Interface | TASK:Artifact Change | TASK:Work Item Management,COMMUNICATION:Expert Role | CONSTRAINT:Resource Budget | CONSTRAINT:Scope Boundary | CONTEXT:Domain Context | CONTEXT:Repository Context | EVALUATION:Execution Check | OUTPUT:Control Signal | OUTPUT:Existing Thread Response | OUTPUT:Repository Change | PROCESS:Cross-Run Memory | PROCESS:Decision Branch | PROCESS:Required Sequence | PROCESS:Within-Run Iteration | RESOURCE:Development Toolchain | RESOURCE:GitHub Interface | RESOURCE:Local Workspace | TASK:Artifact Change | TASK:Artifact Review | TASK:Evidence Investigation | TASK:Executable Validation | TASK:Work Item Management
rq3_257,17,3,3,COMMUNICATION:Expert Role | CONSTRAINT:Evidence Grounding | CONSTRAINT:Quality Standard | CONSTRAINT:Scope Boundary | CONTEXT:Domain Context | CONTEXT:Execution Environment | CONTEXT:Historical Context | CONTEXT:Repository Context | EVALUATION:Risk Assessment | EVALUATION:Rule Conformance | EXAMPLE:Output Template | OUTPUT:Control Signal | OUTPUT:New Thread | PROCESS:Decision Branch | PROCESS:Required Sequence | PROCESS:Work Delegation | RESOURCE:Agent Resource | RESOURCE:GitHub Interface | RESOURCE:Local Workspace | TASK:Evidence Investigation,COMMUNICATION:Expert Role | CONSTRAINT:Evidence Grounding | CONSTRAINT:Quality Standard | CONSTRAINT:Scope Boundary | CONTEXT:Domain Context | CONTEXT:Repository Context | EVALUATION:Evidence Credibility | EVALUATION:Risk Assessment | EVALUATION:Rule Conformance | EXAMPLE:Output Template | EXAMPLE:Technical Snippet | OUTPUT:Control Signal | OUTPUT:New Thread | PROCESS:Decision Branch | PROCESS:Required Sequence | PROCESS:Work Delegation | RESOURCE:Agent Resource | RESOURCE:Local Workspace | TASK:Evidence Investigation | TASK:Work Item Management
rq3_258,10,0,5,COMMUNICATION:Audience Voice | COMMUNICATION:Automation Disclosure | CONSTRAINT:Evidence Grounding | CONSTRAINT:Quality Standard | CONSTRAINT:Resource Budget | CONSTRAINT:Scope Boundary | CONTEXT:Execution Environment | EXAMPLE:Output Template | OUTPUT:New Thread | OUTPUT:Standalone Artifact | PROCESS:Cross-Run Memory | PROCESS:Decision Branch | PROCESS:Required Sequence | RESOURCE:Local Workspace | TASK:Evidence Investigation,CONSTRAINT:Quality Standard | CONSTRAINT:Resource Budget | CONSTRAINT:Scope Boundary | CONTEXT:Execution Environment | EXAMPLE:Output Template | OUTPUT:New Thread | PROCESS:Cross-Run Memory | PROCESS:Required Sequence | RESOURCE:Local Workspace | TASK:Evidence Investigation
rq3_259,11,1,0,COMMUNICATION:Expert Role | CONSTRAINT:Quality Standard | CONSTRAINT:Scope Boundary | OUTPUT:Control Signal | OUTPUT:Repository Change | PROCESS:Cross-Run Memory | PROCESS:Decision Branch | PROCESS:Required Sequence | RESOURCE:GitHub Interface | RESOURCE:Local Workspace | TASK:Artifact Change,COMMUNICATION:Expert Role | CONSTRAINT:Quality Standard | CONSTRAINT:Scope Boundary | CONTEXT:Historical Context | OUTPUT:Control Signal | OUTPUT:Repository Change | PROCESS:Cross-Run Memory | PROCESS:Decision Branch | PROCESS:Required Sequence | RESOURCE:GitHub Interface | RESOURCE:Local Workspace | TASK:Artifact Change
rq3_260,4,5,2,CONSTRAINT:Quality Standard | CONTEXT:Repository Context | EVALUATION:Rule Conformance | OUTPUT:Control Signal | OUTPUT:Existing Thread Response | TASK:Artifact Review,CONSTRAINT:Quality Standard | CONSTRAINT:Resource Budget | CONSTRAINT:Scope Boundary | CONTEXT:Repository Context | EVALUATION:Execution Check | OUTPUT:Control Signal | OUTPUT:Existing Thread Response | RESOURCE:Local Workspace | TASK:Executable Validation
rq3_261,9,6,2,COMMUNICATION:Expert Role | CONSTRAINT:Quality Standard | CONSTRAINT:Scope Boundary | EVALUATION:Risk Assessment | OUTPUT:Existing Thread Response | PROCESS:Decision Branch | PROCESS:Required Sequence | RESOURCE:GitHub Interface | RESOURCE:Web Retrieval | SAFETY:Information Confidentiality | TASK:Artifact Review,COMMUNICATION:Expert Role | CONSTRAINT:Evidence Grounding | CONSTRAINT:Quality Standard | CONSTRAINT:Resource Budget | CONSTRAINT:Scope Boundary | CONTEXT:Domain Context | CONTEXT:Repository Context | OUTPUT:Existing Thread Response | PROCESS:Decision Branch | PROCESS:Required Sequence | RESOURCE:GitHub Interface | RESOURCE:Local Workspace | RESOURCE:Web Retrieval | TASK:Artifact Review | TASK:Evidence Investigation
rq3_262,10,4,2,CONSTRAINT:Quality Standard | CONTEXT:Execution Environment | EVALUATION:Execution Check | OUTPUT:Control Signal | OUTPUT:Existing Thread Response | PROCESS:Decision Branch | PROCESS:Required Sequence | RESOURCE:GitHub Interface | RESOURCE:Local Workspace | SAFETY:Execution Isolation | SAFETY:Prompt Injection Defense | TASK:Executable Validation,CONSTRAINT:Quality Standard | CONSTRAINT:Scope Boundary | CONTEXT:Domain Context | CONTEXT:Execution Environment | CONTEXT:Repository Context | EVALUATION:Execution Check | OUTPUT:Control Signal | OUTPUT:Existing Thread Response | PROCESS:Decision Branch | RESOURCE:GitHub Interface | RESOURCE:Local Workspace | SAFETY:Prompt Injection Defense | TASK:Executable Validation | TASK:Work Item Management
rq3_263,10,2,0,COMMUNICATION:Expert Role | CONSTRAINT:Quality Standard | CONTEXT:Domain Context | CONTEXT:Repository Context | EVALUATION:Rule Conformance | EXAMPLE:Output Template | OUTPUT:New Thread | PROCESS:Required Sequence | RESOURCE:Local Workspace | TASK:Artifact Review,COMMUNICATION:Expert Role | CONSTRAINT:Quality Standard | CONSTRAINT:Scope Boundary | CONTEXT:Domain Context | CONTEXT:Repository Context | EVALUATION:Rule Conformance | EXAMPLE:Output Template | EXAMPLE:Technical Snippet | OUTPUT:New Thread | PROCESS:Required Sequence | RESOURCE:Local Workspace | TASK:Artifact Review
rq3_264,2,0,1,CONTEXT:Repository Context | OUTPUT:Control Signal | TASK:Work Item Management,OUTPUT:Control Signal | TASK:Work Item Management
rq3_265,15,2,6,COMMUNICATION:Automation Disclosure | COMMUNICATION:Expert Role | CONSTRAINT:Quality Standard | CONSTRAINT:Scope Boundary | CONTEXT:Execution Environment | CONTEXT:Repository Context | EVALUATION:Execution Check | EVALUATION:Risk Assessment | EVALUATION:Rule Conformance | EXAMPLE:Output Template | EXAMPLE:Technical Snippet | OUTPUT:Control Signal | OUTPUT:Repository Change | PROCESS:Decision Branch | PROCESS:Required Sequence | PROCESS:Within-Run Iteration | RESOURCE:Development Toolchain | RESOURCE:GitHub Interface | RESOURCE:Local Workspace | TASK:Artifact Change | TASK:Executable Validation,COMMUNICATION:Expert Role | CONSTRAINT:Quality Standard | CONSTRAINT:Scope Boundary | CONTEXT:Domain Context | CONTEXT:Repository Context | EVALUATION:Execution Check | EXAMPLE:Output Template | EXAMPLE:Technical Snippet | OUTPUT:Repository Change | PROCESS:Decision Branch | PROCESS:Required Sequence | RESOURCE:Development Toolchain | RESOURCE:GitHub Interface | RESOURCE:Local Workspace | TASK:Artifact Change | TASK:Evidence Investigation | TASK:Executable Validation
rq3_266,12,1,8,COMMUNICATION:Automation Disclosure | CONSTRAINT:Scope Boundary | CONTEXT:Domain Context | CONTEXT:Execution Environment | CONTEXT:Repository Context | EVALUATION:Execution Check | EVALUATION:Risk Assessment | EVALUATION:Rule Conformance | OUTPUT:Control Signal | OUTPUT:Repository Change | OUTPUT:Standalone Artifact | PROCESS:Decision Branch | PROCESS:Required Sequence | PROCESS:Within-Run Iteration | RESOURCE:Agent Resource | RESOURCE:Development Toolchain | RESOURCE:Local Workspace | SAFETY:Execution Isolation | TASK:Artifact Change | TASK:Executable Validation,CONSTRAINT:Scope Boundary | CONTEXT:Execution Environment | CONTEXT:Historical Context | CONTEXT:Repository Context | OUTPUT:Control Signal | OUTPUT:Standalone Artifact | PROCESS:Decision Branch | PROCESS:Required Sequence | RESOURCE:Development Toolchain | RESOURCE:Local Workspace | SAFETY:Execution Isolation | TASK:Artifact Change | TASK:Executable Validation
rq3_267,8,4,2,COMMUNICATION:Expert Role | CONSTRAINT:Quality Standard | EVALUATION:Rule Conformance | EXAMPLE:Output Template | OUTPUT:New Thread | PROCESS:Decision Branch | PROCESS:Required Sequence | RESOURCE:Local Workspace | TASK:Artifact Review | TASK:Evidence Investigation,COMMUNICATION:Expert Role | CONTEXT:Domain Context | CONTEXT:Repository Context | EXAMPLE:Output Template | EXAMPLE:Technical Snippet | OUTPUT:New Thread | PROCESS:Decision Branch | PROCESS:Required Sequence | RESOURCE:GitHub Interface | RESOURCE:Local Workspace | TASK:Artifact Review | TASK:Evidence Investigation
rq3_268,12,1,6,COMMUNICATION:Audience Voice | COMMUNICATION:Expert Role | CONSTRAINT:Evidence Grounding | CONSTRAINT:Quality Standard | CONSTRAINT:Resource Budget | CONSTRAINT:Scope Boundary | CONTEXT:Domain Context | CONTEXT:Repository Context | EVALUATION:Risk Assessment | EVALUATION:Rule Conformance | EXAMPLE:Output Template | OUTPUT:Existing Thread Response | PROCESS:Decision Branch | PROCESS:Required Sequence | PROCESS:Within-Run Iteration | RESOURCE:GitHub Interface | RESOURCE:Web Retrieval | TASK:Artifact Review,COMMUNICATION:Audience Voice | COMMUNICATION:Expert Role | CONSTRAINT:Quality Standard | CONSTRAINT:Resource Budget | CONSTRAINT:Scope Boundary | CONTEXT:Domain Context | CONTEXT:Repository Context | OUTPUT:Existing Thread Response | PROCESS:Required Sequence | RESOURCE:GitHub Interface | RESOURCE:Web Retrieval | TASK:Artifact Review | TASK:Evidence Investigation
rq3_269,7,2,11,COMMUNICATION:Audience Voice | COMMUNICATION:Automation Disclosure | CONSTRAINT:Evidence Grounding | CONSTRAINT:Quality Standard | CONSTRAINT:Scope Boundary | CONTEXT:Execution Environment | CONTEXT:Repository Context | EVALUATION:Risk Assessment | EVALUATION:Rule Conformance | EXAMPLE:Output Template | EXAMPLE:Technical Snippet | OUTPUT:Repository Change | PROCESS:Decision Branch | PROCESS:Required Sequence | PROCESS:Within-Run Iteration | RESOURCE:GitHub Interface | RESOURCE:Local Workspace | TASK:Artifact Change,COMMUNICATION:Expert Role | CONTEXT:Repository Context | OUTPUT:Repository Change | PROCESS:Decision Branch | PROCESS:Required Sequence | RESOURCE:GitHub Interface | RESOURCE:Local Workspace | TASK:Artifact Change | TASK:Evidence Investigation
rq3_270,10,5,1,COMMUNICATION:Expert Role | CONSTRAINT:Quality Standard | CONSTRAINT:Resource Budget | CONSTRAINT:Scope Boundary | CONTEXT:Repository Context | OUTPUT:Repository Change | PROCESS:Required Sequence | RESOURCE:Local Workspace | TASK:Artifact Change | TASK:Artifact Review | TASK:Evidence Investigation,COMMUNICATION:Expert Role | CONSTRAINT:Evidence Grounding | CONSTRAINT:Quality Standard | CONSTRAINT:Resource Budget | CONSTRAINT:Scope Boundary | CONTEXT:Domain Context | CONTEXT:Execution Environment | CONTEXT:Historical Context | CONTEXT:Repository Context | OUTPUT:Repository Change | PROCESS:Required Sequence | RESOURCE:Local Workspace | SAFETY:Execution Isolation | TASK:Artifact Change | TASK:Evidence Investigation
rq3_271,15,2,9,COMMUNICATION:Audience Voice | COMMUNICATION:Automation Disclosure | CONSTRAINT:Evidence Grounding | CONSTRAINT:Quality Standard | CONSTRAINT:Resource Budget | CONSTRAINT:Scope Boundary | CONTEXT:Domain Context | CONTEXT:Repository Context | EVALUATION:Evidence Credibility | EVALUATION:Execution Check | EVALUATION:Rule Conformance | EXAMPLE:Output Template | OUTPUT:Control Signal | OUTPUT:Existing Thread Response | OUTPUT:New Thread | PROCESS:Cross-Run Memory | PROCESS:Decision Branch | PROCESS:Required Sequence | RESOURCE:GitHub Interface | RESOURCE:Local Workspace | SAFETY:Information Confidentiality | SAFETY:Prompt Injection Defense | TASK:Evidence Investigation | TASK:Work Item Management,COMMUNICATION:Automation Disclosure | CONSTRAINT:Quality Standard | CONSTRAINT:Scope Boundary | CONTEXT:Domain Context | CONTEXT:Historical Context | CONTEXT:Repository Context | EXAMPLE:Technical Snippet | OUTPUT:Control Signal | OUTPUT:Existing Thread Response | OUTPUT:New Thread | PROCESS:Cross-Run Memory | PROCESS:Decision Branch | PROCESS:Required Sequence | RESOURCE:GitHub Interface | SAFETY:Information Confidentiality | TASK:Evidence Investigation | TASK:Work Item Management
rq3_272,6,4,3,COMMUNICATION:Audience Voice | CONSTRAINT:Quality Standard | CONSTRAINT:Scope Boundary | OUTPUT:Control Signal | OUTPUT:Existing Thread Response | PROCESS:Decision Branch | RESOURCE:GitHub Interface | TASK:Evidence Investigation | TASK:Work Item Management,CONSTRAINT:Quality Standard | CONSTRAINT:Scope Boundary | CONTEXT:Domain Context | CONTEXT:Repository Context | OUTPUT:Existing Thread Response | PROCESS:Decision Branch | PROCESS:Required Sequence | PROCESS:Within-Run Iteration | RESOURCE:GitHub Interface | TASK:Work Item Management
rq3_273,12,2,5,COMMUNICATION:Audience Voice | COMMUNICATION:Automation Disclosure | COMMUNICATION:Expert Role | CONSTRAINT:Quality Standard | CONSTRAINT:Scope Boundary | CONTEXT:Domain Context | CONTEXT:Repository Context | EVALUATION:Rule Conformance | OUTPUT:Repository Change | PROCESS:Cross-Run Memory | PROCESS:Decision Branch | PROCESS:Required Sequence | PROCESS:Within-Run Iteration | RESOURCE:GitHub Interface | RESOURCE:Local Workspace | TASK:Artifact Change | TASK:Work Item Management,COMMUNICATION:Expert Role | CONSTRAINT:Quality Standard | CONSTRAINT:Scope Boundary | CONTEXT:Domain Context | CONTEXT:Repository Context | EXAMPLE:Technical Snippet | OUTPUT:Repository Change | PROCESS:Decision Branch | PROCESS:Required Sequence | PROCESS:Within-Run Iteration | RESOURCE:Local Workspace | TASK:Artifact Change | TASK:Evidence Investigation | TASK:Work Item Management
rq3_275,1,0,1,CONSTRAINT:Quality Standard | TASK:Evidence Investigation,TASK:Evidence Investigation
rq3_276,15,3,9,COMMUNICATION:Automation Disclosure | CONSTRAINT:Evidence Grounding | CONSTRAINT:Quality Standard | CONTEXT:Domain Context | CONTEXT:Execution Environment | CONTEXT:Repository Context | EVALUATION:Evidence Credibility | EVALUATION:Risk Assessment | EVALUATION:Rule Conformance | EXAMPLE:Output Template | EXAMPLE:Technical Snippet | OUTPUT:New Thread | OUTPUT:Repository Change | PROCESS:Cross-Run Memory | PROCESS:Decision Branch | PROCESS:Required Sequence | PROCESS:Within-Run Iteration | PROCESS:Work Delegation | RESOURCE:Agent Resource | RESOURCE:GitHub Interface | RESOURCE:Local Workspace | TASK:Artifact Change | TASK:Artifact Review | TASK:Evidence Investigation,COMMUNICATION:Expert Role | CONSTRAINT:Quality Standard | CONSTRAINT:Scope Boundary | CONTEXT:Domain Context | CONTEXT:Execution Environment | CONTEXT:Historical Context | CONTEXT:Repository Context | OUTPUT:New Thread | OUTPUT:Repository Change | PROCESS:Cross-Run Memory | PROCESS:Decision Branch | PROCESS:Required Sequence | PROCESS:Work Delegation | RESOURCE:Agent Resource | RESOURCE:GitHub Interface | RESOURCE:Local Workspace | TASK:Artifact Change | TASK:Evidence Investigation
rq3_277,7,0,12,CONSTRAINT:Evidence Grounding | CONSTRAINT:Quality Standard | CONSTRAINT:Resource Budget | CONSTRAINT:Scope Boundary | CONTEXT:Domain Context | CONTEXT:Execution Environment | EVALUATION:Risk Assessment | EVALUATION:Rule Conformance | OUTPUT:Repository Change | PROCESS:Cross-Run Memory | PROCESS:Decision Branch | PROCESS:Required Sequence | PROCESS:Within-Run Iteration | RESOURCE:Development Toolchain | RESOURCE:Local Workspace | RESOURCE:Web Retrieval | TASK:Artifact Change | TASK:Evidence Investigation | TASK:Executable Validation,CONSTRAINT:Quality Standard | CONSTRAINT:Resource Budget | CONSTRAINT:Scope Boundary | OUTPUT:Repository Change | PROCESS:Decision Branch | PROCESS:Required Sequence | TASK:Artifact Change
rq3_278,12,1,12,COMMUNICATION:Automation Disclosure | CONSTRAINT:Evidence Grounding | CONSTRAINT:Quality Standard | CONSTRAINT:Resource Budget | CONSTRAINT:Scope Boundary | CONTEXT:Domain Context | CONTEXT:Execution Environment | CONTEXT:Repository Context | EVALUATION:Evidence Credibility | EVALUATION:Risk Assessment | EVALUATION:Rule Conformance | EXAMPLE:Technical Snippet | EXAMPLE:Worked Case | OUTPUT:Existing Thread Response | OUTPUT:Repository Change | PROCESS:Decision Branch | PROCESS:Required Sequence | PROCESS:Within-Run Iteration | RESOURCE:Agent Resource | RESOURCE:GitHub Interface | RESOURCE:Local Workspace | TASK:Artifact Change | TASK:Artifact Review | TASK:Work Item Management,CONSTRAINT:Evidence Grounding | CONSTRAINT:Resource Budget | CONSTRAINT:Scope Boundary | CONTEXT:Execution Environment | CONTEXT:Repository Context | OUTPUT:Existing Thread Response | OUTPUT:Repository Change | PROCESS:Decision Branch | PROCESS:Required Sequence | RESOURCE:GitHub Interface | RESOURCE:Local Workspace | TASK:Artifact Change | TASK:Evidence Investigation
rq3_279,9,3,6,CONSTRAINT:Evidence Grounding | CONSTRAINT:Quality Standard | CONSTRAINT:Scope Boundary | EVALUATION:Risk Assessment | EVALUATION:Rule Conformance | EXAMPLE:Output Template | EXAMPLE:Worked Case | OUTPUT:Control Signal | OUTPUT:New Thread | PROCESS:Decision Branch | PROCESS:Required Sequence | PROCESS:Within-Run Iteration | RESOURCE:GitHub Interface | RESOURCE:Local Workspace | TASK:Artifact Review,CONSTRAINT:Resource Budget | CONSTRAINT:Scope Boundary | CONTEXT:Repository Context | EXAMPLE:Output Template | OUTPUT:Control Signal | OUTPUT:New Thread | PROCESS:Decision Branch | PROCESS:Required Sequence | PROCESS:Within-Run Iteration | RESOURCE:GitHub Interface | RESOURCE:Local Workspace | TASK:Evidence Investigation
rq3_280,10,6,2,CONSTRAINT:Evidence Grounding | CONSTRAINT:Quality Standard | CONSTRAINT:Resource Budget | CONSTRAINT:Scope Boundary | CONTEXT:Repository Context | EVALUATION:Rule Conformance | EXAMPLE:Output Template | OUTPUT:Control Signal | OUTPUT:Existing Thread Response | PROCESS:Decision Branch | PROCESS:Required Sequence | TASK:Artifact Review,COMMUNICATION:Expert Role | CONSTRAINT:Evidence Grounding | CONSTRAINT:Quality Standard | CONSTRAINT:Scope Boundary | CONTEXT:Domain Context | CONTEXT:Repository Context | EXAMPLE:Output Template | EXAMPLE:Technical Snippet | OUTPUT:Control Signal | OUTPUT:Existing Thread Response | PROCESS:Decision Branch | PROCESS:Required Sequence | RESOURCE:GitHub Interface | RESOURCE:Local Workspace | TASK:Artifact Review | TASK:Evidence Investigation
rq3_281,10,1,14,COMMUNICATION:Expert Role | CONSTRAINT:Quality Standard | CONSTRAINT:Resource Budget | CONSTRAINT:Scope Boundary | CONTEXT:Domain Context | CONTEXT:Repository Context | EVALUATION:Evidence Credibility | EVALUATION:Risk Assessment | EVALUATION:Rule Conformance | EXAMPLE:Output Template | EXAMPLE:Technical Snippet | EXAMPLE:Worked Case | OUTPUT:Control Signal | OUTPUT:New Thread | PROCESS:Cross-Run Memory | PROCESS:Decision Branch | PROCESS:Required Sequence | PROCESS:Within-Run Iteration | RESOURCE:GitHub Interface | RESOURCE:Local Workspace | SAFETY:Information Confidentiality | SAFETY:Vulnerability Handling | TASK:Artifact Review | TASK:Evidence Investigation,COMMUNICATION:Expert Role | CONTEXT:Domain Context | CONTEXT:Repository Context | OUTPUT:Control Signal | OUTPUT:New Thread | PROCESS:Cross-Run Memory | PROCESS:Decision Branch | PROCESS:Required Sequence | RESOURCE:GitHub Interface | TASK:Evidence Investigation | TASK:Work Item Management
rq3_282,13,3,4,COMMUNICATION:Expert Role | CONSTRAINT:Evidence Grounding | CONSTRAINT:Quality Standard | CONSTRAINT:Scope Boundary | CONTEXT:Execution Environment | CONTEXT:Repository Context | EVALUATION:Evidence Credibility | EVALUATION:Risk Assessment | EVALUATION:Rule Conformance | EXAMPLE:Worked Case | OUTPUT:Control Signal | OUTPUT:Existing Thread Response | PROCESS:Decision Branch | PROCESS:Required Sequence | RESOURCE:GitHub Interface | SAFETY:Vulnerability Handling | TASK:Artifact Review,COMMUNICATION:Expert Role | CONSTRAINT:Evidence Grounding | CONSTRAINT:Quality Standard | CONSTRAINT:Scope Boundary | CONTEXT:Domain Context | CONTEXT:Repository Context | EVALUATION:Rule Conformance | EXAMPLE:Technical Snippet | OUTPUT:Control Signal | OUTPUT:Existing Thread Response | PROCESS:Decision Branch | PROCESS:Required Sequence | RESOURCE:GitHub Interface | SAFETY:Vulnerability Handling | TASK:Artifact Review | TASK:Evidence Investigation
rq3_283,12,10,1,COMMUNICATION:Expert Role | CONTEXT:Execution Environment | CONTEXT:Historical Context | CONTEXT:Repository Context | EVALUATION:Execution Check | EVALUATION:Rule Conformance | EXAMPLE:Output Template | EXAMPLE:Technical Snippet | OUTPUT:New Thread | OUTPUT:Standalone Artifact | PROCESS:Decision Branch | PROCESS:Required Sequence | TASK:Evidence Investigation,COMMUNICATION:Expert Role | CONSTRAINT:Quality Standard | CONSTRAINT:Scope Boundary | CONTEXT:Domain Context | CONTEXT:Execution Environment | CONTEXT:Historical Context | CONTEXT:Repository Context | EVALUATION:Execution Check | EXAMPLE:Output Template | EXAMPLE:Technical Snippet | OUTPUT:Control Signal | OUTPUT:New Thread | OUTPUT:Standalone Artifact | PROCESS:Decision Branch | PROCESS:Required Sequence | PROCESS:Within-Run Iteration | RESOURCE:Agent Resource | RESOURCE:GitHub Interface | RESOURCE:Local Workspace | TASK:Evidence Investigation | TASK:Executable Validation | TASK:Work Item Management
rq3_284,8,4,3,CONSTRAINT:Evidence Grounding | CONSTRAINT:Scope Boundary | CONTEXT:Repository Context | EVALUATION:Rule Conformance | OUTPUT:Control Signal | OUTPUT:New Thread | PROCESS:Decision Branch | PROCESS:Required Sequence | PROCESS:Within-Run Iteration | RESOURCE:GitHub Interface | TASK:Evidence Investigation,CONSTRAINT:Evidence Grounding | CONSTRAINT:Quality Standard | CONSTRAINT:Resource Budget | CONSTRAINT:Scope Boundary | CONTEXT:Domain Context | CONTEXT:Repository Context | OUTPUT:New Thread | PROCESS:Decision Branch | PROCESS:Required Sequence | PROCESS:Within-Run Iteration | RESOURCE:GitHub Interface | TASK:Work Item Management
rq3_285,13,6,1,COMMUNICATION:Expert Role | CONSTRAINT:Evidence Grounding | CONSTRAINT:Quality Standard | CONTEXT:Domain Context | CONTEXT:Execution Environment | EVALUATION:Risk Assessment | EXAMPLE:Output Template | EXAMPLE:Technical Snippet | OUTPUT:New Thread | PROCESS:Cross-Run Memory | PROCESS:Decision Branch | PROCESS:Required Sequence | RESOURCE:Local Workspace | TASK:Evidence Investigation,COMMUNICATION:Expert Role | CONSTRAINT:Evidence Grounding | CONSTRAINT:Quality Standard | CONSTRAINT:Scope Boundary | CONTEXT:Domain Context | CONTEXT:Execution Environment | CONTEXT:Historical Context | EXAMPLE:Output Template | EXAMPLE:Technical Snippet | OUTPUT:New Thread | OUTPUT:Standalone Artifact | PROCESS:Cross-Run Memory | PROCESS:Decision Branch | PROCESS:Required Sequence | RESOURCE:Development Toolchain | RESOURCE:GitHub Interface | RESOURCE:Local Workspace | TASK:Artifact Change | TASK:Evidence Investigation
rq3_286,12,2,6,COMMUNICATION:Audience Voice | COMMUNICATION:Expert Role | CONSTRAINT:Evidence Grounding | CONSTRAINT:Quality Standard | CONSTRAINT:Resource Budget | CONSTRAINT:Scope Boundary | CONTEXT:Repository Context | EVALUATION:Risk Assessment | EVALUATION:Rule Conformance | EXAMPLE:Output Template | EXAMPLE:Worked Case | OUTPUT:Existing Thread Response | PROCESS:Decision Branch | PROCESS:Required Sequence | PROCESS:Within-Run Iteration | RESOURCE:GitHub Interface | RESOURCE:Web Retrieval | TASK:Artifact Review,COMMUNICATION:Expert Role | CONSTRAINT:Quality Standard | CONSTRAINT:Resource Budget | CONSTRAINT:Scope Boundary | CONTEXT:Domain Context | CONTEXT:Repository Context | EVALUATION:Rule Conformance | OUTPUT:Existing Thread Response | PROCESS:Decision Branch | PROCESS:Required Sequence | RESOURCE:GitHub Interface | RESOURCE:Local Workspace | RESOURCE:Web Retrieval | TASK:Artifact Review
rq3_287,8,1,5,COMMUNICATION:Audience Voice | COMMUNICATION:Expert Role | CONSTRAINT:Quality Standard | CONSTRAINT:Resource Budget | CONSTRAINT:Scope Boundary | CONTEXT:Domain Context | EXAMPLE:Output Template | OUTPUT:Repository Change | PROCESS:Decision Branch | PROCESS:Required Sequence | RESOURCE:Agent Resource | RESOURCE:Local Workspace | TASK:Artifact Change,COMMUNICATION:Expert Role | CONSTRAINT:Quality Standard | CONSTRAINT:Resource Budget | CONSTRAINT:Scope Boundary | CONTEXT:Domain Context | CONTEXT:Repository Context | OUTPUT:Repository Change | PROCESS:Required Sequence | TASK:Artifact Change
rq3_288,14,6,6,COMMUNICATION:Expert Role | CONSTRAINT:Evidence Grounding | CONSTRAINT:Quality Standard | CONSTRAINT:Resource Budget | CONSTRAINT:Scope Boundary | CONTEXT:Execution Environment | CONTEXT:Repository Context | EVALUATION:Rule Conformance | EXAMPLE:Output Template | EXAMPLE:Technical Snippet | OUTPUT:Existing Thread Response | OUTPUT:New Thread | OUTPUT:Repository Change | PROCESS:Decision Branch | PROCESS:Required Sequence | RESOURCE:Agent Resource | RESOURCE:GitHub Interface | RESOURCE:Local Workspace | SAFETY:Execution Isolation | TASK:Evidence Investigation,COMMUNICATION:Expert Role | CONSTRAINT:Quality Standard | CONSTRAINT:Resource Budget | CONSTRAINT:Scope Boundary | CONTEXT:Domain Context | CONTEXT:Execution Environment | CONTEXT:Historical Context | CONTEXT:Repository Context | EXAMPLE:Output Template | EXAMPLE:Technical Snippet | OUTPUT:New Thread | PROCESS:Decision Branch | PROCESS:Required Sequence | PROCESS:Within-Run Iteration | RESOURCE:Local Workspace | RESOURCE:Web Retrieval | SAFETY:Execution Isolation | TASK:Artifact Change | TASK:Evidence Investigation | TASK:Work Item Management
rq3_289,10,5,5,CONSTRAINT:Evidence Grounding | CONSTRAINT:Quality Standard | CONSTRAINT:Resource Budget | CONSTRAINT:Scope Boundary | EVALUATION:Execution Check | EVALUATION:Risk Assessment | OUTPUT:Control Signal | OUTPUT:Repository Change | PROCESS:Decision Branch | PROCESS:Required Sequence | RESOURCE:Development Toolchain | RESOURCE:GitHub Interface | RESOURCE:Local Workspace | TASK:Artifact Change | TASK:Executable Validation,COMMUNICATION:Expert Role | CONSTRAINT:Quality Standard | CONSTRAINT:Resource Budget | CONSTRAINT:Scope Boundary | CONTEXT:Domain Context | CONTEXT:Repository Context | OUTPUT:Control Signal | OUTPUT:Repository Change | PROCESS:Decision Branch | PROCESS:Required Sequence | RESOURCE:Development Toolchain | TASK:Artifact Change | TASK:Evidence Investigation | TASK:Executable Validation | TASK:Work Item Management
rq3_290,9,3,6,CONSTRAINT:Quality Standard | CONSTRAINT:Resource Budget | CONSTRAINT:Scope Boundary | CONTEXT:Repository Context | EVALUATION:Risk Assessment | EVALUATION:Rule Conformance | OUTPUT:Control Signal | OUTPUT:New Thread | PROCESS:Decision Branch | PROCESS:Required Sequence | PROCESS:Within-Run Iteration | RESOURCE:GitHub Interface | RESOURCE:Web Retrieval | SAFETY:Vulnerability Handling | TASK:Evidence Investigation,CONSTRAINT:Quality Standard | CONTEXT:Domain Context | CONTEXT:Repository Context | OUTPUT:Control Signal | OUTPUT:New Thread | PROCESS:Decision Branch | PROCESS:Required Sequence | PROCESS:Within-Run Iteration | RESOURCE:GitHub Interface | RESOURCE:Web Retrieval | TASK:Artifact Change | TASK:Work Item Management
rq3_291,9,2,4,COMMUNICATION:Expert Role | CONSTRAINT:Evidence Grounding | CONSTRAINT:Quality Standard | CONSTRAINT:Resource Budget | CONSTRAINT:Scope Boundary | CONTEXT:Execution Environment | CONTEXT:Repository Context | EVALUATION:Risk Assessment | EXAMPLE:Output Template | OUTPUT:Existing Thread Response | PROCESS:Decision Branch | PROCESS:Required Sequence | TASK:Evidence Investigation,COMMUNICATION:Expert Role | CONSTRAINT:Evidence Grounding | CONSTRAINT:Quality Standard | CONSTRAINT:Scope Boundary | EXAMPLE:Output Template | EXAMPLE:Technical Snippet | OUTPUT:Existing Thread Response | PROCESS:Decision Branch | PROCESS:Required Sequence | RESOURCE:GitHub Interface | TASK:Evidence Investigation
rq3_292,7,4,3,CONSTRAINT:Quality Standard | CONSTRAINT:Scope Boundary | EVALUATION:Rule Conformance | EXAMPLE:Output Template | OUTPUT:New Thread | PROCESS:Decision Branch | PROCESS:Required Sequence | RESOURCE:GitHub Interface | RESOURCE:Web Retrieval | TASK:Evidence Investigation,COMMUNICATION:Expert Role | CONSTRAINT:Scope Boundary | CONTEXT:Domain Context | OUTPUT:Control Signal | OUTPUT:New Thread | PROCESS:Decision Branch | PROCESS:Required Sequence | RESOURCE:GitHub Interface | RESOURCE:Web Retrieval | TASK:Evidence Investigation | TASK:Work Item Management
rq3_293,15,3,7,COMMUNICATION:Audience Voice | COMMUNICATION:Automation Disclosure | COMMUNICATION:Expert Role | CONSTRAINT:Evidence Grounding | CONSTRAINT:Quality Standard | CONSTRAINT:Resource Budget | CONSTRAINT:Scope Boundary | CONTEXT:Domain Context | CONTEXT:Repository Context | EVALUATION:Evidence Credibility | EVALUATION:Risk Assessment | EVALUATION:Rule Conformance | EXAMPLE:Output Template | OUTPUT:Control Signal | OUTPUT:Existing Thread Response | OUTPUT:New Thread | PROCESS:Cross-Run Memory | PROCESS:Decision Branch | PROCESS:Required Sequence | PROCESS:Within-Run Iteration | RESOURCE:GitHub Interface | TASK:Evidence Investigation,COMMUNICATION:Audience Voice | COMMUNICATION:Automation Disclosure | COMMUNICATION:Expert Role | CONSTRAINT:Resource Budget | CONSTRAINT:Scope Boundary | CONTEXT:Domain Context | CONTEXT:Historical Context | CONTEXT:Repository Context | EXAMPLE:Output Template | EXAMPLE:Worked Case | OUTPUT:New Thread | PROCESS:Cross-Run Memory | PROCESS:Decision Branch | PROCESS:Required Sequence | PROCESS:Within-Run Iteration | RESOURCE:GitHub Interface | TASK:Evidence Investigation | TASK:Work Item Management
rq3_294,14,0,9,COMMUNICATION:Audience Voice | COMMUNICATION:Automation Disclosure | CONSTRAINT:Evidence Grounding | CONSTRAINT:Quality Standard | CONSTRAINT:Scope Boundary | CONTEXT:Execution Environment | CONTEXT:Repository Context | EVALUATION:Execution Check | EVALUATION:Rule Conformance | OUTPUT:Existing Thread Response | OUTPUT:New Thread | OUTPUT:Repository Change | PROCESS:Decision Branch | PROCESS:Required Sequence | PROCESS:Within-Run Iteration | RESOURCE:Development Toolchain | RESOURCE:GitHub Interface | RESOURCE:Local Workspace | SAFETY:Execution Isolation | TASK:Artifact Change | TASK:Evidence Investigation | TASK:Executable Validation | TASK:Work Item Management,CONSTRAINT:Scope Boundary | CONTEXT:Repository Context | EVALUATION:Execution Check | OUTPUT:Existing Thread Response | OUTPUT:New Thread | OUTPUT:Repository Change | PROCESS:Required Sequence | RESOURCE:Development Toolchain | RESOURCE:GitHub Interface | RESOURCE:Local Workspace | TASK:Artifact Change | TASK:Evidence Investigation | TASK:Executable Validation | TASK:Work Item Management
rq3_295,8,2,7,COMMUNICATION:Expert Role | CONSTRAINT:Scope Boundary | CONTEXT:Execution Environment | CONTEXT:Repository Context | EXAMPLE:Output Template | EXAMPLE:Technical Snippet | OUTPUT:Repository Change | OUTPUT:Standalone Artifact | PROCESS:Decision Branch | PROCESS:Required Sequence | RESOURCE:Agent Resource | RESOURCE:Development Toolchain | RESOURCE:GitHub Interface | TASK:Artifact Change | TASK:Evidence Investigation,CONSTRAINT:Scope Boundary | CONTEXT:Domain Context | CONTEXT:Repository Context | EXAMPLE:Technical Snippet | OUTPUT:Repository Change | PROCESS:Required Sequence | RESOURCE:GitHub Interface | RESOURCE:Local Workspace | TASK:Artifact Change | TASK:Evidence Investigation
rq3_296,15,8,1,CONSTRAINT:Evidence Grounding | CONSTRAINT:Quality Standard | CONSTRAINT:Scope Boundary | CONTEXT:Repository Context | EXAMPLE:Output Template | EXAMPLE:Technical Snippet | OUTPUT:Control Signal | OUTPUT:New Thread | OUTPUT:Repository Change | PROCESS:Decision Branch | PROCESS:Required Sequence | RESOURCE:Agent Resource | RESOURCE:GitHub Interface | RESOURCE:Local Workspace | TASK:Artifact Change | TASK:Evidence Investigation,COMMUNICATION:Automation Disclosure | COMMUNICATION:Expert Role | CONSTRAINT:Evidence Grounding | CONSTRAINT:Quality Standard | CONSTRAINT:Resource Budget | CONSTRAINT:Scope Boundary | CONTEXT:Domain Context | CONTEXT:Historical Context | CONTEXT:Repository Context | EXAMPLE:Output Template | EXAMPLE:Technical Snippet | OUTPUT:Control Signal | OUTPUT:New Thread | OUTPUT:Repository Change | PROCESS:Cross-Run Memory | PROCESS:Decision Branch | PROCESS:Required Sequence | RESOURCE:GitHub Interface | RESOURCE:Local Workspace | TASK:Artifact Change | TASK:Evidence Investigation | TASK:Executable Validation | TASK:Work Item Management
rq3_297,13,3,6,COMMUNICATION:Audience Voice | COMMUNICATION:Automation Disclosure | CONSTRAINT:Evidence Grounding | CONSTRAINT:Quality Standard | CONSTRAINT:Resource Budget | CONSTRAINT:Scope Boundary | CONTEXT:Domain Context | CONTEXT:Execution Environment | CONTEXT:Repository Context | EVALUATION:Evidence Credibility | EVALUATION:Rule Conformance | EXAMPLE:Output Template | EXAMPLE:Worked Case | OUTPUT:Control Signal | OUTPUT:New Thread | PROCESS:Decision Branch | PROCESS:Required Sequence | RESOURCE:Local Workspace | TASK:Evidence Investigation,CONSTRAINT:Evidence Grounding | CONSTRAINT:Quality Standard | CONSTRAINT:Scope Boundary | CONTEXT:Domain Context | CONTEXT:Execution Environment | CONTEXT:Repository Context | EXAMPLE:Output Template | EXAMPLE:Technical Snippet | OUTPUT:Control Signal | OUTPUT:New Thread | PROCESS:Decision Branch | PROCESS:Required Sequence | RESOURCE:GitHub Interface | RESOURCE:Local Workspace | TASK:Evidence Investigation | TASK:Work Item Management
