id,label,author_1,author_2
rq3_001,TASK:Artifact Change,1,1
rq3_001,TASK:Artifact Review,0,0
rq3_001,TASK:Evidence Investigation,0,0
rq3_001,TASK:Executable Validation,0,0
rq3_001,TASK:Work Item Management,0,0
rq3_001,CONSTRAINT:Scope Boundary,1,1
rq3_001,CONSTRAINT:Evidence Grounding,0,1
rq3_001,CONSTRAINT:Quality Standard,0,0
rq3_001,CONSTRAINT:Resource Budget,0,0
rq3_001,CONTEXT:Repository Context,1,0
rq3_001,CONTEXT:Domain Context,0,0
rq3_001,CONTEXT:Execution Environment,0,0
rq3_001,CONTEXT:Historical Context,0,0
rq3_001,OUTPUT:Repository Change,0,0
rq3_001,OUTPUT:Existing Thread Response,0,0
rq3_001,OUTPUT:New Thread,0,0
rq3_001,OUTPUT:Standalone Artifact,0,0
rq3_001,OUTPUT:Control Signal,0,0
rq3_001,PROCESS:Required Sequence,0,0
rq3_001,PROCESS:Decision Branch,0,0
rq3_001,PROCESS:Within-Run Iteration,0,0
rq3_001,PROCESS:Cross-Run Memory,0,0
rq3_001,PROCESS:Work Delegation,0,0
rq3_001,EVALUATION:Execution Check,1,1
rq3_001,EVALUATION:Rule Conformance,0,0
rq3_001,EVALUATION:Evidence Credibility,0,0
rq3_001,EVALUATION:Risk Assessment,0,0
rq3_001,RESOURCE:GitHub Interface,0,0
rq3_001,RESOURCE:Web Retrieval,0,0
rq3_001,RESOURCE:Local Workspace,0,0
rq3_001,RESOURCE:Development Toolchain,0,0
rq3_001,RESOURCE:Agent Resource,0,0
rq3_001,COMMUNICATION:Expert Role,0,0
rq3_001,COMMUNICATION:Audience Voice,0,0
rq3_001,COMMUNICATION:Automation Disclosure,0,0
rq3_001,EXAMPLE:Output Template,0,0
rq3_001,EXAMPLE:Worked Case,0,0
rq3_001,EXAMPLE:Technical Snippet,0,0
rq3_001,SAFETY:Prompt Injection Defense,0,0
rq3_001,SAFETY:Information Confidentiality,0,0
rq3_001,SAFETY:Execution Isolation,0,0
rq3_001,SAFETY:Vulnerability Handling,0,0
rq3_002,TASK:Artifact Change,0,0
rq3_002,TASK:Artifact Review,1,1
rq3_002,TASK:Evidence Investigation,0,0
rq3_002,TASK:Executable Validation,0,0
rq3_002,TASK:Work Item Management,0,0
rq3_002,CONSTRAINT:Scope Boundary,0,1
rq3_002,CONSTRAINT:Evidence Grounding,0,0
rq3_002,CONSTRAINT:Quality Standard,0,0
rq3_002,CONSTRAINT:Resource Budget,0,0
rq3_002,CONTEXT:Repository Context,1,0
rq3_002,CONTEXT:Domain Context,0,0
rq3_002,CONTEXT:Execution Environment,0,0
rq3_002,CONTEXT:Historical Context,0,0
rq3_002,OUTPUT:Repository Change,0,0
rq3_002,OUTPUT:Existing Thread Response,1,1
rq3_002,OUTPUT:New Thread,0,0
rq3_002,OUTPUT:Standalone Artifact,0,0
rq3_002,OUTPUT:Control Signal,0,1
rq3_002,PROCESS:Required Sequence,1,1
rq3_002,PROCESS:Decision Branch,1,1
rq3_002,PROCESS:Within-Run Iteration,0,0
rq3_002,PROCESS:Cross-Run Memory,0,0
rq3_002,PROCESS:Work Delegation,0,0
rq3_002,EVALUATION:Execution Check,0,0
rq3_002,EVALUATION:Rule Conformance,0,0
rq3_002,EVALUATION:Evidence Credibility,0,0
rq3_002,EVALUATION:Risk Assessment,0,0
rq3_002,RESOURCE:GitHub Interface,1,1
rq3_002,RESOURCE:Web Retrieval,0,0
rq3_002,RESOURCE:Local Workspace,0,0
rq3_002,RESOURCE:Development Toolchain,0,0
rq3_002,RESOURCE:Agent Resource,0,0
rq3_002,COMMUNICATION:Expert Role,1,1
rq3_002,COMMUNICATION:Audience Voice,0,0
rq3_002,COMMUNICATION:Automation Disclosure,0,0
rq3_002,EXAMPLE:Output Template,1,1
rq3_002,EXAMPLE:Worked Case,0,0
rq3_002,EXAMPLE:Technical Snippet,0,0
rq3_002,SAFETY:Prompt Injection Defense,1,1
rq3_002,SAFETY:Information Confidentiality,0,1
rq3_002,SAFETY:Execution Isolation,0,0
rq3_002,SAFETY:Vulnerability Handling,0,0
rq3_003,TASK:Artifact Change,0,0
rq3_003,TASK:Artifact Review,0,0
rq3_003,TASK:Evidence Investigation,1,1
rq3_003,TASK:Executable Validation,0,0
rq3_003,TASK:Work Item Management,0,0
rq3_003,CONSTRAINT:Scope Boundary,0,1
rq3_003,CONSTRAINT:Evidence Grounding,0,0
rq3_003,CONSTRAINT:Quality Standard,0,1
rq3_003,CONSTRAINT:Resource Budget,0,0
rq3_003,CONTEXT:Repository Context,1,1
rq3_003,CONTEXT:Domain Context,0,0
rq3_003,CONTEXT:Execution Environment,0,0
rq3_003,CONTEXT:Historical Context,1,1
rq3_003,OUTPUT:Repository Change,0,0
rq3_003,OUTPUT:Existing Thread Response,1,1
rq3_003,OUTPUT:New Thread,0,0
rq3_003,OUTPUT:Standalone Artifact,0,0
rq3_003,OUTPUT:Control Signal,1,1
rq3_003,PROCESS:Required Sequence,1,1
rq3_003,PROCESS:Decision Branch,1,0
rq3_003,PROCESS:Within-Run Iteration,0,0
rq3_003,PROCESS:Cross-Run Memory,0,0
rq3_003,PROCESS:Work Delegation,0,0
rq3_003,EVALUATION:Execution Check,0,0
rq3_003,EVALUATION:Rule Conformance,0,0
rq3_003,EVALUATION:Evidence Credibility,1,1
rq3_003,EVALUATION:Risk Assessment,0,0
rq3_003,RESOURCE:GitHub Interface,1,1
rq3_003,RESOURCE:Web Retrieval,1,0
rq3_003,RESOURCE:Local Workspace,0,0
rq3_003,RESOURCE:Development Toolchain,0,0
rq3_003,RESOURCE:Agent Resource,1,1
rq3_003,COMMUNICATION:Expert Role,1,1
rq3_003,COMMUNICATION:Audience Voice,0,0
rq3_003,COMMUNICATION:Automation Disclosure,0,0
rq3_003,EXAMPLE:Output Template,1,1
rq3_003,EXAMPLE:Worked Case,0,0
rq3_003,EXAMPLE:Technical Snippet,0,0
rq3_003,SAFETY:Prompt Injection Defense,0,0
rq3_003,SAFETY:Information Confidentiality,0,0
rq3_003,SAFETY:Execution Isolation,1,1
rq3_003,SAFETY:Vulnerability Handling,0,0
rq3_004,TASK:Artifact Change,1,1
rq3_004,TASK:Artifact Review,0,0
rq3_004,TASK:Evidence Investigation,1,1
rq3_004,TASK:Executable Validation,0,0
rq3_004,TASK:Work Item Management,0,0
rq3_004,CONSTRAINT:Scope Boundary,1,1
rq3_004,CONSTRAINT:Evidence Grounding,0,0
rq3_004,CONSTRAINT:Quality Standard,0,1
rq3_004,CONSTRAINT:Resource Budget,0,0
rq3_004,CONTEXT:Repository Context,1,1
rq3_004,CONTEXT:Domain Context,0,0
rq3_004,CONTEXT:Execution Environment,0,0
rq3_004,CONTEXT:Historical Context,0,0
rq3_004,OUTPUT:Repository Change,1,1
rq3_004,OUTPUT:Existing Thread Response,0,0
rq3_004,OUTPUT:New Thread,1,1
rq3_004,OUTPUT:Standalone Artifact,0,0
rq3_004,OUTPUT:Control Signal,1,1
rq3_004,PROCESS:Required Sequence,1,1
rq3_004,PROCESS:Decision Branch,0,1
rq3_004,PROCESS:Within-Run Iteration,0,0
rq3_004,PROCESS:Cross-Run Memory,0,0
rq3_004,PROCESS:Work Delegation,0,0
rq3_004,EVALUATION:Execution Check,0,0
rq3_004,EVALUATION:Rule Conformance,0,0
rq3_004,EVALUATION:Evidence Credibility,0,0
rq3_004,EVALUATION:Risk Assessment,0,0
rq3_004,RESOURCE:GitHub Interface,1,1
rq3_004,RESOURCE:Web Retrieval,0,0
rq3_004,RESOURCE:Local Workspace,0,0
rq3_004,RESOURCE:Development Toolchain,0,0
rq3_004,RESOURCE:Agent Resource,0,0
rq3_004,COMMUNICATION:Expert Role,0,1
rq3_004,COMMUNICATION:Audience Voice,0,0
rq3_004,COMMUNICATION:Automation Disclosure,0,0
rq3_004,EXAMPLE:Output Template,0,0
rq3_004,EXAMPLE:Worked Case,0,0
rq3_004,EXAMPLE:Technical Snippet,0,0
rq3_004,SAFETY:Prompt Injection Defense,0,0
rq3_004,SAFETY:Information Confidentiality,0,0
rq3_004,SAFETY:Execution Isolation,0,0
rq3_004,SAFETY:Vulnerability Handling,0,0
rq3_005,TASK:Artifact Change,1,1
rq3_005,TASK:Artifact Review,0,0
rq3_005,TASK:Evidence Investigation,1,1
rq3_005,TASK:Executable Validation,0,0
rq3_005,TASK:Work Item Management,0,0
rq3_005,CONSTRAINT:Scope Boundary,1,1
rq3_005,CONSTRAINT:Evidence Grounding,0,0
rq3_005,CONSTRAINT:Quality Standard,1,1
rq3_005,CONSTRAINT:Resource Budget,0,0
rq3_005,CONTEXT:Repository Context,1,1
rq3_005,CONTEXT:Domain Context,0,0
rq3_005,CONTEXT:Execution Environment,0,0
rq3_005,CONTEXT:Historical Context,0,0
rq3_005,OUTPUT:Repository Change,1,1
rq3_005,OUTPUT:Existing Thread Response,1,1
rq3_005,OUTPUT:New Thread,0,0
rq3_005,OUTPUT:Standalone Artifact,0,0
rq3_005,OUTPUT:Control Signal,0,0
rq3_005,PROCESS:Required Sequence,1,1
rq3_005,PROCESS:Decision Branch,1,1
rq3_005,PROCESS:Within-Run Iteration,0,0
rq3_005,PROCESS:Cross-Run Memory,0,0
rq3_005,PROCESS:Work Delegation,0,0
rq3_005,EVALUATION:Execution Check,1,1
rq3_005,EVALUATION:Rule Conformance,0,0
rq3_005,EVALUATION:Evidence Credibility,0,0
rq3_005,EVALUATION:Risk Assessment,0,0
rq3_005,RESOURCE:GitHub Interface,0,0
rq3_005,RESOURCE:Web Retrieval,0,0
rq3_005,RESOURCE:Local Workspace,0,0
rq3_005,RESOURCE:Development Toolchain,1,1
rq3_005,RESOURCE:Agent Resource,0,0
rq3_005,COMMUNICATION:Expert Role,0,0
rq3_005,COMMUNICATION:Audience Voice,0,0
rq3_005,COMMUNICATION:Automation Disclosure,0,0
rq3_005,EXAMPLE:Output Template,1,1
rq3_005,EXAMPLE:Worked Case,0,0
rq3_005,EXAMPLE:Technical Snippet,0,0
rq3_005,SAFETY:Prompt Injection Defense,0,0
rq3_005,SAFETY:Information Confidentiality,0,0
rq3_005,SAFETY:Execution Isolation,0,0
rq3_005,SAFETY:Vulnerability Handling,0,0
rq3_006,TASK:Artifact Change,0,0
rq3_006,TASK:Artifact Review,1,1
rq3_006,TASK:Evidence Investigation,0,0
rq3_006,TASK:Executable Validation,0,0
rq3_006,TASK:Work Item Management,0,0
rq3_006,CONSTRAINT:Scope Boundary,1,1
rq3_006,CONSTRAINT:Evidence Grounding,0,0
rq3_006,CONSTRAINT:Quality Standard,0,0
rq3_006,CONSTRAINT:Resource Budget,0,0
rq3_006,CONTEXT:Repository Context,1,1
rq3_006,CONTEXT:Domain Context,0,0
rq3_006,CONTEXT:Execution Environment,0,0
rq3_006,CONTEXT:Historical Context,1,0
rq3_006,OUTPUT:Repository Change,0,0
rq3_006,OUTPUT:Existing Thread Response,1,1
rq3_006,OUTPUT:New Thread,0,0
rq3_006,OUTPUT:Standalone Artifact,0,0
rq3_006,OUTPUT:Control Signal,0,0
rq3_006,PROCESS:Required Sequence,1,1
rq3_006,PROCESS:Decision Branch,1,1
rq3_006,PROCESS:Within-Run Iteration,0,0
rq3_006,PROCESS:Cross-Run Memory,0,1
rq3_006,PROCESS:Work Delegation,0,0
rq3_006,EVALUATION:Execution Check,1,1
rq3_006,EVALUATION:Rule Conformance,0,0
rq3_006,EVALUATION:Evidence Credibility,0,0
rq3_006,EVALUATION:Risk Assessment,1,0
rq3_006,RESOURCE:GitHub Interface,1,1
rq3_006,RESOURCE:Web Retrieval,0,0
rq3_006,RESOURCE:Local Workspace,0,0
rq3_006,RESOURCE:Development Toolchain,0,0
rq3_006,RESOURCE:Agent Resource,1,1
rq3_006,COMMUNICATION:Expert Role,0,0
rq3_006,COMMUNICATION:Audience Voice,0,0
rq3_006,COMMUNICATION:Automation Disclosure,0,0
rq3_006,EXAMPLE:Output Template,1,1
rq3_006,EXAMPLE:Worked Case,0,0
rq3_006,EXAMPLE:Technical Snippet,0,0
rq3_006,SAFETY:Prompt Injection Defense,0,0
rq3_006,SAFETY:Information Confidentiality,0,0
rq3_006,SAFETY:Execution Isolation,0,0
rq3_006,SAFETY:Vulnerability Handling,0,0
rq3_007,TASK:Artifact Change,0,0
rq3_007,TASK:Artifact Review,0,0
rq3_007,TASK:Evidence Investigation,0,0
rq3_007,TASK:Executable Validation,1,1
rq3_007,TASK:Work Item Management,0,0
rq3_007,CONSTRAINT:Scope Boundary,0,0
rq3_007,CONSTRAINT:Evidence Grounding,0,0
rq3_007,CONSTRAINT:Quality Standard,0,0
rq3_007,CONSTRAINT:Resource Budget,0,0
rq3_007,CONTEXT:Repository Context,0,0
rq3_007,CONTEXT:Domain Context,0,0
rq3_007,CONTEXT:Execution Environment,1,1
rq3_007,CONTEXT:Historical Context,0,0
rq3_007,OUTPUT:Repository Change,0,0
rq3_007,OUTPUT:Existing Thread Response,0,0
rq3_007,OUTPUT:New Thread,1,1
rq3_007,OUTPUT:Standalone Artifact,0,0
rq3_007,OUTPUT:Control Signal,1,0
rq3_007,PROCESS:Required Sequence,0,0
rq3_007,PROCESS:Decision Branch,0,0
rq3_007,PROCESS:Within-Run Iteration,0,0
rq3_007,PROCESS:Cross-Run Memory,0,0
rq3_007,PROCESS:Work Delegation,0,0
rq3_007,EVALUATION:Execution Check,1,1
rq3_007,EVALUATION:Rule Conformance,0,0
rq3_007,EVALUATION:Evidence Credibility,0,0
rq3_007,EVALUATION:Risk Assessment,0,0
rq3_007,RESOURCE:GitHub Interface,0,0
rq3_007,RESOURCE:Web Retrieval,0,0
rq3_007,RESOURCE:Local Workspace,0,0
rq3_007,RESOURCE:Development Toolchain,0,0
rq3_007,RESOURCE:Agent Resource,1,1
rq3_007,COMMUNICATION:Expert Role,0,0
rq3_007,COMMUNICATION:Audience Voice,0,0
rq3_007,COMMUNICATION:Automation Disclosure,0,0
rq3_007,EXAMPLE:Output Template,0,0
rq3_007,EXAMPLE:Worked Case,0,0
rq3_007,EXAMPLE:Technical Snippet,0,0
rq3_007,SAFETY:Prompt Injection Defense,0,0
rq3_007,SAFETY:Information Confidentiality,0,0
rq3_007,SAFETY:Execution Isolation,1,1
rq3_007,SAFETY:Vulnerability Handling,0,0
rq3_008,TASK:Artifact Change,0,0
rq3_008,TASK:Artifact Review,1,1
rq3_008,TASK:Evidence Investigation,1,0
rq3_008,TASK:Executable Validation,0,0
rq3_008,TASK:Work Item Management,0,0
rq3_008,CONSTRAINT:Scope Boundary,1,1
rq3_008,CONSTRAINT:Evidence Grounding,1,1
rq3_008,CONSTRAINT:Quality Standard,0,1
rq3_008,CONSTRAINT:Resource Budget,0,1
rq3_008,CONTEXT:Repository Context,1,1
rq3_008,CONTEXT:Domain Context,0,0
rq3_008,CONTEXT:Execution Environment,0,1
rq3_008,CONTEXT:Historical Context,0,0
rq3_008,OUTPUT:Repository Change,0,0
rq3_008,OUTPUT:Existing Thread Response,1,1
rq3_008,OUTPUT:New Thread,0,0
rq3_008,OUTPUT:Standalone Artifact,0,0
rq3_008,OUTPUT:Control Signal,1,0
rq3_008,PROCESS:Required Sequence,1,1
rq3_008,PROCESS:Decision Branch,0,1
rq3_008,PROCESS:Within-Run Iteration,1,0
rq3_008,PROCESS:Cross-Run Memory,0,0
rq3_008,PROCESS:Work Delegation,0,0
rq3_008,EVALUATION:Execution Check,0,0
rq3_008,EVALUATION:Rule Conformance,0,1
rq3_008,EVALUATION:Evidence Credibility,0,0
rq3_008,EVALUATION:Risk Assessment,1,1
rq3_008,RESOURCE:GitHub Interface,1,1
rq3_008,RESOURCE:Web Retrieval,0,0
rq3_008,RESOURCE:Local Workspace,0,0
rq3_008,RESOURCE:Development Toolchain,0,0
rq3_008,RESOURCE:Agent Resource,0,0
rq3_008,COMMUNICATION:Expert Role,1,1
rq3_008,COMMUNICATION:Audience Voice,0,0
rq3_008,COMMUNICATION:Automation Disclosure,0,1
rq3_008,EXAMPLE:Output Template,0,0
rq3_008,EXAMPLE:Worked Case,0,0
rq3_008,EXAMPLE:Technical Snippet,0,0
rq3_008,SAFETY:Prompt Injection Defense,1,1
rq3_008,SAFETY:Information Confidentiality,1,1
rq3_008,SAFETY:Execution Isolation,0,1
rq3_008,SAFETY:Vulnerability Handling,0,0
rq3_009,TASK:Artifact Change,0,0
rq3_009,TASK:Artifact Review,0,0
rq3_009,TASK:Evidence Investigation,1,1
rq3_009,TASK:Executable Validation,0,0
rq3_009,TASK:Work Item Management,0,0
rq3_009,CONSTRAINT:Scope Boundary,0,1
rq3_009,CONSTRAINT:Evidence Grounding,0,0
rq3_009,CONSTRAINT:Quality Standard,1,1
rq3_009,CONSTRAINT:Resource Budget,0,1
rq3_009,CONTEXT:Repository Context,1,1
rq3_009,CONTEXT:Domain Context,0,0
rq3_009,CONTEXT:Execution Environment,0,0
rq3_009,CONTEXT:Historical Context,0,0
rq3_009,OUTPUT:Repository Change,0,0
rq3_009,OUTPUT:Existing Thread Response,0,0
rq3_009,OUTPUT:New Thread,1,1
rq3_009,OUTPUT:Standalone Artifact,0,0
rq3_009,OUTPUT:Control Signal,0,0
rq3_009,PROCESS:Required Sequence,1,1
rq3_009,PROCESS:Decision Branch,0,0
rq3_009,PROCESS:Within-Run Iteration,0,0
rq3_009,PROCESS:Cross-Run Memory,0,0
rq3_009,PROCESS:Work Delegation,0,0
rq3_009,EVALUATION:Execution Check,0,0
rq3_009,EVALUATION:Rule Conformance,0,0
rq3_009,EVALUATION:Evidence Credibility,0,0
rq3_009,EVALUATION:Risk Assessment,0,0
rq3_009,RESOURCE:GitHub Interface,0,0
rq3_009,RESOURCE:Web Retrieval,0,0
rq3_009,RESOURCE:Local Workspace,0,0
rq3_009,RESOURCE:Development Toolchain,0,0
rq3_009,RESOURCE:Agent Resource,0,0
rq3_009,COMMUNICATION:Expert Role,1,1
rq3_009,COMMUNICATION:Audience Voice,0,0
rq3_009,COMMUNICATION:Automation Disclosure,0,0
rq3_009,EXAMPLE:Output Template,0,0
rq3_009,EXAMPLE:Worked Case,0,0
rq3_009,EXAMPLE:Technical Snippet,0,0
rq3_009,SAFETY:Prompt Injection Defense,0,0
rq3_009,SAFETY:Information Confidentiality,0,0
rq3_009,SAFETY:Execution Isolation,0,0
rq3_009,SAFETY:Vulnerability Handling,0,0
rq3_010,TASK:Artifact Change,0,0
rq3_010,TASK:Artifact Review,0,0
rq3_010,TASK:Evidence Investigation,0,0
rq3_010,TASK:Executable Validation,1,1
rq3_010,TASK:Work Item Management,0,0
rq3_010,CONSTRAINT:Scope Boundary,0,0
rq3_010,CONSTRAINT:Evidence Grounding,0,0
rq3_010,CONSTRAINT:Quality Standard,0,0
rq3_010,CONSTRAINT:Resource Budget,0,0
rq3_010,CONTEXT:Repository Context,0,0
rq3_010,CONTEXT:Domain Context,1,1
rq3_010,CONTEXT:Execution Environment,0,0
rq3_010,CONTEXT:Historical Context,0,0
rq3_010,OUTPUT:Repository Change,0,0
rq3_010,OUTPUT:Existing Thread Response,1,0
rq3_010,OUTPUT:New Thread,1,1
rq3_010,OUTPUT:Standalone Artifact,0,0
rq3_010,OUTPUT:Control Signal,0,0
rq3_010,PROCESS:Required Sequence,1,1
rq3_010,PROCESS:Decision Branch,1,1
rq3_010,PROCESS:Within-Run Iteration,0,0
rq3_010,PROCESS:Cross-Run Memory,0,0
rq3_010,PROCESS:Work Delegation,0,0
rq3_010,EVALUATION:Execution Check,1,1
rq3_010,EVALUATION:Rule Conformance,1,1
rq3_010,EVALUATION:Evidence Credibility,0,0
rq3_010,EVALUATION:Risk Assessment,0,0
rq3_010,RESOURCE:GitHub Interface,0,0
rq3_010,RESOURCE:Web Retrieval,0,0
rq3_010,RESOURCE:Local Workspace,0,0
rq3_010,RESOURCE:Development Toolchain,1,1
rq3_010,RESOURCE:Agent Resource,0,0
rq3_010,COMMUNICATION:Expert Role,0,0
rq3_010,COMMUNICATION:Audience Voice,0,0
rq3_010,COMMUNICATION:Automation Disclosure,0,0
rq3_010,EXAMPLE:Output Template,0,0
rq3_010,EXAMPLE:Worked Case,0,0
rq3_010,EXAMPLE:Technical Snippet,1,1
rq3_010,SAFETY:Prompt Injection Defense,0,0
rq3_010,SAFETY:Information Confidentiality,0,0
rq3_010,SAFETY:Execution Isolation,0,0
rq3_010,SAFETY:Vulnerability Handling,0,0
rq3_011,TASK:Artifact Change,0,0
rq3_011,TASK:Artifact Review,0,0
rq3_011,TASK:Evidence Investigation,1,1
rq3_011,TASK:Executable Validation,0,0
rq3_011,TASK:Work Item Management,0,0
rq3_011,CONSTRAINT:Scope Boundary,1,1
rq3_011,CONSTRAINT:Evidence Grounding,0,0
rq3_011,CONSTRAINT:Quality Standard,1,1
rq3_011,CONSTRAINT:Resource Budget,0,0
rq3_011,CONTEXT:Repository Context,1,1
rq3_011,CONTEXT:Domain Context,0,0
rq3_011,CONTEXT:Execution Environment,0,0
rq3_011,CONTEXT:Historical Context,1,1
rq3_011,OUTPUT:Repository Change,0,0
rq3_011,OUTPUT:Existing Thread Response,1,1
rq3_011,OUTPUT:New Thread,0,0
rq3_011,OUTPUT:Standalone Artifact,0,0
rq3_011,OUTPUT:Control Signal,1,0
rq3_011,PROCESS:Required Sequence,1,1
rq3_011,PROCESS:Decision Branch,1,1
rq3_011,PROCESS:Within-Run Iteration,0,0
rq3_011,PROCESS:Cross-Run Memory,0,0
rq3_011,PROCESS:Work Delegation,0,0
rq3_011,EVALUATION:Execution Check,0,0
rq3_011,EVALUATION:Rule Conformance,0,0
rq3_011,EVALUATION:Evidence Credibility,0,0
rq3_011,EVALUATION:Risk Assessment,0,0
rq3_011,RESOURCE:GitHub Interface,1,1
rq3_011,RESOURCE:Web Retrieval,0,0
rq3_011,RESOURCE:Local Workspace,0,0
rq3_011,RESOURCE:Development Toolchain,0,0
rq3_011,RESOURCE:Agent Resource,1,1
rq3_011,COMMUNICATION:Expert Role,1,1
rq3_011,COMMUNICATION:Audience Voice,0,0
rq3_011,COMMUNICATION:Automation Disclosure,0,0
rq3_011,EXAMPLE:Output Template,1,1
rq3_011,EXAMPLE:Worked Case,0,0
rq3_011,EXAMPLE:Technical Snippet,1,1
rq3_011,SAFETY:Prompt Injection Defense,1,1
rq3_011,SAFETY:Information Confidentiality,0,0
rq3_011,SAFETY:Execution Isolation,0,0
rq3_011,SAFETY:Vulnerability Handling,0,0
rq3_012,TASK:Artifact Change,0,0
rq3_012,TASK:Artifact Review,1,1
rq3_012,TASK:Evidence Investigation,0,0
rq3_012,TASK:Executable Validation,0,0
rq3_012,TASK:Work Item Management,0,0
rq3_012,CONSTRAINT:Scope Boundary,0,0
rq3_012,CONSTRAINT:Evidence Grounding,0,0
rq3_012,CONSTRAINT:Quality Standard,0,0
rq3_012,CONSTRAINT:Resource Budget,0,0
rq3_012,CONTEXT:Repository Context,0,0
rq3_012,CONTEXT:Domain Context,0,0
rq3_012,CONTEXT:Execution Environment,0,0
rq3_012,CONTEXT:Historical Context,0,0
rq3_012,OUTPUT:Repository Change,0,0
rq3_012,OUTPUT:Existing Thread Response,0,0
rq3_012,OUTPUT:New Thread,0,0
rq3_012,OUTPUT:Standalone Artifact,0,0
rq3_012,OUTPUT:Control Signal,0,0
rq3_012,PROCESS:Required Sequence,0,0
rq3_012,PROCESS:Decision Branch,0,0
rq3_012,PROCESS:Within-Run Iteration,0,0
rq3_012,PROCESS:Cross-Run Memory,0,0
rq3_012,PROCESS:Work Delegation,0,0
rq3_012,EVALUATION:Execution Check,0,0
rq3_012,EVALUATION:Rule Conformance,0,0
rq3_012,EVALUATION:Evidence Credibility,0,0
rq3_012,EVALUATION:Risk Assessment,1,0
rq3_012,RESOURCE:GitHub Interface,0,0
rq3_012,RESOURCE:Web Retrieval,0,0
rq3_012,RESOURCE:Local Workspace,0,0
rq3_012,RESOURCE:Development Toolchain,1,1
rq3_012,RESOURCE:Agent Resource,0,0
rq3_012,COMMUNICATION:Expert Role,0,0
rq3_012,COMMUNICATION:Audience Voice,0,0
rq3_012,COMMUNICATION:Automation Disclosure,0,0
rq3_012,EXAMPLE:Output Template,0,0
rq3_012,EXAMPLE:Worked Case,0,0
rq3_012,EXAMPLE:Technical Snippet,0,0
rq3_012,SAFETY:Prompt Injection Defense,0,0
rq3_012,SAFETY:Information Confidentiality,0,0
rq3_012,SAFETY:Execution Isolation,0,0
rq3_012,SAFETY:Vulnerability Handling,0,0
rq3_014,TASK:Artifact Change,0,0
rq3_014,TASK:Artifact Review,0,0
rq3_014,TASK:Evidence Investigation,1,1
rq3_014,TASK:Executable Validation,0,0
rq3_014,TASK:Work Item Management,0,0
rq3_014,CONSTRAINT:Scope Boundary,1,1
rq3_014,CONSTRAINT:Evidence Grounding,0,1
rq3_014,CONSTRAINT:Quality Standard,1,1
rq3_014,CONSTRAINT:Resource Budget,0,0
rq3_014,CONTEXT:Repository Context,0,0
rq3_014,CONTEXT:Domain Context,0,0
rq3_014,CONTEXT:Execution Environment,0,0
rq3_014,CONTEXT:Historical Context,1,0
rq3_014,OUTPUT:Repository Change,0,0
rq3_014,OUTPUT:Existing Thread Response,1,1
rq3_014,OUTPUT:New Thread,1,1
rq3_014,OUTPUT:Standalone Artifact,0,0
rq3_014,OUTPUT:Control Signal,1,0
rq3_014,PROCESS:Required Sequence,1,1
rq3_014,PROCESS:Decision Branch,0,0
rq3_014,PROCESS:Within-Run Iteration,0,0
rq3_014,PROCESS:Cross-Run Memory,0,0
rq3_014,PROCESS:Work Delegation,0,0
rq3_014,EVALUATION:Execution Check,0,0
rq3_014,EVALUATION:Rule Conformance,0,0
rq3_014,EVALUATION:Evidence Credibility,0,0
rq3_014,EVALUATION:Risk Assessment,0,0
rq3_014,RESOURCE:GitHub Interface,0,0
rq3_014,RESOURCE:Web Retrieval,0,0
rq3_014,RESOURCE:Local Workspace,0,0
rq3_014,RESOURCE:Development Toolchain,0,0
rq3_014,RESOURCE:Agent Resource,1,1
rq3_014,COMMUNICATION:Expert Role,0,0
rq3_014,COMMUNICATION:Audience Voice,0,0
rq3_014,COMMUNICATION:Automation Disclosure,0,0
rq3_014,EXAMPLE:Output Template,0,0
rq3_014,EXAMPLE:Worked Case,0,0
rq3_014,EXAMPLE:Technical Snippet,0,0
rq3_014,SAFETY:Prompt Injection Defense,0,0
rq3_014,SAFETY:Information Confidentiality,0,0
rq3_014,SAFETY:Execution Isolation,0,0
rq3_014,SAFETY:Vulnerability Handling,0,0
rq3_015,TASK:Artifact Change,0,0
rq3_015,TASK:Artifact Review,1,1
rq3_015,TASK:Evidence Investigation,0,1
rq3_015,TASK:Executable Validation,0,0
rq3_015,TASK:Work Item Management,0,0
rq3_015,CONSTRAINT:Scope Boundary,1,1
rq3_015,CONSTRAINT:Evidence Grounding,0,0
rq3_015,CONSTRAINT:Quality Standard,0,1
rq3_015,CONSTRAINT:Resource Budget,0,0
rq3_015,CONTEXT:Repository Context,1,1
rq3_015,CONTEXT:Domain Context,1,0
rq3_015,CONTEXT:Execution Environment,0,1
rq3_015,CONTEXT:Historical Context,1,0
rq3_015,OUTPUT:Repository Change,0,0
rq3_015,OUTPUT:Existing Thread Response,1,1
rq3_015,OUTPUT:New Thread,0,0
rq3_015,OUTPUT:Standalone Artifact,0,0
rq3_015,OUTPUT:Control Signal,0,1
rq3_015,PROCESS:Required Sequence,1,1
rq3_015,PROCESS:Decision Branch,1,1
rq3_015,PROCESS:Within-Run Iteration,0,0
rq3_015,PROCESS:Cross-Run Memory,0,0
rq3_015,PROCESS:Work Delegation,0,0
rq3_015,EVALUATION:Execution Check,1,0
rq3_015,EVALUATION:Rule Conformance,1,1
rq3_015,EVALUATION:Evidence Credibility,0,0
rq3_015,EVALUATION:Risk Assessment,0,1
rq3_015,RESOURCE:GitHub Interface,1,1
rq3_015,RESOURCE:Web Retrieval,0,1
rq3_015,RESOURCE:Local Workspace,1,1
rq3_015,RESOURCE:Development Toolchain,0,0
rq3_015,RESOURCE:Agent Resource,1,1
rq3_015,COMMUNICATION:Expert Role,1,1
rq3_015,COMMUNICATION:Audience Voice,0,0
rq3_015,COMMUNICATION:Automation Disclosure,0,0
rq3_015,EXAMPLE:Output Template,1,1
rq3_015,EXAMPLE:Worked Case,0,0
rq3_015,EXAMPLE:Technical Snippet,0,0
rq3_015,SAFETY:Prompt Injection Defense,1,1
rq3_015,SAFETY:Information Confidentiality,0,0
rq3_015,SAFETY:Execution Isolation,0,1
rq3_015,SAFETY:Vulnerability Handling,0,0
rq3_016,TASK:Artifact Change,0,1
rq3_016,TASK:Artifact Review,0,0
rq3_016,TASK:Evidence Investigation,0,0
rq3_016,TASK:Executable Validation,0,0
rq3_016,TASK:Work Item Management,0,0
rq3_016,CONSTRAINT:Scope Boundary,1,1
rq3_016,CONSTRAINT:Evidence Grounding,0,0
rq3_016,CONSTRAINT:Quality Standard,1,1
rq3_016,CONSTRAINT:Resource Budget,1,1
rq3_016,CONTEXT:Repository Context,1,1
rq3_016,CONTEXT:Domain Context,0,0
rq3_016,CONTEXT:Execution Environment,0,0
rq3_016,CONTEXT:Historical Context,0,0
rq3_016,OUTPUT:Repository Change,0,0
rq3_016,OUTPUT:Existing Thread Response,0,0
rq3_016,OUTPUT:New Thread,1,1
rq3_016,OUTPUT:Standalone Artifact,0,0
rq3_016,OUTPUT:Control Signal,0,0
rq3_016,PROCESS:Required Sequence,1,1
rq3_016,PROCESS:Decision Branch,1,1
rq3_016,PROCESS:Within-Run Iteration,0,0
rq3_016,PROCESS:Cross-Run Memory,0,0
rq3_016,PROCESS:Work Delegation,0,0
rq3_016,EVALUATION:Execution Check,0,0
rq3_016,EVALUATION:Rule Conformance,0,0
rq3_016,EVALUATION:Evidence Credibility,0,0
rq3_016,EVALUATION:Risk Assessment,0,0
rq3_016,RESOURCE:GitHub Interface,1,1
rq3_016,RESOURCE:Web Retrieval,0,0
rq3_016,RESOURCE:Local Workspace,0,0
rq3_016,RESOURCE:Development Toolchain,1,1
rq3_016,RESOURCE:Agent Resource,0,0
rq3_016,COMMUNICATION:Expert Role,1,1
rq3_016,COMMUNICATION:Audience Voice,0,0
rq3_016,COMMUNICATION:Automation Disclosure,0,0
rq3_016,EXAMPLE:Output Template,0,0
rq3_016,EXAMPLE:Worked Case,0,0
rq3_016,EXAMPLE:Technical Snippet,0,0
rq3_016,SAFETY:Prompt Injection Defense,0,0
rq3_016,SAFETY:Information Confidentiality,0,0
rq3_016,SAFETY:Execution Isolation,0,0
rq3_016,SAFETY:Vulnerability Handling,0,0
rq3_017,TASK:Artifact Change,0,0
rq3_017,TASK:Artifact Review,0,0
rq3_017,TASK:Evidence Investigation,1,1
rq3_017,TASK:Executable Validation,0,0
rq3_017,TASK:Work Item Management,0,0
rq3_017,CONSTRAINT:Scope Boundary,1,1
rq3_017,CONSTRAINT:Evidence Grounding,1,1
rq3_017,CONSTRAINT:Quality Standard,1,1
rq3_017,CONSTRAINT:Resource Budget,1,1
rq3_017,CONTEXT:Repository Context,1,1
rq3_017,CONTEXT:Domain Context,0,0
rq3_017,CONTEXT:Execution Environment,0,0
rq3_017,CONTEXT:Historical Context,0,0
rq3_017,OUTPUT:Repository Change,0,0
rq3_017,OUTPUT:Existing Thread Response,0,0
rq3_017,OUTPUT:New Thread,1,1
rq3_017,OUTPUT:Standalone Artifact,1,1
rq3_017,OUTPUT:Control Signal,1,1
rq3_017,PROCESS:Required Sequence,1,1
rq3_017,PROCESS:Decision Branch,0,1
rq3_017,PROCESS:Within-Run Iteration,0,0
rq3_017,PROCESS:Cross-Run Memory,0,0
rq3_017,PROCESS:Work Delegation,0,0
rq3_017,EVALUATION:Execution Check,0,0
rq3_017,EVALUATION:Rule Conformance,1,1
rq3_017,EVALUATION:Evidence Credibility,0,0
rq3_017,EVALUATION:Risk Assessment,0,0
rq3_017,RESOURCE:GitHub Interface,0,0
rq3_017,RESOURCE:Web Retrieval,0,0
rq3_017,RESOURCE:Local Workspace,0,0
rq3_017,RESOURCE:Development Toolchain,0,0
rq3_017,RESOURCE:Agent Resource,0,0
rq3_017,COMMUNICATION:Expert Role,1,1
rq3_017,COMMUNICATION:Audience Voice,0,0
rq3_017,COMMUNICATION:Automation Disclosure,0,0
rq3_017,EXAMPLE:Output Template,1,1
rq3_017,EXAMPLE:Worked Case,0,0
rq3_017,EXAMPLE:Technical Snippet,1,1
rq3_017,SAFETY:Prompt Injection Defense,0,0
rq3_017,SAFETY:Information Confidentiality,0,0
rq3_017,SAFETY:Execution Isolation,0,0
rq3_017,SAFETY:Vulnerability Handling,0,0
rq3_018,TASK:Artifact Change,1,1
rq3_018,TASK:Artifact Review,0,0
rq3_018,TASK:Evidence Investigation,1,0
rq3_018,TASK:Executable Validation,0,0
rq3_018,TASK:Work Item Management,0,0
rq3_018,CONSTRAINT:Scope Boundary,1,1
rq3_018,CONSTRAINT:Evidence Grounding,0,0
rq3_018,CONSTRAINT:Quality Standard,0,0
rq3_018,CONSTRAINT:Resource Budget,0,0
rq3_018,CONTEXT:Repository Context,1,0
rq3_018,CONTEXT:Domain Context,0,0
rq3_018,CONTEXT:Execution Environment,0,1
rq3_018,CONTEXT:Historical Context,0,0
rq3_018,OUTPUT:Repository Change,0,1
rq3_018,OUTPUT:Existing Thread Response,0,0
rq3_018,OUTPUT:New Thread,0,0
rq3_018,OUTPUT:Standalone Artifact,0,0
rq3_018,OUTPUT:Control Signal,1,1
rq3_018,PROCESS:Required Sequence,1,1
rq3_018,PROCESS:Decision Branch,1,1
rq3_018,PROCESS:Within-Run Iteration,0,1
rq3_018,PROCESS:Cross-Run Memory,0,0
rq3_018,PROCESS:Work Delegation,0,0
rq3_018,EVALUATION:Execution Check,1,0
rq3_018,EVALUATION:Rule Conformance,0,0
rq3_018,EVALUATION:Evidence Credibility,0,0
rq3_018,EVALUATION:Risk Assessment,0,0
rq3_018,RESOURCE:GitHub Interface,0,1
rq3_018,RESOURCE:Web Retrieval,0,0
rq3_018,RESOURCE:Local Workspace,1,1
rq3_018,RESOURCE:Development Toolchain,0,1
rq3_018,RESOURCE:Agent Resource,0,0
rq3_018,COMMUNICATION:Expert Role,1,1
rq3_018,COMMUNICATION:Audience Voice,0,0
rq3_018,COMMUNICATION:Automation Disclosure,0,0
rq3_018,EXAMPLE:Output Template,1,1
rq3_018,EXAMPLE:Worked Case,0,0
rq3_018,EXAMPLE:Technical Snippet,1,0
rq3_018,SAFETY:Prompt Injection Defense,0,0
rq3_018,SAFETY:Information Confidentiality,0,0
rq3_018,SAFETY:Execution Isolation,0,0
rq3_018,SAFETY:Vulnerability Handling,0,0
rq3_019,TASK:Artifact Change,1,1
rq3_019,TASK:Artifact Review,0,0
rq3_019,TASK:Evidence Investigation,1,0
rq3_019,TASK:Executable Validation,1,0
rq3_019,TASK:Work Item Management,0,0
rq3_019,CONSTRAINT:Scope Boundary,1,1
rq3_019,CONSTRAINT:Evidence Grounding,0,1
rq3_019,CONSTRAINT:Quality Standard,0,0
rq3_019,CONSTRAINT:Resource Budget,1,1
rq3_019,CONTEXT:Repository Context,0,0
rq3_019,CONTEXT:Domain Context,0,0
rq3_019,CONTEXT:Execution Environment,0,0
rq3_019,CONTEXT:Historical Context,0,0
rq3_019,OUTPUT:Repository Change,0,0
rq3_019,OUTPUT:Existing Thread Response,0,0
rq3_019,OUTPUT:New Thread,1,1
rq3_019,OUTPUT:Standalone Artifact,0,0
rq3_019,OUTPUT:Control Signal,0,0
rq3_019,PROCESS:Required Sequence,1,1
rq3_019,PROCESS:Decision Branch,1,1
rq3_019,PROCESS:Within-Run Iteration,0,0
rq3_019,PROCESS:Cross-Run Memory,0,0
rq3_019,PROCESS:Work Delegation,0,0
rq3_019,EVALUATION:Execution Check,0,0
rq3_019,EVALUATION:Rule Conformance,0,0
rq3_019,EVALUATION:Evidence Credibility,0,0
rq3_019,EVALUATION:Risk Assessment,0,0
rq3_019,RESOURCE:GitHub Interface,0,0
rq3_019,RESOURCE:Web Retrieval,0,0
rq3_019,RESOURCE:Local Workspace,1,0
rq3_019,RESOURCE:Development Toolchain,0,0
rq3_019,RESOURCE:Agent Resource,1,1
rq3_019,COMMUNICATION:Expert Role,0,0
rq3_019,COMMUNICATION:Audience Voice,0,0
rq3_019,COMMUNICATION:Automation Disclosure,0,0
rq3_019,EXAMPLE:Output Template,0,0
rq3_019,EXAMPLE:Worked Case,0,0
rq3_019,EXAMPLE:Technical Snippet,1,1
rq3_019,SAFETY:Prompt Injection Defense,0,0
rq3_019,SAFETY:Information Confidentiality,0,1
rq3_019,SAFETY:Execution Isolation,0,0
rq3_019,SAFETY:Vulnerability Handling,0,0
rq3_020,TASK:Artifact Change,0,0
rq3_020,TASK:Artifact Review,0,0
rq3_020,TASK:Evidence Investigation,1,1
rq3_020,TASK:Executable Validation,0,0
rq3_020,TASK:Work Item Management,0,0
rq3_020,CONSTRAINT:Scope Boundary,0,0
rq3_020,CONSTRAINT:Evidence Grounding,0,0
rq3_020,CONSTRAINT:Quality Standard,0,1
rq3_020,CONSTRAINT:Resource Budget,0,0
rq3_020,CONTEXT:Repository Context,1,1
rq3_020,CONTEXT:Domain Context,0,0
rq3_020,CONTEXT:Execution Environment,0,0
rq3_020,CONTEXT:Historical Context,0,0
rq3_020,OUTPUT:Repository Change,0,0
rq3_020,OUTPUT:Existing Thread Response,0,0
rq3_020,OUTPUT:New Thread,0,1
rq3_020,OUTPUT:Standalone Artifact,0,0
rq3_020,OUTPUT:Control Signal,0,0
rq3_020,PROCESS:Required Sequence,0,1
rq3_020,PROCESS:Decision Branch,0,0
rq3_020,PROCESS:Within-Run Iteration,0,0
rq3_020,PROCESS:Cross-Run Memory,0,0
rq3_020,PROCESS:Work Delegation,0,0
rq3_020,EVALUATION:Execution Check,0,0
rq3_020,EVALUATION:Rule Conformance,0,0
rq3_020,EVALUATION:Evidence Credibility,0,0
rq3_020,EVALUATION:Risk Assessment,0,0
rq3_020,RESOURCE:GitHub Interface,0,0
rq3_020,RESOURCE:Web Retrieval,1,0
rq3_020,RESOURCE:Local Workspace,0,0
rq3_020,RESOURCE:Development Toolchain,0,0
rq3_020,RESOURCE:Agent Resource,1,0
rq3_020,COMMUNICATION:Expert Role,1,1
rq3_020,COMMUNICATION:Audience Voice,0,0
rq3_020,COMMUNICATION:Automation Disclosure,0,0
rq3_020,EXAMPLE:Output Template,0,0
rq3_020,EXAMPLE:Worked Case,0,0
rq3_020,EXAMPLE:Technical Snippet,0,0
rq3_020,SAFETY:Prompt Injection Defense,0,0
rq3_020,SAFETY:Information Confidentiality,0,0
rq3_020,SAFETY:Execution Isolation,0,0
rq3_020,SAFETY:Vulnerability Handling,0,0
rq3_021,TASK:Artifact Change,0,0
rq3_021,TASK:Artifact Review,0,0
rq3_021,TASK:Evidence Investigation,1,1
rq3_021,TASK:Executable Validation,0,0
rq3_021,TASK:Work Item Management,0,0
rq3_021,CONSTRAINT:Scope Boundary,0,0
rq3_021,CONSTRAINT:Evidence Grounding,0,0
rq3_021,CONSTRAINT:Quality Standard,1,1
rq3_021,CONSTRAINT:Resource Budget,0,0
rq3_021,CONTEXT:Repository Context,1,1
rq3_021,CONTEXT:Domain Context,0,1
rq3_021,CONTEXT:Execution Environment,0,0
rq3_021,CONTEXT:Historical Context,1,0
rq3_021,OUTPUT:Repository Change,0,0
rq3_021,OUTPUT:Existing Thread Response,0,0
rq3_021,OUTPUT:New Thread,1,1
rq3_021,OUTPUT:Standalone Artifact,0,0
rq3_021,OUTPUT:Control Signal,0,0
rq3_021,PROCESS:Required Sequence,1,1
rq3_021,PROCESS:Decision Branch,1,1
rq3_021,PROCESS:Within-Run Iteration,1,1
rq3_021,PROCESS:Cross-Run Memory,0,0
rq3_021,PROCESS:Work Delegation,0,0
rq3_021,EVALUATION:Execution Check,0,0
rq3_021,EVALUATION:Rule Conformance,0,0
rq3_021,EVALUATION:Evidence Credibility,0,0
rq3_021,EVALUATION:Risk Assessment,0,0
rq3_021,RESOURCE:GitHub Interface,0,0
rq3_021,RESOURCE:Web Retrieval,0,0
rq3_021,RESOURCE:Local Workspace,0,1
rq3_021,RESOURCE:Development Toolchain,0,0
rq3_021,RESOURCE:Agent Resource,0,0
rq3_021,COMMUNICATION:Expert Role,1,1
rq3_021,COMMUNICATION:Audience Voice,0,0
rq3_021,COMMUNICATION:Automation Disclosure,0,0
rq3_021,EXAMPLE:Output Template,1,1
rq3_021,EXAMPLE:Worked Case,0,0
rq3_021,EXAMPLE:Technical Snippet,1,1
rq3_021,SAFETY:Prompt Injection Defense,0,0
rq3_021,SAFETY:Information Confidentiality,0,0
rq3_021,SAFETY:Execution Isolation,0,0
rq3_021,SAFETY:Vulnerability Handling,0,0
rq3_022,TASK:Artifact Change,1,1
rq3_022,TASK:Artifact Review,0,0
rq3_022,TASK:Evidence Investigation,1,0
rq3_022,TASK:Executable Validation,0,0
rq3_022,TASK:Work Item Management,0,0
rq3_022,CONSTRAINT:Scope Boundary,1,1
rq3_022,CONSTRAINT:Evidence Grounding,1,0
rq3_022,CONSTRAINT:Quality Standard,1,1
rq3_022,CONSTRAINT:Resource Budget,0,0
rq3_022,CONTEXT:Repository Context,1,1
rq3_022,CONTEXT:Domain Context,0,0
rq3_022,CONTEXT:Execution Environment,1,0
rq3_022,CONTEXT:Historical Context,1,1
rq3_022,OUTPUT:Repository Change,1,1
rq3_022,OUTPUT:Existing Thread Response,0,0
rq3_022,OUTPUT:New Thread,0,0
rq3_022,OUTPUT:Standalone Artifact,0,0
rq3_022,OUTPUT:Control Signal,1,0
rq3_022,PROCESS:Required Sequence,1,1
rq3_022,PROCESS:Decision Branch,1,1
rq3_022,PROCESS:Within-Run Iteration,0,0
rq3_022,PROCESS:Cross-Run Memory,1,0
rq3_022,PROCESS:Work Delegation,0,0
rq3_022,EVALUATION:Execution Check,0,0
rq3_022,EVALUATION:Rule Conformance,0,0
rq3_022,EVALUATION:Evidence Credibility,0,0
rq3_022,EVALUATION:Risk Assessment,0,0
rq3_022,RESOURCE:GitHub Interface,1,1
rq3_022,RESOURCE:Web Retrieval,0,0
rq3_022,RESOURCE:Local Workspace,1,0
rq3_022,RESOURCE:Development Toolchain,0,0
rq3_022,RESOURCE:Agent Resource,0,0
rq3_022,COMMUNICATION:Expert Role,0,0
rq3_022,COMMUNICATION:Audience Voice,0,1
rq3_022,COMMUNICATION:Automation Disclosure,0,0
rq3_022,EXAMPLE:Output Template,1,1
rq3_022,EXAMPLE:Worked Case,1,0
rq3_022,EXAMPLE:Technical Snippet,0,0
rq3_022,SAFETY:Prompt Injection Defense,0,0
rq3_022,SAFETY:Information Confidentiality,0,0
rq3_022,SAFETY:Execution Isolation,1,0
rq3_022,SAFETY:Vulnerability Handling,0,0
rq3_023,TASK:Artifact Change,0,0
rq3_023,TASK:Artifact Review,0,0
rq3_023,TASK:Evidence Investigation,0,0
rq3_023,TASK:Executable Validation,0,0
rq3_023,TASK:Work Item Management,0,0
rq3_023,CONSTRAINT:Scope Boundary,0,1
rq3_023,CONSTRAINT:Evidence Grounding,0,0
rq3_023,CONSTRAINT:Quality Standard,0,0
rq3_023,CONSTRAINT:Resource Budget,1,1
rq3_023,CONTEXT:Repository Context,0,0
rq3_023,CONTEXT:Domain Context,1,1
rq3_023,CONTEXT:Execution Environment,0,0
rq3_023,CONTEXT:Historical Context,1,0
rq3_023,OUTPUT:Repository Change,0,0
rq3_023,OUTPUT:Existing Thread Response,0,0
rq3_023,OUTPUT:New Thread,0,0
rq3_023,OUTPUT:Standalone Artifact,0,0
rq3_023,OUTPUT:Control Signal,0,0
rq3_023,PROCESS:Required Sequence,0,0
rq3_023,PROCESS:Decision Branch,0,0
rq3_023,PROCESS:Within-Run Iteration,0,0
rq3_023,PROCESS:Cross-Run Memory,0,0
rq3_023,PROCESS:Work Delegation,0,0
rq3_023,EVALUATION:Execution Check,0,0
rq3_023,EVALUATION:Rule Conformance,0,0
rq3_023,EVALUATION:Evidence Credibility,0,0
rq3_023,EVALUATION:Risk Assessment,0,0
rq3_023,RESOURCE:GitHub Interface,0,0
rq3_023,RESOURCE:Web Retrieval,0,0
rq3_023,RESOURCE:Local Workspace,0,0
rq3_023,RESOURCE:Development Toolchain,0,0
rq3_023,RESOURCE:Agent Resource,1,1
rq3_023,COMMUNICATION:Expert Role,0,0
rq3_023,COMMUNICATION:Audience Voice,0,0
rq3_023,COMMUNICATION:Automation Disclosure,0,0
rq3_023,EXAMPLE:Output Template,0,0
rq3_023,EXAMPLE:Worked Case,0,0
rq3_023,EXAMPLE:Technical Snippet,1,1
rq3_023,SAFETY:Prompt Injection Defense,0,0
rq3_023,SAFETY:Information Confidentiality,0,0
rq3_023,SAFETY:Execution Isolation,0,0
rq3_023,SAFETY:Vulnerability Handling,0,0
rq3_024,TASK:Artifact Change,0,0
rq3_024,TASK:Artifact Review,1,1
rq3_024,TASK:Evidence Investigation,0,0
rq3_024,TASK:Executable Validation,0,0
rq3_024,TASK:Work Item Management,0,0
rq3_024,CONSTRAINT:Scope Boundary,0,0
rq3_024,CONSTRAINT:Evidence Grounding,0,0
rq3_024,CONSTRAINT:Quality Standard,0,0
rq3_024,CONSTRAINT:Resource Budget,0,0
rq3_024,CONTEXT:Repository Context,0,0
rq3_024,CONTEXT:Domain Context,0,0
rq3_024,CONTEXT:Execution Environment,0,0
rq3_024,CONTEXT:Historical Context,0,0
rq3_024,OUTPUT:Repository Change,0,0
rq3_024,OUTPUT:Existing Thread Response,0,0
rq3_024,OUTPUT:New Thread,0,0
rq3_024,OUTPUT:Standalone Artifact,0,0
rq3_024,OUTPUT:Control Signal,0,0
rq3_024,PROCESS:Required Sequence,0,0
rq3_024,PROCESS:Decision Branch,0,0
rq3_024,PROCESS:Within-Run Iteration,0,0
rq3_024,PROCESS:Cross-Run Memory,0,0
rq3_024,PROCESS:Work Delegation,0,0
rq3_024,EVALUATION:Execution Check,0,0
rq3_024,EVALUATION:Rule Conformance,0,0
rq3_024,EVALUATION:Evidence Credibility,0,0
rq3_024,EVALUATION:Risk Assessment,0,0
rq3_024,RESOURCE:GitHub Interface,0,0
rq3_024,RESOURCE:Web Retrieval,0,0
rq3_024,RESOURCE:Local Workspace,0,0
rq3_024,RESOURCE:Development Toolchain,0,0
rq3_024,RESOURCE:Agent Resource,0,0
rq3_024,COMMUNICATION:Expert Role,1,0
rq3_024,COMMUNICATION:Audience Voice,0,0
rq3_024,COMMUNICATION:Automation Disclosure,0,0
rq3_024,EXAMPLE:Output Template,0,0
rq3_024,EXAMPLE:Worked Case,0,0
rq3_024,EXAMPLE:Technical Snippet,0,0
rq3_024,SAFETY:Prompt Injection Defense,0,0
rq3_024,SAFETY:Information Confidentiality,0,0
rq3_024,SAFETY:Execution Isolation,0,0
rq3_024,SAFETY:Vulnerability Handling,0,0
rq3_025,TASK:Artifact Change,0,0
rq3_025,TASK:Artifact Review,0,0
rq3_025,TASK:Evidence Investigation,0,0
rq3_025,TASK:Executable Validation,1,1
rq3_025,TASK:Work Item Management,0,0
rq3_025,CONSTRAINT:Scope Boundary,0,1
rq3_025,CONSTRAINT:Evidence Grounding,0,0
rq3_025,CONSTRAINT:Quality Standard,1,0
rq3_025,CONSTRAINT:Resource Budget,0,0
rq3_025,CONTEXT:Repository Context,1,1
rq3_025,CONTEXT:Domain Context,0,0
rq3_025,CONTEXT:Execution Environment,0,0
rq3_025,CONTEXT:Historical Context,0,0
rq3_025,OUTPUT:Repository Change,0,0
rq3_025,OUTPUT:Existing Thread Response,1,1
rq3_025,OUTPUT:New Thread,1,0
rq3_025,OUTPUT:Standalone Artifact,0,0
rq3_025,OUTPUT:Control Signal,1,0
rq3_025,PROCESS:Required Sequence,1,1
rq3_025,PROCESS:Decision Branch,1,1
rq3_025,PROCESS:Within-Run Iteration,0,0
rq3_025,PROCESS:Cross-Run Memory,0,0
rq3_025,PROCESS:Work Delegation,0,0
rq3_025,EVALUATION:Execution Check,1,1
rq3_025,EVALUATION:Rule Conformance,0,0
rq3_025,EVALUATION:Evidence Credibility,0,0
rq3_025,EVALUATION:Risk Assessment,0,0
rq3_025,RESOURCE:GitHub Interface,1,1
rq3_025,RESOURCE:Web Retrieval,0,0
rq3_025,RESOURCE:Local Workspace,0,0
rq3_025,RESOURCE:Development Toolchain,1,1
rq3_025,RESOURCE:Agent Resource,0,0
rq3_025,COMMUNICATION:Expert Role,0,0
rq3_025,COMMUNICATION:Audience Voice,0,0
rq3_025,COMMUNICATION:Automation Disclosure,1,0
rq3_025,EXAMPLE:Output Template,0,0
rq3_025,EXAMPLE:Worked Case,0,0
rq3_025,EXAMPLE:Technical Snippet,1,1
rq3_025,SAFETY:Prompt Injection Defense,0,0
rq3_025,SAFETY:Information Confidentiality,0,0
rq3_025,SAFETY:Execution Isolation,0,0
rq3_025,SAFETY:Vulnerability Handling,0,0
rq3_026,TASK:Artifact Change,0,0
rq3_026,TASK:Artifact Review,0,0
rq3_026,TASK:Evidence Investigation,1,1
rq3_026,TASK:Executable Validation,0,0
rq3_026,TASK:Work Item Management,0,0
rq3_026,CONSTRAINT:Scope Boundary,1,1
rq3_026,CONSTRAINT:Evidence Grounding,1,1
rq3_026,CONSTRAINT:Quality Standard,0,0
rq3_026,CONSTRAINT:Resource Budget,0,0
rq3_026,CONTEXT:Repository Context,1,1
rq3_026,CONTEXT:Domain Context,1,0
rq3_026,CONTEXT:Execution Environment,0,0
rq3_026,CONTEXT:Historical Context,1,0
rq3_026,OUTPUT:Repository Change,1,1
rq3_026,OUTPUT:Existing Thread Response,1,1
rq3_026,OUTPUT:New Thread,0,0
rq3_026,OUTPUT:Standalone Artifact,0,0
rq3_026,OUTPUT:Control Signal,1,0
rq3_026,PROCESS:Required Sequence,1,1
rq3_026,PROCESS:Decision Branch,1,1
rq3_026,PROCESS:Within-Run Iteration,0,0
rq3_026,PROCESS:Cross-Run Memory,0,0
rq3_026,PROCESS:Work Delegation,0,0
rq3_026,EVALUATION:Execution Check,0,0
rq3_026,EVALUATION:Rule Conformance,0,0
rq3_026,EVALUATION:Evidence Credibility,0,0
rq3_026,EVALUATION:Risk Assessment,0,0
rq3_026,RESOURCE:GitHub Interface,0,1
rq3_026,RESOURCE:Web Retrieval,0,0
rq3_026,RESOURCE:Local Workspace,0,0
rq3_026,RESOURCE:Development Toolchain,0,0
rq3_026,RESOURCE:Agent Resource,0,0
rq3_026,COMMUNICATION:Expert Role,1,1
rq3_026,COMMUNICATION:Audience Voice,0,0
rq3_026,COMMUNICATION:Automation Disclosure,0,0
rq3_026,EXAMPLE:Output Template,0,1
rq3_026,EXAMPLE:Worked Case,0,0
rq3_026,EXAMPLE:Technical Snippet,0,0
rq3_026,SAFETY:Prompt Injection Defense,0,0
rq3_026,SAFETY:Information Confidentiality,0,0
rq3_026,SAFETY:Execution Isolation,0,0
rq3_026,SAFETY:Vulnerability Handling,0,0
rq3_027,TASK:Artifact Change,0,0
rq3_027,TASK:Artifact Review,1,1
rq3_027,TASK:Evidence Investigation,1,1
rq3_027,TASK:Executable Validation,0,0
rq3_027,TASK:Work Item Management,0,0
rq3_027,CONSTRAINT:Scope Boundary,1,1
rq3_027,CONSTRAINT:Evidence Grounding,0,0
rq3_027,CONSTRAINT:Quality Standard,1,1
rq3_027,CONSTRAINT:Resource Budget,1,1
rq3_027,CONTEXT:Repository Context,1,1
rq3_027,CONTEXT:Domain Context,0,0
rq3_027,CONTEXT:Execution Environment,0,0
rq3_027,CONTEXT:Historical Context,0,0
rq3_027,OUTPUT:Repository Change,0,0
rq3_027,OUTPUT:Existing Thread Response,1,1
rq3_027,OUTPUT:New Thread,0,0
rq3_027,OUTPUT:Standalone Artifact,0,0
rq3_027,OUTPUT:Control Signal,0,0
rq3_027,PROCESS:Required Sequence,1,1
rq3_027,PROCESS:Decision Branch,1,0
rq3_027,PROCESS:Within-Run Iteration,1,0
rq3_027,PROCESS:Cross-Run Memory,0,0
rq3_027,PROCESS:Work Delegation,0,0
rq3_027,EVALUATION:Execution Check,0,0
rq3_027,EVALUATION:Rule Conformance,1,0
rq3_027,EVALUATION:Evidence Credibility,0,0
rq3_027,EVALUATION:Risk Assessment,1,0
rq3_027,RESOURCE:GitHub Interface,1,0
rq3_027,RESOURCE:Web Retrieval,1,1
rq3_027,RESOURCE:Local Workspace,1,0
rq3_027,RESOURCE:Development Toolchain,0,0
rq3_027,RESOURCE:Agent Resource,0,0
rq3_027,COMMUNICATION:Expert Role,1,1
rq3_027,COMMUNICATION:Audience Voice,1,0
rq3_027,COMMUNICATION:Automation Disclosure,0,0
rq3_027,EXAMPLE:Output Template,1,1
rq3_027,EXAMPLE:Worked Case,0,0
rq3_027,EXAMPLE:Technical Snippet,0,0
rq3_027,SAFETY:Prompt Injection Defense,0,0
rq3_027,SAFETY:Information Confidentiality,0,0
rq3_027,SAFETY:Execution Isolation,0,0
rq3_027,SAFETY:Vulnerability Handling,0,0
rq3_028,TASK:Artifact Change,1,1
rq3_028,TASK:Artifact Review,0,0
rq3_028,TASK:Evidence Investigation,0,0
rq3_028,TASK:Executable Validation,0,0
rq3_028,TASK:Work Item Management,0,0
rq3_028,CONSTRAINT:Scope Boundary,0,0
rq3_028,CONSTRAINT:Evidence Grounding,0,0
rq3_028,CONSTRAINT:Quality Standard,0,0
rq3_028,CONSTRAINT:Resource Budget,0,0
rq3_028,CONTEXT:Repository Context,0,1
rq3_028,CONTEXT:Domain Context,0,0
rq3_028,CONTEXT:Execution Environment,0,0
rq3_028,CONTEXT:Historical Context,0,0
rq3_028,OUTPUT:Repository Change,0,0
rq3_028,OUTPUT:Existing Thread Response,0,0
rq3_028,OUTPUT:New Thread,0,0
rq3_028,OUTPUT:Standalone Artifact,0,0
rq3_028,OUTPUT:Control Signal,0,0
rq3_028,PROCESS:Required Sequence,0,0
rq3_028,PROCESS:Decision Branch,0,0
rq3_028,PROCESS:Within-Run Iteration,0,0
rq3_028,PROCESS:Cross-Run Memory,0,0
rq3_028,PROCESS:Work Delegation,0,0
rq3_028,EVALUATION:Execution Check,0,0
rq3_028,EVALUATION:Rule Conformance,0,0
rq3_028,EVALUATION:Evidence Credibility,0,0
rq3_028,EVALUATION:Risk Assessment,0,0
rq3_028,RESOURCE:GitHub Interface,0,0
rq3_028,RESOURCE:Web Retrieval,0,0
rq3_028,RESOURCE:Local Workspace,0,0
rq3_028,RESOURCE:Development Toolchain,0,0
rq3_028,RESOURCE:Agent Resource,0,0
rq3_028,COMMUNICATION:Expert Role,1,0
rq3_028,COMMUNICATION:Audience Voice,0,0
rq3_028,COMMUNICATION:Automation Disclosure,0,0
rq3_028,EXAMPLE:Output Template,0,0
rq3_028,EXAMPLE:Worked Case,0,0
rq3_028,EXAMPLE:Technical Snippet,0,0
rq3_028,SAFETY:Prompt Injection Defense,0,0
rq3_028,SAFETY:Information Confidentiality,0,0
rq3_028,SAFETY:Execution Isolation,0,0
rq3_028,SAFETY:Vulnerability Handling,0,0
rq3_029,TASK:Artifact Change,0,0
rq3_029,TASK:Artifact Review,0,0
rq3_029,TASK:Evidence Investigation,0,0
rq3_029,TASK:Executable Validation,0,0
rq3_029,TASK:Work Item Management,0,0
rq3_029,CONSTRAINT:Scope Boundary,1,0
rq3_029,CONSTRAINT:Evidence Grounding,0,0
rq3_029,CONSTRAINT:Quality Standard,0,0
rq3_029,CONSTRAINT:Resource Budget,0,0
rq3_029,CONTEXT:Repository Context,0,0
rq3_029,CONTEXT:Domain Context,0,0
rq3_029,CONTEXT:Execution Environment,1,1
rq3_029,CONTEXT:Historical Context,0,0
rq3_029,OUTPUT:Repository Change,0,0
rq3_029,OUTPUT:Existing Thread Response,0,0
rq3_029,OUTPUT:New Thread,0,0
rq3_029,OUTPUT:Standalone Artifact,0,0
rq3_029,OUTPUT:Control Signal,0,0
rq3_029,PROCESS:Required Sequence,0,0
rq3_029,PROCESS:Decision Branch,0,0
rq3_029,PROCESS:Within-Run Iteration,0,0
rq3_029,PROCESS:Cross-Run Memory,0,0
rq3_029,PROCESS:Work Delegation,0,0
rq3_029,EVALUATION:Execution Check,0,0
rq3_029,EVALUATION:Rule Conformance,0,0
rq3_029,EVALUATION:Evidence Credibility,0,0
rq3_029,EVALUATION:Risk Assessment,0,0
rq3_029,RESOURCE:GitHub Interface,0,0
rq3_029,RESOURCE:Web Retrieval,0,0
rq3_029,RESOURCE:Local Workspace,0,0
rq3_029,RESOURCE:Development Toolchain,0,0
rq3_029,RESOURCE:Agent Resource,1,0
rq3_029,COMMUNICATION:Expert Role,0,0
rq3_029,COMMUNICATION:Audience Voice,0,0
rq3_029,COMMUNICATION:Automation Disclosure,0,0
rq3_029,EXAMPLE:Output Template,0,0
rq3_029,EXAMPLE:Worked Case,0,0
rq3_029,EXAMPLE:Technical Snippet,0,0
rq3_029,SAFETY:Prompt Injection Defense,0,0
rq3_029,SAFETY:Information Confidentiality,0,0
rq3_029,SAFETY:Execution Isolation,0,1
rq3_029,SAFETY:Vulnerability Handling,0,0
rq3_030,TASK:Artifact Change,0,0
rq3_030,TASK:Artifact Review,0,0
rq3_030,TASK:Evidence Investigation,1,0
rq3_030,TASK:Executable Validation,0,0
rq3_030,TASK:Work Item Management,1,0
rq3_030,CONSTRAINT:Scope Boundary,1,1
rq3_030,CONSTRAINT:Evidence Grounding,0,0
rq3_030,CONSTRAINT:Quality Standard,1,1
rq3_030,CONSTRAINT:Resource Budget,1,1
rq3_030,CONTEXT:Repository Context,1,1
rq3_030,CONTEXT:Domain Context,0,1
rq3_030,CONTEXT:Execution Environment,0,0
rq3_030,CONTEXT:Historical Context,0,0
rq3_030,OUTPUT:Repository Change,0,0
rq3_030,OUTPUT:Existing Thread Response,1,1
rq3_030,OUTPUT:New Thread,1,1
rq3_030,OUTPUT:Standalone Artifact,0,0
rq3_030,OUTPUT:Control Signal,1,0
rq3_030,PROCESS:Required Sequence,1,1
rq3_030,PROCESS:Decision Branch,1,1
rq3_030,PROCESS:Within-Run Iteration,0,0
rq3_030,PROCESS:Cross-Run Memory,1,1
rq3_030,PROCESS:Work Delegation,0,0
rq3_030,EVALUATION:Execution Check,0,0
rq3_030,EVALUATION:Rule Conformance,0,0
rq3_030,EVALUATION:Evidence Credibility,1,0
rq3_030,EVALUATION:Risk Assessment,0,0
rq3_030,RESOURCE:GitHub Interface,1,0
rq3_030,RESOURCE:Web Retrieval,0,0
rq3_030,RESOURCE:Local Workspace,1,0
rq3_030,RESOURCE:Development Toolchain,0,0
rq3_030,RESOURCE:Agent Resource,1,0
rq3_030,COMMUNICATION:Expert Role,0,1
rq3_030,COMMUNICATION:Audience Voice,1,1
rq3_030,COMMUNICATION:Automation Disclosure,1,1
rq3_030,EXAMPLE:Output Template,1,1
rq3_030,EXAMPLE:Worked Case,0,0
rq3_030,EXAMPLE:Technical Snippet,0,0
rq3_030,SAFETY:Prompt Injection Defense,0,0
rq3_030,SAFETY:Information Confidentiality,0,0
rq3_030,SAFETY:Execution Isolation,0,0
rq3_030,SAFETY:Vulnerability Handling,0,0
rq3_031,TASK:Artifact Change,0,0
rq3_031,TASK:Artifact Review,1,0
rq3_031,TASK:Evidence Investigation,0,1
rq3_031,TASK:Executable Validation,0,0
rq3_031,TASK:Work Item Management,0,0
rq3_031,CONSTRAINT:Scope Boundary,0,1
rq3_031,CONSTRAINT:Evidence Grounding,1,1
rq3_031,CONSTRAINT:Quality Standard,0,1
rq3_031,CONSTRAINT:Resource Budget,0,0
rq3_031,CONTEXT:Repository Context,0,1
rq3_031,CONTEXT:Domain Context,0,0
rq3_031,CONTEXT:Execution Environment,0,0
rq3_031,CONTEXT:Historical Context,1,0
rq3_031,OUTPUT:Repository Change,0,0
rq3_031,OUTPUT:Existing Thread Response,0,0
rq3_031,OUTPUT:New Thread,1,1
rq3_031,OUTPUT:Standalone Artifact,0,0
rq3_031,OUTPUT:Control Signal,0,0
rq3_031,PROCESS:Required Sequence,1,0
rq3_031,PROCESS:Decision Branch,0,1
rq3_031,PROCESS:Within-Run Iteration,0,1
rq3_031,PROCESS:Cross-Run Memory,0,0
rq3_031,PROCESS:Work Delegation,0,0
rq3_031,EVALUATION:Execution Check,1,1
rq3_031,EVALUATION:Rule Conformance,0,0
rq3_031,EVALUATION:Evidence Credibility,0,0
rq3_031,EVALUATION:Risk Assessment,0,0
rq3_031,RESOURCE:GitHub Interface,0,0
rq3_031,RESOURCE:Web Retrieval,1,1
rq3_031,RESOURCE:Local Workspace,0,0
rq3_031,RESOURCE:Development Toolchain,1,0
rq3_031,RESOURCE:Agent Resource,0,0
rq3_031,COMMUNICATION:Expert Role,1,1
rq3_031,COMMUNICATION:Audience Voice,0,0
rq3_031,COMMUNICATION:Automation Disclosure,0,0
rq3_031,EXAMPLE:Output Template,1,1
rq3_031,EXAMPLE:Worked Case,0,0
rq3_031,EXAMPLE:Technical Snippet,1,0
rq3_031,SAFETY:Prompt Injection Defense,0,0
rq3_031,SAFETY:Information Confidentiality,0,1
rq3_031,SAFETY:Execution Isolation,0,0
rq3_031,SAFETY:Vulnerability Handling,0,0
rq3_032,TASK:Artifact Change,0,0
rq3_032,TASK:Artifact Review,0,0
rq3_032,TASK:Evidence Investigation,1,0
rq3_032,TASK:Executable Validation,0,0
rq3_032,TASK:Work Item Management,0,0
rq3_032,CONSTRAINT:Scope Boundary,0,0
rq3_032,CONSTRAINT:Evidence Grounding,0,0
rq3_032,CONSTRAINT:Quality Standard,0,1
rq3_032,CONSTRAINT:Resource Budget,1,1
rq3_032,CONTEXT:Repository Context,0,0
rq3_032,CONTEXT:Domain Context,1,1
rq3_032,CONTEXT:Execution Environment,0,0
rq3_032,CONTEXT:Historical Context,0,0
rq3_032,OUTPUT:Repository Change,0,0
rq3_032,OUTPUT:Existing Thread Response,0,0
rq3_032,OUTPUT:New Thread,0,0
rq3_032,OUTPUT:Standalone Artifact,1,0
rq3_032,OUTPUT:Control Signal,0,0
rq3_032,PROCESS:Required Sequence,0,0
rq3_032,PROCESS:Decision Branch,1,1
rq3_032,PROCESS:Within-Run Iteration,0,0
rq3_032,PROCESS:Cross-Run Memory,0,0
rq3_032,PROCESS:Work Delegation,0,0
rq3_032,EVALUATION:Execution Check,0,0
rq3_032,EVALUATION:Rule Conformance,0,0
rq3_032,EVALUATION:Evidence Credibility,0,0
rq3_032,EVALUATION:Risk Assessment,0,0
rq3_032,RESOURCE:GitHub Interface,0,0
rq3_032,RESOURCE:Web Retrieval,0,0
rq3_032,RESOURCE:Local Workspace,0,0
rq3_032,RESOURCE:Development Toolchain,0,0
rq3_032,RESOURCE:Agent Resource,0,0
rq3_032,COMMUNICATION:Expert Role,0,0
rq3_032,COMMUNICATION:Audience Voice,0,0
rq3_032,COMMUNICATION:Automation Disclosure,0,0
rq3_032,EXAMPLE:Output Template,0,0
rq3_032,EXAMPLE:Worked Case,0,0
rq3_032,EXAMPLE:Technical Snippet,1,1
rq3_032,SAFETY:Prompt Injection Defense,0,0
rq3_032,SAFETY:Information Confidentiality,0,0
rq3_032,SAFETY:Execution Isolation,0,0
rq3_032,SAFETY:Vulnerability Handling,0,0
rq3_033,TASK:Artifact Change,0,0
rq3_033,TASK:Artifact Review,1,0
rq3_033,TASK:Evidence Investigation,0,1
rq3_033,TASK:Executable Validation,0,0
rq3_033,TASK:Work Item Management,0,0
rq3_033,CONSTRAINT:Scope Boundary,1,1
rq3_033,CONSTRAINT:Evidence Grounding,0,0
rq3_033,CONSTRAINT:Quality Standard,1,1
rq3_033,CONSTRAINT:Resource Budget,0,0
rq3_033,CONTEXT:Repository Context,1,1
rq3_033,CONTEXT:Domain Context,0,0
rq3_033,CONTEXT:Execution Environment,0,0
rq3_033,CONTEXT:Historical Context,0,0
rq3_033,OUTPUT:Repository Change,0,0
rq3_033,OUTPUT:Existing Thread Response,0,1
rq3_033,OUTPUT:New Thread,1,1
rq3_033,OUTPUT:Standalone Artifact,0,0
rq3_033,OUTPUT:Control Signal,0,0
rq3_033,PROCESS:Required Sequence,1,1
rq3_033,PROCESS:Decision Branch,1,1
rq3_033,PROCESS:Within-Run Iteration,0,0
rq3_033,PROCESS:Cross-Run Memory,0,0
rq3_033,PROCESS:Work Delegation,0,0
rq3_033,EVALUATION:Execution Check,0,0
rq3_033,EVALUATION:Rule Conformance,0,0
rq3_033,EVALUATION:Evidence Credibility,0,0
rq3_033,EVALUATION:Risk Assessment,0,0
rq3_033,RESOURCE:GitHub Interface,1,0
rq3_033,RESOURCE:Web Retrieval,0,0
rq3_033,RESOURCE:Local Workspace,0,0
rq3_033,RESOURCE:Development Toolchain,1,0
rq3_033,RESOURCE:Agent Resource,0,0
rq3_033,COMMUNICATION:Expert Role,1,0
rq3_033,COMMUNICATION:Audience Voice,1,1
rq3_033,COMMUNICATION:Automation Disclosure,0,0
rq3_033,EXAMPLE:Output Template,0,0
rq3_033,EXAMPLE:Worked Case,0,0
rq3_033,EXAMPLE:Technical Snippet,1,0
rq3_033,SAFETY:Prompt Injection Defense,0,0
rq3_033,SAFETY:Information Confidentiality,0,0
rq3_033,SAFETY:Execution Isolation,0,0
rq3_033,SAFETY:Vulnerability Handling,0,0
rq3_034,TASK:Artifact Change,0,0
rq3_034,TASK:Artifact Review,0,0
rq3_034,TASK:Evidence Investigation,1,1
rq3_034,TASK:Executable Validation,0,0
rq3_034,TASK:Work Item Management,1,0
rq3_034,CONSTRAINT:Scope Boundary,1,1
rq3_034,CONSTRAINT:Evidence Grounding,1,0
rq3_034,CONSTRAINT:Quality Standard,1,1
rq3_034,CONSTRAINT:Resource Budget,1,1
rq3_034,CONTEXT:Repository Context,1,1
rq3_034,CONTEXT:Domain Context,0,0
rq3_034,CONTEXT:Execution Environment,1,0
rq3_034,CONTEXT:Historical Context,1,1
rq3_034,OUTPUT:Repository Change,0,0
rq3_034,OUTPUT:Existing Thread Response,0,0
rq3_034,OUTPUT:New Thread,1,1
rq3_034,OUTPUT:Standalone Artifact,0,0
rq3_034,OUTPUT:Control Signal,1,0
rq3_034,PROCESS:Required Sequence,1,1
rq3_034,PROCESS:Decision Branch,1,1
rq3_034,PROCESS:Within-Run Iteration,1,1
rq3_034,PROCESS:Cross-Run Memory,0,0
rq3_034,PROCESS:Work Delegation,1,0
rq3_034,EVALUATION:Execution Check,0,0
rq3_034,EVALUATION:Rule Conformance,1,0
rq3_034,EVALUATION:Evidence Credibility,0,0
rq3_034,EVALUATION:Risk Assessment,1,0
rq3_034,RESOURCE:GitHub Interface,1,1
rq3_034,RESOURCE:Web Retrieval,0,0
rq3_034,RESOURCE:Local Workspace,1,0
rq3_034,RESOURCE:Development Toolchain,0,0
rq3_034,RESOURCE:Agent Resource,1,1
rq3_034,COMMUNICATION:Expert Role,1,1
rq3_034,COMMUNICATION:Audience Voice,0,0
rq3_034,COMMUNICATION:Automation Disclosure,1,0
rq3_034,EXAMPLE:Output Template,1,1
rq3_034,EXAMPLE:Worked Case,0,0
rq3_034,EXAMPLE:Technical Snippet,0,1
rq3_034,SAFETY:Prompt Injection Defense,0,0
rq3_034,SAFETY:Information Confidentiality,0,0
rq3_034,SAFETY:Execution Isolation,0,0
rq3_034,SAFETY:Vulnerability Handling,0,0
rq3_035,TASK:Artifact Change,0,0
rq3_035,TASK:Artifact Review,0,0
rq3_035,TASK:Evidence Investigation,1,0
rq3_035,TASK:Executable Validation,0,0
rq3_035,TASK:Work Item Management,0,0
rq3_035,CONSTRAINT:Scope Boundary,0,0
rq3_035,CONSTRAINT:Evidence Grounding,0,0
rq3_035,CONSTRAINT:Quality Standard,0,0
rq3_035,CONSTRAINT:Resource Budget,1,1
rq3_035,CONTEXT:Repository Context,0,0
rq3_035,CONTEXT:Domain Context,1,1
rq3_035,CONTEXT:Execution Environment,0,0
rq3_035,CONTEXT:Historical Context,0,0
rq3_035,OUTPUT:Repository Change,0,1
rq3_035,OUTPUT:Existing Thread Response,0,0
rq3_035,OUTPUT:New Thread,0,0
rq3_035,OUTPUT:Standalone Artifact,1,0
rq3_035,OUTPUT:Control Signal,0,0
rq3_035,PROCESS:Required Sequence,0,1
rq3_035,PROCESS:Decision Branch,0,1
rq3_035,PROCESS:Within-Run Iteration,0,0
rq3_035,PROCESS:Cross-Run Memory,0,0
rq3_035,PROCESS:Work Delegation,0,0
rq3_035,EVALUATION:Execution Check,0,0
rq3_035,EVALUATION:Rule Conformance,0,0
rq3_035,EVALUATION:Evidence Credibility,0,0
rq3_035,EVALUATION:Risk Assessment,0,0
rq3_035,RESOURCE:GitHub Interface,0,0
rq3_035,RESOURCE:Web Retrieval,0,0
rq3_035,RESOURCE:Local Workspace,0,0
rq3_035,RESOURCE:Development Toolchain,0,0
rq3_035,RESOURCE:Agent Resource,1,0
rq3_035,COMMUNICATION:Expert Role,0,0
rq3_035,COMMUNICATION:Audience Voice,0,0
rq3_035,COMMUNICATION:Automation Disclosure,0,0
rq3_035,EXAMPLE:Output Template,0,0
rq3_035,EXAMPLE:Worked Case,0,0
rq3_035,EXAMPLE:Technical Snippet,0,0
rq3_035,SAFETY:Prompt Injection Defense,0,0
rq3_035,SAFETY:Information Confidentiality,0,0
rq3_035,SAFETY:Execution Isolation,0,0
rq3_035,SAFETY:Vulnerability Handling,0,0
rq3_036,TASK:Artifact Change,0,0
rq3_036,TASK:Artifact Review,0,0
rq3_036,TASK:Evidence Investigation,1,1
rq3_036,TASK:Executable Validation,0,0
rq3_036,TASK:Work Item Management,0,0
rq3_036,CONSTRAINT:Scope Boundary,0,0
rq3_036,CONSTRAINT:Evidence Grounding,1,1
rq3_036,CONSTRAINT:Quality Standard,1,1
rq3_036,CONSTRAINT:Resource Budget,0,0
rq3_036,CONTEXT:Repository Context,1,1
rq3_036,CONTEXT:Domain Context,0,0
rq3_036,CONTEXT:Execution Environment,0,0
rq3_036,CONTEXT:Historical Context,1,0
rq3_036,OUTPUT:Repository Change,0,0
rq3_036,OUTPUT:Existing Thread Response,0,0
rq3_036,OUTPUT:New Thread,1,1
rq3_036,OUTPUT:Standalone Artifact,0,0
rq3_036,OUTPUT:Control Signal,0,0
rq3_036,PROCESS:Required Sequence,1,1
rq3_036,PROCESS:Decision Branch,0,1
rq3_036,PROCESS:Within-Run Iteration,0,0
rq3_036,PROCESS:Cross-Run Memory,0,0
rq3_036,PROCESS:Work Delegation,0,0
rq3_036,EVALUATION:Execution Check,0,0
rq3_036,EVALUATION:Rule Conformance,0,0
rq3_036,EVALUATION:Evidence Credibility,0,0
rq3_036,EVALUATION:Risk Assessment,0,0
rq3_036,RESOURCE:GitHub Interface,0,0
rq3_036,RESOURCE:Web Retrieval,0,0
rq3_036,RESOURCE:Local Workspace,0,0
rq3_036,RESOURCE:Development Toolchain,0,0
rq3_036,RESOURCE:Agent Resource,1,1
rq3_036,COMMUNICATION:Expert Role,1,1
rq3_036,COMMUNICATION:Audience Voice,0,0
rq3_036,COMMUNICATION:Automation Disclosure,0,0
rq3_036,EXAMPLE:Output Template,0,0
rq3_036,EXAMPLE:Worked Case,0,0
rq3_036,EXAMPLE:Technical Snippet,0,0
rq3_036,SAFETY:Prompt Injection Defense,0,0
rq3_036,SAFETY:Information Confidentiality,0,0
rq3_036,SAFETY:Execution Isolation,0,0
rq3_036,SAFETY:Vulnerability Handling,0,0
rq3_037,TASK:Artifact Change,0,0
rq3_037,TASK:Artifact Review,1,0
rq3_037,TASK:Evidence Investigation,0,1
rq3_037,TASK:Executable Validation,0,0
rq3_037,TASK:Work Item Management,0,1
rq3_037,CONSTRAINT:Scope Boundary,1,1
rq3_037,CONSTRAINT:Evidence Grounding,0,0
rq3_037,CONSTRAINT:Quality Standard,1,0
rq3_037,CONSTRAINT:Resource Budget,0,1
rq3_037,CONTEXT:Repository Context,1,1
rq3_037,CONTEXT:Domain Context,0,0
rq3_037,CONTEXT:Execution Environment,0,0
rq3_037,CONTEXT:Historical Context,0,0
rq3_037,OUTPUT:Repository Change,0,0
rq3_037,OUTPUT:Existing Thread Response,1,1
rq3_037,OUTPUT:New Thread,0,0
rq3_037,OUTPUT:Standalone Artifact,0,0
rq3_037,OUTPUT:Control Signal,1,1
rq3_037,PROCESS:Required Sequence,1,0
rq3_037,PROCESS:Decision Branch,0,1
rq3_037,PROCESS:Within-Run Iteration,0,0
rq3_037,PROCESS:Cross-Run Memory,0,0
rq3_037,PROCESS:Work Delegation,0,0
rq3_037,EVALUATION:Execution Check,0,0
rq3_037,EVALUATION:Rule Conformance,1,0
rq3_037,EVALUATION:Evidence Credibility,0,0
rq3_037,EVALUATION:Risk Assessment,0,0
rq3_037,RESOURCE:GitHub Interface,0,1
rq3_037,RESOURCE:Web Retrieval,0,0
rq3_037,RESOURCE:Local Workspace,0,0
rq3_037,RESOURCE:Development Toolchain,0,0
rq3_037,RESOURCE:Agent Resource,0,0
rq3_037,COMMUNICATION:Expert Role,1,1
rq3_037,COMMUNICATION:Audience Voice,0,0
rq3_037,COMMUNICATION:Automation Disclosure,0,1
rq3_037,EXAMPLE:Output Template,1,1
rq3_037,EXAMPLE:Worked Case,0,0
rq3_037,EXAMPLE:Technical Snippet,0,0
rq3_037,SAFETY:Prompt Injection Defense,1,0
rq3_037,SAFETY:Information Confidentiality,0,0
rq3_037,SAFETY:Execution Isolation,0,0
rq3_037,SAFETY:Vulnerability Handling,0,0
rq3_038,TASK:Artifact Change,0,1
rq3_038,TASK:Artifact Review,1,0
rq3_038,TASK:Evidence Investigation,0,0
rq3_038,TASK:Executable Validation,0,0
rq3_038,TASK:Work Item Management,0,0
rq3_038,CONSTRAINT:Scope Boundary,1,1
rq3_038,CONSTRAINT:Evidence Grounding,1,0
rq3_038,CONSTRAINT:Quality Standard,1,0
rq3_038,CONSTRAINT:Resource Budget,0,1
rq3_038,CONTEXT:Repository Context,1,0
rq3_038,CONTEXT:Domain Context,0,0
rq3_038,CONTEXT:Execution Environment,0,0
rq3_038,CONTEXT:Historical Context,0,0
rq3_038,OUTPUT:Repository Change,0,0
rq3_038,OUTPUT:Existing Thread Response,1,1
rq3_038,OUTPUT:New Thread,0,0
rq3_038,OUTPUT:Standalone Artifact,0,0
rq3_038,OUTPUT:Control Signal,0,0
rq3_038,PROCESS:Required Sequence,1,1
rq3_038,PROCESS:Decision Branch,1,1
rq3_038,PROCESS:Within-Run Iteration,0,0
rq3_038,PROCESS:Cross-Run Memory,0,0
rq3_038,PROCESS:Work Delegation,0,0
rq3_038,EVALUATION:Execution Check,0,0
rq3_038,EVALUATION:Rule Conformance,1,1
rq3_038,EVALUATION:Evidence Credibility,0,0
rq3_038,EVALUATION:Risk Assessment,0,0
rq3_038,RESOURCE:GitHub Interface,1,1
rq3_038,RESOURCE:Web Retrieval,1,0
rq3_038,RESOURCE:Local Workspace,0,1
rq3_038,RESOURCE:Development Toolchain,0,0
rq3_038,RESOURCE:Agent Resource,1,0
rq3_038,COMMUNICATION:Expert Role,1,1
rq3_038,COMMUNICATION:Audience Voice,0,0
rq3_038,COMMUNICATION:Automation Disclosure,0,0
rq3_038,EXAMPLE:Output Template,1,0
rq3_038,EXAMPLE:Worked Case,0,0
rq3_038,EXAMPLE:Technical Snippet,0,0
rq3_038,SAFETY:Prompt Injection Defense,0,0
rq3_038,SAFETY:Information Confidentiality,0,0
rq3_038,SAFETY:Execution Isolation,0,0
rq3_038,SAFETY:Vulnerability Handling,0,0
rq3_039,TASK:Artifact Change,0,1
rq3_039,TASK:Artifact Review,0,0
rq3_039,TASK:Evidence Investigation,0,0
rq3_039,TASK:Executable Validation,0,0
rq3_039,TASK:Work Item Management,0,0
rq3_039,CONSTRAINT:Scope Boundary,0,0
rq3_039,CONSTRAINT:Evidence Grounding,0,0
rq3_039,CONSTRAINT:Quality Standard,0,0
rq3_039,CONSTRAINT:Resource Budget,1,1
rq3_039,CONTEXT:Repository Context,0,0
rq3_039,CONTEXT:Domain Context,1,1
rq3_039,CONTEXT:Execution Environment,0,0
rq3_039,CONTEXT:Historical Context,0,0
rq3_039,OUTPUT:Repository Change,0,0
rq3_039,OUTPUT:Existing Thread Response,0,0
rq3_039,OUTPUT:New Thread,0,0
rq3_039,OUTPUT:Standalone Artifact,1,0
rq3_039,OUTPUT:Control Signal,0,0
rq3_039,PROCESS:Required Sequence,1,1
rq3_039,PROCESS:Decision Branch,0,1
rq3_039,PROCESS:Within-Run Iteration,0,0
rq3_039,PROCESS:Cross-Run Memory,0,0
rq3_039,PROCESS:Work Delegation,0,0
rq3_039,EVALUATION:Execution Check,0,0
rq3_039,EVALUATION:Rule Conformance,0,0
rq3_039,EVALUATION:Evidence Credibility,0,0
rq3_039,EVALUATION:Risk Assessment,0,0
rq3_039,RESOURCE:GitHub Interface,0,0
rq3_039,RESOURCE:Web Retrieval,0,0
rq3_039,RESOURCE:Local Workspace,0,1
rq3_039,RESOURCE:Development Toolchain,0,0
rq3_039,RESOURCE:Agent Resource,1,0
rq3_039,COMMUNICATION:Expert Role,0,0
rq3_039,COMMUNICATION:Audience Voice,0,0
rq3_039,COMMUNICATION:Automation Disclosure,0,0
rq3_039,EXAMPLE:Output Template,0,0
rq3_039,EXAMPLE:Worked Case,0,0
rq3_039,EXAMPLE:Technical Snippet,1,1
rq3_039,SAFETY:Prompt Injection Defense,0,0
rq3_039,SAFETY:Information Confidentiality,0,0
rq3_039,SAFETY:Execution Isolation,0,0
rq3_039,SAFETY:Vulnerability Handling,0,0
rq3_040,TASK:Artifact Change,0,0
rq3_040,TASK:Artifact Review,1,1
rq3_040,TASK:Evidence Investigation,1,1
rq3_040,TASK:Executable Validation,0,0
rq3_040,TASK:Work Item Management,0,0
rq3_040,CONSTRAINT:Scope Boundary,0,1
rq3_040,CONSTRAINT:Evidence Grounding,0,0
rq3_040,CONSTRAINT:Quality Standard,1,1
rq3_040,CONSTRAINT:Resource Budget,0,0
rq3_040,CONTEXT:Repository Context,1,1
rq3_040,CONTEXT:Domain Context,0,0
rq3_040,CONTEXT:Execution Environment,0,0
rq3_040,CONTEXT:Historical Context,0,0
rq3_040,OUTPUT:Repository Change,0,0
rq3_040,OUTPUT:Existing Thread Response,0,0
rq3_040,OUTPUT:New Thread,1,1
rq3_040,OUTPUT:Standalone Artifact,1,0
rq3_040,OUTPUT:Control Signal,0,0
rq3_040,PROCESS:Required Sequence,1,1
rq3_040,PROCESS:Decision Branch,0,0
rq3_040,PROCESS:Within-Run Iteration,0,0
rq3_040,PROCESS:Cross-Run Memory,0,0
rq3_040,PROCESS:Work Delegation,0,0
rq3_040,EVALUATION:Execution Check,0,0
rq3_040,EVALUATION:Rule Conformance,0,0
rq3_040,EVALUATION:Evidence Credibility,0,0
rq3_040,EVALUATION:Risk Assessment,0,0
rq3_040,RESOURCE:GitHub Interface,0,1
rq3_040,RESOURCE:Web Retrieval,0,0
rq3_040,RESOURCE:Local Workspace,0,1
rq3_040,RESOURCE:Development Toolchain,0,0
rq3_040,RESOURCE:Agent Resource,1,1
rq3_040,COMMUNICATION:Expert Role,1,1
rq3_040,COMMUNICATION:Audience Voice,1,1
rq3_040,COMMUNICATION:Automation Disclosure,0,0
rq3_040,EXAMPLE:Output Template,1,1
rq3_040,EXAMPLE:Worked Case,0,0
rq3_040,EXAMPLE:Technical Snippet,1,1
rq3_040,SAFETY:Prompt Injection Defense,0,0
rq3_040,SAFETY:Information Confidentiality,0,0
rq3_040,SAFETY:Execution Isolation,0,0
rq3_040,SAFETY:Vulnerability Handling,0,0
rq3_041,TASK:Artifact Change,0,0
rq3_041,TASK:Artifact Review,1,0
rq3_041,TASK:Evidence Investigation,1,1
rq3_041,TASK:Executable Validation,0,0
rq3_041,TASK:Work Item Management,0,0
rq3_041,CONSTRAINT:Scope Boundary,1,1
rq3_041,CONSTRAINT:Evidence Grounding,1,0
rq3_041,CONSTRAINT:Quality Standard,0,0
rq3_041,CONSTRAINT:Resource Budget,0,0
rq3_041,CONTEXT:Repository Context,0,0
rq3_041,CONTEXT:Domain Context,0,1
rq3_041,CONTEXT:Execution Environment,0,0
rq3_041,CONTEXT:Historical Context,0,0
rq3_041,OUTPUT:Repository Change,0,0
rq3_041,OUTPUT:Existing Thread Response,0,0
rq3_041,OUTPUT:New Thread,1,1
rq3_041,OUTPUT:Standalone Artifact,0,0
rq3_041,OUTPUT:Control Signal,1,0
rq3_041,PROCESS:Required Sequence,1,1
rq3_041,PROCESS:Decision Branch,1,1
rq3_041,PROCESS:Within-Run Iteration,1,0
rq3_041,PROCESS:Cross-Run Memory,0,0
rq3_041,PROCESS:Work Delegation,1,1
rq3_041,EVALUATION:Execution Check,0,0
rq3_041,EVALUATION:Rule Conformance,1,1
rq3_041,EVALUATION:Evidence Credibility,0,0
rq3_041,EVALUATION:Risk Assessment,1,0
rq3_041,RESOURCE:GitHub Interface,1,1
rq3_041,RESOURCE:Web Retrieval,0,0
rq3_041,RESOURCE:Local Workspace,1,0
rq3_041,RESOURCE:Development Toolchain,0,0
rq3_041,RESOURCE:Agent Resource,1,1
rq3_041,COMMUNICATION:Expert Role,0,0
rq3_041,COMMUNICATION:Audience Voice,0,0
rq3_041,COMMUNICATION:Automation Disclosure,0,0
rq3_041,EXAMPLE:Output Template,1,1
rq3_041,EXAMPLE:Worked Case,0,0
rq3_041,EXAMPLE:Technical Snippet,0,0
rq3_041,SAFETY:Prompt Injection Defense,0,0
rq3_041,SAFETY:Information Confidentiality,0,0
rq3_041,SAFETY:Execution Isolation,0,0
rq3_041,SAFETY:Vulnerability Handling,0,0
rq3_042,TASK:Artifact Change,0,0
rq3_042,TASK:Artifact Review,0,0
rq3_042,TASK:Evidence Investigation,0,0
rq3_042,TASK:Executable Validation,1,1
rq3_042,TASK:Work Item Management,0,0
rq3_042,CONSTRAINT:Scope Boundary,0,0
rq3_042,CONSTRAINT:Evidence Grounding,0,0
rq3_042,CONSTRAINT:Quality Standard,0,0
rq3_042,CONSTRAINT:Resource Budget,1,1
rq3_042,CONTEXT:Repository Context,1,1
rq3_042,CONTEXT:Domain Context,0,0
rq3_042,CONTEXT:Execution Environment,0,0
rq3_042,CONTEXT:Historical Context,0,0
rq3_042,OUTPUT:Repository Change,0,0
rq3_042,OUTPUT:Existing Thread Response,0,0
rq3_042,OUTPUT:New Thread,1,1
rq3_042,OUTPUT:Standalone Artifact,0,0
rq3_042,OUTPUT:Control Signal,0,0
rq3_042,PROCESS:Required Sequence,1,1
rq3_042,PROCESS:Decision Branch,1,1
rq3_042,PROCESS:Within-Run Iteration,0,0
rq3_042,PROCESS:Cross-Run Memory,0,0
rq3_042,PROCESS:Work Delegation,0,0
rq3_042,EVALUATION:Execution Check,0,0
rq3_042,EVALUATION:Rule Conformance,0,0
rq3_042,EVALUATION:Evidence Credibility,0,0
rq3_042,EVALUATION:Risk Assessment,0,0
rq3_042,RESOURCE:GitHub Interface,0,0
rq3_042,RESOURCE:Web Retrieval,0,0
rq3_042,RESOURCE:Local Workspace,0,0
rq3_042,RESOURCE:Development Toolchain,0,0
rq3_042,RESOURCE:Agent Resource,0,0
rq3_042,COMMUNICATION:Expert Role,1,1
rq3_042,COMMUNICATION:Audience Voice,0,0
rq3_042,COMMUNICATION:Automation Disclosure,0,0
rq3_042,EXAMPLE:Output Template,1,1
rq3_042,EXAMPLE:Worked Case,0,0
rq3_042,EXAMPLE:Technical Snippet,1,1
rq3_042,SAFETY:Prompt Injection Defense,0,0
rq3_042,SAFETY:Information Confidentiality,0,0
rq3_042,SAFETY:Execution Isolation,0,0
rq3_042,SAFETY:Vulnerability Handling,0,0
rq3_043,TASK:Artifact Change,0,1
rq3_043,TASK:Artifact Review,0,0
rq3_043,TASK:Evidence Investigation,0,0
rq3_043,TASK:Executable Validation,1,0
rq3_043,TASK:Work Item Management,0,0
rq3_043,CONSTRAINT:Scope Boundary,1,1
rq3_043,CONSTRAINT:Evidence Grounding,0,0
rq3_043,CONSTRAINT:Quality Standard,0,0
rq3_043,CONSTRAINT:Resource Budget,0,0
rq3_043,CONTEXT:Repository Context,0,0
rq3_043,CONTEXT:Domain Context,1,1
rq3_043,CONTEXT:Execution Environment,1,1
rq3_043,CONTEXT:Historical Context,0,0
rq3_043,OUTPUT:Repository Change,1,0
rq3_043,OUTPUT:Existing Thread Response,0,0
rq3_043,OUTPUT:New Thread,1,1
rq3_043,OUTPUT:Standalone Artifact,0,0
rq3_043,OUTPUT:Control Signal,0,0
rq3_043,PROCESS:Required Sequence,1,1
rq3_043,PROCESS:Decision Branch,1,1
rq3_043,PROCESS:Within-Run Iteration,0,0
rq3_043,PROCESS:Cross-Run Memory,0,0
rq3_043,PROCESS:Work Delegation,0,0
rq3_043,EVALUATION:Execution Check,0,0
rq3_043,EVALUATION:Rule Conformance,0,0
rq3_043,EVALUATION:Evidence Credibility,0,0
rq3_043,EVALUATION:Risk Assessment,0,0
rq3_043,RESOURCE:GitHub Interface,1,1
rq3_043,RESOURCE:Web Retrieval,0,0
rq3_043,RESOURCE:Local Workspace,0,0
rq3_043,RESOURCE:Development Toolchain,0,1
rq3_043,RESOURCE:Agent Resource,1,1
rq3_043,COMMUNICATION:Expert Role,0,0
rq3_043,COMMUNICATION:Audience Voice,0,0
rq3_043,COMMUNICATION:Automation Disclosure,0,0
rq3_043,EXAMPLE:Output Template,0,0
rq3_043,EXAMPLE:Worked Case,0,0
rq3_043,EXAMPLE:Technical Snippet,1,1
rq3_043,SAFETY:Prompt Injection Defense,0,0
rq3_043,SAFETY:Information Confidentiality,0,0
rq3_043,SAFETY:Execution Isolation,0,0
rq3_043,SAFETY:Vulnerability Handling,0,0
rq3_044,TASK:Artifact Change,1,1
rq3_044,TASK:Artifact Review,0,0
rq3_044,TASK:Evidence Investigation,0,0
rq3_044,TASK:Executable Validation,1,0
rq3_044,TASK:Work Item Management,0,0
rq3_044,CONSTRAINT:Scope Boundary,1,1
rq3_044,CONSTRAINT:Evidence Grounding,0,0
rq3_044,CONSTRAINT:Quality Standard,1,1
rq3_044,CONSTRAINT:Resource Budget,1,0
rq3_044,CONTEXT:Repository Context,1,1
rq3_044,CONTEXT:Domain Context,0,0
rq3_044,CONTEXT:Execution Environment,0,0
rq3_044,CONTEXT:Historical Context,0,0
rq3_044,OUTPUT:Repository Change,1,0
rq3_044,OUTPUT:Existing Thread Response,1,0
rq3_044,OUTPUT:New Thread,0,0
rq3_044,OUTPUT:Standalone Artifact,0,0
rq3_044,OUTPUT:Control Signal,0,0
rq3_044,PROCESS:Required Sequence,1,1
rq3_044,PROCESS:Decision Branch,1,1
rq3_044,PROCESS:Within-Run Iteration,1,0
rq3_044,PROCESS:Cross-Run Memory,0,0
rq3_044,PROCESS:Work Delegation,0,0
rq3_044,EVALUATION:Execution Check,1,1
rq3_044,EVALUATION:Rule Conformance,0,0
rq3_044,EVALUATION:Evidence Credibility,0,0
rq3_044,EVALUATION:Risk Assessment,0,0
rq3_044,RESOURCE:GitHub Interface,1,1
rq3_044,RESOURCE:Web Retrieval,1,0
rq3_044,RESOURCE:Local Workspace,1,0
rq3_044,RESOURCE:Development Toolchain,1,0
rq3_044,RESOURCE:Agent Resource,0,0
rq3_044,COMMUNICATION:Expert Role,1,1
rq3_044,COMMUNICATION:Audience Voice,0,0
rq3_044,COMMUNICATION:Automation Disclosure,1,1
rq3_044,EXAMPLE:Output Template,1,1
rq3_044,EXAMPLE:Worked Case,0,0
rq3_044,EXAMPLE:Technical Snippet,0,0
rq3_044,SAFETY:Prompt Injection Defense,0,0
rq3_044,SAFETY:Information Confidentiality,0,0
rq3_044,SAFETY:Execution Isolation,0,1
rq3_044,SAFETY:Vulnerability Handling,0,0
rq3_045,TASK:Artifact Change,0,0
rq3_045,TASK:Artifact Review,1,0
rq3_045,TASK:Evidence Investigation,1,1
rq3_045,TASK:Executable Validation,0,0
rq3_045,TASK:Work Item Management,0,0
rq3_045,CONSTRAINT:Scope Boundary,0,0
rq3_045,CONSTRAINT:Evidence Grounding,1,1
rq3_045,CONSTRAINT:Quality Standard,1,1
rq3_045,CONSTRAINT:Resource Budget,0,0
rq3_045,CONTEXT:Repository Context,1,1
rq3_045,CONTEXT:Domain Context,0,0
rq3_045,CONTEXT:Execution Environment,0,0
rq3_045,CONTEXT:Historical Context,0,0
rq3_045,OUTPUT:Repository Change,0,0
rq3_045,OUTPUT:Existing Thread Response,0,0
rq3_045,OUTPUT:New Thread,1,1
rq3_045,OUTPUT:Standalone Artifact,0,0
rq3_045,OUTPUT:Control Signal,0,0
rq3_045,PROCESS:Required Sequence,1,1
rq3_045,PROCESS:Decision Branch,1,1
rq3_045,PROCESS:Within-Run Iteration,0,0
rq3_045,PROCESS:Cross-Run Memory,0,0
rq3_045,PROCESS:Work Delegation,0,0
rq3_045,EVALUATION:Execution Check,0,0
rq3_045,EVALUATION:Rule Conformance,0,0
rq3_045,EVALUATION:Evidence Credibility,0,0
rq3_045,EVALUATION:Risk Assessment,0,0
rq3_045,RESOURCE:GitHub Interface,0,0
rq3_045,RESOURCE:Web Retrieval,0,0
rq3_045,RESOURCE:Local Workspace,0,0
rq3_045,RESOURCE:Development Toolchain,0,0
rq3_045,RESOURCE:Agent Resource,0,0
rq3_045,COMMUNICATION:Expert Role,1,1
rq3_045,COMMUNICATION:Audience Voice,0,1
rq3_045,COMMUNICATION:Automation Disclosure,0,0
rq3_045,EXAMPLE:Output Template,1,1
rq3_045,EXAMPLE:Worked Case,0,0
rq3_045,EXAMPLE:Technical Snippet,1,1
rq3_045,SAFETY:Prompt Injection Defense,0,0
rq3_045,SAFETY:Information Confidentiality,0,0
rq3_045,SAFETY:Execution Isolation,0,0
rq3_045,SAFETY:Vulnerability Handling,0,0
rq3_046,TASK:Artifact Change,0,0
rq3_046,TASK:Artifact Review,1,0
rq3_046,TASK:Evidence Investigation,0,1
rq3_046,TASK:Executable Validation,0,0
rq3_046,TASK:Work Item Management,0,0
rq3_046,CONSTRAINT:Scope Boundary,1,1
rq3_046,CONSTRAINT:Evidence Grounding,0,0
rq3_046,CONSTRAINT:Quality Standard,1,1
rq3_046,CONSTRAINT:Resource Budget,0,0
rq3_046,CONTEXT:Repository Context,0,0
rq3_046,CONTEXT:Domain Context,0,0
rq3_046,CONTEXT:Execution Environment,0,0
rq3_046,CONTEXT:Historical Context,0,0
rq3_046,OUTPUT:Repository Change,0,0
rq3_046,OUTPUT:Existing Thread Response,0,0
rq3_046,OUTPUT:New Thread,1,1
rq3_046,OUTPUT:Standalone Artifact,0,0
rq3_046,OUTPUT:Control Signal,0,0
rq3_046,PROCESS:Required Sequence,1,0
rq3_046,PROCESS:Decision Branch,0,0
rq3_046,PROCESS:Within-Run Iteration,0,0
rq3_046,PROCESS:Cross-Run Memory,0,0
rq3_046,PROCESS:Work Delegation,0,0
rq3_046,EVALUATION:Execution Check,0,0
rq3_046,EVALUATION:Rule Conformance,0,0
rq3_046,EVALUATION:Evidence Credibility,0,0
rq3_046,EVALUATION:Risk Assessment,0,0
rq3_046,RESOURCE:GitHub Interface,0,0
rq3_046,RESOURCE:Web Retrieval,0,0
rq3_046,RESOURCE:Local Workspace,0,0
rq3_046,RESOURCE:Development Toolchain,0,0
rq3_046,RESOURCE:Agent Resource,0,0
rq3_046,COMMUNICATION:Expert Role,1,1
rq3_046,COMMUNICATION:Audience Voice,0,0
rq3_046,COMMUNICATION:Automation Disclosure,0,0
rq3_046,EXAMPLE:Output Template,0,0
rq3_046,EXAMPLE:Worked Case,0,0
rq3_046,EXAMPLE:Technical Snippet,0,0
rq3_046,SAFETY:Prompt Injection Defense,0,0
rq3_046,SAFETY:Information Confidentiality,0,0
rq3_046,SAFETY:Execution Isolation,0,0
rq3_046,SAFETY:Vulnerability Handling,0,0
rq3_047,TASK:Artifact Change,1,1
rq3_047,TASK:Artifact Review,0,0
rq3_047,TASK:Evidence Investigation,0,0
rq3_047,TASK:Executable Validation,0,0
rq3_047,TASK:Work Item Management,1,0
rq3_047,CONSTRAINT:Scope Boundary,1,1
rq3_047,CONSTRAINT:Evidence Grounding,0,0
rq3_047,CONSTRAINT:Quality Standard,0,1
rq3_047,CONSTRAINT:Resource Budget,0,0
rq3_047,CONTEXT:Repository Context,1,0
rq3_047,CONTEXT:Domain Context,0,0
rq3_047,CONTEXT:Execution Environment,0,0
rq3_047,CONTEXT:Historical Context,0,0
rq3_047,OUTPUT:Repository Change,0,1
rq3_047,OUTPUT:Existing Thread Response,0,0
rq3_047,OUTPUT:New Thread,0,0
rq3_047,OUTPUT:Standalone Artifact,0,0
rq3_047,OUTPUT:Control Signal,0,0
rq3_047,PROCESS:Required Sequence,1,1
rq3_047,PROCESS:Decision Branch,1,1
rq3_047,PROCESS:Within-Run Iteration,0,0
rq3_047,PROCESS:Cross-Run Memory,0,0
rq3_047,PROCESS:Work Delegation,0,0
rq3_047,EVALUATION:Execution Check,0,0
rq3_047,EVALUATION:Rule Conformance,0,0
rq3_047,EVALUATION:Evidence Credibility,0,0
rq3_047,EVALUATION:Risk Assessment,0,0
rq3_047,RESOURCE:GitHub Interface,0,0
rq3_047,RESOURCE:Web Retrieval,0,0
rq3_047,RESOURCE:Local Workspace,0,0
rq3_047,RESOURCE:Development Toolchain,0,0
rq3_047,RESOURCE:Agent Resource,1,0
rq3_047,COMMUNICATION:Expert Role,0,0
rq3_047,COMMUNICATION:Audience Voice,0,0
rq3_047,COMMUNICATION:Automation Disclosure,0,0
rq3_047,EXAMPLE:Output Template,0,0
rq3_047,EXAMPLE:Worked Case,0,0
rq3_047,EXAMPLE:Technical Snippet,0,0
rq3_047,SAFETY:Prompt Injection Defense,0,0
rq3_047,SAFETY:Information Confidentiality,0,0
rq3_047,SAFETY:Execution Isolation,0,0
rq3_047,SAFETY:Vulnerability Handling,0,0
rq3_048,TASK:Artifact Change,0,0
rq3_048,TASK:Artifact Review,0,0
rq3_048,TASK:Evidence Investigation,0,1
rq3_048,TASK:Executable Validation,0,0
rq3_048,TASK:Work Item Management,1,1
rq3_048,CONSTRAINT:Scope Boundary,1,1
rq3_048,CONSTRAINT:Evidence Grounding,0,0
rq3_048,CONSTRAINT:Quality Standard,1,1
rq3_048,CONSTRAINT:Resource Budget,1,1
rq3_048,CONTEXT:Repository Context,1,1
rq3_048,CONTEXT:Domain Context,1,0
rq3_048,CONTEXT:Execution Environment,0,0
rq3_048,CONTEXT:Historical Context,0,0
rq3_048,OUTPUT:Repository Change,0,0
rq3_048,OUTPUT:Existing Thread Response,1,1
rq3_048,OUTPUT:New Thread,0,0
rq3_048,OUTPUT:Standalone Artifact,1,0
rq3_048,OUTPUT:Control Signal,1,0
rq3_048,PROCESS:Required Sequence,1,1
rq3_048,PROCESS:Decision Branch,1,0
rq3_048,PROCESS:Within-Run Iteration,1,0
rq3_048,PROCESS:Cross-Run Memory,0,0
rq3_048,PROCESS:Work Delegation,0,0
rq3_048,EVALUATION:Execution Check,0,0
rq3_048,EVALUATION:Rule Conformance,1,0
rq3_048,EVALUATION:Evidence Credibility,0,0
rq3_048,EVALUATION:Risk Assessment,0,0
rq3_048,RESOURCE:GitHub Interface,1,1
rq3_048,RESOURCE:Web Retrieval,0,0
rq3_048,RESOURCE:Local Workspace,0,0
rq3_048,RESOURCE:Development Toolchain,0,0
rq3_048,RESOURCE:Agent Resource,0,0
rq3_048,COMMUNICATION:Expert Role,0,1
rq3_048,COMMUNICATION:Audience Voice,1,1
rq3_048,COMMUNICATION:Automation Disclosure,1,0
rq3_048,EXAMPLE:Output Template,1,1
rq3_048,EXAMPLE:Worked Case,0,0
rq3_048,EXAMPLE:Technical Snippet,0,1
rq3_048,SAFETY:Prompt Injection Defense,0,0
rq3_048,SAFETY:Information Confidentiality,0,0
rq3_048,SAFETY:Execution Isolation,0,0
rq3_048,SAFETY:Vulnerability Handling,0,0
rq3_049,TASK:Artifact Change,0,0
rq3_049,TASK:Artifact Review,0,0
rq3_049,TASK:Evidence Investigation,0,1
rq3_049,TASK:Executable Validation,0,0
rq3_049,TASK:Work Item Management,0,0
rq3_049,CONSTRAINT:Scope Boundary,1,1
rq3_049,CONSTRAINT:Evidence Grounding,1,0
rq3_049,CONSTRAINT:Quality Standard,0,1
rq3_049,CONSTRAINT:Resource Budget,0,1
rq3_049,CONTEXT:Repository Context,1,1
rq3_049,CONTEXT:Domain Context,0,0
rq3_049,CONTEXT:Execution Environment,0,0
rq3_049,CONTEXT:Historical Context,0,0
rq3_049,OUTPUT:Repository Change,0,0
rq3_049,OUTPUT:Existing Thread Response,1,1
rq3_049,OUTPUT:New Thread,0,0
rq3_049,OUTPUT:Standalone Artifact,0,0
rq3_049,OUTPUT:Control Signal,0,0
rq3_049,PROCESS:Required Sequence,1,1
rq3_049,PROCESS:Decision Branch,1,1
rq3_049,PROCESS:Within-Run Iteration,0,0
rq3_049,PROCESS:Cross-Run Memory,0,0
rq3_049,PROCESS:Work Delegation,0,0
rq3_049,EVALUATION:Execution Check,0,0
rq3_049,EVALUATION:Rule Conformance,0,0
rq3_049,EVALUATION:Evidence Credibility,0,0
rq3_049,EVALUATION:Risk Assessment,0,0
rq3_049,RESOURCE:GitHub Interface,0,1
rq3_049,RESOURCE:Web Retrieval,0,0
rq3_049,RESOURCE:Local Workspace,0,0
rq3_049,RESOURCE:Development Toolchain,0,0
rq3_049,RESOURCE:Agent Resource,0,0
rq3_049,COMMUNICATION:Expert Role,1,1
rq3_049,COMMUNICATION:Audience Voice,0,0
rq3_049,COMMUNICATION:Automation Disclosure,0,0
rq3_049,EXAMPLE:Output Template,1,1
rq3_049,EXAMPLE:Worked Case,0,0
rq3_049,EXAMPLE:Technical Snippet,0,0
rq3_049,SAFETY:Prompt Injection Defense,0,0
rq3_049,SAFETY:Information Confidentiality,0,0
rq3_049,SAFETY:Execution Isolation,0,1
rq3_049,SAFETY:Vulnerability Handling,0,0
rq3_050,TASK:Artifact Change,1,1
rq3_050,TASK:Artifact Review,0,0
rq3_050,TASK:Evidence Investigation,0,0
rq3_050,TASK:Executable Validation,0,0
rq3_050,TASK:Work Item Management,0,0
rq3_050,CONSTRAINT:Scope Boundary,0,0
rq3_050,CONSTRAINT:Evidence Grounding,0,0
rq3_050,CONSTRAINT:Quality Standard,0,0
rq3_050,CONSTRAINT:Resource Budget,0,0
rq3_050,CONTEXT:Repository Context,0,0
rq3_050,CONTEXT:Domain Context,1,1
rq3_050,CONTEXT:Execution Environment,0,0
rq3_050,CONTEXT:Historical Context,1,1
rq3_050,OUTPUT:Repository Change,0,0
rq3_050,OUTPUT:Existing Thread Response,0,0
rq3_050,OUTPUT:New Thread,0,0
rq3_050,OUTPUT:Standalone Artifact,0,0
rq3_050,OUTPUT:Control Signal,0,0
rq3_050,PROCESS:Required Sequence,0,0
rq3_050,PROCESS:Decision Branch,0,0
rq3_050,PROCESS:Within-Run Iteration,0,0
rq3_050,PROCESS:Cross-Run Memory,0,0
rq3_050,PROCESS:Work Delegation,0,0
rq3_050,EVALUATION:Execution Check,0,0
rq3_050,EVALUATION:Rule Conformance,0,0
rq3_050,EVALUATION:Evidence Credibility,0,0
rq3_050,EVALUATION:Risk Assessment,0,0
rq3_050,RESOURCE:GitHub Interface,0,0
rq3_050,RESOURCE:Web Retrieval,0,0
rq3_050,RESOURCE:Local Workspace,0,0
rq3_050,RESOURCE:Development Toolchain,0,0
rq3_050,RESOURCE:Agent Resource,0,0
rq3_050,COMMUNICATION:Expert Role,1,0
rq3_050,COMMUNICATION:Audience Voice,0,0
rq3_050,COMMUNICATION:Automation Disclosure,0,0
rq3_050,EXAMPLE:Output Template,0,0
rq3_050,EXAMPLE:Worked Case,0,0
rq3_050,EXAMPLE:Technical Snippet,0,0
rq3_050,SAFETY:Prompt Injection Defense,0,0
rq3_050,SAFETY:Information Confidentiality,0,0
rq3_050,SAFETY:Execution Isolation,0,0
rq3_050,SAFETY:Vulnerability Handling,0,0
rq3_052,TASK:Artifact Change,0,0
rq3_052,TASK:Artifact Review,1,0
rq3_052,TASK:Evidence Investigation,0,1
rq3_052,TASK:Executable Validation,0,0
rq3_052,TASK:Work Item Management,0,0
rq3_052,CONSTRAINT:Scope Boundary,1,0
rq3_052,CONSTRAINT:Evidence Grounding,0,0
rq3_052,CONSTRAINT:Quality Standard,1,1
rq3_052,CONSTRAINT:Resource Budget,0,0
rq3_052,CONTEXT:Repository Context,1,0
rq3_052,CONTEXT:Domain Context,0,0
rq3_052,CONTEXT:Execution Environment,0,0
rq3_052,CONTEXT:Historical Context,0,0
rq3_052,OUTPUT:Repository Change,0,0
rq3_052,OUTPUT:Existing Thread Response,0,0
rq3_052,OUTPUT:New Thread,1,1
rq3_052,OUTPUT:Standalone Artifact,0,0
rq3_052,OUTPUT:Control Signal,0,0
rq3_052,PROCESS:Required Sequence,0,0
rq3_052,PROCESS:Decision Branch,0,0
rq3_052,PROCESS:Within-Run Iteration,0,0
rq3_052,PROCESS:Cross-Run Memory,0,0
rq3_052,PROCESS:Work Delegation,0,0
rq3_052,EVALUATION:Execution Check,0,0
rq3_052,EVALUATION:Rule Conformance,1,0
rq3_052,EVALUATION:Evidence Credibility,0,0
rq3_052,EVALUATION:Risk Assessment,0,0
rq3_052,RESOURCE:GitHub Interface,0,0
rq3_052,RESOURCE:Web Retrieval,0,0
rq3_052,RESOURCE:Local Workspace,0,0
rq3_052,RESOURCE:Development Toolchain,0,0
rq3_052,RESOURCE:Agent Resource,0,0
rq3_052,COMMUNICATION:Expert Role,0,0
rq3_052,COMMUNICATION:Audience Voice,0,0
rq3_052,COMMUNICATION:Automation Disclosure,0,0
rq3_052,EXAMPLE:Output Template,0,0
rq3_052,EXAMPLE:Worked Case,0,0
rq3_052,EXAMPLE:Technical Snippet,0,0
rq3_052,SAFETY:Prompt Injection Defense,0,0
rq3_052,SAFETY:Information Confidentiality,0,0
rq3_052,SAFETY:Execution Isolation,0,0
rq3_052,SAFETY:Vulnerability Handling,0,0
rq3_053,TASK:Artifact Change,0,1
rq3_053,TASK:Artifact Review,1,0
rq3_053,TASK:Evidence Investigation,0,0
rq3_053,TASK:Executable Validation,0,0
rq3_053,TASK:Work Item Management,0,0
rq3_053,CONSTRAINT:Scope Boundary,1,1
rq3_053,CONSTRAINT:Evidence Grounding,0,0
rq3_053,CONSTRAINT:Quality Standard,0,1
rq3_053,CONSTRAINT:Resource Budget,0,0
rq3_053,CONTEXT:Repository Context,0,0
rq3_053,CONTEXT:Domain Context,0,0
rq3_053,CONTEXT:Execution Environment,0,0
rq3_053,CONTEXT:Historical Context,0,0
rq3_053,OUTPUT:Repository Change,1,0
rq3_053,OUTPUT:Existing Thread Response,0,0
rq3_053,OUTPUT:New Thread,1,0
rq3_053,OUTPUT:Standalone Artifact,0,0
rq3_053,OUTPUT:Control Signal,0,1
rq3_053,PROCESS:Required Sequence,1,1
rq3_053,PROCESS:Decision Branch,1,1
rq3_053,PROCESS:Within-Run Iteration,0,0
rq3_053,PROCESS:Cross-Run Memory,0,0
rq3_053,PROCESS:Work Delegation,0,0
rq3_053,EVALUATION:Execution Check,0,0
rq3_053,EVALUATION:Rule Conformance,1,0
rq3_053,EVALUATION:Evidence Credibility,0,0
rq3_053,EVALUATION:Risk Assessment,0,0
rq3_053,RESOURCE:GitHub Interface,0,0
rq3_053,RESOURCE:Web Retrieval,0,0
rq3_053,RESOURCE:Local Workspace,0,0
rq3_053,RESOURCE:Development Toolchain,0,0
rq3_053,RESOURCE:Agent Resource,0,0
rq3_053,COMMUNICATION:Expert Role,0,0
rq3_053,COMMUNICATION:Audience Voice,0,0
rq3_053,COMMUNICATION:Automation Disclosure,1,1
rq3_053,EXAMPLE:Output Template,0,0
rq3_053,EXAMPLE:Worked Case,0,0
rq3_053,EXAMPLE:Technical Snippet,1,0
rq3_053,SAFETY:Prompt Injection Defense,0,0
rq3_053,SAFETY:Information Confidentiality,0,0
rq3_053,SAFETY:Execution Isolation,0,0
rq3_053,SAFETY:Vulnerability Handling,0,0
rq3_054,TASK:Artifact Change,0,0
rq3_054,TASK:Artifact Review,0,0
rq3_054,TASK:Evidence Investigation,1,1
rq3_054,TASK:Executable Validation,0,0
rq3_054,TASK:Work Item Management,0,0
rq3_054,CONSTRAINT:Scope Boundary,0,0
rq3_054,CONSTRAINT:Evidence Grounding,0,1
rq3_054,CONSTRAINT:Quality Standard,1,1
rq3_054,CONSTRAINT:Resource Budget,0,0
rq3_054,CONTEXT:Repository Context,1,1
rq3_054,CONTEXT:Domain Context,0,0
rq3_054,CONTEXT:Execution Environment,0,0
rq3_054,CONTEXT:Historical Context,0,0
rq3_054,OUTPUT:Repository Change,0,0
rq3_054,OUTPUT:Existing Thread Response,0,0
rq3_054,OUTPUT:New Thread,1,1
rq3_054,OUTPUT:Standalone Artifact,0,0
rq3_054,OUTPUT:Control Signal,0,0
rq3_054,PROCESS:Required Sequence,1,0
rq3_054,PROCESS:Decision Branch,1,1
rq3_054,PROCESS:Within-Run Iteration,0,0
rq3_054,PROCESS:Cross-Run Memory,0,0
rq3_054,PROCESS:Work Delegation,0,0
rq3_054,EVALUATION:Execution Check,0,0
rq3_054,EVALUATION:Rule Conformance,0,0
rq3_054,EVALUATION:Evidence Credibility,0,0
rq3_054,EVALUATION:Risk Assessment,0,0
rq3_054,RESOURCE:GitHub Interface,1,0
rq3_054,RESOURCE:Web Retrieval,0,0
rq3_054,RESOURCE:Local Workspace,0,0
rq3_054,RESOURCE:Development Toolchain,0,0
rq3_054,RESOURCE:Agent Resource,0,0
rq3_054,COMMUNICATION:Expert Role,0,0
rq3_054,COMMUNICATION:Audience Voice,0,0
rq3_054,COMMUNICATION:Automation Disclosure,0,0
rq3_054,EXAMPLE:Output Template,0,1
rq3_054,EXAMPLE:Worked Case,0,0
rq3_054,EXAMPLE:Technical Snippet,0,0
rq3_054,SAFETY:Prompt Injection Defense,0,0
rq3_054,SAFETY:Information Confidentiality,0,0
rq3_054,SAFETY:Execution Isolation,0,0
rq3_054,SAFETY:Vulnerability Handling,0,0
rq3_055,TASK:Artifact Change,0,0
rq3_055,TASK:Artifact Review,0,0
rq3_055,TASK:Evidence Investigation,1,1
rq3_055,TASK:Executable Validation,0,0
rq3_055,TASK:Work Item Management,0,0
rq3_055,CONSTRAINT:Scope Boundary,1,0
rq3_055,CONSTRAINT:Evidence Grounding,0,0
rq3_055,CONSTRAINT:Quality Standard,1,1
rq3_055,CONSTRAINT:Resource Budget,1,0
rq3_055,CONTEXT:Repository Context,0,1
rq3_055,CONTEXT:Domain Context,0,0
rq3_055,CONTEXT:Execution Environment,1,0
rq3_055,CONTEXT:Historical Context,1,1
rq3_055,OUTPUT:Repository Change,0,0
rq3_055,OUTPUT:Existing Thread Response,1,0
rq3_055,OUTPUT:New Thread,1,1
rq3_055,OUTPUT:Standalone Artifact,0,0
rq3_055,OUTPUT:Control Signal,0,0
rq3_055,PROCESS:Required Sequence,1,1
rq3_055,PROCESS:Decision Branch,1,1
rq3_055,PROCESS:Within-Run Iteration,1,0
rq3_055,PROCESS:Cross-Run Memory,1,1
rq3_055,PROCESS:Work Delegation,0,0
rq3_055,EVALUATION:Execution Check,0,0
rq3_055,EVALUATION:Rule Conformance,0,0
rq3_055,EVALUATION:Evidence Credibility,1,0
rq3_055,EVALUATION:Risk Assessment,1,1
rq3_055,RESOURCE:GitHub Interface,1,1
rq3_055,RESOURCE:Web Retrieval,1,0
rq3_055,RESOURCE:Local Workspace,1,0
rq3_055,RESOURCE:Development Toolchain,0,0
rq3_055,RESOURCE:Agent Resource,1,0
rq3_055,COMMUNICATION:Expert Role,1,1
rq3_055,COMMUNICATION:Audience Voice,0,0
rq3_055,COMMUNICATION:Automation Disclosure,1,0
rq3_055,EXAMPLE:Output Template,1,1
rq3_055,EXAMPLE:Worked Case,0,1
rq3_055,EXAMPLE:Technical Snippet,0,1
rq3_055,SAFETY:Prompt Injection Defense,0,0
rq3_055,SAFETY:Information Confidentiality,1,0
rq3_055,SAFETY:Execution Isolation,1,0
rq3_055,SAFETY:Vulnerability Handling,1,0
rq3_056,TASK:Artifact Change,1,1
rq3_056,TASK:Artifact Review,0,0
rq3_056,TASK:Evidence Investigation,1,0
rq3_056,TASK:Executable Validation,1,0
rq3_056,TASK:Work Item Management,1,0
rq3_056,CONSTRAINT:Scope Boundary,1,1
rq3_056,CONSTRAINT:Evidence Grounding,1,0
rq3_056,CONSTRAINT:Quality Standard,1,1
rq3_056,CONSTRAINT:Resource Budget,0,0
rq3_056,CONTEXT:Repository Context,1,1
rq3_056,CONTEXT:Domain Context,1,0
rq3_056,CONTEXT:Execution Environment,1,0
rq3_056,CONTEXT:Historical Context,0,0
rq3_056,OUTPUT:Repository Change,1,0
rq3_056,OUTPUT:Existing Thread Response,0,0
rq3_056,OUTPUT:New Thread,1,1
rq3_056,OUTPUT:Standalone Artifact,0,0
rq3_056,OUTPUT:Control Signal,1,1
rq3_056,PROCESS:Required Sequence,1,1
rq3_056,PROCESS:Decision Branch,1,1
rq3_056,PROCESS:Within-Run Iteration,1,0
rq3_056,PROCESS:Cross-Run Memory,0,0
rq3_056,PROCESS:Work Delegation,0,0
rq3_056,EVALUATION:Execution Check,1,1
rq3_056,EVALUATION:Rule Conformance,1,0
rq3_056,EVALUATION:Evidence Credibility,0,0
rq3_056,EVALUATION:Risk Assessment,1,0
rq3_056,RESOURCE:GitHub Interface,1,0
rq3_056,RESOURCE:Web Retrieval,0,0
rq3_056,RESOURCE:Local Workspace,1,0
rq3_056,RESOURCE:Development Toolchain,1,0
rq3_056,RESOURCE:Agent Resource,0,0
rq3_056,COMMUNICATION:Expert Role,0,0
rq3_056,COMMUNICATION:Audience Voice,0,0
rq3_056,COMMUNICATION:Automation Disclosure,0,0
rq3_056,EXAMPLE:Output Template,0,0
rq3_056,EXAMPLE:Worked Case,0,0
rq3_056,EXAMPLE:Technical Snippet,0,0
rq3_056,SAFETY:Prompt Injection Defense,0,0
rq3_056,SAFETY:Information Confidentiality,0,0
rq3_056,SAFETY:Execution Isolation,0,0
rq3_056,SAFETY:Vulnerability Handling,0,0
rq3_057,TASK:Artifact Change,0,0
rq3_057,TASK:Artifact Review,1,0
rq3_057,TASK:Evidence Investigation,0,1
rq3_057,TASK:Executable Validation,0,0
rq3_057,TASK:Work Item Management,0,0
rq3_057,CONSTRAINT:Scope Boundary,1,1
rq3_057,CONSTRAINT:Evidence Grounding,0,0
rq3_057,CONSTRAINT:Quality Standard,1,0
rq3_057,CONSTRAINT:Resource Budget,0,0
rq3_057,CONTEXT:Repository Context,1,1
rq3_057,CONTEXT:Domain Context,0,0
rq3_057,CONTEXT:Execution Environment,0,0
rq3_057,CONTEXT:Historical Context,0,1
rq3_057,OUTPUT:Repository Change,0,0
rq3_057,OUTPUT:Existing Thread Response,1,1
rq3_057,OUTPUT:New Thread,0,1
rq3_057,OUTPUT:Standalone Artifact,0,0
rq3_057,OUTPUT:Control Signal,0,1
rq3_057,PROCESS:Required Sequence,1,1
rq3_057,PROCESS:Decision Branch,1,1
rq3_057,PROCESS:Within-Run Iteration,0,0
rq3_057,PROCESS:Cross-Run Memory,0,0
rq3_057,PROCESS:Work Delegation,1,1
rq3_057,EVALUATION:Execution Check,0,0
rq3_057,EVALUATION:Rule Conformance,0,0
rq3_057,EVALUATION:Evidence Credibility,0,0
rq3_057,EVALUATION:Risk Assessment,0,0
rq3_057,RESOURCE:GitHub Interface,0,1
rq3_057,RESOURCE:Web Retrieval,0,0
rq3_057,RESOURCE:Local Workspace,0,0
rq3_057,RESOURCE:Development Toolchain,0,0
rq3_057,RESOURCE:Agent Resource,1,0
rq3_057,COMMUNICATION:Expert Role,1,1
rq3_057,COMMUNICATION:Audience Voice,1,0
rq3_057,COMMUNICATION:Automation Disclosure,0,0
rq3_057,EXAMPLE:Output Template,1,0
rq3_057,EXAMPLE:Worked Case,1,0
rq3_057,EXAMPLE:Technical Snippet,1,0
rq3_057,SAFETY:Prompt Injection Defense,0,0
rq3_057,SAFETY:Information Confidentiality,0,0
rq3_057,SAFETY:Execution Isolation,0,0
rq3_057,SAFETY:Vulnerability Handling,0,0
rq3_058,TASK:Artifact Change,0,0
rq3_058,TASK:Artifact Review,0,0
rq3_058,TASK:Evidence Investigation,1,1
rq3_058,TASK:Executable Validation,0,0
rq3_058,TASK:Work Item Management,0,0
rq3_058,CONSTRAINT:Scope Boundary,1,1
rq3_058,CONSTRAINT:Evidence Grounding,0,0
rq3_058,CONSTRAINT:Quality Standard,1,0
rq3_058,CONSTRAINT:Resource Budget,1,0
rq3_058,CONTEXT:Repository Context,1,1
rq3_058,CONTEXT:Domain Context,0,0
rq3_058,CONTEXT:Execution Environment,0,0
rq3_058,CONTEXT:Historical Context,0,0
rq3_058,OUTPUT:Repository Change,0,0
rq3_058,OUTPUT:Existing Thread Response,0,0
rq3_058,OUTPUT:New Thread,0,0
rq3_058,OUTPUT:Standalone Artifact,1,0
rq3_058,OUTPUT:Control Signal,0,0
rq3_058,PROCESS:Required Sequence,1,0
rq3_058,PROCESS:Decision Branch,1,1
rq3_058,PROCESS:Within-Run Iteration,0,0
rq3_058,PROCESS:Cross-Run Memory,0,0
rq3_058,PROCESS:Work Delegation,0,0
rq3_058,EVALUATION:Execution Check,0,0
rq3_058,EVALUATION:Rule Conformance,0,0
rq3_058,EVALUATION:Evidence Credibility,0,0
rq3_058,EVALUATION:Risk Assessment,0,0
rq3_058,RESOURCE:GitHub Interface,0,1
rq3_058,RESOURCE:Web Retrieval,0,0
rq3_058,RESOURCE:Local Workspace,1,0
rq3_058,RESOURCE:Development Toolchain,0,0
rq3_058,RESOURCE:Agent Resource,0,0
rq3_058,COMMUNICATION:Expert Role,0,0
rq3_058,COMMUNICATION:Audience Voice,0,0
rq3_058,COMMUNICATION:Automation Disclosure,0,0
rq3_058,EXAMPLE:Output Template,0,0
rq3_058,EXAMPLE:Worked Case,0,0
rq3_058,EXAMPLE:Technical Snippet,0,0
rq3_058,SAFETY:Prompt Injection Defense,0,0
rq3_058,SAFETY:Information Confidentiality,0,0
rq3_058,SAFETY:Execution Isolation,1,0
rq3_058,SAFETY:Vulnerability Handling,0,0
rq3_059,TASK:Artifact Change,0,0
rq3_059,TASK:Artifact Review,0,0
rq3_059,TASK:Evidence Investigation,1,1
rq3_059,TASK:Executable Validation,0,0
rq3_059,TASK:Work Item Management,0,0
rq3_059,CONSTRAINT:Scope Boundary,1,1
rq3_059,CONSTRAINT:Evidence Grounding,0,0
rq3_059,CONSTRAINT:Quality Standard,0,0
rq3_059,CONSTRAINT:Resource Budget,0,0
rq3_059,CONTEXT:Repository Context,1,1
rq3_059,CONTEXT:Domain Context,0,0
rq3_059,CONTEXT:Execution Environment,0,0
rq3_059,CONTEXT:Historical Context,0,0
rq3_059,OUTPUT:Repository Change,0,0
rq3_059,OUTPUT:Existing Thread Response,0,0
rq3_059,OUTPUT:New Thread,1,1
rq3_059,OUTPUT:Standalone Artifact,0,0
rq3_059,OUTPUT:Control Signal,0,0
rq3_059,PROCESS:Required Sequence,1,1
rq3_059,PROCESS:Decision Branch,0,0
rq3_059,PROCESS:Within-Run Iteration,0,0
rq3_059,PROCESS:Cross-Run Memory,0,0
rq3_059,PROCESS:Work Delegation,0,0
rq3_059,EVALUATION:Execution Check,0,0
rq3_059,EVALUATION:Rule Conformance,0,0
rq3_059,EVALUATION:Evidence Credibility,0,0
rq3_059,EVALUATION:Risk Assessment,0,0
rq3_059,RESOURCE:GitHub Interface,0,0
rq3_059,RESOURCE:Web Retrieval,0,0
rq3_059,RESOURCE:Local Workspace,0,0
rq3_059,RESOURCE:Development Toolchain,0,0
rq3_059,RESOURCE:Agent Resource,0,0
rq3_059,COMMUNICATION:Expert Role,0,0
rq3_059,COMMUNICATION:Audience Voice,0,0
rq3_059,COMMUNICATION:Automation Disclosure,0,0
rq3_059,EXAMPLE:Output Template,1,1
rq3_059,EXAMPLE:Worked Case,0,0
rq3_059,EXAMPLE:Technical Snippet,1,1
rq3_059,SAFETY:Prompt Injection Defense,0,0
rq3_059,SAFETY:Information Confidentiality,0,0
rq3_059,SAFETY:Execution Isolation,0,0
rq3_059,SAFETY:Vulnerability Handling,0,0
rq3_061,TASK:Artifact Change,0,0
rq3_061,TASK:Artifact Review,0,0
rq3_061,TASK:Evidence Investigation,1,1
rq3_061,TASK:Executable Validation,0,0
rq3_061,TASK:Work Item Management,1,0
rq3_061,CONSTRAINT:Scope Boundary,0,1
rq3_061,CONSTRAINT:Evidence Grounding,0,0
rq3_061,CONSTRAINT:Quality Standard,0,0
rq3_061,CONSTRAINT:Resource Budget,1,0
rq3_061,CONTEXT:Repository Context,1,1
rq3_061,CONTEXT:Domain Context,1,1
rq3_061,CONTEXT:Execution Environment,1,0
rq3_061,CONTEXT:Historical Context,1,0
rq3_061,OUTPUT:Repository Change,0,0
rq3_061,OUTPUT:Existing Thread Response,1,0
rq3_061,OUTPUT:New Thread,1,1
rq3_061,OUTPUT:Standalone Artifact,0,0
rq3_061,OUTPUT:Control Signal,1,1
rq3_061,PROCESS:Required Sequence,1,1
rq3_061,PROCESS:Decision Branch,1,1
rq3_061,PROCESS:Within-Run Iteration,1,0
rq3_061,PROCESS:Cross-Run Memory,0,0
rq3_061,PROCESS:Work Delegation,0,0
rq3_061,EVALUATION:Execution Check,1,0
rq3_061,EVALUATION:Rule Conformance,0,0
rq3_061,EVALUATION:Evidence Credibility,0,0
rq3_061,EVALUATION:Risk Assessment,1,0
rq3_061,RESOURCE:GitHub Interface,1,1
rq3_061,RESOURCE:Web Retrieval,0,0
rq3_061,RESOURCE:Local Workspace,0,0
rq3_061,RESOURCE:Development Toolchain,0,0
rq3_061,RESOURCE:Agent Resource,0,0
rq3_061,COMMUNICATION:Expert Role,1,1
rq3_061,COMMUNICATION:Audience Voice,0,0
rq3_061,COMMUNICATION:Automation Disclosure,1,1
rq3_061,EXAMPLE:Output Template,1,1
rq3_061,EXAMPLE:Worked Case,1,0
rq3_061,EXAMPLE:Technical Snippet,0,0
rq3_061,SAFETY:Prompt Injection Defense,0,0
rq3_061,SAFETY:Information Confidentiality,0,0
rq3_061,SAFETY:Execution Isolation,0,0
rq3_061,SAFETY:Vulnerability Handling,0,0
rq3_062,TASK:Artifact Change,0,0
rq3_062,TASK:Artifact Review,1,1
rq3_062,TASK:Evidence Investigation,1,1
rq3_062,TASK:Executable Validation,0,0
rq3_062,TASK:Work Item Management,0,0
rq3_062,CONSTRAINT:Scope Boundary,0,1
rq3_062,CONSTRAINT:Evidence Grounding,0,0
rq3_062,CONSTRAINT:Quality Standard,1,0
rq3_062,CONSTRAINT:Resource Budget,1,1
rq3_062,CONTEXT:Repository Context,1,0
rq3_062,CONTEXT:Domain Context,0,0
rq3_062,CONTEXT:Execution Environment,1,0
rq3_062,CONTEXT:Historical Context,0,0
rq3_062,OUTPUT:Repository Change,0,0
rq3_062,OUTPUT:Existing Thread Response,0,0
rq3_062,OUTPUT:New Thread,0,0
rq3_062,OUTPUT:Standalone Artifact,1,1
rq3_062,OUTPUT:Control Signal,0,0
rq3_062,PROCESS:Required Sequence,1,0
rq3_062,PROCESS:Decision Branch,1,1
rq3_062,PROCESS:Within-Run Iteration,1,1
rq3_062,PROCESS:Cross-Run Memory,0,0
rq3_062,PROCESS:Work Delegation,0,0
rq3_062,EVALUATION:Execution Check,0,0
rq3_062,EVALUATION:Rule Conformance,1,0
rq3_062,EVALUATION:Evidence Credibility,0,0
rq3_062,EVALUATION:Risk Assessment,0,0
rq3_062,RESOURCE:GitHub Interface,1,1
rq3_062,RESOURCE:Web Retrieval,0,0
rq3_062,RESOURCE:Local Workspace,1,0
rq3_062,RESOURCE:Development Toolchain,0,0
rq3_062,RESOURCE:Agent Resource,0,0
rq3_062,COMMUNICATION:Expert Role,1,1
rq3_062,COMMUNICATION:Audience Voice,0,0
rq3_062,COMMUNICATION:Automation Disclosure,0,0
rq3_062,EXAMPLE:Output Template,0,0
rq3_062,EXAMPLE:Worked Case,0,0
rq3_062,EXAMPLE:Technical Snippet,0,1
rq3_062,SAFETY:Prompt Injection Defense,0,0
rq3_062,SAFETY:Information Confidentiality,0,0
rq3_062,SAFETY:Execution Isolation,0,0
rq3_062,SAFETY:Vulnerability Handling,0,0
rq3_063,TASK:Artifact Change,0,0
rq3_063,TASK:Artifact Review,0,0
rq3_063,TASK:Evidence Investigation,1,1
rq3_063,TASK:Executable Validation,0,0
rq3_063,TASK:Work Item Management,0,0
rq3_063,CONSTRAINT:Scope Boundary,1,1
rq3_063,CONSTRAINT:Evidence Grounding,0,0
rq3_063,CONSTRAINT:Quality Standard,1,1
rq3_063,CONSTRAINT:Resource Budget,0,0
rq3_063,CONTEXT:Repository Context,1,1
rq3_063,CONTEXT:Domain Context,0,0
rq3_063,CONTEXT:Execution Environment,0,0
rq3_063,CONTEXT:Historical Context,0,0
rq3_063,OUTPUT:Repository Change,0,0
rq3_063,OUTPUT:Existing Thread Response,1,1
rq3_063,OUTPUT:New Thread,0,0
rq3_063,OUTPUT:Standalone Artifact,0,0
rq3_063,OUTPUT:Control Signal,0,0
rq3_063,PROCESS:Required Sequence,1,1
rq3_063,PROCESS:Decision Branch,1,1
rq3_063,PROCESS:Within-Run Iteration,0,0
rq3_063,PROCESS:Cross-Run Memory,0,0
rq3_063,PROCESS:Work Delegation,0,0
rq3_063,EVALUATION:Execution Check,0,0
rq3_063,EVALUATION:Rule Conformance,0,0
rq3_063,EVALUATION:Evidence Credibility,0,0
rq3_063,EVALUATION:Risk Assessment,0,0
rq3_063,RESOURCE:GitHub Interface,1,1
rq3_063,RESOURCE:Web Retrieval,0,0
rq3_063,RESOURCE:Local Workspace,1,0
rq3_063,RESOURCE:Development Toolchain,0,0
rq3_063,RESOURCE:Agent Resource,0,0
rq3_063,COMMUNICATION:Expert Role,0,0
rq3_063,COMMUNICATION:Audience Voice,0,0
rq3_063,COMMUNICATION:Automation Disclosure,0,0
rq3_063,EXAMPLE:Output Template,0,0
rq3_063,EXAMPLE:Worked Case,0,0
rq3_063,EXAMPLE:Technical Snippet,0,0
rq3_063,SAFETY:Prompt Injection Defense,0,0
rq3_063,SAFETY:Information Confidentiality,0,0
rq3_063,SAFETY:Execution Isolation,0,0
rq3_063,SAFETY:Vulnerability Handling,0,0
rq3_064,TASK:Artifact Change,1,1
rq3_064,TASK:Artifact Review,0,0
rq3_064,TASK:Evidence Investigation,0,0
rq3_064,TASK:Executable Validation,0,0
rq3_064,TASK:Work Item Management,0,0
rq3_064,CONSTRAINT:Scope Boundary,1,1
rq3_064,CONSTRAINT:Evidence Grounding,0,0
rq3_064,CONSTRAINT:Quality Standard,1,1
rq3_064,CONSTRAINT:Resource Budget,1,0
rq3_064,CONTEXT:Repository Context,1,1
rq3_064,CONTEXT:Domain Context,0,0
rq3_064,CONTEXT:Execution Environment,0,0
rq3_064,CONTEXT:Historical Context,0,0
rq3_064,OUTPUT:Repository Change,1,1
rq3_064,OUTPUT:Existing Thread Response,0,0
rq3_064,OUTPUT:New Thread,0,0
rq3_064,OUTPUT:Standalone Artifact,0,0
rq3_064,OUTPUT:Control Signal,1,0
rq3_064,PROCESS:Required Sequence,1,1
rq3_064,PROCESS:Decision Branch,1,1
rq3_064,PROCESS:Within-Run Iteration,1,0
rq3_064,PROCESS:Cross-Run Memory,0,0
rq3_064,PROCESS:Work Delegation,0,0
rq3_064,EVALUATION:Execution Check,0,0
rq3_064,EVALUATION:Rule Conformance,0,0
rq3_064,EVALUATION:Evidence Credibility,0,0
rq3_064,EVALUATION:Risk Assessment,0,0
rq3_064,RESOURCE:GitHub Interface,1,1
rq3_064,RESOURCE:Web Retrieval,0,0
rq3_064,RESOURCE:Local Workspace,1,0
rq3_064,RESOURCE:Development Toolchain,0,0
rq3_064,RESOURCE:Agent Resource,0,0
rq3_064,COMMUNICATION:Expert Role,0,0
rq3_064,COMMUNICATION:Audience Voice,0,0
rq3_064,COMMUNICATION:Automation Disclosure,0,0
rq3_064,EXAMPLE:Output Template,0,0
rq3_064,EXAMPLE:Worked Case,0,0
rq3_064,EXAMPLE:Technical Snippet,0,0
rq3_064,SAFETY:Prompt Injection Defense,0,0
rq3_064,SAFETY:Information Confidentiality,0,0
rq3_064,SAFETY:Execution Isolation,1,0
rq3_064,SAFETY:Vulnerability Handling,0,0
rq3_065,TASK:Artifact Change,0,0
rq3_065,TASK:Artifact Review,0,0
rq3_065,TASK:Evidence Investigation,1,1
rq3_065,TASK:Executable Validation,0,0
rq3_065,TASK:Work Item Management,0,0
rq3_065,CONSTRAINT:Scope Boundary,1,1
rq3_065,CONSTRAINT:Evidence Grounding,0,0
rq3_065,CONSTRAINT:Quality Standard,1,0
rq3_065,CONSTRAINT:Resource Budget,1,0
rq3_065,CONTEXT:Repository Context,1,0
rq3_065,CONTEXT:Domain Context,1,1
rq3_065,CONTEXT:Execution Environment,0,0
rq3_065,CONTEXT:Historical Context,0,0
rq3_065,OUTPUT:Repository Change,0,0
rq3_065,OUTPUT:Existing Thread Response,0,0
rq3_065,OUTPUT:New Thread,1,1
rq3_065,OUTPUT:Standalone Artifact,1,0
rq3_065,OUTPUT:Control Signal,0,0
rq3_065,PROCESS:Required Sequence,1,1
rq3_065,PROCESS:Decision Branch,1,1
rq3_065,PROCESS:Within-Run Iteration,1,0
rq3_065,PROCESS:Cross-Run Memory,0,0
rq3_065,PROCESS:Work Delegation,0,0
rq3_065,EVALUATION:Execution Check,1,0
rq3_065,EVALUATION:Rule Conformance,1,0
rq3_065,EVALUATION:Evidence Credibility,0,0
rq3_065,EVALUATION:Risk Assessment,1,1
rq3_065,RESOURCE:GitHub Interface,1,1
rq3_065,RESOURCE:Web Retrieval,0,0
rq3_065,RESOURCE:Local Workspace,1,0
rq3_065,RESOURCE:Development Toolchain,0,0
rq3_065,RESOURCE:Agent Resource,0,0
rq3_065,COMMUNICATION:Expert Role,0,0
rq3_065,COMMUNICATION:Audience Voice,0,0
rq3_065,COMMUNICATION:Automation Disclosure,0,0
rq3_065,EXAMPLE:Output Template,1,1
rq3_065,EXAMPLE:Worked Case,1,0
rq3_065,EXAMPLE:Technical Snippet,1,0
rq3_065,SAFETY:Prompt Injection Defense,0,0
rq3_065,SAFETY:Information Confidentiality,1,0
rq3_065,SAFETY:Execution Isolation,1,0
rq3_065,SAFETY:Vulnerability Handling,1,0
rq3_066,TASK:Artifact Change,1,1
rq3_066,TASK:Artifact Review,0,0
rq3_066,TASK:Evidence Investigation,1,1
rq3_066,TASK:Executable Validation,0,0
rq3_066,TASK:Work Item Management,1,0
rq3_066,CONSTRAINT:Scope Boundary,1,1
rq3_066,CONSTRAINT:Evidence Grounding,1,1
rq3_066,CONSTRAINT:Quality Standard,1,0
rq3_066,CONSTRAINT:Resource Budget,0,0
rq3_066,CONTEXT:Repository Context,1,0
rq3_066,CONTEXT:Domain Context,1,0
rq3_066,CONTEXT:Execution Environment,0,0
rq3_066,CONTEXT:Historical Context,0,0
rq3_066,OUTPUT:Repository Change,1,0
rq3_066,OUTPUT:Existing Thread Response,1,1
rq3_066,OUTPUT:New Thread,1,1
rq3_066,OUTPUT:Standalone Artifact,0,0
rq3_066,OUTPUT:Control Signal,1,1
rq3_066,PROCESS:Required Sequence,1,1
rq3_066,PROCESS:Decision Branch,1,1
rq3_066,PROCESS:Within-Run Iteration,1,0
rq3_066,PROCESS:Cross-Run Memory,1,0
rq3_066,PROCESS:Work Delegation,0,0
rq3_066,EVALUATION:Execution Check,0,0
rq3_066,EVALUATION:Rule Conformance,0,0
rq3_066,EVALUATION:Evidence Credibility,0,0
rq3_066,EVALUATION:Risk Assessment,0,0
rq3_066,RESOURCE:GitHub Interface,1,1
rq3_066,RESOURCE:Web Retrieval,0,0
rq3_066,RESOURCE:Local Workspace,1,1
rq3_066,RESOURCE:Development Toolchain,0,0
rq3_066,RESOURCE:Agent Resource,0,0
rq3_066,COMMUNICATION:Expert Role,1,1
rq3_066,COMMUNICATION:Audience Voice,0,0
rq3_066,COMMUNICATION:Automation Disclosure,1,0
rq3_066,EXAMPLE:Output Template,1,1
rq3_066,EXAMPLE:Worked Case,1,0
rq3_066,EXAMPLE:Technical Snippet,1,0
rq3_066,SAFETY:Prompt Injection Defense,0,0
rq3_066,SAFETY:Information Confidentiality,0,0
rq3_066,SAFETY:Execution Isolation,0,0
rq3_066,SAFETY:Vulnerability Handling,1,0
rq3_068,TASK:Artifact Change,0,0
rq3_068,TASK:Artifact Review,1,1
rq3_068,TASK:Evidence Investigation,0,0
rq3_068,TASK:Executable Validation,0,0
rq3_068,TASK:Work Item Management,0,0
rq3_068,CONSTRAINT:Scope Boundary,1,1
rq3_068,CONSTRAINT:Evidence Grounding,0,0
rq3_068,CONSTRAINT:Quality Standard,1,1
rq3_068,CONSTRAINT:Resource Budget,0,0
rq3_068,CONTEXT:Repository Context,1,1
rq3_068,CONTEXT:Domain Context,0,0
rq3_068,CONTEXT:Execution Environment,1,1
rq3_068,CONTEXT:Historical Context,1,0
rq3_068,OUTPUT:Repository Change,0,0
rq3_068,OUTPUT:Existing Thread Response,1,1
rq3_068,OUTPUT:New Thread,0,0
rq3_068,OUTPUT:Standalone Artifact,0,0
rq3_068,OUTPUT:Control Signal,0,0
rq3_068,PROCESS:Required Sequence,0,0
rq3_068,PROCESS:Decision Branch,0,0
rq3_068,PROCESS:Within-Run Iteration,0,0
rq3_068,PROCESS:Cross-Run Memory,0,0
rq3_068,PROCESS:Work Delegation,0,0
rq3_068,EVALUATION:Execution Check,0,0
rq3_068,EVALUATION:Rule Conformance,0,0
rq3_068,EVALUATION:Evidence Credibility,0,0
rq3_068,EVALUATION:Risk Assessment,0,0
rq3_068,RESOURCE:GitHub Interface,1,0
rq3_068,RESOURCE:Web Retrieval,0,0
rq3_068,RESOURCE:Local Workspace,0,0
rq3_068,RESOURCE:Development Toolchain,0,0
rq3_068,RESOURCE:Agent Resource,0,0
rq3_068,COMMUNICATION:Expert Role,0,0
rq3_068,COMMUNICATION:Audience Voice,0,0
rq3_068,COMMUNICATION:Automation Disclosure,0,0
rq3_068,EXAMPLE:Output Template,1,0
rq3_068,EXAMPLE:Worked Case,0,0
rq3_068,EXAMPLE:Technical Snippet,0,0
rq3_068,SAFETY:Prompt Injection Defense,0,0
rq3_068,SAFETY:Information Confidentiality,0,0
rq3_068,SAFETY:Execution Isolation,0,0
rq3_068,SAFETY:Vulnerability Handling,0,0
rq3_069,TASK:Artifact Change,1,1
rq3_069,TASK:Artifact Review,0,0
rq3_069,TASK:Evidence Investigation,1,1
rq3_069,TASK:Executable Validation,0,0
rq3_069,TASK:Work Item Management,0,0
rq3_069,CONSTRAINT:Scope Boundary,1,0
rq3_069,CONSTRAINT:Evidence Grounding,1,0
rq3_069,CONSTRAINT:Quality Standard,1,1
rq3_069,CONSTRAINT:Resource Budget,0,0
rq3_069,CONTEXT:Repository Context,1,1
rq3_069,CONTEXT:Domain Context,1,0
rq3_069,CONTEXT:Execution Environment,1,0
rq3_069,CONTEXT:Historical Context,0,0
rq3_069,OUTPUT:Repository Change,0,0
rq3_069,OUTPUT:Existing Thread Response,0,0
rq3_069,OUTPUT:New Thread,0,0
rq3_069,OUTPUT:Standalone Artifact,1,0
rq3_069,OUTPUT:Control Signal,1,0
rq3_069,PROCESS:Required Sequence,1,1
rq3_069,PROCESS:Decision Branch,1,1
rq3_069,PROCESS:Within-Run Iteration,1,0
rq3_069,PROCESS:Cross-Run Memory,0,0
rq3_069,PROCESS:Work Delegation,0,0
rq3_069,EVALUATION:Execution Check,0,0
rq3_069,EVALUATION:Rule Conformance,1,0
rq3_069,EVALUATION:Evidence Credibility,0,0
rq3_069,EVALUATION:Risk Assessment,0,0
rq3_069,RESOURCE:GitHub Interface,1,1
rq3_069,RESOURCE:Web Retrieval,0,0
rq3_069,RESOURCE:Local Workspace,1,1
rq3_069,RESOURCE:Development Toolchain,0,0
rq3_069,RESOURCE:Agent Resource,0,0
rq3_069,COMMUNICATION:Expert Role,1,1
rq3_069,COMMUNICATION:Audience Voice,1,1
rq3_069,COMMUNICATION:Automation Disclosure,0,0
rq3_069,EXAMPLE:Output Template,1,1
rq3_069,EXAMPLE:Worked Case,0,0
rq3_069,EXAMPLE:Technical Snippet,1,1
rq3_069,SAFETY:Prompt Injection Defense,0,0
rq3_069,SAFETY:Information Confidentiality,0,0
rq3_069,SAFETY:Execution Isolation,0,0
rq3_069,SAFETY:Vulnerability Handling,0,0
rq3_070,TASK:Artifact Change,1,1
rq3_070,TASK:Artifact Review,0,0
rq3_070,TASK:Evidence Investigation,1,0
rq3_070,TASK:Executable Validation,1,0
rq3_070,TASK:Work Item Management,1,0
rq3_070,CONSTRAINT:Scope Boundary,1,1
rq3_070,CONSTRAINT:Evidence Grounding,1,0
rq3_070,CONSTRAINT:Quality Standard,1,0
rq3_070,CONSTRAINT:Resource Budget,1,0
rq3_070,CONTEXT:Repository Context,1,1
rq3_070,CONTEXT:Domain Context,1,0
rq3_070,CONTEXT:Execution Environment,1,0
rq3_070,CONTEXT:Historical Context,1,0
rq3_070,OUTPUT:Repository Change,1,0
rq3_070,OUTPUT:Existing Thread Response,0,1
rq3_070,OUTPUT:New Thread,0,1
rq3_070,OUTPUT:Standalone Artifact,0,0
rq3_070,OUTPUT:Control Signal,1,1
rq3_070,PROCESS:Required Sequence,1,1
rq3_070,PROCESS:Decision Branch,1,1
rq3_070,PROCESS:Within-Run Iteration,1,0
rq3_070,PROCESS:Cross-Run Memory,1,0
rq3_070,PROCESS:Work Delegation,0,0
rq3_070,EVALUATION:Execution Check,1,0
rq3_070,EVALUATION:Rule Conformance,1,0
rq3_070,EVALUATION:Evidence Credibility,1,0
rq3_070,EVALUATION:Risk Assessment,0,0
rq3_070,RESOURCE:GitHub Interface,1,1
rq3_070,RESOURCE:Web Retrieval,0,0
rq3_070,RESOURCE:Local Workspace,1,0
rq3_070,RESOURCE:Development Toolchain,1,0
rq3_070,RESOURCE:Agent Resource,0,0
rq3_070,COMMUNICATION:Expert Role,0,0
rq3_070,COMMUNICATION:Audience Voice,0,0
rq3_070,COMMUNICATION:Automation Disclosure,1,0
rq3_070,EXAMPLE:Output Template,1,1
rq3_070,EXAMPLE:Worked Case,1,0
rq3_070,EXAMPLE:Technical Snippet,0,0
rq3_070,SAFETY:Prompt Injection Defense,1,1
rq3_070,SAFETY:Information Confidentiality,0,0
rq3_070,SAFETY:Execution Isolation,1,0
rq3_070,SAFETY:Vulnerability Handling,0,0
rq3_071,TASK:Artifact Change,0,0
rq3_071,TASK:Artifact Review,0,0
rq3_071,TASK:Evidence Investigation,1,1
rq3_071,TASK:Executable Validation,0,0
rq3_071,TASK:Work Item Management,0,0
rq3_071,CONSTRAINT:Scope Boundary,1,1
rq3_071,CONSTRAINT:Evidence Grounding,0,0
rq3_071,CONSTRAINT:Quality Standard,0,1
rq3_071,CONSTRAINT:Resource Budget,0,0
rq3_071,CONTEXT:Repository Context,1,1
rq3_071,CONTEXT:Domain Context,0,0
rq3_071,CONTEXT:Execution Environment,0,0
rq3_071,CONTEXT:Historical Context,0,0
rq3_071,OUTPUT:Repository Change,0,0
rq3_071,OUTPUT:Existing Thread Response,0,0
rq3_071,OUTPUT:New Thread,1,1
rq3_071,OUTPUT:Standalone Artifact,0,0
rq3_071,OUTPUT:Control Signal,0,1
rq3_071,PROCESS:Required Sequence,1,1
rq3_071,PROCESS:Decision Branch,0,1
rq3_071,PROCESS:Within-Run Iteration,0,0
rq3_071,PROCESS:Cross-Run Memory,1,0
rq3_071,PROCESS:Work Delegation,1,1
rq3_071,EVALUATION:Execution Check,0,0
rq3_071,EVALUATION:Rule Conformance,0,1
rq3_071,EVALUATION:Evidence Credibility,0,0
rq3_071,EVALUATION:Risk Assessment,0,0
rq3_071,RESOURCE:GitHub Interface,0,0
rq3_071,RESOURCE:Web Retrieval,0,0
rq3_071,RESOURCE:Local Workspace,0,0
rq3_071,RESOURCE:Development Toolchain,0,0
rq3_071,RESOURCE:Agent Resource,1,0
rq3_071,COMMUNICATION:Expert Role,0,0
rq3_071,COMMUNICATION:Audience Voice,0,0
rq3_071,COMMUNICATION:Automation Disclosure,0,0
rq3_071,EXAMPLE:Output Template,0,1
rq3_071,EXAMPLE:Worked Case,0,0
rq3_071,EXAMPLE:Technical Snippet,0,0
rq3_071,SAFETY:Prompt Injection Defense,0,0
rq3_071,SAFETY:Information Confidentiality,0,0
rq3_071,SAFETY:Execution Isolation,0,0
rq3_071,SAFETY:Vulnerability Handling,0,0
rq3_072,TASK:Artifact Change,0,0
rq3_072,TASK:Artifact Review,0,0
rq3_072,TASK:Evidence Investigation,1,1
rq3_072,TASK:Executable Validation,0,0
rq3_072,TASK:Work Item Management,0,0
rq3_072,CONSTRAINT:Scope Boundary,0,1
rq3_072,CONSTRAINT:Evidence Grounding,0,1
rq3_072,CONSTRAINT:Quality Standard,0,0
rq3_072,CONSTRAINT:Resource Budget,0,0
rq3_072,CONTEXT:Repository Context,0,0
rq3_072,CONTEXT:Domain Context,0,0
rq3_072,CONTEXT:Execution Environment,0,0
rq3_072,CONTEXT:Historical Context,0,0
rq3_072,OUTPUT:Repository Change,0,0
rq3_072,OUTPUT:Existing Thread Response,0,0
rq3_072,OUTPUT:New Thread,0,1
rq3_072,OUTPUT:Standalone Artifact,0,0
rq3_072,OUTPUT:Control Signal,0,0
rq3_072,PROCESS:Required Sequence,0,1
rq3_072,PROCESS:Decision Branch,0,1
rq3_072,PROCESS:Within-Run Iteration,0,0
rq3_072,PROCESS:Cross-Run Memory,0,0
rq3_072,PROCESS:Work Delegation,0,0
rq3_072,EVALUATION:Execution Check,0,0
rq3_072,EVALUATION:Rule Conformance,0,0
rq3_072,EVALUATION:Evidence Credibility,0,0
rq3_072,EVALUATION:Risk Assessment,0,0
rq3_072,RESOURCE:GitHub Interface,0,1
rq3_072,RESOURCE:Web Retrieval,0,0
rq3_072,RESOURCE:Local Workspace,0,0
rq3_072,RESOURCE:Development Toolchain,0,0
rq3_072,RESOURCE:Agent Resource,0,0
rq3_072,COMMUNICATION:Expert Role,0,0
rq3_072,COMMUNICATION:Audience Voice,0,0
rq3_072,COMMUNICATION:Automation Disclosure,0,0
rq3_072,EXAMPLE:Output Template,0,1
rq3_072,EXAMPLE:Worked Case,0,0
rq3_072,EXAMPLE:Technical Snippet,0,0
rq3_072,SAFETY:Prompt Injection Defense,0,0
rq3_072,SAFETY:Information Confidentiality,0,0
rq3_072,SAFETY:Execution Isolation,0,0
rq3_072,SAFETY:Vulnerability Handling,0,0
rq3_073,TASK:Artifact Change,0,0
rq3_073,TASK:Artifact Review,0,0
rq3_073,TASK:Evidence Investigation,0,1
rq3_073,TASK:Executable Validation,1,1
rq3_073,TASK:Work Item Management,0,0
rq3_073,CONSTRAINT:Scope Boundary,1,1
rq3_073,CONSTRAINT:Evidence Grounding,0,0
rq3_073,CONSTRAINT:Quality Standard,0,0
rq3_073,CONSTRAINT:Resource Budget,0,0
rq3_073,CONTEXT:Repository Context,1,0
rq3_073,CONTEXT:Domain Context,0,0
rq3_073,CONTEXT:Execution Environment,0,1
rq3_073,CONTEXT:Historical Context,0,0
rq3_073,OUTPUT:Repository Change,0,0
rq3_073,OUTPUT:Existing Thread Response,0,0
rq3_073,OUTPUT:New Thread,1,1
rq3_073,OUTPUT:Standalone Artifact,1,1
rq3_073,OUTPUT:Control Signal,0,0
rq3_073,PROCESS:Required Sequence,1,1
rq3_073,PROCESS:Decision Branch,1,1
rq3_073,PROCESS:Within-Run Iteration,0,0
rq3_073,PROCESS:Cross-Run Memory,0,0
rq3_073,PROCESS:Work Delegation,0,0
rq3_073,EVALUATION:Execution Check,1,1
rq3_073,EVALUATION:Rule Conformance,0,0
rq3_073,EVALUATION:Evidence Credibility,0,0
rq3_073,EVALUATION:Risk Assessment,0,0
rq3_073,RESOURCE:GitHub Interface,0,1
rq3_073,RESOURCE:Web Retrieval,0,0
rq3_073,RESOURCE:Local Workspace,0,1
rq3_073,RESOURCE:Development Toolchain,0,0
rq3_073,RESOURCE:Agent Resource,1,1
rq3_073,COMMUNICATION:Expert Role,1,1
rq3_073,COMMUNICATION:Audience Voice,0,0
rq3_073,COMMUNICATION:Automation Disclosure,0,0
rq3_073,EXAMPLE:Output Template,0,0
rq3_073,EXAMPLE:Worked Case,0,0
rq3_073,EXAMPLE:Technical Snippet,1,1
rq3_073,SAFETY:Prompt Injection Defense,0,0
rq3_073,SAFETY:Information Confidentiality,0,1
rq3_073,SAFETY:Execution Isolation,0,1
rq3_073,SAFETY:Vulnerability Handling,0,0
rq3_074,TASK:Artifact Change,1,1
rq3_074,TASK:Artifact Review,0,0
rq3_074,TASK:Evidence Investigation,1,1
rq3_074,TASK:Executable Validation,0,0
rq3_074,TASK:Work Item Management,0,0
rq3_074,CONSTRAINT:Scope Boundary,1,1
rq3_074,CONSTRAINT:Evidence Grounding,1,0
rq3_074,CONSTRAINT:Quality Standard,1,1
rq3_074,CONSTRAINT:Resource Budget,0,0
rq3_074,CONTEXT:Repository Context,1,1
rq3_074,CONTEXT:Domain Context,1,0
rq3_074,CONTEXT:Execution Environment,0,0
rq3_074,CONTEXT:Historical Context,0,0
rq3_074,OUTPUT:Repository Change,1,1
rq3_074,OUTPUT:Existing Thread Response,0,0
rq3_074,OUTPUT:New Thread,0,0
rq3_074,OUTPUT:Standalone Artifact,0,0
rq3_074,OUTPUT:Control Signal,1,0
rq3_074,PROCESS:Required Sequence,1,1
rq3_074,PROCESS:Decision Branch,1,1
rq3_074,PROCESS:Within-Run Iteration,1,0
rq3_074,PROCESS:Cross-Run Memory,0,0
rq3_074,PROCESS:Work Delegation,0,0
rq3_074,EVALUATION:Execution Check,0,0
rq3_074,EVALUATION:Rule Conformance,0,0
rq3_074,EVALUATION:Evidence Credibility,0,0
rq3_074,EVALUATION:Risk Assessment,0,0
rq3_074,RESOURCE:GitHub Interface,0,0
rq3_074,RESOURCE:Web Retrieval,0,0
rq3_074,RESOURCE:Local Workspace,1,0
rq3_074,RESOURCE:Development Toolchain,0,0
rq3_074,RESOURCE:Agent Resource,0,0
rq3_074,COMMUNICATION:Expert Role,1,1
rq3_074,COMMUNICATION:Audience Voice,0,0
rq3_074,COMMUNICATION:Automation Disclosure,0,0
rq3_074,EXAMPLE:Output Template,0,0
rq3_074,EXAMPLE:Worked Case,0,0
rq3_074,EXAMPLE:Technical Snippet,0,1
rq3_074,SAFETY:Prompt Injection Defense,0,0
rq3_074,SAFETY:Information Confidentiality,0,0
rq3_074,SAFETY:Execution Isolation,0,0
rq3_074,SAFETY:Vulnerability Handling,0,0
rq3_075,TASK:Artifact Change,1,1
rq3_075,TASK:Artifact Review,0,0
rq3_075,TASK:Evidence Investigation,0,1
rq3_075,TASK:Executable Validation,0,0
rq3_075,TASK:Work Item Management,0,0
rq3_075,CONSTRAINT:Scope Boundary,0,0
rq3_075,CONSTRAINT:Evidence Grounding,0,0
rq3_075,CONSTRAINT:Quality Standard,0,1
rq3_075,CONSTRAINT:Resource Budget,0,0
rq3_075,CONTEXT:Repository Context,1,0
rq3_075,CONTEXT:Domain Context,0,0
rq3_075,CONTEXT:Execution Environment,0,0
rq3_075,CONTEXT:Historical Context,0,0
rq3_075,OUTPUT:Repository Change,0,1
rq3_075,OUTPUT:Existing Thread Response,0,0
rq3_075,OUTPUT:New Thread,1,1
rq3_075,OUTPUT:Standalone Artifact,0,0
rq3_075,OUTPUT:Control Signal,0,1
rq3_075,PROCESS:Required Sequence,1,1
rq3_075,PROCESS:Decision Branch,0,1
rq3_075,PROCESS:Within-Run Iteration,0,0
rq3_075,PROCESS:Cross-Run Memory,0,0
rq3_075,PROCESS:Work Delegation,0,0
rq3_075,EVALUATION:Execution Check,0,0
rq3_075,EVALUATION:Rule Conformance,1,0
rq3_075,EVALUATION:Evidence Credibility,0,0
rq3_075,EVALUATION:Risk Assessment,0,0
rq3_075,RESOURCE:GitHub Interface,1,1
rq3_075,RESOURCE:Web Retrieval,0,0
rq3_075,RESOURCE:Local Workspace,0,0
rq3_075,RESOURCE:Development Toolchain,0,0
rq3_075,RESOURCE:Agent Resource,0,0
rq3_075,COMMUNICATION:Expert Role,0,0
rq3_075,COMMUNICATION:Audience Voice,0,0
rq3_075,COMMUNICATION:Automation Disclosure,0,0
rq3_075,EXAMPLE:Output Template,1,1
rq3_075,EXAMPLE:Worked Case,0,0
rq3_075,EXAMPLE:Technical Snippet,0,0
rq3_075,SAFETY:Prompt Injection Defense,0,0
rq3_075,SAFETY:Information Confidentiality,0,0
rq3_075,SAFETY:Execution Isolation,0,0
rq3_075,SAFETY:Vulnerability Handling,0,0
rq3_076,TASK:Artifact Change,1,1
rq3_076,TASK:Artifact Review,0,0
rq3_076,TASK:Evidence Investigation,1,1
rq3_076,TASK:Executable Validation,1,0
rq3_076,TASK:Work Item Management,0,0
rq3_076,CONSTRAINT:Scope Boundary,1,1
rq3_076,CONSTRAINT:Evidence Grounding,0,0
rq3_076,CONSTRAINT:Quality Standard,1,0
rq3_076,CONSTRAINT:Resource Budget,1,1
rq3_076,CONTEXT:Repository Context,1,1
rq3_076,CONTEXT:Domain Context,1,1
rq3_076,CONTEXT:Execution Environment,1,0
rq3_076,CONTEXT:Historical Context,0,0
rq3_076,OUTPUT:Repository Change,1,1
rq3_076,OUTPUT:Existing Thread Response,1,1
rq3_076,OUTPUT:New Thread,0,0
rq3_076,OUTPUT:Standalone Artifact,0,0
rq3_076,OUTPUT:Control Signal,1,0
rq3_076,PROCESS:Required Sequence,1,1
rq3_076,PROCESS:Decision Branch,1,1
rq3_076,PROCESS:Within-Run Iteration,1,0
rq3_076,PROCESS:Cross-Run Memory,0,0
rq3_076,PROCESS:Work Delegation,0,0
rq3_076,EVALUATION:Execution Check,1,1
rq3_076,EVALUATION:Rule Conformance,0,0
rq3_076,EVALUATION:Evidence Credibility,0,0
rq3_076,EVALUATION:Risk Assessment,0,0
rq3_076,RESOURCE:GitHub Interface,1,0
rq3_076,RESOURCE:Web Retrieval,0,0
rq3_076,RESOURCE:Local Workspace,1,0
rq3_076,RESOURCE:Development Toolchain,1,0
rq3_076,RESOURCE:Agent Resource,0,0
rq3_076,COMMUNICATION:Expert Role,1,1
rq3_076,COMMUNICATION:Audience Voice,0,0
rq3_076,COMMUNICATION:Automation Disclosure,1,0
rq3_076,EXAMPLE:Output Template,0,0
rq3_076,EXAMPLE:Worked Case,1,0
rq3_076,EXAMPLE:Technical Snippet,1,0
rq3_076,SAFETY:Prompt Injection Defense,0,0
rq3_076,SAFETY:Information Confidentiality,0,0
rq3_076,SAFETY:Execution Isolation,0,0
rq3_076,SAFETY:Vulnerability Handling,0,0
rq3_077,TASK:Artifact Change,1,1
rq3_077,TASK:Artifact Review,1,0
rq3_077,TASK:Evidence Investigation,0,0
rq3_077,TASK:Executable Validation,0,0
rq3_077,TASK:Work Item Management,0,0
rq3_077,CONSTRAINT:Scope Boundary,1,1
rq3_077,CONSTRAINT:Evidence Grounding,1,0
rq3_077,CONSTRAINT:Quality Standard,1,1
rq3_077,CONSTRAINT:Resource Budget,1,1
rq3_077,CONTEXT:Repository Context,1,1
rq3_077,CONTEXT:Domain Context,1,0
rq3_077,CONTEXT:Execution Environment,0,0
rq3_077,CONTEXT:Historical Context,0,0
rq3_077,OUTPUT:Repository Change,1,0
rq3_077,OUTPUT:Existing Thread Response,0,0
rq3_077,OUTPUT:New Thread,0,0
rq3_077,OUTPUT:Standalone Artifact,0,0
rq3_077,OUTPUT:Control Signal,1,1
rq3_077,PROCESS:Required Sequence,1,1
rq3_077,PROCESS:Decision Branch,1,1
rq3_077,PROCESS:Within-Run Iteration,1,0
rq3_077,PROCESS:Cross-Run Memory,0,0
rq3_077,PROCESS:Work Delegation,0,0
rq3_077,EVALUATION:Execution Check,0,0
rq3_077,EVALUATION:Rule Conformance,1,0
rq3_077,EVALUATION:Evidence Credibility,0,0
rq3_077,EVALUATION:Risk Assessment,1,1
rq3_077,RESOURCE:GitHub Interface,0,0
rq3_077,RESOURCE:Web Retrieval,1,0
rq3_077,RESOURCE:Local Workspace,1,0
rq3_077,RESOURCE:Development Toolchain,0,0
rq3_077,RESOURCE:Agent Resource,0,0
rq3_077,COMMUNICATION:Expert Role,1,1
rq3_077,COMMUNICATION:Audience Voice,1,1
rq3_077,COMMUNICATION:Automation Disclosure,1,0
rq3_077,EXAMPLE:Output Template,1,1
rq3_077,EXAMPLE:Worked Case,0,0
rq3_077,EXAMPLE:Technical Snippet,0,0
rq3_077,SAFETY:Prompt Injection Defense,0,0
rq3_077,SAFETY:Information Confidentiality,0,0
rq3_077,SAFETY:Execution Isolation,0,0
rq3_077,SAFETY:Vulnerability Handling,0,0
rq3_078,TASK:Artifact Change,1,1
rq3_078,TASK:Artifact Review,0,0
rq3_078,TASK:Evidence Investigation,0,0
rq3_078,TASK:Executable Validation,0,0
rq3_078,TASK:Work Item Management,0,0
rq3_078,CONSTRAINT:Scope Boundary,0,1
rq3_078,CONSTRAINT:Evidence Grounding,0,0
rq3_078,CONSTRAINT:Quality Standard,0,1
rq3_078,CONSTRAINT:Resource Budget,0,0
rq3_078,CONTEXT:Repository Context,0,0
rq3_078,CONTEXT:Domain Context,0,0
rq3_078,CONTEXT:Execution Environment,0,0
rq3_078,CONTEXT:Historical Context,1,0
rq3_078,OUTPUT:Repository Change,0,1
rq3_078,OUTPUT:Existing Thread Response,0,0
rq3_078,OUTPUT:New Thread,0,0
rq3_078,OUTPUT:Standalone Artifact,0,0
rq3_078,OUTPUT:Control Signal,0,0
rq3_078,PROCESS:Required Sequence,1,1
rq3_078,PROCESS:Decision Branch,1,1
rq3_078,PROCESS:Within-Run Iteration,0,0
rq3_078,PROCESS:Cross-Run Memory,0,0
rq3_078,PROCESS:Work Delegation,0,0
rq3_078,EVALUATION:Execution Check,0,0
rq3_078,EVALUATION:Rule Conformance,0,0
rq3_078,EVALUATION:Evidence Credibility,0,0
rq3_078,EVALUATION:Risk Assessment,0,0
rq3_078,RESOURCE:GitHub Interface,0,1
rq3_078,RESOURCE:Web Retrieval,0,0
rq3_078,RESOURCE:Local Workspace,0,1
rq3_078,RESOURCE:Development Toolchain,0,0
rq3_078,RESOURCE:Agent Resource,1,0
rq3_078,COMMUNICATION:Expert Role,0,0
rq3_078,COMMUNICATION:Audience Voice,1,1
rq3_078,COMMUNICATION:Automation Disclosure,0,0
rq3_078,EXAMPLE:Output Template,1,1
rq3_078,EXAMPLE:Worked Case,0,0
rq3_078,EXAMPLE:Technical Snippet,1,1
rq3_078,SAFETY:Prompt Injection Defense,0,0
rq3_078,SAFETY:Information Confidentiality,0,0
rq3_078,SAFETY:Execution Isolation,0,0
rq3_078,SAFETY:Vulnerability Handling,0,0
rq3_079,TASK:Artifact Change,0,0
rq3_079,TASK:Artifact Review,0,0
rq3_079,TASK:Evidence Investigation,1,1
rq3_079,TASK:Executable Validation,0,0
rq3_079,TASK:Work Item Management,0,0
rq3_079,CONSTRAINT:Scope Boundary,1,1
rq3_079,CONSTRAINT:Evidence Grounding,0,0
rq3_079,CONSTRAINT:Quality Standard,1,1
rq3_079,CONSTRAINT:Resource Budget,0,0
rq3_079,CONTEXT:Repository Context,1,1
rq3_079,CONTEXT:Domain Context,0,0
rq3_079,CONTEXT:Execution Environment,0,0
rq3_079,CONTEXT:Historical Context,0,0
rq3_079,OUTPUT:Repository Change,0,0
rq3_079,OUTPUT:Existing Thread Response,0,0
rq3_079,OUTPUT:New Thread,1,1
rq3_079,OUTPUT:Standalone Artifact,0,0
rq3_079,OUTPUT:Control Signal,1,1
rq3_079,PROCESS:Required Sequence,1,1
rq3_079,PROCESS:Decision Branch,1,1
rq3_079,PROCESS:Within-Run Iteration,0,0
rq3_079,PROCESS:Cross-Run Memory,0,0
rq3_079,PROCESS:Work Delegation,0,0
rq3_079,EVALUATION:Execution Check,0,0
rq3_079,EVALUATION:Rule Conformance,0,0
rq3_079,EVALUATION:Evidence Credibility,0,0
rq3_079,EVALUATION:Risk Assessment,1,1
rq3_079,RESOURCE:GitHub Interface,0,0
rq3_079,RESOURCE:Web Retrieval,0,0
rq3_079,RESOURCE:Local Workspace,1,0
rq3_079,RESOURCE:Development Toolchain,0,0
rq3_079,RESOURCE:Agent Resource,0,0
rq3_079,COMMUNICATION:Expert Role,1,1
rq3_079,COMMUNICATION:Audience Voice,0,0
rq3_079,COMMUNICATION:Automation Disclosure,0,0
rq3_079,EXAMPLE:Output Template,1,1
rq3_079,EXAMPLE:Worked Case,0,0
rq3_079,EXAMPLE:Technical Snippet,1,1
rq3_079,SAFETY:Prompt Injection Defense,0,0
rq3_079,SAFETY:Information Confidentiality,0,0
rq3_079,SAFETY:Execution Isolation,0,0
rq3_079,SAFETY:Vulnerability Handling,0,0
rq3_080,TASK:Artifact Change,1,1
rq3_080,TASK:Artifact Review,0,0
rq3_080,TASK:Evidence Investigation,1,0
rq3_080,TASK:Executable Validation,1,0
rq3_080,TASK:Work Item Management,0,0
rq3_080,CONSTRAINT:Scope Boundary,1,1
rq3_080,CONSTRAINT:Evidence Grounding,0,0
rq3_080,CONSTRAINT:Quality Standard,1,1
rq3_080,CONSTRAINT:Resource Budget,0,0
rq3_080,CONTEXT:Repository Context,0,0
rq3_080,CONTEXT:Domain Context,0,0
rq3_080,CONTEXT:Execution Environment,0,0
rq3_080,CONTEXT:Historical Context,1,1
rq3_080,OUTPUT:Repository Change,0,1
rq3_080,OUTPUT:Existing Thread Response,0,0
rq3_080,OUTPUT:New Thread,0,0
rq3_080,OUTPUT:Standalone Artifact,0,0
rq3_080,OUTPUT:Control Signal,0,0
rq3_080,PROCESS:Required Sequence,1,1
rq3_080,PROCESS:Decision Branch,0,1
rq3_080,PROCESS:Within-Run Iteration,0,0
rq3_080,PROCESS:Cross-Run Memory,1,1
rq3_080,PROCESS:Work Delegation,0,0
rq3_080,EVALUATION:Execution Check,0,0
rq3_080,EVALUATION:Rule Conformance,0,0
rq3_080,EVALUATION:Evidence Credibility,0,0
rq3_080,EVALUATION:Risk Assessment,0,1
rq3_080,RESOURCE:GitHub Interface,0,1
rq3_080,RESOURCE:Web Retrieval,0,0
rq3_080,RESOURCE:Local Workspace,0,0
rq3_080,RESOURCE:Development Toolchain,0,0
rq3_080,RESOURCE:Agent Resource,0,0
rq3_080,COMMUNICATION:Expert Role,1,1
rq3_080,COMMUNICATION:Audience Voice,0,0
rq3_080,COMMUNICATION:Automation Disclosure,0,0
rq3_080,EXAMPLE:Output Template,0,0
rq3_080,EXAMPLE:Worked Case,0,0
rq3_080,EXAMPLE:Technical Snippet,0,0
rq3_080,SAFETY:Prompt Injection Defense,0,0
rq3_080,SAFETY:Information Confidentiality,0,0
rq3_080,SAFETY:Execution Isolation,0,0
rq3_080,SAFETY:Vulnerability Handling,0,0
rq3_081,TASK:Artifact Change,1,1
rq3_081,TASK:Artifact Review,0,0
rq3_081,TASK:Evidence Investigation,1,1
rq3_081,TASK:Executable Validation,0,0
rq3_081,TASK:Work Item Management,0,0
rq3_081,CONSTRAINT:Scope Boundary,1,1
rq3_081,CONSTRAINT:Evidence Grounding,0,0
rq3_081,CONSTRAINT:Quality Standard,0,1
rq3_081,CONSTRAINT:Resource Budget,0,0
rq3_081,CONTEXT:Repository Context,1,1
rq3_081,CONTEXT:Domain Context,0,0
rq3_081,CONTEXT:Execution Environment,0,1
rq3_081,CONTEXT:Historical Context,0,0
rq3_081,OUTPUT:Repository Change,1,1
rq3_081,OUTPUT:Existing Thread Response,0,0
rq3_081,OUTPUT:New Thread,0,0
rq3_081,OUTPUT:Standalone Artifact,0,0
rq3_081,OUTPUT:Control Signal,0,1
rq3_081,PROCESS:Required Sequence,1,1
rq3_081,PROCESS:Decision Branch,1,1
rq3_081,PROCESS:Within-Run Iteration,0,0
rq3_081,PROCESS:Cross-Run Memory,0,0
rq3_081,PROCESS:Work Delegation,0,0
rq3_081,EVALUATION:Execution Check,1,1
rq3_081,EVALUATION:Rule Conformance,0,0
rq3_081,EVALUATION:Evidence Credibility,0,0
rq3_081,EVALUATION:Risk Assessment,0,0
rq3_081,RESOURCE:GitHub Interface,0,0
rq3_081,RESOURCE:Web Retrieval,0,0
rq3_081,RESOURCE:Local Workspace,0,1
rq3_081,RESOURCE:Development Toolchain,1,1
rq3_081,RESOURCE:Agent Resource,0,0
rq3_081,COMMUNICATION:Expert Role,1,1
rq3_081,COMMUNICATION:Audience Voice,0,0
rq3_081,COMMUNICATION:Automation Disclosure,0,0
rq3_081,EXAMPLE:Output Template,1,1
rq3_081,EXAMPLE:Worked Case,0,0
rq3_081,EXAMPLE:Technical Snippet,1,0
rq3_081,SAFETY:Prompt Injection Defense,0,0
rq3_081,SAFETY:Information Confidentiality,0,0
rq3_081,SAFETY:Execution Isolation,0,0
rq3_081,SAFETY:Vulnerability Handling,0,0
rq3_082,TASK:Artifact Change,0,0
rq3_082,TASK:Artifact Review,1,1
rq3_082,TASK:Evidence Investigation,0,0
rq3_082,TASK:Executable Validation,0,0
rq3_082,TASK:Work Item Management,0,0
rq3_082,CONSTRAINT:Scope Boundary,1,1
rq3_082,CONSTRAINT:Evidence Grounding,0,0
rq3_082,CONSTRAINT:Quality Standard,1,1
rq3_082,CONSTRAINT:Resource Budget,1,0
rq3_082,CONTEXT:Repository Context,1,1
rq3_082,CONTEXT:Domain Context,1,1
rq3_082,CONTEXT:Execution Environment,1,0
rq3_082,CONTEXT:Historical Context,1,1
rq3_082,OUTPUT:Repository Change,0,0
rq3_082,OUTPUT:Existing Thread Response,1,0
rq3_082,OUTPUT:New Thread,1,1
rq3_082,OUTPUT:Standalone Artifact,0,0
rq3_082,OUTPUT:Control Signal,0,0
rq3_082,PROCESS:Required Sequence,1,1
rq3_082,PROCESS:Decision Branch,1,1
rq3_082,PROCESS:Within-Run Iteration,1,0
rq3_082,PROCESS:Cross-Run Memory,0,0
rq3_082,PROCESS:Work Delegation,0,0
rq3_082,EVALUATION:Execution Check,0,0
rq3_082,EVALUATION:Rule Conformance,1,1
rq3_082,EVALUATION:Evidence Credibility,0,0
rq3_082,EVALUATION:Risk Assessment,0,0
rq3_082,RESOURCE:GitHub Interface,1,0
rq3_082,RESOURCE:Web Retrieval,0,0
rq3_082,RESOURCE:Local Workspace,1,0
rq3_082,RESOURCE:Development Toolchain,0,0
rq3_082,RESOURCE:Agent Resource,0,0
rq3_082,COMMUNICATION:Expert Role,1,1
rq3_082,COMMUNICATION:Audience Voice,1,0
rq3_082,COMMUNICATION:Automation Disclosure,0,0
rq3_082,EXAMPLE:Output Template,1,1
rq3_082,EXAMPLE:Worked Case,1,0
rq3_082,EXAMPLE:Technical Snippet,1,0
rq3_082,SAFETY:Prompt Injection Defense,0,0
rq3_082,SAFETY:Information Confidentiality,0,0
rq3_082,SAFETY:Execution Isolation,0,0
rq3_082,SAFETY:Vulnerability Handling,0,0
rq3_083,TASK:Artifact Change,0,0
rq3_083,TASK:Artifact Review,1,1
rq3_083,TASK:Evidence Investigation,1,1
rq3_083,TASK:Executable Validation,0,0
rq3_083,TASK:Work Item Management,0,0
rq3_083,CONSTRAINT:Scope Boundary,1,1
rq3_083,CONSTRAINT:Evidence Grounding,1,1
rq3_083,CONSTRAINT:Quality Standard,1,1
rq3_083,CONSTRAINT:Resource Budget,0,0
rq3_083,CONTEXT:Repository Context,1,1
rq3_083,CONTEXT:Domain Context,0,0
rq3_083,CONTEXT:Execution Environment,0,0
rq3_083,CONTEXT:Historical Context,0,0
rq3_083,OUTPUT:Repository Change,0,0
rq3_083,OUTPUT:Existing Thread Response,1,1
rq3_083,OUTPUT:New Thread,0,0
rq3_083,OUTPUT:Standalone Artifact,0,0
rq3_083,OUTPUT:Control Signal,0,0
rq3_083,PROCESS:Required Sequence,1,0
rq3_083,PROCESS:Decision Branch,1,0
rq3_083,PROCESS:Within-Run Iteration,0,0
rq3_083,PROCESS:Cross-Run Memory,0,0
rq3_083,PROCESS:Work Delegation,0,0
rq3_083,EVALUATION:Execution Check,0,0
rq3_083,EVALUATION:Rule Conformance,1,0
rq3_083,EVALUATION:Evidence Credibility,1,0
rq3_083,EVALUATION:Risk Assessment,0,0
rq3_083,RESOURCE:GitHub Interface,1,1
rq3_083,RESOURCE:Web Retrieval,0,0
rq3_083,RESOURCE:Local Workspace,1,0
rq3_083,RESOURCE:Development Toolchain,0,0
rq3_083,RESOURCE:Agent Resource,0,0
rq3_083,COMMUNICATION:Expert Role,1,1
rq3_083,COMMUNICATION:Audience Voice,0,0
rq3_083,COMMUNICATION:Automation Disclosure,0,0
rq3_083,EXAMPLE:Output Template,1,1
rq3_083,EXAMPLE:Worked Case,1,0
rq3_083,EXAMPLE:Technical Snippet,0,0
rq3_083,SAFETY:Prompt Injection Defense,0,0
rq3_083,SAFETY:Information Confidentiality,0,0
rq3_083,SAFETY:Execution Isolation,0,0
rq3_083,SAFETY:Vulnerability Handling,0,0
rq3_084,TASK:Artifact Change,0,0
rq3_084,TASK:Artifact Review,0,0
rq3_084,TASK:Evidence Investigation,1,1
rq3_084,TASK:Executable Validation,0,0
rq3_084,TASK:Work Item Management,0,0
rq3_084,CONSTRAINT:Scope Boundary,0,1
rq3_084,CONSTRAINT:Evidence Grounding,0,0
rq3_084,CONSTRAINT:Quality Standard,1,1
rq3_084,CONSTRAINT:Resource Budget,0,1
rq3_084,CONTEXT:Repository Context,0,1
rq3_084,CONTEXT:Domain Context,0,0
rq3_084,CONTEXT:Execution Environment,0,0
rq3_084,CONTEXT:Historical Context,1,0
rq3_084,OUTPUT:Repository Change,0,0
rq3_084,OUTPUT:Existing Thread Response,0,0
rq3_084,OUTPUT:New Thread,1,1
rq3_084,OUTPUT:Standalone Artifact,0,0
rq3_084,OUTPUT:Control Signal,0,0
rq3_084,PROCESS:Required Sequence,1,1
rq3_084,PROCESS:Decision Branch,1,1
rq3_084,PROCESS:Within-Run Iteration,0,0
rq3_084,PROCESS:Cross-Run Memory,0,0
rq3_084,PROCESS:Work Delegation,1,0
rq3_084,EVALUATION:Execution Check,0,0
rq3_084,EVALUATION:Rule Conformance,0,0
rq3_084,EVALUATION:Evidence Credibility,0,0
rq3_084,EVALUATION:Risk Assessment,0,0
rq3_084,RESOURCE:GitHub Interface,0,0
rq3_084,RESOURCE:Web Retrieval,0,0
rq3_084,RESOURCE:Local Workspace,0,0
rq3_084,RESOURCE:Development Toolchain,0,0
rq3_084,RESOURCE:Agent Resource,1,1
rq3_084,COMMUNICATION:Expert Role,1,1
rq3_084,COMMUNICATION:Audience Voice,0,0
rq3_084,COMMUNICATION:Automation Disclosure,0,0
rq3_084,EXAMPLE:Output Template,0,0
rq3_084,EXAMPLE:Worked Case,0,0
rq3_084,EXAMPLE:Technical Snippet,0,0
rq3_084,SAFETY:Prompt Injection Defense,0,0
rq3_084,SAFETY:Information Confidentiality,0,0
rq3_084,SAFETY:Execution Isolation,0,0
rq3_084,SAFETY:Vulnerability Handling,0,0
rq3_085,TASK:Artifact Change,1,1
rq3_085,TASK:Artifact Review,0,0
rq3_085,TASK:Evidence Investigation,0,0
rq3_085,TASK:Executable Validation,0,0
rq3_085,TASK:Work Item Management,0,0
rq3_085,CONSTRAINT:Scope Boundary,0,0
rq3_085,CONSTRAINT:Evidence Grounding,0,0
rq3_085,CONSTRAINT:Quality Standard,0,0
rq3_085,CONSTRAINT:Resource Budget,0,0
rq3_085,CONTEXT:Repository Context,1,1
rq3_085,CONTEXT:Domain Context,0,0
rq3_085,CONTEXT:Execution Environment,0,0
rq3_085,CONTEXT:Historical Context,0,0
rq3_085,OUTPUT:Repository Change,1,1
rq3_085,OUTPUT:Existing Thread Response,1,1
rq3_085,OUTPUT:New Thread,0,0
rq3_085,OUTPUT:Standalone Artifact,0,0
rq3_085,OUTPUT:Control Signal,0,0
rq3_085,PROCESS:Required Sequence,1,1
rq3_085,PROCESS:Decision Branch,1,1
rq3_085,PROCESS:Within-Run Iteration,0,0
rq3_085,PROCESS:Cross-Run Memory,0,0
rq3_085,PROCESS:Work Delegation,0,0
rq3_085,EVALUATION:Execution Check,1,1
rq3_085,EVALUATION:Rule Conformance,0,0
rq3_085,EVALUATION:Evidence Credibility,0,0
rq3_085,EVALUATION:Risk Assessment,0,0
rq3_085,RESOURCE:GitHub Interface,0,0
rq3_085,RESOURCE:Web Retrieval,1,1
rq3_085,RESOURCE:Local Workspace,0,0
rq3_085,RESOURCE:Development Toolchain,0,0
rq3_085,RESOURCE:Agent Resource,0,0
rq3_085,COMMUNICATION:Expert Role,1,1
rq3_085,COMMUNICATION:Audience Voice,0,0
rq3_085,COMMUNICATION:Automation Disclosure,0,0
rq3_085,EXAMPLE:Output Template,0,0
rq3_085,EXAMPLE:Worked Case,0,0
rq3_085,EXAMPLE:Technical Snippet,1,1
rq3_085,SAFETY:Prompt Injection Defense,0,0
rq3_085,SAFETY:Information Confidentiality,0,0
rq3_085,SAFETY:Execution Isolation,0,0
rq3_085,SAFETY:Vulnerability Handling,0,0
rq3_086,TASK:Artifact Change,1,0
rq3_086,TASK:Artifact Review,0,0
rq3_086,TASK:Evidence Investigation,0,1
rq3_086,TASK:Executable Validation,0,0
rq3_086,TASK:Work Item Management,0,0
rq3_086,CONSTRAINT:Scope Boundary,1,1
rq3_086,CONSTRAINT:Evidence Grounding,0,0
rq3_086,CONSTRAINT:Quality Standard,1,1
rq3_086,CONSTRAINT:Resource Budget,0,1
rq3_086,CONTEXT:Repository Context,1,1
rq3_086,CONTEXT:Domain Context,0,0
rq3_086,CONTEXT:Execution Environment,0,0
rq3_086,CONTEXT:Historical Context,0,0
rq3_086,OUTPUT:Repository Change,0,1
rq3_086,OUTPUT:Existing Thread Response,0,0
rq3_086,OUTPUT:New Thread,1,0
rq3_086,OUTPUT:Standalone Artifact,0,0
rq3_086,OUTPUT:Control Signal,0,1
rq3_086,PROCESS:Required Sequence,1,1
rq3_086,PROCESS:Decision Branch,1,1
rq3_086,PROCESS:Within-Run Iteration,0,0
rq3_086,PROCESS:Cross-Run Memory,0,0
rq3_086,PROCESS:Work Delegation,0,0
rq3_086,EVALUATION:Execution Check,0,0
rq3_086,EVALUATION:Rule Conformance,0,0
rq3_086,EVALUATION:Evidence Credibility,0,0
rq3_086,EVALUATION:Risk Assessment,0,0
rq3_086,RESOURCE:GitHub Interface,0,0
rq3_086,RESOURCE:Web Retrieval,0,0
rq3_086,RESOURCE:Local Workspace,1,0
rq3_086,RESOURCE:Development Toolchain,0,0
rq3_086,RESOURCE:Agent Resource,0,0
rq3_086,COMMUNICATION:Expert Role,1,1
rq3_086,COMMUNICATION:Audience Voice,0,0
rq3_086,COMMUNICATION:Automation Disclosure,0,0
rq3_086,EXAMPLE:Output Template,1,1
rq3_086,EXAMPLE:Worked Case,0,0
rq3_086,EXAMPLE:Technical Snippet,0,0
rq3_086,SAFETY:Prompt Injection Defense,0,0
rq3_086,SAFETY:Information Confidentiality,0,0
rq3_086,SAFETY:Execution Isolation,0,0
rq3_086,SAFETY:Vulnerability Handling,0,0
rq3_087,TASK:Artifact Change,1,1
rq3_087,TASK:Artifact Review,0,0
rq3_087,TASK:Evidence Investigation,1,1
rq3_087,TASK:Executable Validation,0,0
rq3_087,TASK:Work Item Management,0,0
rq3_087,CONSTRAINT:Scope Boundary,1,1
rq3_087,CONSTRAINT:Evidence Grounding,1,0
rq3_087,CONSTRAINT:Quality Standard,1,1
rq3_087,CONSTRAINT:Resource Budget,0,0
rq3_087,CONTEXT:Repository Context,1,1
rq3_087,CONTEXT:Domain Context,0,0
rq3_087,CONTEXT:Execution Environment,1,0
rq3_087,CONTEXT:Historical Context,1,1
rq3_087,OUTPUT:Repository Change,1,1
rq3_087,OUTPUT:Existing Thread Response,0,0
rq3_087,OUTPUT:New Thread,0,0
rq3_087,OUTPUT:Standalone Artifact,0,0
rq3_087,OUTPUT:Control Signal,1,0
rq3_087,PROCESS:Required Sequence,1,1
rq3_087,PROCESS:Decision Branch,1,1
rq3_087,PROCESS:Within-Run Iteration,0,0
rq3_087,PROCESS:Cross-Run Memory,1,0
rq3_087,PROCESS:Work Delegation,0,0
rq3_087,EVALUATION:Execution Check,0,0
rq3_087,EVALUATION:Rule Conformance,0,0
rq3_087,EVALUATION:Evidence Credibility,0,0
rq3_087,EVALUATION:Risk Assessment,0,0
rq3_087,RESOURCE:GitHub Interface,1,1
rq3_087,RESOURCE:Web Retrieval,0,0
rq3_087,RESOURCE:Local Workspace,1,0
rq3_087,RESOURCE:Development Toolchain,0,0
rq3_087,RESOURCE:Agent Resource,0,1
rq3_087,COMMUNICATION:Expert Role,0,0
rq3_087,COMMUNICATION:Audience Voice,0,0
rq3_087,COMMUNICATION:Automation Disclosure,0,0
rq3_087,EXAMPLE:Output Template,1,1
rq3_087,EXAMPLE:Worked Case,1,0
rq3_087,EXAMPLE:Technical Snippet,0,0
rq3_087,SAFETY:Prompt Injection Defense,0,0
rq3_087,SAFETY:Information Confidentiality,0,0
rq3_087,SAFETY:Execution Isolation,1,0
rq3_087,SAFETY:Vulnerability Handling,0,0
rq3_088,TASK:Artifact Change,0,0
rq3_088,TASK:Artifact Review,0,0
rq3_088,TASK:Evidence Investigation,1,1
rq3_088,TASK:Executable Validation,0,0
rq3_088,TASK:Work Item Management,0,0
rq3_088,CONSTRAINT:Scope Boundary,1,1
rq3_088,CONSTRAINT:Evidence Grounding,0,0
rq3_088,CONSTRAINT:Quality Standard,1,1
rq3_088,CONSTRAINT:Resource Budget,0,0
rq3_088,CONTEXT:Repository Context,1,1
rq3_088,CONTEXT:Domain Context,0,0
rq3_088,CONTEXT:Execution Environment,0,0
rq3_088,CONTEXT:Historical Context,0,0
rq3_088,OUTPUT:Repository Change,0,0
rq3_088,OUTPUT:Existing Thread Response,1,1
rq3_088,OUTPUT:New Thread,0,0
rq3_088,OUTPUT:Standalone Artifact,0,0
rq3_088,OUTPUT:Control Signal,0,0
rq3_088,PROCESS:Required Sequence,0,0
rq3_088,PROCESS:Decision Branch,1,1
rq3_088,PROCESS:Within-Run Iteration,0,0
rq3_088,PROCESS:Cross-Run Memory,0,0
rq3_088,PROCESS:Work Delegation,0,0
rq3_088,EVALUATION:Execution Check,0,0
rq3_088,EVALUATION:Rule Conformance,0,0
rq3_088,EVALUATION:Evidence Credibility,0,0
rq3_088,EVALUATION:Risk Assessment,1,1
rq3_088,RESOURCE:GitHub Interface,1,1
rq3_088,RESOURCE:Web Retrieval,0,0
rq3_088,RESOURCE:Local Workspace,0,0
rq3_088,RESOURCE:Development Toolchain,0,0
rq3_088,RESOURCE:Agent Resource,0,0
rq3_088,COMMUNICATION:Expert Role,1,1
rq3_088,COMMUNICATION:Audience Voice,0,0
rq3_088,COMMUNICATION:Automation Disclosure,0,0
rq3_088,EXAMPLE:Output Template,1,1
rq3_088,EXAMPLE:Worked Case,0,0
rq3_088,EXAMPLE:Technical Snippet,0,0
rq3_088,SAFETY:Prompt Injection Defense,0,0
rq3_088,SAFETY:Information Confidentiality,0,0
rq3_088,SAFETY:Execution Isolation,0,0
rq3_088,SAFETY:Vulnerability Handling,0,0
rq3_089,TASK:Artifact Change,0,0
rq3_089,TASK:Artifact Review,0,1
rq3_089,TASK:Evidence Investigation,1,0
rq3_089,TASK:Executable Validation,0,0
rq3_089,TASK:Work Item Management,1,1
rq3_089,CONSTRAINT:Scope Boundary,1,1
rq3_089,CONSTRAINT:Evidence Grounding,0,0
rq3_089,CONSTRAINT:Quality Standard,1,0
rq3_089,CONSTRAINT:Resource Budget,1,0
rq3_089,CONTEXT:Repository Context,1,1
rq3_089,CONTEXT:Domain Context,1,1
rq3_089,CONTEXT:Execution Environment,1,0
rq3_089,CONTEXT:Historical Context,0,0
rq3_089,OUTPUT:Repository Change,0,0
rq3_089,OUTPUT:Existing Thread Response,1,1
rq3_089,OUTPUT:New Thread,0,0
rq3_089,OUTPUT:Standalone Artifact,0,0
rq3_089,OUTPUT:Control Signal,1,0
rq3_089,PROCESS:Required Sequence,1,1
rq3_089,PROCESS:Decision Branch,1,1
rq3_089,PROCESS:Within-Run Iteration,1,0
rq3_089,PROCESS:Cross-Run Memory,0,0
rq3_089,PROCESS:Work Delegation,0,0
rq3_089,EVALUATION:Execution Check,0,0
rq3_089,EVALUATION:Rule Conformance,1,1
rq3_089,EVALUATION:Evidence Credibility,1,0
rq3_089,EVALUATION:Risk Assessment,1,0
rq3_089,RESOURCE:GitHub Interface,1,1
rq3_089,RESOURCE:Web Retrieval,0,0
rq3_089,RESOURCE:Local Workspace,1,0
rq3_089,RESOURCE:Development Toolchain,0,0
rq3_089,RESOURCE:Agent Resource,0,0
rq3_089,COMMUNICATION:Expert Role,1,1
rq3_089,COMMUNICATION:Audience Voice,1,0
rq3_089,COMMUNICATION:Automation Disclosure,1,0
rq3_089,EXAMPLE:Output Template,1,1
rq3_089,EXAMPLE:Worked Case,1,0
rq3_089,EXAMPLE:Technical Snippet,1,0
rq3_089,SAFETY:Prompt Injection Defense,1,0
rq3_089,SAFETY:Information Confidentiality,1,0
rq3_089,SAFETY:Execution Isolation,1,0
rq3_089,SAFETY:Vulnerability Handling,0,0
rq3_090,TASK:Artifact Change,0,0
rq3_090,TASK:Artifact Review,1,1
rq3_090,TASK:Evidence Investigation,1,1
rq3_090,TASK:Executable Validation,0,0
rq3_090,TASK:Work Item Management,0,0
rq3_090,CONSTRAINT:Scope Boundary,1,1
rq3_090,CONSTRAINT:Evidence Grounding,0,0
rq3_090,CONSTRAINT:Quality Standard,1,1
rq3_090,CONSTRAINT:Resource Budget,1,1
rq3_090,CONTEXT:Repository Context,1,1
rq3_090,CONTEXT:Domain Context,0,1
rq3_090,CONTEXT:Execution Environment,0,0
rq3_090,CONTEXT:Historical Context,0,0
rq3_090,OUTPUT:Repository Change,0,0
rq3_090,OUTPUT:Existing Thread Response,1,1
rq3_090,OUTPUT:New Thread,0,0
rq3_090,OUTPUT:Standalone Artifact,0,0
rq3_090,OUTPUT:Control Signal,0,0
rq3_090,PROCESS:Required Sequence,1,1
rq3_090,PROCESS:Decision Branch,1,1
rq3_090,PROCESS:Within-Run Iteration,1,0
rq3_090,PROCESS:Cross-Run Memory,0,0
rq3_090,PROCESS:Work Delegation,0,0
rq3_090,EVALUATION:Execution Check,0,0
rq3_090,EVALUATION:Rule Conformance,1,0
rq3_090,EVALUATION:Evidence Credibility,0,0
rq3_090,EVALUATION:Risk Assessment,1,0
rq3_090,RESOURCE:GitHub Interface,1,1
rq3_090,RESOURCE:Web Retrieval,1,0
rq3_090,RESOURCE:Local Workspace,1,0
rq3_090,RESOURCE:Development Toolchain,0,0
rq3_090,RESOURCE:Agent Resource,0,0
rq3_090,COMMUNICATION:Expert Role,1,1
rq3_090,COMMUNICATION:Audience Voice,1,0
rq3_090,COMMUNICATION:Automation Disclosure,0,0
rq3_090,EXAMPLE:Output Template,1,1
rq3_090,EXAMPLE:Worked Case,0,0
rq3_090,EXAMPLE:Technical Snippet,0,0
rq3_090,SAFETY:Prompt Injection Defense,0,0
rq3_090,SAFETY:Information Confidentiality,0,0
rq3_090,SAFETY:Execution Isolation,0,0
rq3_090,SAFETY:Vulnerability Handling,0,0
rq3_091,TASK:Artifact Change,0,0
rq3_091,TASK:Artifact Review,0,0
rq3_091,TASK:Evidence Investigation,0,0
rq3_091,TASK:Executable Validation,1,0
rq3_091,TASK:Work Item Management,0,0
rq3_091,CONSTRAINT:Scope Boundary,1,0
rq3_091,CONSTRAINT:Evidence Grounding,0,0
rq3_091,CONSTRAINT:Quality Standard,1,1
rq3_091,CONSTRAINT:Resource Budget,0,1
rq3_091,CONTEXT:Repository Context,0,0
rq3_091,CONTEXT:Domain Context,0,0
rq3_091,CONTEXT:Execution Environment,0,0
rq3_091,CONTEXT:Historical Context,0,0
rq3_091,OUTPUT:Repository Change,0,0
rq3_091,OUTPUT:Existing Thread Response,1,0
rq3_091,OUTPUT:New Thread,1,1
rq3_091,OUTPUT:Standalone Artifact,0,0
rq3_091,OUTPUT:Control Signal,1,1
rq3_091,PROCESS:Required Sequence,0,1
rq3_091,PROCESS:Decision Branch,1,1
rq3_091,PROCESS:Within-Run Iteration,0,0
rq3_091,PROCESS:Cross-Run Memory,0,0
rq3_091,PROCESS:Work Delegation,0,0
rq3_091,EVALUATION:Execution Check,0,0
rq3_091,EVALUATION:Rule Conformance,1,0
rq3_091,EVALUATION:Evidence Credibility,0,0
rq3_091,EVALUATION:Risk Assessment,0,0
rq3_091,RESOURCE:GitHub Interface,1,0
rq3_091,RESOURCE:Web Retrieval,1,0
rq3_091,RESOURCE:Local Workspace,0,0
rq3_091,RESOURCE:Development Toolchain,1,0
rq3_091,RESOURCE:Agent Resource,1,0
rq3_091,COMMUNICATION:Expert Role,0,0
rq3_091,COMMUNICATION:Audience Voice,0,0
rq3_091,COMMUNICATION:Automation Disclosure,0,0
rq3_091,EXAMPLE:Output Template,0,0
rq3_091,EXAMPLE:Worked Case,0,0
rq3_091,EXAMPLE:Technical Snippet,0,0
rq3_091,SAFETY:Prompt Injection Defense,0,0
rq3_091,SAFETY:Information Confidentiality,0,0
rq3_091,SAFETY:Execution Isolation,0,0
rq3_091,SAFETY:Vulnerability Handling,0,0
rq3_092,TASK:Artifact Change,0,0
rq3_092,TASK:Artifact Review,0,1
rq3_092,TASK:Evidence Investigation,0,1
rq3_092,TASK:Executable Validation,1,1
rq3_092,TASK:Work Item Management,1,0
rq3_092,CONSTRAINT:Scope Boundary,1,1
rq3_092,CONSTRAINT:Evidence Grounding,0,0
rq3_092,CONSTRAINT:Quality Standard,1,1
rq3_092,CONSTRAINT:Resource Budget,0,0
rq3_092,CONTEXT:Repository Context,1,0
rq3_092,CONTEXT:Domain Context,0,0
rq3_092,CONTEXT:Execution Environment,1,1
rq3_092,CONTEXT:Historical Context,0,0
rq3_092,OUTPUT:Repository Change,0,0
rq3_092,OUTPUT:Existing Thread Response,1,1
rq3_092,OUTPUT:New Thread,0,0
rq3_092,OUTPUT:Standalone Artifact,0,0
rq3_092,OUTPUT:Control Signal,1,0
rq3_092,PROCESS:Required Sequence,1,1
rq3_092,PROCESS:Decision Branch,1,1
rq3_092,PROCESS:Within-Run Iteration,0,0
rq3_092,PROCESS:Cross-Run Memory,0,0
rq3_092,PROCESS:Work Delegation,0,0
rq3_092,EVALUATION:Execution Check,1,1
rq3_092,EVALUATION:Rule Conformance,0,0
rq3_092,EVALUATION:Evidence Credibility,0,0
rq3_092,EVALUATION:Risk Assessment,0,0
rq3_092,RESOURCE:GitHub Interface,1,1
rq3_092,RESOURCE:Web Retrieval,0,0
rq3_092,RESOURCE:Local Workspace,1,1
rq3_092,RESOURCE:Development Toolchain,0,0
rq3_092,RESOURCE:Agent Resource,0,0
rq3_092,COMMUNICATION:Expert Role,0,0
rq3_092,COMMUNICATION:Audience Voice,0,0
rq3_092,COMMUNICATION:Automation Disclosure,0,0
rq3_092,EXAMPLE:Output Template,1,1
rq3_092,EXAMPLE:Worked Case,0,0
rq3_092,EXAMPLE:Technical Snippet,0,0
rq3_092,SAFETY:Prompt Injection Defense,0,0
rq3_092,SAFETY:Information Confidentiality,0,0
rq3_092,SAFETY:Execution Isolation,1,1
rq3_092,SAFETY:Vulnerability Handling,0,0
rq3_093,TASK:Artifact Change,0,0
rq3_093,TASK:Artifact Review,1,1
rq3_093,TASK:Evidence Investigation,0,0
rq3_093,TASK:Executable Validation,0,0
rq3_093,TASK:Work Item Management,0,0
rq3_093,CONSTRAINT:Scope Boundary,0,0
rq3_093,CONSTRAINT:Evidence Grounding,0,0
rq3_093,CONSTRAINT:Quality Standard,1,1
rq3_093,CONSTRAINT:Resource Budget,0,0
rq3_093,CONTEXT:Repository Context,1,1
rq3_093,CONTEXT:Domain Context,0,0
rq3_093,CONTEXT:Execution Environment,0,0
rq3_093,CONTEXT:Historical Context,0,0
rq3_093,OUTPUT:Repository Change,0,0
rq3_093,OUTPUT:Existing Thread Response,0,0
rq3_093,OUTPUT:New Thread,0,0
rq3_093,OUTPUT:Standalone Artifact,0,0
rq3_093,OUTPUT:Control Signal,0,0
rq3_093,PROCESS:Required Sequence,0,0
rq3_093,PROCESS:Decision Branch,0,0
rq3_093,PROCESS:Within-Run Iteration,0,0
rq3_093,PROCESS:Cross-Run Memory,0,0
rq3_093,PROCESS:Work Delegation,0,0
rq3_093,EVALUATION:Execution Check,0,0
rq3_093,EVALUATION:Rule Conformance,0,0
rq3_093,EVALUATION:Evidence Credibility,0,0
rq3_093,EVALUATION:Risk Assessment,0,0
rq3_093,RESOURCE:GitHub Interface,0,0
rq3_093,RESOURCE:Web Retrieval,0,0
rq3_093,RESOURCE:Local Workspace,0,0
rq3_093,RESOURCE:Development Toolchain,0,0
rq3_093,RESOURCE:Agent Resource,0,0
rq3_093,COMMUNICATION:Expert Role,0,0
rq3_093,COMMUNICATION:Audience Voice,0,1
rq3_093,COMMUNICATION:Automation Disclosure,0,0
rq3_093,EXAMPLE:Output Template,0,0
rq3_093,EXAMPLE:Worked Case,0,0
rq3_093,EXAMPLE:Technical Snippet,0,0
rq3_093,SAFETY:Prompt Injection Defense,0,0
rq3_093,SAFETY:Information Confidentiality,0,0
rq3_093,SAFETY:Execution Isolation,0,0
rq3_093,SAFETY:Vulnerability Handling,0,0
rq3_094,TASK:Artifact Change,0,1
rq3_094,TASK:Artifact Review,0,0
rq3_094,TASK:Evidence Investigation,1,1
rq3_094,TASK:Executable Validation,0,0
rq3_094,TASK:Work Item Management,0,0
rq3_094,CONSTRAINT:Scope Boundary,1,1
rq3_094,CONSTRAINT:Evidence Grounding,0,1
rq3_094,CONSTRAINT:Quality Standard,1,0
rq3_094,CONSTRAINT:Resource Budget,0,1
rq3_094,CONTEXT:Repository Context,0,0
rq3_094,CONTEXT:Domain Context,1,1
rq3_094,CONTEXT:Execution Environment,0,0
rq3_094,CONTEXT:Historical Context,0,0
rq3_094,OUTPUT:Repository Change,1,1
rq3_094,OUTPUT:Existing Thread Response,0,0
rq3_094,OUTPUT:New Thread,1,0
rq3_094,OUTPUT:Standalone Artifact,0,0
rq3_094,OUTPUT:Control Signal,0,1
rq3_094,PROCESS:Required Sequence,1,1
rq3_094,PROCESS:Decision Branch,1,1
rq3_094,PROCESS:Within-Run Iteration,0,0
rq3_094,PROCESS:Cross-Run Memory,0,0
rq3_094,PROCESS:Work Delegation,0,0
rq3_094,EVALUATION:Execution Check,0,0
rq3_094,EVALUATION:Rule Conformance,0,0
rq3_094,EVALUATION:Evidence Credibility,0,0
rq3_094,EVALUATION:Risk Assessment,0,0
rq3_094,RESOURCE:GitHub Interface,0,0
rq3_094,RESOURCE:Web Retrieval,1,1
rq3_094,RESOURCE:Local Workspace,0,0
rq3_094,RESOURCE:Development Toolchain,0,0
rq3_094,RESOURCE:Agent Resource,0,0
rq3_094,COMMUNICATION:Expert Role,0,0
rq3_094,COMMUNICATION:Audience Voice,0,0
rq3_094,COMMUNICATION:Automation Disclosure,0,0
rq3_094,EXAMPLE:Output Template,0,0
rq3_094,EXAMPLE:Worked Case,0,0
rq3_094,EXAMPLE:Technical Snippet,0,0
rq3_094,SAFETY:Prompt Injection Defense,0,0
rq3_094,SAFETY:Information Confidentiality,0,0
rq3_094,SAFETY:Execution Isolation,0,0
rq3_094,SAFETY:Vulnerability Handling,0,0
rq3_095,TASK:Artifact Change,0,0
rq3_095,TASK:Artifact Review,0,1
rq3_095,TASK:Evidence Investigation,1,1
rq3_095,TASK:Executable Validation,0,0
rq3_095,TASK:Work Item Management,0,0
rq3_095,CONSTRAINT:Scope Boundary,1,1
rq3_095,CONSTRAINT:Evidence Grounding,0,0
rq3_095,CONSTRAINT:Quality Standard,1,0
rq3_095,CONSTRAINT:Resource Budget,1,0
rq3_095,CONTEXT:Repository Context,1,1
rq3_095,CONTEXT:Domain Context,1,1
rq3_095,CONTEXT:Execution Environment,1,0
rq3_095,CONTEXT:Historical Context,0,0
rq3_095,OUTPUT:Repository Change,0,0
rq3_095,OUTPUT:Existing Thread Response,1,1
rq3_095,OUTPUT:New Thread,0,0
rq3_095,OUTPUT:Standalone Artifact,0,0
rq3_095,OUTPUT:Control Signal,0,0
rq3_095,PROCESS:Required Sequence,1,0
rq3_095,PROCESS:Decision Branch,1,1
rq3_095,PROCESS:Within-Run Iteration,0,0
rq3_095,PROCESS:Cross-Run Memory,0,0
rq3_095,PROCESS:Work Delegation,0,0
rq3_095,EVALUATION:Execution Check,0,0
rq3_095,EVALUATION:Rule Conformance,1,0
rq3_095,EVALUATION:Evidence Credibility,1,0
rq3_095,EVALUATION:Risk Assessment,1,0
rq3_095,RESOURCE:GitHub Interface,1,1
rq3_095,RESOURCE:Web Retrieval,0,0
rq3_095,RESOURCE:Local Workspace,1,0
rq3_095,RESOURCE:Development Toolchain,0,0
rq3_095,RESOURCE:Agent Resource,0,0
rq3_095,COMMUNICATION:Expert Role,1,1
rq3_095,COMMUNICATION:Audience Voice,0,0
rq3_095,COMMUNICATION:Automation Disclosure,1,1
rq3_095,EXAMPLE:Output Template,1,1
rq3_095,EXAMPLE:Worked Case,0,0
rq3_095,EXAMPLE:Technical Snippet,0,0
rq3_095,SAFETY:Prompt Injection Defense,1,1
rq3_095,SAFETY:Information Confidentiality,0,0
rq3_095,SAFETY:Execution Isolation,1,0
rq3_095,SAFETY:Vulnerability Handling,0,0
rq3_096,TASK:Artifact Change,1,1
rq3_096,TASK:Artifact Review,0,0
rq3_096,TASK:Evidence Investigation,0,1
rq3_096,TASK:Executable Validation,0,1
rq3_096,TASK:Work Item Management,0,1
rq3_096,CONSTRAINT:Scope Boundary,0,1
rq3_096,CONSTRAINT:Evidence Grounding,0,0
rq3_096,CONSTRAINT:Quality Standard,0,0
rq3_096,CONSTRAINT:Resource Budget,1,0
rq3_096,CONTEXT:Repository Context,1,0
rq3_096,CONTEXT:Domain Context,0,0
rq3_096,CONTEXT:Execution Environment,0,0
rq3_096,CONTEXT:Historical Context,0,0
rq3_096,OUTPUT:Repository Change,1,1
rq3_096,OUTPUT:Existing Thread Response,0,1
rq3_096,OUTPUT:New Thread,1,0
rq3_096,OUTPUT:Standalone Artifact,0,0
rq3_096,OUTPUT:Control Signal,0,0
rq3_096,PROCESS:Required Sequence,1,1
rq3_096,PROCESS:Decision Branch,1,1
rq3_096,PROCESS:Within-Run Iteration,0,1
rq3_096,PROCESS:Cross-Run Memory,0,0
rq3_096,PROCESS:Work Delegation,0,0
rq3_096,EVALUATION:Execution Check,1,1
rq3_096,EVALUATION:Rule Conformance,0,0
rq3_096,EVALUATION:Evidence Credibility,0,0
rq3_096,EVALUATION:Risk Assessment,0,0
rq3_096,RESOURCE:GitHub Interface,0,1
rq3_096,RESOURCE:Web Retrieval,0,0
rq3_096,RESOURCE:Local Workspace,0,1
rq3_096,RESOURCE:Development Toolchain,1,1
rq3_096,RESOURCE:Agent Resource,0,0
rq3_096,COMMUNICATION:Expert Role,1,1
rq3_096,COMMUNICATION:Audience Voice,0,0
rq3_096,COMMUNICATION:Automation Disclosure,0,0
rq3_096,EXAMPLE:Output Template,1,1
rq3_096,EXAMPLE:Worked Case,0,0
rq3_096,EXAMPLE:Technical Snippet,1,0
rq3_096,SAFETY:Prompt Injection Defense,1,1
rq3_096,SAFETY:Information Confidentiality,0,0
rq3_096,SAFETY:Execution Isolation,0,0
rq3_096,SAFETY:Vulnerability Handling,0,0
rq3_097,TASK:Artifact Change,0,0
rq3_097,TASK:Artifact Review,0,0
rq3_097,TASK:Evidence Investigation,0,1
rq3_097,TASK:Executable Validation,0,0
rq3_097,TASK:Work Item Management,1,1
rq3_097,CONSTRAINT:Scope Boundary,1,0
rq3_097,CONSTRAINT:Evidence Grounding,1,0
rq3_097,CONSTRAINT:Quality Standard,1,1
rq3_097,CONSTRAINT:Resource Budget,0,0
rq3_097,CONTEXT:Repository Context,1,1
rq3_097,CONTEXT:Domain Context,0,0
rq3_097,CONTEXT:Execution Environment,0,0
rq3_097,CONTEXT:Historical Context,0,0
rq3_097,OUTPUT:Repository Change,0,0
rq3_097,OUTPUT:Existing Thread Response,0,0
rq3_097,OUTPUT:New Thread,1,1
rq3_097,OUTPUT:Standalone Artifact,0,0
rq3_097,OUTPUT:Control Signal,0,0
rq3_097,PROCESS:Required Sequence,1,1
rq3_097,PROCESS:Decision Branch,1,1
rq3_097,PROCESS:Within-Run Iteration,0,0
rq3_097,PROCESS:Cross-Run Memory,0,0
rq3_097,PROCESS:Work Delegation,0,0
rq3_097,EVALUATION:Execution Check,0,0
rq3_097,EVALUATION:Rule Conformance,0,0
rq3_097,EVALUATION:Evidence Credibility,0,0
rq3_097,EVALUATION:Risk Assessment,0,0
rq3_097,RESOURCE:GitHub Interface,0,0
rq3_097,RESOURCE:Web Retrieval,1,1
rq3_097,RESOURCE:Local Workspace,0,1
rq3_097,RESOURCE:Development Toolchain,0,1
rq3_097,RESOURCE:Agent Resource,1,1
rq3_097,COMMUNICATION:Expert Role,1,1
rq3_097,COMMUNICATION:Audience Voice,0,0
rq3_097,COMMUNICATION:Automation Disclosure,0,0
rq3_097,EXAMPLE:Output Template,1,1
rq3_097,EXAMPLE:Worked Case,1,1
rq3_097,EXAMPLE:Technical Snippet,0,0
rq3_097,SAFETY:Prompt Injection Defense,1,0
rq3_097,SAFETY:Information Confidentiality,0,0
rq3_097,SAFETY:Execution Isolation,0,1
rq3_097,SAFETY:Vulnerability Handling,0,0
rq3_098,TASK:Artifact Change,0,1
rq3_098,TASK:Artifact Review,0,0
rq3_098,TASK:Evidence Investigation,1,1
rq3_098,TASK:Executable Validation,0,0
rq3_098,TASK:Work Item Management,0,0
rq3_098,CONSTRAINT:Scope Boundary,1,1
rq3_098,CONSTRAINT:Evidence Grounding,0,0
rq3_098,CONSTRAINT:Quality Standard,1,1
rq3_098,CONSTRAINT:Resource Budget,0,0
rq3_098,CONTEXT:Repository Context,0,0
rq3_098,CONTEXT:Domain Context,0,0
rq3_098,CONTEXT:Execution Environment,0,0
rq3_098,CONTEXT:Historical Context,1,0
rq3_098,OUTPUT:Repository Change,0,0
rq3_098,OUTPUT:Existing Thread Response,0,0
rq3_098,OUTPUT:New Thread,1,0
rq3_098,OUTPUT:Standalone Artifact,0,0
rq3_098,OUTPUT:Control Signal,1,1
rq3_098,PROCESS:Required Sequence,1,1
rq3_098,PROCESS:Decision Branch,1,0
rq3_098,PROCESS:Within-Run Iteration,0,0
rq3_098,PROCESS:Cross-Run Memory,1,0
rq3_098,PROCESS:Work Delegation,0,0
rq3_098,EVALUATION:Execution Check,0,0
rq3_098,EVALUATION:Rule Conformance,0,0
rq3_098,EVALUATION:Evidence Credibility,0,0
rq3_098,EVALUATION:Risk Assessment,1,0
rq3_098,RESOURCE:GitHub Interface,1,1
rq3_098,RESOURCE:Web Retrieval,0,0
rq3_098,RESOURCE:Local Workspace,1,0
rq3_098,RESOURCE:Development Toolchain,0,0
rq3_098,RESOURCE:Agent Resource,0,0
rq3_098,COMMUNICATION:Expert Role,0,0
rq3_098,COMMUNICATION:Audience Voice,0,0
rq3_098,COMMUNICATION:Automation Disclosure,0,0
rq3_098,EXAMPLE:Output Template,1,1
rq3_098,EXAMPLE:Worked Case,0,0
rq3_098,EXAMPLE:Technical Snippet,0,0
rq3_098,SAFETY:Prompt Injection Defense,0,0
rq3_098,SAFETY:Information Confidentiality,0,0
rq3_098,SAFETY:Execution Isolation,0,0
rq3_098,SAFETY:Vulnerability Handling,0,0
rq3_099,TASK:Artifact Change,0,0
rq3_099,TASK:Artifact Review,0,1
rq3_099,TASK:Evidence Investigation,1,0
rq3_099,TASK:Executable Validation,0,0
rq3_099,TASK:Work Item Management,0,0
rq3_099,CONSTRAINT:Scope Boundary,1,1
rq3_099,CONSTRAINT:Evidence Grounding,1,1
rq3_099,CONSTRAINT:Quality Standard,1,1
rq3_099,CONSTRAINT:Resource Budget,0,0
rq3_099,CONTEXT:Repository Context,0,0
rq3_099,CONTEXT:Domain Context,0,0
rq3_099,CONTEXT:Execution Environment,0,0
rq3_099,CONTEXT:Historical Context,0,0
rq3_099,OUTPUT:Repository Change,0,0
rq3_099,OUTPUT:Existing Thread Response,1,1
rq3_099,OUTPUT:New Thread,0,0
rq3_099,OUTPUT:Standalone Artifact,0,0
rq3_099,OUTPUT:Control Signal,0,1
rq3_099,PROCESS:Required Sequence,0,0
rq3_099,PROCESS:Decision Branch,1,1
rq3_099,PROCESS:Within-Run Iteration,0,0
rq3_099,PROCESS:Cross-Run Memory,0,0
rq3_099,PROCESS:Work Delegation,0,0
rq3_099,EVALUATION:Execution Check,0,0
rq3_099,EVALUATION:Rule Conformance,1,1
rq3_099,EVALUATION:Evidence Credibility,0,0
rq3_099,EVALUATION:Risk Assessment,0,0
rq3_099,RESOURCE:GitHub Interface,1,1
rq3_099,RESOURCE:Web Retrieval,0,0
rq3_099,RESOURCE:Local Workspace,0,0
rq3_099,RESOURCE:Development Toolchain,0,0
rq3_099,RESOURCE:Agent Resource,0,0
rq3_099,COMMUNICATION:Expert Role,1,1
rq3_099,COMMUNICATION:Audience Voice,0,0
rq3_099,COMMUNICATION:Automation Disclosure,0,0
rq3_099,EXAMPLE:Output Template,0,1
rq3_099,EXAMPLE:Worked Case,0,0
rq3_099,EXAMPLE:Technical Snippet,1,1
rq3_099,SAFETY:Prompt Injection Defense,0,0
rq3_099,SAFETY:Information Confidentiality,0,0
rq3_099,SAFETY:Execution Isolation,0,0
rq3_099,SAFETY:Vulnerability Handling,0,0
rq3_100,TASK:Artifact Change,0,0
rq3_100,TASK:Artifact Review,0,0
rq3_100,TASK:Evidence Investigation,1,1
rq3_100,TASK:Executable Validation,0,0
rq3_100,TASK:Work Item Management,0,0
rq3_100,CONSTRAINT:Scope Boundary,1,1
rq3_100,CONSTRAINT:Evidence Grounding,0,0
rq3_100,CONSTRAINT:Quality Standard,1,1
rq3_100,CONSTRAINT:Resource Budget,0,0
rq3_100,CONTEXT:Repository Context,1,1
rq3_100,CONTEXT:Domain Context,0,0
rq3_100,CONTEXT:Execution Environment,1,1
rq3_100,CONTEXT:Historical Context,0,0
rq3_100,OUTPUT:Repository Change,0,0
rq3_100,OUTPUT:Existing Thread Response,1,1
rq3_100,OUTPUT:New Thread,1,1
rq3_100,OUTPUT:Standalone Artifact,1,1
rq3_100,OUTPUT:Control Signal,1,0
rq3_100,PROCESS:Required Sequence,1,1
rq3_100,PROCESS:Decision Branch,1,1
rq3_100,PROCESS:Within-Run Iteration,1,1
rq3_100,PROCESS:Cross-Run Memory,1,1
rq3_100,PROCESS:Work Delegation,0,0
rq3_100,EVALUATION:Execution Check,0,0
rq3_100,EVALUATION:Rule Conformance,0,0
rq3_100,EVALUATION:Evidence Credibility,0,0
rq3_100,EVALUATION:Risk Assessment,0,0
rq3_100,RESOURCE:GitHub Interface,0,0
rq3_100,RESOURCE:Web Retrieval,1,0
rq3_100,RESOURCE:Local Workspace,1,1
rq3_100,RESOURCE:Development Toolchain,0,0
rq3_100,RESOURCE:Agent Resource,1,1
rq3_100,COMMUNICATION:Expert Role,1,1
rq3_100,COMMUNICATION:Audience Voice,0,0
rq3_100,COMMUNICATION:Automation Disclosure,1,0
rq3_100,EXAMPLE:Output Template,1,1
rq3_100,EXAMPLE:Worked Case,0,0
rq3_100,EXAMPLE:Technical Snippet,1,1
rq3_100,SAFETY:Prompt Injection Defense,0,0
rq3_100,SAFETY:Information Confidentiality,0,0
rq3_100,SAFETY:Execution Isolation,0,0
rq3_100,SAFETY:Vulnerability Handling,0,0
rq3_101,TASK:Artifact Change,1,1
rq3_101,TASK:Artifact Review,0,0
rq3_101,TASK:Evidence Investigation,0,0
rq3_101,TASK:Executable Validation,1,0
rq3_101,TASK:Work Item Management,0,0
rq3_101,CONSTRAINT:Scope Boundary,1,1
rq3_101,CONSTRAINT:Evidence Grounding,1,0
rq3_101,CONSTRAINT:Quality Standard,1,1
rq3_101,CONSTRAINT:Resource Budget,1,0
rq3_101,CONTEXT:Repository Context,1,0
rq3_101,CONTEXT:Domain Context,1,0
rq3_101,CONTEXT:Execution Environment,1,0
rq3_101,CONTEXT:Historical Context,0,0
rq3_101,OUTPUT:Repository Change,1,1
rq3_101,OUTPUT:Existing Thread Response,0,0
rq3_101,OUTPUT:New Thread,0,0
rq3_101,OUTPUT:Standalone Artifact,0,0
rq3_101,OUTPUT:Control Signal,1,0
rq3_101,PROCESS:Required Sequence,1,1
rq3_101,PROCESS:Decision Branch,1,1
rq3_101,PROCESS:Within-Run Iteration,1,0
rq3_101,PROCESS:Cross-Run Memory,1,0
rq3_101,PROCESS:Work Delegation,0,0
rq3_101,EVALUATION:Execution Check,1,0
rq3_101,EVALUATION:Rule Conformance,0,0
rq3_101,EVALUATION:Evidence Credibility,0,0
rq3_101,EVALUATION:Risk Assessment,0,0
rq3_101,RESOURCE:GitHub Interface,1,1
rq3_101,RESOURCE:Web Retrieval,0,0
rq3_101,RESOURCE:Local Workspace,1,1
rq3_101,RESOURCE:Development Toolchain,1,1
rq3_101,RESOURCE:Agent Resource,1,0
rq3_101,COMMUNICATION:Expert Role,1,1
rq3_101,COMMUNICATION:Audience Voice,0,0
rq3_101,COMMUNICATION:Automation Disclosure,0,0
rq3_101,EXAMPLE:Output Template,1,1
rq3_101,EXAMPLE:Worked Case,1,0
rq3_101,EXAMPLE:Technical Snippet,1,0
rq3_101,SAFETY:Prompt Injection Defense,0,0
rq3_101,SAFETY:Information Confidentiality,0,0
rq3_101,SAFETY:Execution Isolation,0,0
rq3_101,SAFETY:Vulnerability Handling,0,0
rq3_102,TASK:Artifact Change,0,0
rq3_102,TASK:Artifact Review,0,0
rq3_102,TASK:Evidence Investigation,1,1
rq3_102,TASK:Executable Validation,0,0
rq3_102,TASK:Work Item Management,0,0
rq3_102,CONSTRAINT:Scope Boundary,1,1
rq3_102,CONSTRAINT:Evidence Grounding,1,0
rq3_102,CONSTRAINT:Quality Standard,1,1
rq3_102,CONSTRAINT:Resource Budget,1,0
rq3_102,CONTEXT:Repository Context,1,1
rq3_102,CONTEXT:Domain Context,1,0
rq3_102,CONTEXT:Execution Environment,1,0
rq3_102,CONTEXT:Historical Context,0,0
rq3_102,OUTPUT:Repository Change,0,0
rq3_102,OUTPUT:Existing Thread Response,0,0
rq3_102,OUTPUT:New Thread,1,1
rq3_102,OUTPUT:Standalone Artifact,0,0
rq3_102,OUTPUT:Control Signal,1,1
rq3_102,PROCESS:Required Sequence,1,1
rq3_102,PROCESS:Decision Branch,1,1
rq3_102,PROCESS:Within-Run Iteration,1,0
rq3_102,PROCESS:Cross-Run Memory,0,0
rq3_102,PROCESS:Work Delegation,0,0
rq3_102,EVALUATION:Execution Check,1,0
rq3_102,EVALUATION:Rule Conformance,0,0
rq3_102,EVALUATION:Evidence Credibility,0,0
rq3_102,EVALUATION:Risk Assessment,0,0
rq3_102,RESOURCE:GitHub Interface,1,1
rq3_102,RESOURCE:Web Retrieval,0,0
rq3_102,RESOURCE:Local Workspace,0,0
rq3_102,RESOURCE:Development Toolchain,0,0
rq3_102,RESOURCE:Agent Resource,0,0
rq3_102,COMMUNICATION:Expert Role,0,0
rq3_102,COMMUNICATION:Audience Voice,0,0
rq3_102,COMMUNICATION:Automation Disclosure,0,0
rq3_102,EXAMPLE:Output Template,1,1
rq3_102,EXAMPLE:Worked Case,0,0
rq3_102,EXAMPLE:Technical Snippet,0,0
rq3_102,SAFETY:Prompt Injection Defense,0,0
rq3_102,SAFETY:Information Confidentiality,0,0
rq3_102,SAFETY:Execution Isolation,0,0
rq3_102,SAFETY:Vulnerability Handling,0,0
rq3_103,TASK:Artifact Change,1,0
rq3_103,TASK:Artifact Review,0,0
rq3_103,TASK:Evidence Investigation,0,0
rq3_103,TASK:Executable Validation,1,1
rq3_103,TASK:Work Item Management,0,0
rq3_103,CONSTRAINT:Scope Boundary,1,1
rq3_103,CONSTRAINT:Evidence Grounding,0,0
rq3_103,CONSTRAINT:Quality Standard,1,1
rq3_103,CONSTRAINT:Resource Budget,0,0
rq3_103,CONTEXT:Repository Context,1,1
rq3_103,CONTEXT:Domain Context,0,0
rq3_103,CONTEXT:Execution Environment,1,0
rq3_103,CONTEXT:Historical Context,0,0
rq3_103,OUTPUT:Repository Change,1,1
rq3_103,OUTPUT:Existing Thread Response,0,0
rq3_103,OUTPUT:New Thread,0,0
rq3_103,OUTPUT:Standalone Artifact,0,0
rq3_103,OUTPUT:Control Signal,1,1
rq3_103,PROCESS:Required Sequence,1,1
rq3_103,PROCESS:Decision Branch,1,1
rq3_103,PROCESS:Within-Run Iteration,0,0
rq3_103,PROCESS:Cross-Run Memory,0,0
rq3_103,PROCESS:Work Delegation,0,0
rq3_103,EVALUATION:Execution Check,1,0
rq3_103,EVALUATION:Rule Conformance,0,0
rq3_103,EVALUATION:Evidence Credibility,0,0
rq3_103,EVALUATION:Risk Assessment,0,0
rq3_103,RESOURCE:GitHub Interface,0,0
rq3_103,RESOURCE:Web Retrieval,0,0
rq3_103,RESOURCE:Local Workspace,1,0
rq3_103,RESOURCE:Development Toolchain,1,1
rq3_103,RESOURCE:Agent Resource,0,0
rq3_103,COMMUNICATION:Expert Role,0,0
rq3_103,COMMUNICATION:Audience Voice,0,0
rq3_103,COMMUNICATION:Automation Disclosure,0,0
rq3_103,EXAMPLE:Output Template,1,1
rq3_103,EXAMPLE:Worked Case,0,0
rq3_103,EXAMPLE:Technical Snippet,0,1
rq3_103,SAFETY:Prompt Injection Defense,0,0
rq3_103,SAFETY:Information Confidentiality,0,0
rq3_103,SAFETY:Execution Isolation,0,0
rq3_103,SAFETY:Vulnerability Handling,0,0
rq3_104,TASK:Artifact Change,0,0
rq3_104,TASK:Artifact Review,0,0
rq3_104,TASK:Evidence Investigation,1,1
rq3_104,TASK:Executable Validation,0,0
rq3_104,TASK:Work Item Management,0,0
rq3_104,CONSTRAINT:Scope Boundary,0,1
rq3_104,CONSTRAINT:Evidence Grounding,1,0
rq3_104,CONSTRAINT:Quality Standard,1,1
rq3_104,CONSTRAINT:Resource Budget,0,0
rq3_104,CONTEXT:Repository Context,1,1
rq3_104,CONTEXT:Domain Context,1,1
rq3_104,CONTEXT:Execution Environment,0,0
rq3_104,CONTEXT:Historical Context,0,0
rq3_104,OUTPUT:Repository Change,0,0
rq3_104,OUTPUT:Existing Thread Response,1,1
rq3_104,OUTPUT:New Thread,0,0
rq3_104,OUTPUT:Standalone Artifact,0,0
rq3_104,OUTPUT:Control Signal,1,1
rq3_104,PROCESS:Required Sequence,0,0
rq3_104,PROCESS:Decision Branch,0,0
rq3_104,PROCESS:Within-Run Iteration,0,0
rq3_104,PROCESS:Cross-Run Memory,0,0
rq3_104,PROCESS:Work Delegation,0,0
rq3_104,EVALUATION:Execution Check,0,0
rq3_104,EVALUATION:Rule Conformance,0,0
rq3_104,EVALUATION:Evidence Credibility,0,0
rq3_104,EVALUATION:Risk Assessment,0,0
rq3_104,RESOURCE:GitHub Interface,0,0
rq3_104,RESOURCE:Web Retrieval,1,1
rq3_104,RESOURCE:Local Workspace,0,0
rq3_104,RESOURCE:Development Toolchain,0,0
rq3_104,RESOURCE:Agent Resource,0,0
rq3_104,COMMUNICATION:Expert Role,1,1
rq3_104,COMMUNICATION:Audience Voice,0,0
rq3_104,COMMUNICATION:Automation Disclosure,0,0
rq3_104,EXAMPLE:Output Template,0,0
rq3_104,EXAMPLE:Worked Case,0,0
rq3_104,EXAMPLE:Technical Snippet,0,0
rq3_104,SAFETY:Prompt Injection Defense,0,0
rq3_104,SAFETY:Information Confidentiality,0,0
rq3_104,SAFETY:Execution Isolation,0,0
rq3_104,SAFETY:Vulnerability Handling,0,0
rq3_105,TASK:Artifact Change,1,0
rq3_105,TASK:Artifact Review,0,0
rq3_105,TASK:Evidence Investigation,1,1
rq3_105,TASK:Executable Validation,0,0
rq3_105,TASK:Work Item Management,1,0
rq3_105,CONSTRAINT:Scope Boundary,1,1
rq3_105,CONSTRAINT:Evidence Grounding,1,1
rq3_105,CONSTRAINT:Quality Standard,1,0
rq3_105,CONSTRAINT:Resource Budget,1,0
rq3_105,CONTEXT:Repository Context,1,1
rq3_105,CONTEXT:Domain Context,1,0
rq3_105,CONTEXT:Execution Environment,1,0
rq3_105,CONTEXT:Historical Context,0,0
rq3_105,OUTPUT:Repository Change,0,0
rq3_105,OUTPUT:Existing Thread Response,1,1
rq3_105,OUTPUT:New Thread,1,1
rq3_105,OUTPUT:Standalone Artifact,1,1
rq3_105,OUTPUT:Control Signal,1,0
rq3_105,PROCESS:Required Sequence,1,1
rq3_105,PROCESS:Decision Branch,1,1
rq3_105,PROCESS:Within-Run Iteration,1,0
rq3_105,PROCESS:Cross-Run Memory,1,0
rq3_105,PROCESS:Work Delegation,0,0
rq3_105,EVALUATION:Execution Check,1,0
rq3_105,EVALUATION:Rule Conformance,1,0
rq3_105,EVALUATION:Evidence Credibility,1,0
rq3_105,EVALUATION:Risk Assessment,1,0
rq3_105,RESOURCE:GitHub Interface,1,1
rq3_105,RESOURCE:Web Retrieval,0,0
rq3_105,RESOURCE:Local Workspace,1,0
rq3_105,RESOURCE:Development Toolchain,0,0
rq3_105,RESOURCE:Agent Resource,0,0
rq3_105,COMMUNICATION:Expert Role,1,1
rq3_105,COMMUNICATION:Audience Voice,0,0
rq3_105,COMMUNICATION:Automation Disclosure,1,0
rq3_105,EXAMPLE:Output Template,1,1
rq3_105,EXAMPLE:Worked Case,1,0
rq3_105,EXAMPLE:Technical Snippet,1,1
rq3_105,SAFETY:Prompt Injection Defense,0,0
rq3_105,SAFETY:Information Confidentiality,0,0
rq3_105,SAFETY:Execution Isolation,0,0
rq3_105,SAFETY:Vulnerability Handling,0,0
rq3_106,TASK:Artifact Change,1,1
rq3_106,TASK:Artifact Review,0,0
rq3_106,TASK:Evidence Investigation,0,0
rq3_106,TASK:Executable Validation,1,0
rq3_106,TASK:Work Item Management,0,0
rq3_106,CONSTRAINT:Scope Boundary,1,1
rq3_106,CONSTRAINT:Evidence Grounding,0,0
rq3_106,CONSTRAINT:Quality Standard,1,1
rq3_106,CONSTRAINT:Resource Budget,1,0
rq3_106,CONTEXT:Repository Context,1,1
rq3_106,CONTEXT:Domain Context,1,0
rq3_106,CONTEXT:Execution Environment,0,0
rq3_106,CONTEXT:Historical Context,0,0
rq3_106,OUTPUT:Repository Change,1,1
rq3_106,OUTPUT:Existing Thread Response,0,0
rq3_106,OUTPUT:New Thread,0,0
rq3_106,OUTPUT:Standalone Artifact,0,0
rq3_106,OUTPUT:Control Signal,1,0
rq3_106,PROCESS:Required Sequence,1,1
rq3_106,PROCESS:Decision Branch,1,1
rq3_106,PROCESS:Within-Run Iteration,1,0
rq3_106,PROCESS:Cross-Run Memory,1,0
rq3_106,PROCESS:Work Delegation,0,0
rq3_106,EVALUATION:Execution Check,1,1
rq3_106,EVALUATION:Rule Conformance,1,0
rq3_106,EVALUATION:Evidence Credibility,0,0
rq3_106,EVALUATION:Risk Assessment,0,0
rq3_106,RESOURCE:GitHub Interface,0,0
rq3_106,RESOURCE:Web Retrieval,0,0
rq3_106,RESOURCE:Local Workspace,1,1
rq3_106,RESOURCE:Development Toolchain,1,0
rq3_106,RESOURCE:Agent Resource,1,0
rq3_106,COMMUNICATION:Expert Role,1,1
rq3_106,COMMUNICATION:Audience Voice,1,0
rq3_106,COMMUNICATION:Automation Disclosure,0,0
rq3_106,EXAMPLE:Output Template,1,1
rq3_106,EXAMPLE:Worked Case,1,0
rq3_106,EXAMPLE:Technical Snippet,0,1
rq3_106,SAFETY:Prompt Injection Defense,0,0
rq3_106,SAFETY:Information Confidentiality,0,0
rq3_106,SAFETY:Execution Isolation,0,0
rq3_106,SAFETY:Vulnerability Handling,0,0
rq3_107,TASK:Artifact Change,0,1
rq3_107,TASK:Artifact Review,0,0
rq3_107,TASK:Evidence Investigation,0,0
rq3_107,TASK:Executable Validation,0,0
rq3_107,TASK:Work Item Management,1,0
rq3_107,CONSTRAINT:Scope Boundary,1,1
rq3_107,CONSTRAINT:Evidence Grounding,0,0
rq3_107,CONSTRAINT:Quality Standard,1,0
rq3_107,CONSTRAINT:Resource Budget,1,0
rq3_107,CONTEXT:Repository Context,1,1
rq3_107,CONTEXT:Domain Context,1,0
rq3_107,CONTEXT:Execution Environment,1,0
rq3_107,CONTEXT:Historical Context,0,0
rq3_107,OUTPUT:Repository Change,0,0
rq3_107,OUTPUT:Existing Thread Response,1,1
rq3_107,OUTPUT:New Thread,0,0
rq3_107,OUTPUT:Standalone Artifact,0,0
rq3_107,OUTPUT:Control Signal,1,1
rq3_107,PROCESS:Required Sequence,1,1
rq3_107,PROCESS:Decision Branch,1,1
rq3_107,PROCESS:Within-Run Iteration,1,0
rq3_107,PROCESS:Cross-Run Memory,0,0
rq3_107,PROCESS:Work Delegation,0,0
rq3_107,EVALUATION:Execution Check,0,0
rq3_107,EVALUATION:Rule Conformance,1,0
rq3_107,EVALUATION:Evidence Credibility,0,0
rq3_107,EVALUATION:Risk Assessment,0,0
rq3_107,RESOURCE:GitHub Interface,1,1
rq3_107,RESOURCE:Web Retrieval,0,0
rq3_107,RESOURCE:Local Workspace,0,0
rq3_107,RESOURCE:Development Toolchain,0,0
rq3_107,RESOURCE:Agent Resource,0,0
rq3_107,COMMUNICATION:Expert Role,1,1
rq3_107,COMMUNICATION:Audience Voice,0,0
rq3_107,COMMUNICATION:Automation Disclosure,1,0
rq3_107,EXAMPLE:Output Template,1,0
rq3_107,EXAMPLE:Worked Case,1,0
rq3_107,EXAMPLE:Technical Snippet,1,1
rq3_107,SAFETY:Prompt Injection Defense,1,1
rq3_107,SAFETY:Information Confidentiality,0,0
rq3_107,SAFETY:Execution Isolation,1,0
rq3_107,SAFETY:Vulnerability Handling,0,0
rq3_108,TASK:Artifact Change,1,1
rq3_108,TASK:Artifact Review,1,1
rq3_108,TASK:Evidence Investigation,0,0
rq3_108,TASK:Executable Validation,0,0
rq3_108,TASK:Work Item Management,0,0
rq3_108,CONSTRAINT:Scope Boundary,1,1
rq3_108,CONSTRAINT:Evidence Grounding,0,0
rq3_108,CONSTRAINT:Quality Standard,1,1
rq3_108,CONSTRAINT:Resource Budget,0,0
rq3_108,CONTEXT:Repository Context,0,0
rq3_108,CONTEXT:Domain Context,0,0
rq3_108,CONTEXT:Execution Environment,0,0
rq3_108,CONTEXT:Historical Context,0,0
rq3_108,OUTPUT:Repository Change,1,1
rq3_108,OUTPUT:Existing Thread Response,0,0
rq3_108,OUTPUT:New Thread,0,0
rq3_108,OUTPUT:Standalone Artifact,0,0
rq3_108,OUTPUT:Control Signal,0,0
rq3_108,PROCESS:Required Sequence,0,0
rq3_108,PROCESS:Decision Branch,1,1
rq3_108,PROCESS:Within-Run Iteration,0,0
rq3_108,PROCESS:Cross-Run Memory,0,0
rq3_108,PROCESS:Work Delegation,0,0
rq3_108,EVALUATION:Execution Check,0,0
rq3_108,EVALUATION:Rule Conformance,0,0
rq3_108,EVALUATION:Evidence Credibility,0,0
rq3_108,EVALUATION:Risk Assessment,0,0
rq3_108,RESOURCE:GitHub Interface,0,0
rq3_108,RESOURCE:Web Retrieval,0,0
rq3_108,RESOURCE:Local Workspace,1,0
rq3_108,RESOURCE:Development Toolchain,0,0
rq3_108,RESOURCE:Agent Resource,0,0
rq3_108,COMMUNICATION:Expert Role,0,0
rq3_108,COMMUNICATION:Audience Voice,0,0
rq3_108,COMMUNICATION:Automation Disclosure,0,0
rq3_108,EXAMPLE:Output Template,1,0
rq3_108,EXAMPLE:Worked Case,0,0
rq3_108,EXAMPLE:Technical Snippet,0,0
rq3_108,SAFETY:Prompt Injection Defense,0,0
rq3_108,SAFETY:Information Confidentiality,0,0
rq3_108,SAFETY:Execution Isolation,0,0
rq3_108,SAFETY:Vulnerability Handling,0,0
rq3_109,TASK:Artifact Change,0,0
rq3_109,TASK:Artifact Review,1,1
rq3_109,TASK:Evidence Investigation,0,0
rq3_109,TASK:Executable Validation,0,0
rq3_109,TASK:Work Item Management,0,0
rq3_109,CONSTRAINT:Scope Boundary,0,0
rq3_109,CONSTRAINT:Evidence Grounding,0,0
rq3_109,CONSTRAINT:Quality Standard,0,0
rq3_109,CONSTRAINT:Resource Budget,0,0
rq3_109,CONTEXT:Repository Context,0,0
rq3_109,CONTEXT:Domain Context,0,0
rq3_109,CONTEXT:Execution Environment,0,0
rq3_109,CONTEXT:Historical Context,0,0
rq3_109,OUTPUT:Repository Change,0,0
rq3_109,OUTPUT:Existing Thread Response,0,0
rq3_109,OUTPUT:New Thread,0,0
rq3_109,OUTPUT:Standalone Artifact,0,0
rq3_109,OUTPUT:Control Signal,0,0
rq3_109,PROCESS:Required Sequence,0,0
rq3_109,PROCESS:Decision Branch,1,1
rq3_109,PROCESS:Within-Run Iteration,0,0
rq3_109,PROCESS:Cross-Run Memory,0,0
rq3_109,PROCESS:Work Delegation,0,0
rq3_109,EVALUATION:Execution Check,0,0
rq3_109,EVALUATION:Rule Conformance,0,0
rq3_109,EVALUATION:Evidence Credibility,0,0
rq3_109,EVALUATION:Risk Assessment,0,0
rq3_109,RESOURCE:GitHub Interface,0,0
rq3_109,RESOURCE:Web Retrieval,0,0
rq3_109,RESOURCE:Local Workspace,0,0
rq3_109,RESOURCE:Development Toolchain,0,0
rq3_109,RESOURCE:Agent Resource,1,0
rq3_109,COMMUNICATION:Expert Role,1,0
rq3_109,COMMUNICATION:Audience Voice,0,0
rq3_109,COMMUNICATION:Automation Disclosure,0,0
rq3_109,EXAMPLE:Output Template,0,0
rq3_109,EXAMPLE:Worked Case,0,0
rq3_109,EXAMPLE:Technical Snippet,0,0
rq3_109,SAFETY:Prompt Injection Defense,0,0
rq3_109,SAFETY:Information Confidentiality,0,0
rq3_109,SAFETY:Execution Isolation,0,0
rq3_109,SAFETY:Vulnerability Handling,0,0
rq3_110,TASK:Artifact Change,0,0
rq3_110,TASK:Artifact Review,1,1
rq3_110,TASK:Evidence Investigation,0,0
rq3_110,TASK:Executable Validation,0,0
rq3_110,TASK:Work Item Management,0,0
rq3_110,CONSTRAINT:Scope Boundary,0,1
rq3_110,CONSTRAINT:Evidence Grounding,0,0
rq3_110,CONSTRAINT:Quality Standard,0,0
rq3_110,CONSTRAINT:Resource Budget,0,0
rq3_110,CONTEXT:Repository Context,1,0
rq3_110,CONTEXT:Domain Context,0,0
rq3_110,CONTEXT:Execution Environment,0,0
rq3_110,CONTEXT:Historical Context,0,0
rq3_110,OUTPUT:Repository Change,0,0
rq3_110,OUTPUT:Existing Thread Response,0,1
rq3_110,OUTPUT:New Thread,0,0
rq3_110,OUTPUT:Standalone Artifact,1,1
rq3_110,OUTPUT:Control Signal,0,0
rq3_110,PROCESS:Required Sequence,0,0
rq3_110,PROCESS:Decision Branch,0,1
rq3_110,PROCESS:Within-Run Iteration,0,0
rq3_110,PROCESS:Cross-Run Memory,0,0
rq3_110,PROCESS:Work Delegation,0,0
rq3_110,EVALUATION:Execution Check,0,0
rq3_110,EVALUATION:Rule Conformance,0,0
rq3_110,EVALUATION:Evidence Credibility,0,0
rq3_110,EVALUATION:Risk Assessment,0,0
rq3_110,RESOURCE:GitHub Interface,0,0
rq3_110,RESOURCE:Web Retrieval,0,0
rq3_110,RESOURCE:Local Workspace,0,1
rq3_110,RESOURCE:Development Toolchain,0,0
rq3_110,RESOURCE:Agent Resource,1,0
rq3_110,COMMUNICATION:Expert Role,1,0
rq3_110,COMMUNICATION:Audience Voice,0,0
rq3_110,COMMUNICATION:Automation Disclosure,0,0
rq3_110,EXAMPLE:Output Template,0,0
rq3_110,EXAMPLE:Worked Case,0,0
rq3_110,EXAMPLE:Technical Snippet,0,0
rq3_110,SAFETY:Prompt Injection Defense,0,0
rq3_110,SAFETY:Information Confidentiality,0,0
rq3_110,SAFETY:Execution Isolation,0,0
rq3_110,SAFETY:Vulnerability Handling,0,0
rq3_111,TASK:Artifact Change,0,0
rq3_111,TASK:Artifact Review,0,0
rq3_111,TASK:Evidence Investigation,0,1
rq3_111,TASK:Executable Validation,0,0
rq3_111,TASK:Work Item Management,1,0
rq3_111,CONSTRAINT:Scope Boundary,0,0
rq3_111,CONSTRAINT:Evidence Grounding,0,0
rq3_111,CONSTRAINT:Quality Standard,1,1
rq3_111,CONSTRAINT:Resource Budget,1,1
rq3_111,CONTEXT:Repository Context,0,0
rq3_111,CONTEXT:Domain Context,0,0
rq3_111,CONTEXT:Execution Environment,0,0
rq3_111,CONTEXT:Historical Context,0,0
rq3_111,OUTPUT:Repository Change,0,0
rq3_111,OUTPUT:Existing Thread Response,1,1
rq3_111,OUTPUT:New Thread,0,0
rq3_111,OUTPUT:Standalone Artifact,0,0
rq3_111,OUTPUT:Control Signal,1,0
rq3_111,PROCESS:Required Sequence,1,1
rq3_111,PROCESS:Decision Branch,0,1
rq3_111,PROCESS:Within-Run Iteration,1,1
rq3_111,PROCESS:Cross-Run Memory,0,0
rq3_111,PROCESS:Work Delegation,0,0
rq3_111,EVALUATION:Execution Check,0,0
rq3_111,EVALUATION:Rule Conformance,0,1
rq3_111,EVALUATION:Evidence Credibility,0,0
rq3_111,EVALUATION:Risk Assessment,0,0
rq3_111,RESOURCE:GitHub Interface,1,1
rq3_111,RESOURCE:Web Retrieval,0,0
rq3_111,RESOURCE:Local Workspace,0,0
rq3_111,RESOURCE:Development Toolchain,0,0
rq3_111,RESOURCE:Agent Resource,0,0
rq3_111,COMMUNICATION:Expert Role,1,1
rq3_111,COMMUNICATION:Audience Voice,0,0
rq3_111,COMMUNICATION:Automation Disclosure,0,0
rq3_111,EXAMPLE:Output Template,0,1
rq3_111,EXAMPLE:Worked Case,0,0
rq3_111,EXAMPLE:Technical Snippet,1,0
rq3_111,SAFETY:Prompt Injection Defense,0,0
rq3_111,SAFETY:Information Confidentiality,0,0
rq3_111,SAFETY:Execution Isolation,0,0
rq3_111,SAFETY:Vulnerability Handling,0,0
rq3_112,TASK:Artifact Change,0,0
rq3_112,TASK:Artifact Review,1,1
rq3_112,TASK:Evidence Investigation,0,0
rq3_112,TASK:Executable Validation,0,0
rq3_112,TASK:Work Item Management,0,0
rq3_112,CONSTRAINT:Scope Boundary,0,1
rq3_112,CONSTRAINT:Evidence Grounding,0,0
rq3_112,CONSTRAINT:Quality Standard,1,0
rq3_112,CONSTRAINT:Resource Budget,0,0
rq3_112,CONTEXT:Repository Context,0,0
rq3_112,CONTEXT:Domain Context,0,0
rq3_112,CONTEXT:Execution Environment,0,0
rq3_112,CONTEXT:Historical Context,0,0
rq3_112,OUTPUT:Repository Change,0,0
rq3_112,OUTPUT:Existing Thread Response,1,1
rq3_112,OUTPUT:New Thread,0,0
rq3_112,OUTPUT:Standalone Artifact,0,0
rq3_112,OUTPUT:Control Signal,0,1
rq3_112,PROCESS:Required Sequence,1,1
rq3_112,PROCESS:Decision Branch,1,1
rq3_112,PROCESS:Within-Run Iteration,0,0
rq3_112,PROCESS:Cross-Run Memory,0,0
rq3_112,PROCESS:Work Delegation,0,0
rq3_112,EVALUATION:Execution Check,0,0
rq3_112,EVALUATION:Rule Conformance,0,0
rq3_112,EVALUATION:Evidence Credibility,0,0
rq3_112,EVALUATION:Risk Assessment,0,0
rq3_112,RESOURCE:GitHub Interface,0,1
rq3_112,RESOURCE:Web Retrieval,0,0
rq3_112,RESOURCE:Local Workspace,0,0
rq3_112,RESOURCE:Development Toolchain,0,0
rq3_112,RESOURCE:Agent Resource,0,0
rq3_112,COMMUNICATION:Expert Role,1,1
rq3_112,COMMUNICATION:Audience Voice,0,0
rq3_112,COMMUNICATION:Automation Disclosure,0,0
rq3_112,EXAMPLE:Output Template,0,0
rq3_112,EXAMPLE:Worked Case,0,0
rq3_112,EXAMPLE:Technical Snippet,0,0
rq3_112,SAFETY:Prompt Injection Defense,0,0
rq3_112,SAFETY:Information Confidentiality,0,0
rq3_112,SAFETY:Execution Isolation,0,0
rq3_112,SAFETY:Vulnerability Handling,0,0
rq3_113,TASK:Artifact Change,0,0
rq3_113,TASK:Artifact Review,0,0
rq3_113,TASK:Evidence Investigation,0,0
rq3_113,TASK:Executable Validation,1,1
rq3_113,TASK:Work Item Management,0,0
rq3_113,CONSTRAINT:Scope Boundary,1,1
rq3_113,CONSTRAINT:Evidence Grounding,0,0
rq3_113,CONSTRAINT:Quality Standard,1,1
rq3_113,CONSTRAINT:Resource Budget,0,0
rq3_113,CONTEXT:Repository Context,1,0
rq3_113,CONTEXT:Domain Context,0,1
rq3_113,CONTEXT:Execution Environment,0,0
rq3_113,CONTEXT:Historical Context,0,0
rq3_113,OUTPUT:Repository Change,0,0
rq3_113,OUTPUT:Existing Thread Response,0,1
rq3_113,OUTPUT:New Thread,1,1
rq3_113,OUTPUT:Standalone Artifact,1,0
rq3_113,OUTPUT:Control Signal,1,0
rq3_113,PROCESS:Required Sequence,0,0
rq3_113,PROCESS:Decision Branch,0,0
rq3_113,PROCESS:Within-Run Iteration,0,0
rq3_113,PROCESS:Cross-Run Memory,0,0
rq3_113,PROCESS:Work Delegation,0,0
rq3_113,EVALUATION:Execution Check,0,1
rq3_113,EVALUATION:Rule Conformance,0,0
rq3_113,EVALUATION:Evidence Credibility,0,0
rq3_113,EVALUATION:Risk Assessment,0,0
rq3_113,RESOURCE:GitHub Interface,1,1
rq3_113,RESOURCE:Web Retrieval,0,0
rq3_113,RESOURCE:Local Workspace,0,0
rq3_113,RESOURCE:Development Toolchain,0,0
rq3_113,RESOURCE:Agent Resource,0,0
rq3_113,COMMUNICATION:Expert Role,0,0
rq3_113,COMMUNICATION:Audience Voice,0,0
rq3_113,COMMUNICATION:Automation Disclosure,0,0
rq3_113,EXAMPLE:Output Template,1,1
rq3_113,EXAMPLE:Worked Case,0,0
rq3_113,EXAMPLE:Technical Snippet,0,0
rq3_113,SAFETY:Prompt Injection Defense,0,0
rq3_113,SAFETY:Information Confidentiality,0,0
rq3_113,SAFETY:Execution Isolation,0,1
rq3_113,SAFETY:Vulnerability Handling,0,0
rq3_114,TASK:Artifact Change,0,0
rq3_114,TASK:Artifact Review,0,0
rq3_114,TASK:Evidence Investigation,1,1
rq3_114,TASK:Executable Validation,0,0
rq3_114,TASK:Work Item Management,0,0
rq3_114,CONSTRAINT:Scope Boundary,1,1
rq3_114,CONSTRAINT:Evidence Grounding,1,0
rq3_114,CONSTRAINT:Quality Standard,1,0
rq3_114,CONSTRAINT:Resource Budget,1,0
rq3_114,CONTEXT:Repository Context,0,0
rq3_114,CONTEXT:Domain Context,1,0
rq3_114,CONTEXT:Execution Environment,1,0
rq3_114,CONTEXT:Historical Context,0,0
rq3_114,OUTPUT:Repository Change,0,0
rq3_114,OUTPUT:Existing Thread Response,0,0
rq3_114,OUTPUT:New Thread,1,1
rq3_114,OUTPUT:Standalone Artifact,0,0
rq3_114,OUTPUT:Control Signal,1,1
rq3_114,PROCESS:Required Sequence,1,1
rq3_114,PROCESS:Decision Branch,1,1
rq3_114,PROCESS:Within-Run Iteration,1,1
rq3_114,PROCESS:Cross-Run Memory,0,0
rq3_114,PROCESS:Work Delegation,1,1
rq3_114,EVALUATION:Execution Check,0,0
rq3_114,EVALUATION:Rule Conformance,1,0
rq3_114,EVALUATION:Evidence Credibility,0,0
rq3_114,EVALUATION:Risk Assessment,1,1
rq3_114,RESOURCE:GitHub Interface,1,1
rq3_114,RESOURCE:Web Retrieval,1,1
rq3_114,RESOURCE:Local Workspace,1,0
rq3_114,RESOURCE:Development Toolchain,0,0
rq3_114,RESOURCE:Agent Resource,1,1
rq3_114,COMMUNICATION:Expert Role,1,1
rq3_114,COMMUNICATION:Audience Voice,0,0
rq3_114,COMMUNICATION:Automation Disclosure,1,0
rq3_114,EXAMPLE:Output Template,1,1
rq3_114,EXAMPLE:Worked Case,0,0
rq3_114,EXAMPLE:Technical Snippet,0,0
rq3_114,SAFETY:Prompt Injection Defense,0,0
rq3_114,SAFETY:Information Confidentiality,1,0
rq3_114,SAFETY:Execution Isolation,1,0
rq3_114,SAFETY:Vulnerability Handling,1,0
rq3_115,TASK:Artifact Change,0,1
rq3_115,TASK:Artifact Review,0,0
rq3_115,TASK:Evidence Investigation,0,0
rq3_115,TASK:Executable Validation,0,0
rq3_115,TASK:Work Item Management,0,0
rq3_115,CONSTRAINT:Scope Boundary,0,0
rq3_115,CONSTRAINT:Evidence Grounding,0,0
rq3_115,CONSTRAINT:Quality Standard,0,0
rq3_115,CONSTRAINT:Resource Budget,0,0
rq3_115,CONTEXT:Repository Context,0,0
rq3_115,CONTEXT:Domain Context,0,0
rq3_115,CONTEXT:Execution Environment,0,0
rq3_115,CONTEXT:Historical Context,0,0
rq3_115,OUTPUT:Repository Change,0,0
rq3_115,OUTPUT:Existing Thread Response,0,0
rq3_115,OUTPUT:New Thread,0,0
rq3_115,OUTPUT:Standalone Artifact,1,0
rq3_115,OUTPUT:Control Signal,0,0
rq3_115,PROCESS:Required Sequence,0,0
rq3_115,PROCESS:Decision Branch,0,0
rq3_115,PROCESS:Within-Run Iteration,0,0
rq3_115,PROCESS:Cross-Run Memory,0,0
rq3_115,PROCESS:Work Delegation,0,0
rq3_115,EVALUATION:Execution Check,0,0
rq3_115,EVALUATION:Rule Conformance,0,0
rq3_115,EVALUATION:Evidence Credibility,0,0
rq3_115,EVALUATION:Risk Assessment,0,0
rq3_115,RESOURCE:GitHub Interface,0,0
rq3_115,RESOURCE:Web Retrieval,0,0
rq3_115,RESOURCE:Local Workspace,1,0
rq3_115,RESOURCE:Development Toolchain,0,0
rq3_115,RESOURCE:Agent Resource,0,0
rq3_115,COMMUNICATION:Expert Role,1,0
rq3_115,COMMUNICATION:Audience Voice,0,0
rq3_115,COMMUNICATION:Automation Disclosure,0,0
rq3_115,EXAMPLE:Output Template,0,0
rq3_115,EXAMPLE:Worked Case,0,0
rq3_115,EXAMPLE:Technical Snippet,0,0
rq3_115,SAFETY:Prompt Injection Defense,0,0
rq3_115,SAFETY:Information Confidentiality,0,0
rq3_115,SAFETY:Execution Isolation,0,0
rq3_115,SAFETY:Vulnerability Handling,0,0
rq3_116,TASK:Artifact Change,0,0
rq3_116,TASK:Artifact Review,0,0
rq3_116,TASK:Evidence Investigation,1,1
rq3_116,TASK:Executable Validation,0,1
rq3_116,TASK:Work Item Management,0,0
rq3_116,CONSTRAINT:Scope Boundary,1,1
rq3_116,CONSTRAINT:Evidence Grounding,1,0
rq3_116,CONSTRAINT:Quality Standard,1,1
rq3_116,CONSTRAINT:Resource Budget,0,0
rq3_116,CONTEXT:Repository Context,1,1
rq3_116,CONTEXT:Domain Context,1,0
rq3_116,CONTEXT:Execution Environment,1,0
rq3_116,CONTEXT:Historical Context,0,0
rq3_116,OUTPUT:Repository Change,0,0
rq3_116,OUTPUT:Existing Thread Response,0,0
rq3_116,OUTPUT:New Thread,1,1
rq3_116,OUTPUT:Standalone Artifact,0,0
rq3_116,OUTPUT:Control Signal,0,0
rq3_116,PROCESS:Required Sequence,1,0
rq3_116,PROCESS:Decision Branch,1,1
rq3_116,PROCESS:Within-Run Iteration,1,0
rq3_116,PROCESS:Cross-Run Memory,1,1
rq3_116,PROCESS:Work Delegation,0,0
rq3_116,EVALUATION:Execution Check,0,0
rq3_116,EVALUATION:Rule Conformance,1,0
rq3_116,EVALUATION:Evidence Credibility,1,1
rq3_116,EVALUATION:Risk Assessment,0,1
rq3_116,RESOURCE:GitHub Interface,0,1
rq3_116,RESOURCE:Web Retrieval,0,0
rq3_116,RESOURCE:Local Workspace,1,0
rq3_116,RESOURCE:Development Toolchain,0,0
rq3_116,RESOURCE:Agent Resource,1,0
rq3_116,COMMUNICATION:Expert Role,1,1
rq3_116,COMMUNICATION:Audience Voice,0,0
rq3_116,COMMUNICATION:Automation Disclosure,1,0
rq3_116,EXAMPLE:Output Template,1,1
rq3_116,EXAMPLE:Worked Case,1,0
rq3_116,EXAMPLE:Technical Snippet,1,0
rq3_116,SAFETY:Prompt Injection Defense,0,0
rq3_116,SAFETY:Information Confidentiality,0,0
rq3_116,SAFETY:Execution Isolation,0,0
rq3_116,SAFETY:Vulnerability Handling,0,0
rq3_117,TASK:Artifact Change,0,0
rq3_117,TASK:Artifact Review,0,0
rq3_117,TASK:Evidence Investigation,1,1
rq3_117,TASK:Executable Validation,0,0
rq3_117,TASK:Work Item Management,0,0
rq3_117,CONSTRAINT:Scope Boundary,1,1
rq3_117,CONSTRAINT:Evidence Grounding,1,0
rq3_117,CONSTRAINT:Quality Standard,1,0
rq3_117,CONSTRAINT:Resource Budget,0,0
rq3_117,CONTEXT:Repository Context,1,1
rq3_117,CONTEXT:Domain Context,1,1
rq3_117,CONTEXT:Execution Environment,0,0
rq3_117,CONTEXT:Historical Context,0,0
rq3_117,OUTPUT:Repository Change,0,0
rq3_117,OUTPUT:Existing Thread Response,1,1
rq3_117,OUTPUT:New Thread,0,0
rq3_117,OUTPUT:Standalone Artifact,0,0
rq3_117,OUTPUT:Control Signal,1,1
rq3_117,PROCESS:Required Sequence,1,1
rq3_117,PROCESS:Decision Branch,1,1
rq3_117,PROCESS:Within-Run Iteration,0,0
rq3_117,PROCESS:Cross-Run Memory,0,0
rq3_117,PROCESS:Work Delegation,0,0
rq3_117,EVALUATION:Execution Check,0,0
rq3_117,EVALUATION:Rule Conformance,0,0
rq3_117,EVALUATION:Evidence Credibility,0,0
rq3_117,EVALUATION:Risk Assessment,1,1
rq3_117,RESOURCE:GitHub Interface,1,1
rq3_117,RESOURCE:Web Retrieval,0,0
rq3_117,RESOURCE:Local Workspace,0,0
rq3_117,RESOURCE:Development Toolchain,0,0
rq3_117,RESOURCE:Agent Resource,0,0
rq3_117,COMMUNICATION:Expert Role,1,1
rq3_117,COMMUNICATION:Audience Voice,0,0
rq3_117,COMMUNICATION:Automation Disclosure,0,0
rq3_117,EXAMPLE:Output Template,0,0
rq3_117,EXAMPLE:Worked Case,0,0
rq3_117,EXAMPLE:Technical Snippet,0,0
rq3_117,SAFETY:Prompt Injection Defense,0,0
rq3_117,SAFETY:Information Confidentiality,0,0
rq3_117,SAFETY:Execution Isolation,0,0
rq3_117,SAFETY:Vulnerability Handling,0,0
rq3_118,TASK:Artifact Change,0,0
rq3_118,TASK:Artifact Review,0,0
rq3_118,TASK:Evidence Investigation,1,1
rq3_118,TASK:Executable Validation,0,0
rq3_118,TASK:Work Item Management,1,1
rq3_118,CONSTRAINT:Scope Boundary,1,1
rq3_118,CONSTRAINT:Evidence Grounding,0,0
rq3_118,CONSTRAINT:Quality Standard,1,0
rq3_118,CONSTRAINT:Resource Budget,1,0
rq3_118,CONTEXT:Repository Context,1,0
rq3_118,CONTEXT:Domain Context,1,1
rq3_118,CONTEXT:Execution Environment,1,0
rq3_118,CONTEXT:Historical Context,0,0
rq3_118,OUTPUT:Repository Change,0,0
rq3_118,OUTPUT:Existing Thread Response,1,1
rq3_118,OUTPUT:New Thread,0,0
rq3_118,OUTPUT:Standalone Artifact,0,0
rq3_118,OUTPUT:Control Signal,1,1
rq3_118,PROCESS:Required Sequence,1,0
rq3_118,PROCESS:Decision Branch,1,1
rq3_118,PROCESS:Within-Run Iteration,1,0
rq3_118,PROCESS:Cross-Run Memory,0,0
rq3_118,PROCESS:Work Delegation,0,0
rq3_118,EVALUATION:Execution Check,0,0
rq3_118,EVALUATION:Rule Conformance,1,0
rq3_118,EVALUATION:Evidence Credibility,1,0
rq3_118,EVALUATION:Risk Assessment,1,0
rq3_118,RESOURCE:GitHub Interface,1,1
rq3_118,RESOURCE:Web Retrieval,0,0
rq3_118,RESOURCE:Local Workspace,0,0
rq3_118,RESOURCE:Development Toolchain,0,0
rq3_118,RESOURCE:Agent Resource,0,0
rq3_118,COMMUNICATION:Expert Role,0,0
rq3_118,COMMUNICATION:Audience Voice,1,0
rq3_118,COMMUNICATION:Automation Disclosure,0,0
rq3_118,EXAMPLE:Output Template,1,1
rq3_118,EXAMPLE:Worked Case,1,1
rq3_118,EXAMPLE:Technical Snippet,0,0
rq3_118,SAFETY:Prompt Injection Defense,1,1
rq3_118,SAFETY:Information Confidentiality,0,0
rq3_118,SAFETY:Execution Isolation,0,0
rq3_118,SAFETY:Vulnerability Handling,0,0
rq3_119,TASK:Artifact Change,0,0
rq3_119,TASK:Artifact Review,0,0
rq3_119,TASK:Evidence Investigation,1,1
rq3_119,TASK:Executable Validation,0,0
rq3_119,TASK:Work Item Management,0,0
rq3_119,CONSTRAINT:Scope Boundary,0,0
rq3_119,CONSTRAINT:Evidence Grounding,0,0
rq3_119,CONSTRAINT:Quality Standard,1,1
rq3_119,CONSTRAINT:Resource Budget,0,0
rq3_119,CONTEXT:Repository Context,0,1
rq3_119,CONTEXT:Domain Context,0,0
rq3_119,CONTEXT:Execution Environment,0,0
rq3_119,CONTEXT:Historical Context,0,0
rq3_119,OUTPUT:Repository Change,0,0
rq3_119,OUTPUT:Existing Thread Response,0,0
rq3_119,OUTPUT:New Thread,1,1
rq3_119,OUTPUT:Standalone Artifact,0,0
rq3_119,OUTPUT:Control Signal,0,0
rq3_119,PROCESS:Required Sequence,1,1
rq3_119,PROCESS:Decision Branch,0,0
rq3_119,PROCESS:Within-Run Iteration,0,0
rq3_119,PROCESS:Cross-Run Memory,0,0
rq3_119,PROCESS:Work Delegation,0,0
rq3_119,EVALUATION:Execution Check,0,0
rq3_119,EVALUATION:Rule Conformance,0,0
rq3_119,EVALUATION:Evidence Credibility,0,0
rq3_119,EVALUATION:Risk Assessment,0,0
rq3_119,RESOURCE:GitHub Interface,1,1
rq3_119,RESOURCE:Web Retrieval,0,0
rq3_119,RESOURCE:Local Workspace,0,0
rq3_119,RESOURCE:Development Toolchain,0,0
rq3_119,RESOURCE:Agent Resource,0,0
rq3_119,COMMUNICATION:Expert Role,0,0
rq3_119,COMMUNICATION:Audience Voice,1,1
rq3_119,COMMUNICATION:Automation Disclosure,0,0
rq3_119,EXAMPLE:Output Template,1,1
rq3_119,EXAMPLE:Worked Case,0,0
rq3_119,EXAMPLE:Technical Snippet,0,0
rq3_119,SAFETY:Prompt Injection Defense,0,0
rq3_119,SAFETY:Information Confidentiality,0,0
rq3_119,SAFETY:Execution Isolation,0,0
rq3_119,SAFETY:Vulnerability Handling,0,0
rq3_121,TASK:Artifact Change,0,1
rq3_121,TASK:Artifact Review,0,0
rq3_121,TASK:Evidence Investigation,0,0
rq3_121,TASK:Executable Validation,0,0
rq3_121,TASK:Work Item Management,1,0
rq3_121,CONSTRAINT:Scope Boundary,0,1
rq3_121,CONSTRAINT:Evidence Grounding,0,0
rq3_121,CONSTRAINT:Quality Standard,0,0
rq3_121,CONSTRAINT:Resource Budget,0,0
rq3_121,CONTEXT:Repository Context,0,0
rq3_121,CONTEXT:Domain Context,0,0
rq3_121,CONTEXT:Execution Environment,0,0
rq3_121,CONTEXT:Historical Context,0,0
rq3_121,OUTPUT:Repository Change,0,1
rq3_121,OUTPUT:Existing Thread Response,1,1
rq3_121,OUTPUT:New Thread,0,0
rq3_121,OUTPUT:Standalone Artifact,0,0
rq3_121,OUTPUT:Control Signal,1,0
rq3_121,PROCESS:Required Sequence,0,1
rq3_121,PROCESS:Decision Branch,0,0
rq3_121,PROCESS:Within-Run Iteration,0,0
rq3_121,PROCESS:Cross-Run Memory,0,0
rq3_121,PROCESS:Work Delegation,1,1
rq3_121,EVALUATION:Execution Check,0,0
rq3_121,EVALUATION:Rule Conformance,0,0
rq3_121,EVALUATION:Evidence Credibility,0,0
rq3_121,EVALUATION:Risk Assessment,0,0
rq3_121,RESOURCE:GitHub Interface,0,0
rq3_121,RESOURCE:Web Retrieval,0,0
rq3_121,RESOURCE:Local Workspace,0,0
rq3_121,RESOURCE:Development Toolchain,0,0
rq3_121,RESOURCE:Agent Resource,0,0
rq3_121,COMMUNICATION:Expert Role,1,1
rq3_121,COMMUNICATION:Audience Voice,0,0
rq3_121,COMMUNICATION:Automation Disclosure,0,0
rq3_121,EXAMPLE:Output Template,1,0
rq3_121,EXAMPLE:Worked Case,0,0
rq3_121,EXAMPLE:Technical Snippet,0,0
rq3_121,SAFETY:Prompt Injection Defense,0,0
rq3_121,SAFETY:Information Confidentiality,0,0
rq3_121,SAFETY:Execution Isolation,0,0
rq3_121,SAFETY:Vulnerability Handling,0,0
rq3_122,TASK:Artifact Change,0,0
rq3_122,TASK:Artifact Review,1,1
rq3_122,TASK:Evidence Investigation,0,0
rq3_122,TASK:Executable Validation,0,0
rq3_122,TASK:Work Item Management,0,0
rq3_122,CONSTRAINT:Scope Boundary,1,1
rq3_122,CONSTRAINT:Evidence Grounding,0,0
rq3_122,CONSTRAINT:Quality Standard,1,1
rq3_122,CONSTRAINT:Resource Budget,1,0
rq3_122,CONTEXT:Repository Context,1,1
rq3_122,CONTEXT:Domain Context,0,0
rq3_122,CONTEXT:Execution Environment,0,0
rq3_122,CONTEXT:Historical Context,0,0
rq3_122,OUTPUT:Repository Change,0,0
rq3_122,OUTPUT:Existing Thread Response,1,1
rq3_122,OUTPUT:New Thread,0,0
rq3_122,OUTPUT:Standalone Artifact,0,0
rq3_122,OUTPUT:Control Signal,0,0
rq3_122,PROCESS:Required Sequence,1,1
rq3_122,PROCESS:Decision Branch,1,1
rq3_122,PROCESS:Within-Run Iteration,1,0
rq3_122,PROCESS:Cross-Run Memory,0,0
rq3_122,PROCESS:Work Delegation,1,1
rq3_122,EVALUATION:Execution Check,0,0
rq3_122,EVALUATION:Rule Conformance,1,0
rq3_122,EVALUATION:Evidence Credibility,0,0
rq3_122,EVALUATION:Risk Assessment,1,0
rq3_122,RESOURCE:GitHub Interface,1,1
rq3_122,RESOURCE:Web Retrieval,0,0
rq3_122,RESOURCE:Local Workspace,1,0
rq3_122,RESOURCE:Development Toolchain,0,0
rq3_122,RESOURCE:Agent Resource,1,0
rq3_122,COMMUNICATION:Expert Role,1,1
rq3_122,COMMUNICATION:Audience Voice,1,1
rq3_122,COMMUNICATION:Automation Disclosure,0,0
rq3_122,EXAMPLE:Output Template,0,0
rq3_122,EXAMPLE:Worked Case,0,0
rq3_122,EXAMPLE:Technical Snippet,0,0
rq3_122,SAFETY:Prompt Injection Defense,1,1
rq3_122,SAFETY:Information Confidentiality,1,0
rq3_122,SAFETY:Execution Isolation,0,0
rq3_122,SAFETY:Vulnerability Handling,1,0
rq3_123,TASK:Artifact Change,1,1
rq3_123,TASK:Artifact Review,0,0
rq3_123,TASK:Evidence Investigation,1,1
rq3_123,TASK:Executable Validation,1,0
rq3_123,TASK:Work Item Management,0,0
rq3_123,CONSTRAINT:Scope Boundary,1,1
rq3_123,CONSTRAINT:Evidence Grounding,1,0
rq3_123,CONSTRAINT:Quality Standard,1,0
rq3_123,CONSTRAINT:Resource Budget,1,0
rq3_123,CONTEXT:Repository Context,1,1
rq3_123,CONTEXT:Domain Context,0,0
rq3_123,CONTEXT:Execution Environment,1,0
rq3_123,CONTEXT:Historical Context,0,0
rq3_123,OUTPUT:Repository Change,1,1
rq3_123,OUTPUT:Existing Thread Response,0,0
rq3_123,OUTPUT:New Thread,1,1
rq3_123,OUTPUT:Standalone Artifact,1,0
rq3_123,OUTPUT:Control Signal,1,1
rq3_123,PROCESS:Required Sequence,1,1
rq3_123,PROCESS:Decision Branch,1,1
rq3_123,PROCESS:Within-Run Iteration,0,0
rq3_123,PROCESS:Cross-Run Memory,0,0
rq3_123,PROCESS:Work Delegation,0,0
rq3_123,EVALUATION:Execution Check,1,1
rq3_123,EVALUATION:Rule Conformance,0,0
rq3_123,EVALUATION:Evidence Credibility,0,0
rq3_123,EVALUATION:Risk Assessment,1,0
rq3_123,RESOURCE:GitHub Interface,1,0
rq3_123,RESOURCE:Web Retrieval,0,0
rq3_123,RESOURCE:Local Workspace,1,0
rq3_123,RESOURCE:Development Toolchain,1,0
rq3_123,RESOURCE:Agent Resource,1,0
rq3_123,COMMUNICATION:Expert Role,0,0
rq3_123,COMMUNICATION:Audience Voice,0,0
rq3_123,COMMUNICATION:Automation Disclosure,1,0
rq3_123,EXAMPLE:Output Template,0,0
rq3_123,EXAMPLE:Worked Case,0,0
rq3_123,EXAMPLE:Technical Snippet,0,0
rq3_123,SAFETY:Prompt Injection Defense,0,0
rq3_123,SAFETY:Information Confidentiality,0,0
rq3_123,SAFETY:Execution Isolation,0,0
rq3_123,SAFETY:Vulnerability Handling,0,0
rq3_124,TASK:Artifact Change,0,0
rq3_124,TASK:Artifact Review,0,0
rq3_124,TASK:Evidence Investigation,0,0
rq3_124,TASK:Executable Validation,1,1
rq3_124,TASK:Work Item Management,1,0
rq3_124,CONSTRAINT:Scope Boundary,0,0
rq3_124,CONSTRAINT:Evidence Grounding,0,0
rq3_124,CONSTRAINT:Quality Standard,0,0
rq3_124,CONSTRAINT:Resource Budget,0,0
rq3_124,CONTEXT:Repository Context,0,0
rq3_124,CONTEXT:Domain Context,1,0
rq3_124,CONTEXT:Execution Environment,0,0
rq3_124,CONTEXT:Historical Context,0,0
rq3_124,OUTPUT:Repository Change,0,0
rq3_124,OUTPUT:Existing Thread Response,1,1
rq3_124,OUTPUT:New Thread,1,1
rq3_124,OUTPUT:Standalone Artifact,0,0
rq3_124,OUTPUT:Control Signal,0,0
rq3_124,PROCESS:Required Sequence,1,1
rq3_124,PROCESS:Decision Branch,1,1
rq3_124,PROCESS:Within-Run Iteration,0,0
rq3_124,PROCESS:Cross-Run Memory,0,0
rq3_124,PROCESS:Work Delegation,1,1
rq3_124,EVALUATION:Execution Check,1,1
rq3_124,EVALUATION:Rule Conformance,1,1
rq3_124,EVALUATION:Evidence Credibility,0,0
rq3_124,EVALUATION:Risk Assessment,0,0
rq3_124,RESOURCE:GitHub Interface,1,0
rq3_124,RESOURCE:Web Retrieval,0,0
rq3_124,RESOURCE:Local Workspace,0,0
rq3_124,RESOURCE:Development Toolchain,0,0
rq3_124,RESOURCE:Agent Resource,1,1
rq3_124,COMMUNICATION:Expert Role,0,0
rq3_124,COMMUNICATION:Audience Voice,0,0
rq3_124,COMMUNICATION:Automation Disclosure,0,0
rq3_124,EXAMPLE:Output Template,1,0
rq3_124,EXAMPLE:Worked Case,0,0
rq3_124,EXAMPLE:Technical Snippet,0,1
rq3_124,SAFETY:Prompt Injection Defense,0,0
rq3_124,SAFETY:Information Confidentiality,0,0
rq3_124,SAFETY:Execution Isolation,0,0
rq3_124,SAFETY:Vulnerability Handling,0,0
rq3_125,TASK:Artifact Change,0,1
rq3_125,TASK:Artifact Review,0,1
rq3_125,TASK:Evidence Investigation,0,1
rq3_125,TASK:Executable Validation,0,0
rq3_125,TASK:Work Item Management,0,0
rq3_125,CONSTRAINT:Scope Boundary,1,1
rq3_125,CONSTRAINT:Evidence Grounding,1,0
rq3_125,CONSTRAINT:Quality Standard,0,0
rq3_125,CONSTRAINT:Resource Budget,1,1
rq3_125,CONTEXT:Repository Context,0,1
rq3_125,CONTEXT:Domain Context,0,0
rq3_125,CONTEXT:Execution Environment,0,0
rq3_125,CONTEXT:Historical Context,0,1
rq3_125,OUTPUT:Repository Change,0,0
rq3_125,OUTPUT:Existing Thread Response,0,0
rq3_125,OUTPUT:New Thread,1,1
rq3_125,OUTPUT:Standalone Artifact,0,0
rq3_125,OUTPUT:Control Signal,0,0
rq3_125,PROCESS:Required Sequence,1,1
rq3_125,PROCESS:Decision Branch,1,1
rq3_125,PROCESS:Within-Run Iteration,0,0
rq3_125,PROCESS:Cross-Run Memory,1,0
rq3_125,PROCESS:Work Delegation,0,0
rq3_125,EVALUATION:Execution Check,0,0
rq3_125,EVALUATION:Rule Conformance,1,0
rq3_125,EVALUATION:Evidence Credibility,0,0
rq3_125,EVALUATION:Risk Assessment,0,0
rq3_125,RESOURCE:GitHub Interface,0,0
rq3_125,RESOURCE:Web Retrieval,0,0
rq3_125,RESOURCE:Local Workspace,1,1
rq3_125,RESOURCE:Development Toolchain,0,0
rq3_125,RESOURCE:Agent Resource,0,0
rq3_125,COMMUNICATION:Expert Role,1,1
rq3_125,COMMUNICATION:Audience Voice,0,0
rq3_125,COMMUNICATION:Automation Disclosure,0,0
rq3_125,EXAMPLE:Output Template,1,0
rq3_125,EXAMPLE:Worked Case,0,0
rq3_125,EXAMPLE:Technical Snippet,0,0
rq3_125,SAFETY:Prompt Injection Defense,0,0
rq3_125,SAFETY:Information Confidentiality,0,0
rq3_125,SAFETY:Execution Isolation,0,0
rq3_125,SAFETY:Vulnerability Handling,0,0
rq3_126,TASK:Artifact Change,0,0
rq3_126,TASK:Artifact Review,0,0
rq3_126,TASK:Evidence Investigation,0,1
rq3_126,TASK:Executable Validation,0,0
rq3_126,TASK:Work Item Management,0,0
rq3_126,CONSTRAINT:Scope Boundary,0,0
rq3_126,CONSTRAINT:Evidence Grounding,0,0
rq3_126,CONSTRAINT:Quality Standard,0,0
rq3_126,CONSTRAINT:Resource Budget,0,0
rq3_126,CONTEXT:Repository Context,1,0
rq3_126,CONTEXT:Domain Context,0,0
rq3_126,CONTEXT:Execution Environment,0,0
rq3_126,CONTEXT:Historical Context,0,0
rq3_126,OUTPUT:Repository Change,0,0
rq3_126,OUTPUT:Existing Thread Response,0,1
rq3_126,OUTPUT:New Thread,0,0
rq3_126,OUTPUT:Standalone Artifact,0,0
rq3_126,OUTPUT:Control Signal,0,0
rq3_126,PROCESS:Required Sequence,0,0
rq3_126,PROCESS:Decision Branch,0,1
rq3_126,PROCESS:Within-Run Iteration,0,0
rq3_126,PROCESS:Cross-Run Memory,0,0
rq3_126,PROCESS:Work Delegation,0,0
rq3_126,EVALUATION:Execution Check,0,0
rq3_126,EVALUATION:Rule Conformance,0,0
rq3_126,EVALUATION:Evidence Credibility,0,0
rq3_126,EVALUATION:Risk Assessment,0,0
rq3_126,RESOURCE:GitHub Interface,0,1
rq3_126,RESOURCE:Web Retrieval,0,0
rq3_126,RESOURCE:Local Workspace,0,0
rq3_126,RESOURCE:Development Toolchain,0,0
rq3_126,RESOURCE:Agent Resource,0,0
rq3_126,COMMUNICATION:Expert Role,0,0
rq3_126,COMMUNICATION:Audience Voice,0,0
rq3_126,COMMUNICATION:Automation Disclosure,0,0
rq3_126,EXAMPLE:Output Template,0,0
rq3_126,EXAMPLE:Worked Case,0,0
rq3_126,EXAMPLE:Technical Snippet,0,0
rq3_126,SAFETY:Prompt Injection Defense,0,0
rq3_126,SAFETY:Information Confidentiality,0,0
rq3_126,SAFETY:Execution Isolation,0,0
rq3_126,SAFETY:Vulnerability Handling,0,0
rq3_127,TASK:Artifact Change,1,1
rq3_127,TASK:Artifact Review,0,0
rq3_127,TASK:Evidence Investigation,1,0
rq3_127,TASK:Executable Validation,1,0
rq3_127,TASK:Work Item Management,0,0
rq3_127,CONSTRAINT:Scope Boundary,1,1
rq3_127,CONSTRAINT:Evidence Grounding,0,0
rq3_127,CONSTRAINT:Quality Standard,0,0
rq3_127,CONSTRAINT:Resource Budget,0,0
rq3_127,CONTEXT:Repository Context,1,1
rq3_127,CONTEXT:Domain Context,0,0
rq3_127,CONTEXT:Execution Environment,1,0
rq3_127,CONTEXT:Historical Context,0,0
rq3_127,OUTPUT:Repository Change,1,1
rq3_127,OUTPUT:Existing Thread Response,0,0
rq3_127,OUTPUT:New Thread,0,0
rq3_127,OUTPUT:Standalone Artifact,0,0
rq3_127,OUTPUT:Control Signal,0,0
rq3_127,PROCESS:Required Sequence,1,1
rq3_127,PROCESS:Decision Branch,1,1
rq3_127,PROCESS:Within-Run Iteration,0,0
rq3_127,PROCESS:Cross-Run Memory,0,0
rq3_127,PROCESS:Work Delegation,0,0
rq3_127,EVALUATION:Execution Check,1,0
rq3_127,EVALUATION:Rule Conformance,1,0
rq3_127,EVALUATION:Evidence Credibility,0,0
rq3_127,EVALUATION:Risk Assessment,0,0
rq3_127,RESOURCE:GitHub Interface,0,0
rq3_127,RESOURCE:Web Retrieval,0,0
rq3_127,RESOURCE:Local Workspace,1,0
rq3_127,RESOURCE:Development Toolchain,1,0
rq3_127,RESOURCE:Agent Resource,0,0
rq3_127,COMMUNICATION:Expert Role,0,0
rq3_127,COMMUNICATION:Audience Voice,0,0
rq3_127,COMMUNICATION:Automation Disclosure,0,0
rq3_127,EXAMPLE:Output Template,1,0
rq3_127,EXAMPLE:Worked Case,0,0
rq3_127,EXAMPLE:Technical Snippet,0,1
rq3_127,SAFETY:Prompt Injection Defense,0,0
rq3_127,SAFETY:Information Confidentiality,0,0
rq3_127,SAFETY:Execution Isolation,0,0
rq3_127,SAFETY:Vulnerability Handling,0,0
rq3_128,TASK:Artifact Change,0,0
rq3_128,TASK:Artifact Review,1,0
rq3_128,TASK:Evidence Investigation,0,1
rq3_128,TASK:Executable Validation,0,0
rq3_128,TASK:Work Item Management,0,0
rq3_128,CONSTRAINT:Scope Boundary,1,1
rq3_128,CONSTRAINT:Evidence Grounding,1,0
rq3_128,CONSTRAINT:Quality Standard,1,1
rq3_128,CONSTRAINT:Resource Budget,1,1
rq3_128,CONTEXT:Repository Context,1,1
rq3_128,CONTEXT:Domain Context,1,0
rq3_128,CONTEXT:Execution Environment,1,0
rq3_128,CONTEXT:Historical Context,0,0
rq3_128,OUTPUT:Repository Change,0,0
rq3_128,OUTPUT:Existing Thread Response,0,0
rq3_128,OUTPUT:New Thread,0,0
rq3_128,OUTPUT:Standalone Artifact,1,0
rq3_128,OUTPUT:Control Signal,1,1
rq3_128,PROCESS:Required Sequence,1,1
rq3_128,PROCESS:Decision Branch,1,1
rq3_128,PROCESS:Within-Run Iteration,1,0
rq3_128,PROCESS:Cross-Run Memory,0,0
rq3_128,PROCESS:Work Delegation,1,1
rq3_128,EVALUATION:Execution Check,0,0
rq3_128,EVALUATION:Rule Conformance,1,1
rq3_128,EVALUATION:Evidence Credibility,0,0
rq3_128,EVALUATION:Risk Assessment,1,1
rq3_128,RESOURCE:GitHub Interface,1,1
rq3_128,RESOURCE:Web Retrieval,0,0
rq3_128,RESOURCE:Local Workspace,1,0
rq3_128,RESOURCE:Development Toolchain,0,0
rq3_128,RESOURCE:Agent Resource,1,0
rq3_128,COMMUNICATION:Expert Role,1,1
rq3_128,COMMUNICATION:Audience Voice,0,0
rq3_128,COMMUNICATION:Automation Disclosure,0,0
rq3_128,EXAMPLE:Output Template,1,1
rq3_128,EXAMPLE:Worked Case,1,0
rq3_128,EXAMPLE:Technical Snippet,1,1
rq3_128,SAFETY:Prompt Injection Defense,0,1
rq3_128,SAFETY:Information Confidentiality,1,1
rq3_128,SAFETY:Execution Isolation,1,0
rq3_128,SAFETY:Vulnerability Handling,1,0
rq3_129,TASK:Artifact Change,0,0
rq3_129,TASK:Artifact Review,0,0
rq3_129,TASK:Evidence Investigation,1,1
rq3_129,TASK:Executable Validation,0,0
rq3_129,TASK:Work Item Management,1,0
rq3_129,CONSTRAINT:Scope Boundary,1,1
rq3_129,CONSTRAINT:Evidence Grounding,1,0
rq3_129,CONSTRAINT:Quality Standard,1,0
rq3_129,CONSTRAINT:Resource Budget,1,1
rq3_129,CONTEXT:Repository Context,1,1
rq3_129,CONTEXT:Domain Context,1,0
rq3_129,CONTEXT:Execution Environment,1,0
rq3_129,CONTEXT:Historical Context,0,0
rq3_129,OUTPUT:Repository Change,0,0
rq3_129,OUTPUT:Existing Thread Response,0,1
rq3_129,OUTPUT:New Thread,1,1
rq3_129,OUTPUT:Standalone Artifact,0,0
rq3_129,OUTPUT:Control Signal,1,0
rq3_129,PROCESS:Required Sequence,1,1
rq3_129,PROCESS:Decision Branch,1,1
rq3_129,PROCESS:Within-Run Iteration,1,0
rq3_129,PROCESS:Cross-Run Memory,0,0
rq3_129,PROCESS:Work Delegation,1,0
rq3_129,EVALUATION:Execution Check,0,0
rq3_129,EVALUATION:Rule Conformance,0,0
rq3_129,EVALUATION:Evidence Credibility,0,0
rq3_129,EVALUATION:Risk Assessment,1,0
rq3_129,RESOURCE:GitHub Interface,1,1
rq3_129,RESOURCE:Web Retrieval,0,0
rq3_129,RESOURCE:Local Workspace,1,0
rq3_129,RESOURCE:Development Toolchain,0,0
rq3_129,RESOURCE:Agent Resource,1,1
rq3_129,COMMUNICATION:Expert Role,0,0
rq3_129,COMMUNICATION:Audience Voice,1,0
rq3_129,COMMUNICATION:Automation Disclosure,0,0
rq3_129,EXAMPLE:Output Template,1,1
rq3_129,EXAMPLE:Worked Case,0,0
rq3_129,EXAMPLE:Technical Snippet,1,1
rq3_129,SAFETY:Prompt Injection Defense,0,0
rq3_129,SAFETY:Information Confidentiality,0,0
rq3_129,SAFETY:Execution Isolation,0,0
rq3_129,SAFETY:Vulnerability Handling,0,0
rq3_130,TASK:Artifact Change,0,0
rq3_130,TASK:Artifact Review,0,0
rq3_130,TASK:Evidence Investigation,1,1
rq3_130,TASK:Executable Validation,0,0
rq3_130,TASK:Work Item Management,0,0
rq3_130,CONSTRAINT:Scope Boundary,0,0
rq3_130,CONSTRAINT:Evidence Grounding,0,0
rq3_130,CONSTRAINT:Quality Standard,1,1
rq3_130,CONSTRAINT:Resource Budget,0,0
rq3_130,CONTEXT:Repository Context,1,1
rq3_130,CONTEXT:Domain Context,0,0
rq3_130,CONTEXT:Execution Environment,0,0
rq3_130,CONTEXT:Historical Context,0,0
rq3_130,OUTPUT:Repository Change,0,0
rq3_130,OUTPUT:Existing Thread Response,0,0
rq3_130,OUTPUT:New Thread,1,1
rq3_130,OUTPUT:Standalone Artifact,1,0
rq3_130,OUTPUT:Control Signal,0,0
rq3_130,PROCESS:Required Sequence,1,0
rq3_130,PROCESS:Decision Branch,1,1
rq3_130,PROCESS:Within-Run Iteration,1,0
rq3_130,PROCESS:Cross-Run Memory,0,0
rq3_130,PROCESS:Work Delegation,0,0
rq3_130,EVALUATION:Execution Check,0,1
rq3_130,EVALUATION:Rule Conformance,1,0
rq3_130,EVALUATION:Evidence Credibility,0,0
rq3_130,EVALUATION:Risk Assessment,0,0
rq3_130,RESOURCE:GitHub Interface,0,1
rq3_130,RESOURCE:Web Retrieval,1,1
rq3_130,RESOURCE:Local Workspace,1,0
rq3_130,RESOURCE:Development Toolchain,0,0
rq3_130,RESOURCE:Agent Resource,0,0
rq3_130,COMMUNICATION:Expert Role,1,1
rq3_130,COMMUNICATION:Audience Voice,0,0
rq3_130,COMMUNICATION:Automation Disclosure,1,0
rq3_130,EXAMPLE:Output Template,1,1
rq3_130,EXAMPLE:Worked Case,0,0
rq3_130,EXAMPLE:Technical Snippet,0,0
rq3_130,SAFETY:Prompt Injection Defense,0,0
rq3_130,SAFETY:Information Confidentiality,0,0
rq3_130,SAFETY:Execution Isolation,0,0
rq3_130,SAFETY:Vulnerability Handling,0,0
rq3_131,TASK:Artifact Change,1,0
rq3_131,TASK:Artifact Review,0,0
rq3_131,TASK:Evidence Investigation,1,1
rq3_131,TASK:Executable Validation,0,0
rq3_131,TASK:Work Item Management,0,0
rq3_131,CONSTRAINT:Scope Boundary,1,0
rq3_131,CONSTRAINT:Evidence Grounding,0,0
rq3_131,CONSTRAINT:Quality Standard,1,1
rq3_131,CONSTRAINT:Resource Budget,0,0
rq3_131,CONTEXT:Repository Context,1,1
rq3_131,CONTEXT:Domain Context,1,1
rq3_131,CONTEXT:Execution Environment,1,1
rq3_131,CONTEXT:Historical Context,0,0
rq3_131,OUTPUT:Repository Change,1,0
rq3_131,OUTPUT:Existing Thread Response,0,0
rq3_131,OUTPUT:New Thread,0,0
rq3_131,OUTPUT:Standalone Artifact,0,0
rq3_131,OUTPUT:Control Signal,0,0
rq3_131,PROCESS:Required Sequence,1,1
rq3_131,PROCESS:Decision Branch,1,1
rq3_131,PROCESS:Within-Run Iteration,0,0
rq3_131,PROCESS:Cross-Run Memory,0,0
rq3_131,PROCESS:Work Delegation,0,0
rq3_131,EVALUATION:Execution Check,0,0
rq3_131,EVALUATION:Rule Conformance,1,0
rq3_131,EVALUATION:Evidence Credibility,0,0
rq3_131,EVALUATION:Risk Assessment,0,0
rq3_131,RESOURCE:GitHub Interface,1,1
rq3_131,RESOURCE:Web Retrieval,0,0
rq3_131,RESOURCE:Local Workspace,1,0
rq3_131,RESOURCE:Development Toolchain,0,0
rq3_131,RESOURCE:Agent Resource,0,0
rq3_131,COMMUNICATION:Expert Role,0,0
rq3_131,COMMUNICATION:Audience Voice,1,1
rq3_131,COMMUNICATION:Automation Disclosure,1,0
rq3_131,EXAMPLE:Output Template,1,1
rq3_131,EXAMPLE:Worked Case,1,0
rq3_131,EXAMPLE:Technical Snippet,1,1
rq3_131,SAFETY:Prompt Injection Defense,0,0
rq3_131,SAFETY:Information Confidentiality,0,0
rq3_131,SAFETY:Execution Isolation,0,0
rq3_131,SAFETY:Vulnerability Handling,0,0
rq3_132,TASK:Artifact Change,0,0
rq3_132,TASK:Artifact Review,1,1
rq3_132,TASK:Evidence Investigation,0,1
rq3_132,TASK:Executable Validation,0,0
rq3_132,TASK:Work Item Management,0,0
rq3_132,CONSTRAINT:Scope Boundary,1,0
rq3_132,CONSTRAINT:Evidence Grounding,1,0
rq3_132,CONSTRAINT:Quality Standard,1,1
rq3_132,CONSTRAINT:Resource Budget,0,0
rq3_132,CONTEXT:Repository Context,1,1
rq3_132,CONTEXT:Domain Context,1,1
rq3_132,CONTEXT:Execution Environment,0,0
rq3_132,CONTEXT:Historical Context,0,0
rq3_132,OUTPUT:Repository Change,0,0
rq3_132,OUTPUT:Existing Thread Response,0,0
rq3_132,OUTPUT:New Thread,1,1
rq3_132,OUTPUT:Standalone Artifact,0,0
rq3_132,OUTPUT:Control Signal,0,0
rq3_132,PROCESS:Required Sequence,1,1
rq3_132,PROCESS:Decision Branch,1,1
rq3_132,PROCESS:Within-Run Iteration,1,0
rq3_132,PROCESS:Cross-Run Memory,0,0
rq3_132,PROCESS:Work Delegation,0,0
rq3_132,EVALUATION:Execution Check,0,0
rq3_132,EVALUATION:Rule Conformance,1,0
rq3_132,EVALUATION:Evidence Credibility,0,0
rq3_132,EVALUATION:Risk Assessment,1,0
rq3_132,RESOURCE:GitHub Interface,0,1
rq3_132,RESOURCE:Web Retrieval,0,0
rq3_132,RESOURCE:Local Workspace,1,1
rq3_132,RESOURCE:Development Toolchain,0,0
rq3_132,RESOURCE:Agent Resource,1,0
rq3_132,COMMUNICATION:Expert Role,1,1
rq3_132,COMMUNICATION:Audience Voice,0,0
rq3_132,COMMUNICATION:Automation Disclosure,1,0
rq3_132,EXAMPLE:Output Template,1,1
rq3_132,EXAMPLE:Worked Case,1,0
rq3_132,EXAMPLE:Technical Snippet,1,1
rq3_132,SAFETY:Prompt Injection Defense,0,0
rq3_132,SAFETY:Information Confidentiality,0,0
rq3_132,SAFETY:Execution Isolation,0,0
rq3_132,SAFETY:Vulnerability Handling,0,0
rq3_133,TASK:Artifact Change,1,1
rq3_133,TASK:Artifact Review,0,0
rq3_133,TASK:Evidence Investigation,0,1
rq3_133,TASK:Executable Validation,0,0
rq3_133,TASK:Work Item Management,0,0
rq3_133,CONSTRAINT:Scope Boundary,1,1
rq3_133,CONSTRAINT:Evidence Grounding,0,0
rq3_133,CONSTRAINT:Quality Standard,1,1
rq3_133,CONSTRAINT:Resource Budget,1,1
rq3_133,CONTEXT:Repository Context,1,0
rq3_133,CONTEXT:Domain Context,0,0
rq3_133,CONTEXT:Execution Environment,0,0
rq3_133,CONTEXT:Historical Context,0,0
rq3_133,OUTPUT:Repository Change,1,1
rq3_133,OUTPUT:Existing Thread Response,0,0
rq3_133,OUTPUT:New Thread,0,0
rq3_133,OUTPUT:Standalone Artifact,0,0
rq3_133,OUTPUT:Control Signal,1,1
rq3_133,PROCESS:Required Sequence,1,1
rq3_133,PROCESS:Decision Branch,1,1
rq3_133,PROCESS:Within-Run Iteration,0,0
rq3_133,PROCESS:Cross-Run Memory,0,0
rq3_133,PROCESS:Work Delegation,0,0
rq3_133,EVALUATION:Execution Check,0,0
rq3_133,EVALUATION:Rule Conformance,1,0
rq3_133,EVALUATION:Evidence Credibility,0,0
rq3_133,EVALUATION:Risk Assessment,0,0
rq3_133,RESOURCE:GitHub Interface,0,0
rq3_133,RESOURCE:Web Retrieval,0,0
rq3_133,RESOURCE:Local Workspace,1,0
rq3_133,RESOURCE:Development Toolchain,0,0
rq3_133,RESOURCE:Agent Resource,0,0
rq3_133,COMMUNICATION:Expert Role,1,0
rq3_133,COMMUNICATION:Audience Voice,1,1
rq3_133,COMMUNICATION:Automation Disclosure,0,0
rq3_133,EXAMPLE:Output Template,1,1
rq3_133,EXAMPLE:Worked Case,1,0
rq3_133,EXAMPLE:Technical Snippet,0,0
rq3_133,SAFETY:Prompt Injection Defense,0,0
rq3_133,SAFETY:Information Confidentiality,0,0
rq3_133,SAFETY:Execution Isolation,0,0
rq3_133,SAFETY:Vulnerability Handling,0,0
rq3_134,TASK:Artifact Change,1,0
rq3_134,TASK:Artifact Review,1,0
rq3_134,TASK:Evidence Investigation,0,1
rq3_134,TASK:Executable Validation,0,0
rq3_134,TASK:Work Item Management,0,0
rq3_134,CONSTRAINT:Scope Boundary,1,1
rq3_134,CONSTRAINT:Evidence Grounding,1,1
rq3_134,CONSTRAINT:Quality Standard,1,1
rq3_134,CONSTRAINT:Resource Budget,1,1
rq3_134,CONTEXT:Repository Context,1,1
rq3_134,CONTEXT:Domain Context,1,0
rq3_134,CONTEXT:Execution Environment,1,0
rq3_134,CONTEXT:Historical Context,0,0
rq3_134,OUTPUT:Repository Change,1,0
rq3_134,OUTPUT:Existing Thread Response,1,1
rq3_134,OUTPUT:New Thread,0,0
rq3_134,OUTPUT:Standalone Artifact,0,0
rq3_134,OUTPUT:Control Signal,1,1
rq3_134,PROCESS:Required Sequence,1,1
rq3_134,PROCESS:Decision Branch,1,1
rq3_134,PROCESS:Within-Run Iteration,0,0
rq3_134,PROCESS:Cross-Run Memory,0,0
rq3_134,PROCESS:Work Delegation,0,0
rq3_134,EVALUATION:Execution Check,0,0
rq3_134,EVALUATION:Rule Conformance,1,1
rq3_134,EVALUATION:Evidence Credibility,0,0
rq3_134,EVALUATION:Risk Assessment,1,0
rq3_134,RESOURCE:GitHub Interface,1,1
rq3_134,RESOURCE:Web Retrieval,0,0
rq3_134,RESOURCE:Local Workspace,1,0
rq3_134,RESOURCE:Development Toolchain,0,0
rq3_134,RESOURCE:Agent Resource,0,0
rq3_134,COMMUNICATION:Expert Role,1,1
rq3_134,COMMUNICATION:Audience Voice,0,0
rq3_134,COMMUNICATION:Automation Disclosure,1,0
rq3_134,EXAMPLE:Output Template,1,1
rq3_134,EXAMPLE:Worked Case,1,0
rq3_134,EXAMPLE:Technical Snippet,0,1
rq3_134,SAFETY:Prompt Injection Defense,0,0
rq3_134,SAFETY:Information Confidentiality,0,0
rq3_134,SAFETY:Execution Isolation,0,0
rq3_134,SAFETY:Vulnerability Handling,0,0
rq3_135,TASK:Artifact Change,0,0
rq3_135,TASK:Artifact Review,1,1
rq3_135,TASK:Evidence Investigation,0,0
rq3_135,TASK:Executable Validation,0,0
rq3_135,TASK:Work Item Management,0,0
rq3_135,CONSTRAINT:Scope Boundary,1,1
rq3_135,CONSTRAINT:Evidence Grounding,1,0
rq3_135,CONSTRAINT:Quality Standard,1,1
rq3_135,CONSTRAINT:Resource Budget,1,1
rq3_135,CONTEXT:Repository Context,1,1
rq3_135,CONTEXT:Domain Context,0,1
rq3_135,CONTEXT:Execution Environment,0,0
rq3_135,CONTEXT:Historical Context,0,0
rq3_135,OUTPUT:Repository Change,0,0
rq3_135,OUTPUT:Existing Thread Response,1,1
rq3_135,OUTPUT:New Thread,0,0
rq3_135,OUTPUT:Standalone Artifact,0,0
rq3_135,OUTPUT:Control Signal,0,0
rq3_135,PROCESS:Required Sequence,1,1
rq3_135,PROCESS:Decision Branch,1,1
rq3_135,PROCESS:Within-Run Iteration,1,0
rq3_135,PROCESS:Cross-Run Memory,0,0
rq3_135,PROCESS:Work Delegation,0,0
rq3_135,EVALUATION:Execution Check,0,0
rq3_135,EVALUATION:Rule Conformance,1,0
rq3_135,EVALUATION:Evidence Credibility,0,0
rq3_135,EVALUATION:Risk Assessment,1,0
rq3_135,RESOURCE:GitHub Interface,1,1
rq3_135,RESOURCE:Web Retrieval,1,0
rq3_135,RESOURCE:Local Workspace,1,0
rq3_135,RESOURCE:Development Toolchain,0,0
rq3_135,RESOURCE:Agent Resource,0,0
rq3_135,COMMUNICATION:Expert Role,1,1
rq3_135,COMMUNICATION:Audience Voice,1,0
rq3_135,COMMUNICATION:Automation Disclosure,0,0
rq3_135,EXAMPLE:Output Template,1,1
rq3_135,EXAMPLE:Worked Case,0,0
rq3_135,EXAMPLE:Technical Snippet,0,0
rq3_135,SAFETY:Prompt Injection Defense,0,0
rq3_135,SAFETY:Information Confidentiality,0,0
rq3_135,SAFETY:Execution Isolation,0,0
rq3_135,SAFETY:Vulnerability Handling,0,0
rq3_136,TASK:Artifact Change,0,0
rq3_136,TASK:Artifact Review,0,0
rq3_136,TASK:Evidence Investigation,0,1
rq3_136,TASK:Executable Validation,1,0
rq3_136,TASK:Work Item Management,0,0
rq3_136,CONSTRAINT:Scope Boundary,1,0
rq3_136,CONSTRAINT:Evidence Grounding,0,0
rq3_136,CONSTRAINT:Quality Standard,1,1
rq3_136,CONSTRAINT:Resource Budget,0,0
rq3_136,CONTEXT:Repository Context,1,0
rq3_136,CONTEXT:Domain Context,0,0
rq3_136,CONTEXT:Execution Environment,0,0
rq3_136,CONTEXT:Historical Context,0,0
rq3_136,OUTPUT:Repository Change,0,0
rq3_136,OUTPUT:Existing Thread Response,0,0
rq3_136,OUTPUT:New Thread,1,1
rq3_136,OUTPUT:Standalone Artifact,0,0
rq3_136,OUTPUT:Control Signal,0,0
rq3_136,PROCESS:Required Sequence,1,0
rq3_136,PROCESS:Decision Branch,0,0
rq3_136,PROCESS:Within-Run Iteration,0,0
rq3_136,PROCESS:Cross-Run Memory,0,0
rq3_136,PROCESS:Work Delegation,0,0
rq3_136,EVALUATION:Execution Check,1,0
rq3_136,EVALUATION:Rule Conformance,0,0
rq3_136,EVALUATION:Evidence Credibility,0,0
rq3_136,EVALUATION:Risk Assessment,0,0
rq3_136,RESOURCE:GitHub Interface,0,0
rq3_136,RESOURCE:Web Retrieval,0,0
rq3_136,RESOURCE:Local Workspace,0,0
rq3_136,RESOURCE:Development Toolchain,0,0
rq3_136,RESOURCE:Agent Resource,0,0
rq3_136,COMMUNICATION:Expert Role,0,1
rq3_136,COMMUNICATION:Audience Voice,0,0
rq3_136,COMMUNICATION:Automation Disclosure,0,0
rq3_136,EXAMPLE:Output Template,1,1
rq3_136,EXAMPLE:Worked Case,0,0
rq3_136,EXAMPLE:Technical Snippet,0,0
rq3_136,SAFETY:Prompt Injection Defense,0,0
rq3_136,SAFETY:Information Confidentiality,0,0
rq3_136,SAFETY:Execution Isolation,0,0
rq3_136,SAFETY:Vulnerability Handling,0,0
rq3_137,TASK:Artifact Change,1,1
rq3_137,TASK:Artifact Review,0,0
rq3_137,TASK:Evidence Investigation,1,1
rq3_137,TASK:Executable Validation,0,0
rq3_137,TASK:Work Item Management,1,0
rq3_137,CONSTRAINT:Scope Boundary,1,1
rq3_137,CONSTRAINT:Evidence Grounding,0,0
rq3_137,CONSTRAINT:Quality Standard,1,1
rq3_137,CONSTRAINT:Resource Budget,1,0
rq3_137,CONTEXT:Repository Context,1,1
rq3_137,CONTEXT:Domain Context,0,0
rq3_137,CONTEXT:Execution Environment,1,0
rq3_137,CONTEXT:Historical Context,0,0
rq3_137,OUTPUT:Repository Change,1,0
rq3_137,OUTPUT:Existing Thread Response,1,1
rq3_137,OUTPUT:New Thread,0,0
rq3_137,OUTPUT:Standalone Artifact,0,0
rq3_137,OUTPUT:Control Signal,1,0
rq3_137,PROCESS:Required Sequence,1,1
rq3_137,PROCESS:Decision Branch,1,1
rq3_137,PROCESS:Within-Run Iteration,1,0
rq3_137,PROCESS:Cross-Run Memory,0,0
rq3_137,PROCESS:Work Delegation,1,0
rq3_137,EVALUATION:Execution Check,1,0
rq3_137,EVALUATION:Rule Conformance,1,0
rq3_137,EVALUATION:Evidence Credibility,0,0
rq3_137,EVALUATION:Risk Assessment,0,0
rq3_137,RESOURCE:GitHub Interface,1,1
rq3_137,RESOURCE:Web Retrieval,0,0
rq3_137,RESOURCE:Local Workspace,1,0
rq3_137,RESOURCE:Development Toolchain,1,0
rq3_137,RESOURCE:Agent Resource,0,0
rq3_137,COMMUNICATION:Expert Role,0,0
rq3_137,COMMUNICATION:Audience Voice,0,0
rq3_137,COMMUNICATION:Automation Disclosure,1,0
rq3_137,EXAMPLE:Output Template,1,1
rq3_137,EXAMPLE:Worked Case,0,0
rq3_137,EXAMPLE:Technical Snippet,0,1
rq3_137,SAFETY:Prompt Injection Defense,1,1
rq3_137,SAFETY:Information Confidentiality,0,0
rq3_137,SAFETY:Execution Isolation,0,0
rq3_137,SAFETY:Vulnerability Handling,0,0
rq3_138,TASK:Artifact Change,0,0
rq3_138,TASK:Artifact Review,1,1
rq3_138,TASK:Evidence Investigation,1,1
rq3_138,TASK:Executable Validation,0,0
rq3_138,TASK:Work Item Management,0,0
rq3_138,CONSTRAINT:Scope Boundary,1,0
rq3_138,CONSTRAINT:Evidence Grounding,1,0
rq3_138,CONSTRAINT:Quality Standard,1,1
rq3_138,CONSTRAINT:Resource Budget,1,1
rq3_138,CONTEXT:Repository Context,0,0
rq3_138,CONTEXT:Domain Context,1,0
rq3_138,CONTEXT:Execution Environment,1,0
rq3_138,CONTEXT:Historical Context,1,0
rq3_138,OUTPUT:Repository Change,0,0
rq3_138,OUTPUT:Existing Thread Response,0,0
rq3_138,OUTPUT:New Thread,1,1
rq3_138,OUTPUT:Standalone Artifact,0,0
rq3_138,OUTPUT:Control Signal,1,1
rq3_138,PROCESS:Required Sequence,1,1
rq3_138,PROCESS:Decision Branch,1,1
rq3_138,PROCESS:Within-Run Iteration,1,0
rq3_138,PROCESS:Cross-Run Memory,0,0
rq3_138,PROCESS:Work Delegation,0,0
rq3_138,EVALUATION:Execution Check,0,0
rq3_138,EVALUATION:Rule Conformance,1,1
rq3_138,EVALUATION:Evidence Credibility,1,0
rq3_138,EVALUATION:Risk Assessment,1,1
rq3_138,RESOURCE:GitHub Interface,1,0
rq3_138,RESOURCE:Web Retrieval,0,0
rq3_138,RESOURCE:Local Workspace,1,0
rq3_138,RESOURCE:Development Toolchain,0,0
rq3_138,RESOURCE:Agent Resource,0,0
rq3_138,COMMUNICATION:Expert Role,1,0
rq3_138,COMMUNICATION:Audience Voice,0,0
rq3_138,COMMUNICATION:Automation Disclosure,0,0
rq3_138,EXAMPLE:Output Template,1,1
rq3_138,EXAMPLE:Worked Case,1,0
rq3_138,EXAMPLE:Technical Snippet,0,0
rq3_138,SAFETY:Prompt Injection Defense,0,0
rq3_138,SAFETY:Information Confidentiality,0,0
rq3_138,SAFETY:Execution Isolation,0,0
rq3_138,SAFETY:Vulnerability Handling,0,0
rq3_139,TASK:Artifact Change,0,0
rq3_139,TASK:Artifact Review,1,1
rq3_139,TASK:Evidence Investigation,1,1
rq3_139,TASK:Executable Validation,0,0
rq3_139,TASK:Work Item Management,0,0
rq3_139,CONSTRAINT:Scope Boundary,1,0
rq3_139,CONSTRAINT:Evidence Grounding,0,0
rq3_139,CONSTRAINT:Quality Standard,1,1
rq3_139,CONSTRAINT:Resource Budget,0,0
rq3_139,CONTEXT:Repository Context,0,0
rq3_139,CONTEXT:Domain Context,0,0
rq3_139,CONTEXT:Execution Environment,0,0
rq3_139,CONTEXT:Historical Context,0,0
rq3_139,OUTPUT:Repository Change,0,1
rq3_139,OUTPUT:Existing Thread Response,0,0
rq3_139,OUTPUT:New Thread,1,1
rq3_139,OUTPUT:Standalone Artifact,0,0
rq3_139,OUTPUT:Control Signal,0,0
rq3_139,PROCESS:Required Sequence,1,1
rq3_139,PROCESS:Decision Branch,1,1
rq3_139,PROCESS:Within-Run Iteration,0,0
rq3_139,PROCESS:Cross-Run Memory,0,0
rq3_139,PROCESS:Work Delegation,0,0
rq3_139,EVALUATION:Execution Check,1,1
rq3_139,EVALUATION:Rule Conformance,1,0
rq3_139,EVALUATION:Evidence Credibility,0,0
rq3_139,EVALUATION:Risk Assessment,1,1
rq3_139,RESOURCE:GitHub Interface,1,1
rq3_139,RESOURCE:Web Retrieval,0,0
rq3_139,RESOURCE:Local Workspace,0,0
rq3_139,RESOURCE:Development Toolchain,1,0
rq3_139,RESOURCE:Agent Resource,0,0
rq3_139,COMMUNICATION:Expert Role,0,0
rq3_139,COMMUNICATION:Audience Voice,0,0
rq3_139,COMMUNICATION:Automation Disclosure,0,0
rq3_139,EXAMPLE:Output Template,1,1
rq3_139,EXAMPLE:Worked Case,0,0
rq3_139,EXAMPLE:Technical Snippet,1,0
rq3_139,SAFETY:Prompt Injection Defense,0,0
rq3_139,SAFETY:Information Confidentiality,0,0
rq3_139,SAFETY:Execution Isolation,0,0
rq3_139,SAFETY:Vulnerability Handling,0,0
rq3_140,TASK:Artifact Change,0,0
rq3_140,TASK:Artifact Review,1,1
rq3_140,TASK:Evidence Investigation,0,0
rq3_140,TASK:Executable Validation,0,0
rq3_140,TASK:Work Item Management,0,0
rq3_140,CONSTRAINT:Scope Boundary,1,1
rq3_140,CONSTRAINT:Evidence Grounding,1,0
rq3_140,CONSTRAINT:Quality Standard,0,1
rq3_140,CONSTRAINT:Resource Budget,0,1
rq3_140,CONTEXT:Repository Context,0,0
rq3_140,CONTEXT:Domain Context,0,0
rq3_140,CONTEXT:Execution Environment,0,0
rq3_140,CONTEXT:Historical Context,0,0
rq3_140,OUTPUT:Repository Change,0,0
rq3_140,OUTPUT:Existing Thread Response,0,0
rq3_140,OUTPUT:New Thread,1,1
rq3_140,OUTPUT:Standalone Artifact,0,0
rq3_140,OUTPUT:Control Signal,1,1
rq3_140,PROCESS:Required Sequence,1,1
rq3_140,PROCESS:Decision Branch,1,1
rq3_140,PROCESS:Within-Run Iteration,0,0
rq3_140,PROCESS:Cross-Run Memory,0,0
rq3_140,PROCESS:Work Delegation,0,0
rq3_140,EVALUATION:Execution Check,0,0
rq3_140,EVALUATION:Rule Conformance,0,0
rq3_140,EVALUATION:Evidence Credibility,0,0
rq3_140,EVALUATION:Risk Assessment,0,0
rq3_140,RESOURCE:GitHub Interface,0,0
rq3_140,RESOURCE:Web Retrieval,0,0
rq3_140,RESOURCE:Local Workspace,1,0
rq3_140,RESOURCE:Development Toolchain,0,0
rq3_140,RESOURCE:Agent Resource,1,0
rq3_140,COMMUNICATION:Expert Role,1,1
rq3_140,COMMUNICATION:Audience Voice,0,0
rq3_140,COMMUNICATION:Automation Disclosure,0,0
rq3_140,EXAMPLE:Output Template,0,0
rq3_140,EXAMPLE:Worked Case,1,0
rq3_140,EXAMPLE:Technical Snippet,0,0
rq3_140,SAFETY:Prompt Injection Defense,0,0
rq3_140,SAFETY:Information Confidentiality,0,0
rq3_140,SAFETY:Execution Isolation,0,0
rq3_140,SAFETY:Vulnerability Handling,0,0
rq3_141,TASK:Artifact Change,1,1
rq3_141,TASK:Artifact Review,0,0
rq3_141,TASK:Evidence Investigation,1,0
rq3_141,TASK:Executable Validation,1,1
rq3_141,TASK:Work Item Management,0,0
rq3_141,CONSTRAINT:Scope Boundary,1,1
rq3_141,CONSTRAINT:Evidence Grounding,0,0
rq3_141,CONSTRAINT:Quality Standard,1,1
rq3_141,CONSTRAINT:Resource Budget,1,0
rq3_141,CONTEXT:Repository Context,1,1
rq3_141,CONTEXT:Domain Context,1,1
rq3_141,CONTEXT:Execution Environment,0,0
rq3_141,CONTEXT:Historical Context,0,0
rq3_141,OUTPUT:Repository Change,1,1
rq3_141,OUTPUT:Existing Thread Response,0,0
rq3_141,OUTPUT:New Thread,0,0
rq3_141,OUTPUT:Standalone Artifact,0,0
rq3_141,OUTPUT:Control Signal,1,1
rq3_141,PROCESS:Required Sequence,1,1
rq3_141,PROCESS:Decision Branch,1,1
rq3_141,PROCESS:Within-Run Iteration,0,0
rq3_141,PROCESS:Cross-Run Memory,1,0
rq3_141,PROCESS:Work Delegation,0,0
rq3_141,EVALUATION:Execution Check,1,0
rq3_141,EVALUATION:Rule Conformance,1,0
rq3_141,EVALUATION:Evidence Credibility,0,0
rq3_141,EVALUATION:Risk Assessment,1,0
rq3_141,RESOURCE:GitHub Interface,1,0
rq3_141,RESOURCE:Web Retrieval,1,0
rq3_141,RESOURCE:Local Workspace,1,0
rq3_141,RESOURCE:Development Toolchain,1,0
rq3_141,RESOURCE:Agent Resource,0,0
rq3_141,COMMUNICATION:Expert Role,1,1
rq3_141,COMMUNICATION:Audience Voice,0,0
rq3_141,COMMUNICATION:Automation Disclosure,1,0
rq3_141,EXAMPLE:Output Template,1,1
rq3_141,EXAMPLE:Worked Case,1,0
rq3_141,EXAMPLE:Technical Snippet,1,1
rq3_141,SAFETY:Prompt Injection Defense,0,0
rq3_141,SAFETY:Information Confidentiality,0,0
rq3_141,SAFETY:Execution Isolation,0,0
rq3_141,SAFETY:Vulnerability Handling,0,0
rq3_142,TASK:Artifact Change,0,0
rq3_142,TASK:Artifact Review,0,0
rq3_142,TASK:Evidence Investigation,0,0
rq3_142,TASK:Executable Validation,1,0
rq3_142,TASK:Work Item Management,0,0
rq3_142,CONSTRAINT:Scope Boundary,0,0
rq3_142,CONSTRAINT:Evidence Grounding,0,0
rq3_142,CONSTRAINT:Quality Standard,1,1
rq3_142,CONSTRAINT:Resource Budget,0,0
rq3_142,CONTEXT:Repository Context,0,0
rq3_142,CONTEXT:Domain Context,0,0
rq3_142,CONTEXT:Execution Environment,1,0
rq3_142,CONTEXT:Historical Context,0,0
rq3_142,OUTPUT:Repository Change,0,0
rq3_142,OUTPUT:Existing Thread Response,1,1
rq3_142,OUTPUT:New Thread,0,0
rq3_142,OUTPUT:Standalone Artifact,0,0
rq3_142,OUTPUT:Control Signal,1,1
rq3_142,PROCESS:Required Sequence,1,0
rq3_142,PROCESS:Decision Branch,1,1
rq3_142,PROCESS:Within-Run Iteration,0,0
rq3_142,PROCESS:Cross-Run Memory,0,0
rq3_142,PROCESS:Work Delegation,0,0
rq3_142,EVALUATION:Execution Check,1,0
rq3_142,EVALUATION:Rule Conformance,0,0
rq3_142,EVALUATION:Evidence Credibility,0,0
rq3_142,EVALUATION:Risk Assessment,0,0
rq3_142,RESOURCE:GitHub Interface,0,0
rq3_142,RESOURCE:Web Retrieval,0,0
rq3_142,RESOURCE:Local Workspace,0,0
rq3_142,RESOURCE:Development Toolchain,1,1
rq3_142,RESOURCE:Agent Resource,0,0
rq3_142,COMMUNICATION:Expert Role,0,0
rq3_142,COMMUNICATION:Audience Voice,0,0
rq3_142,COMMUNICATION:Automation Disclosure,0,0
rq3_142,EXAMPLE:Output Template,1,1
rq3_142,EXAMPLE:Worked Case,0,0
rq3_142,EXAMPLE:Technical Snippet,0,0
rq3_142,SAFETY:Prompt Injection Defense,0,0
rq3_142,SAFETY:Information Confidentiality,0,0
rq3_142,SAFETY:Execution Isolation,1,0
rq3_142,SAFETY:Vulnerability Handling,0,0
rq3_143,TASK:Artifact Change,0,0
rq3_143,TASK:Artifact Review,0,1
rq3_143,TASK:Evidence Investigation,1,1
rq3_143,TASK:Executable Validation,1,1
rq3_143,TASK:Work Item Management,1,0
rq3_143,CONSTRAINT:Scope Boundary,1,1
rq3_143,CONSTRAINT:Evidence Grounding,0,0
rq3_143,CONSTRAINT:Quality Standard,1,0
rq3_143,CONSTRAINT:Resource Budget,1,1
rq3_143,CONTEXT:Repository Context,1,0
rq3_143,CONTEXT:Domain Context,0,0
rq3_143,CONTEXT:Execution Environment,1,0
rq3_143,CONTEXT:Historical Context,1,1
rq3_143,OUTPUT:Repository Change,0,0
rq3_143,OUTPUT:Existing Thread Response,0,0
rq3_143,OUTPUT:New Thread,1,1
rq3_143,OUTPUT:Standalone Artifact,1,0
rq3_143,OUTPUT:Control Signal,1,0
rq3_143,PROCESS:Required Sequence,1,1
rq3_143,PROCESS:Decision Branch,1,1
rq3_143,PROCESS:Within-Run Iteration,1,0
rq3_143,PROCESS:Cross-Run Memory,1,0
rq3_143,PROCESS:Work Delegation,0,0
rq3_143,EVALUATION:Execution Check,1,0
rq3_143,EVALUATION:Rule Conformance,1,0
rq3_143,EVALUATION:Evidence Credibility,0,0
rq3_143,EVALUATION:Risk Assessment,0,0
rq3_143,RESOURCE:GitHub Interface,1,1
rq3_143,RESOURCE:Web Retrieval,0,0
rq3_143,RESOURCE:Local Workspace,1,1
rq3_143,RESOURCE:Development Toolchain,1,0
rq3_143,RESOURCE:Agent Resource,1,0
rq3_143,COMMUNICATION:Expert Role,1,1
rq3_143,COMMUNICATION:Audience Voice,0,0
rq3_143,COMMUNICATION:Automation Disclosure,1,0
rq3_143,EXAMPLE:Output Template,1,1
rq3_143,EXAMPLE:Worked Case,0,0
rq3_143,EXAMPLE:Technical Snippet,1,1
rq3_143,SAFETY:Prompt Injection Defense,0,0
rq3_143,SAFETY:Information Confidentiality,0,0
rq3_143,SAFETY:Execution Isolation,0,0
rq3_143,SAFETY:Vulnerability Handling,0,0
rq3_144,TASK:Artifact Change,0,0
rq3_144,TASK:Artifact Review,1,0
rq3_144,TASK:Evidence Investigation,0,0
rq3_144,TASK:Executable Validation,0,0
rq3_144,TASK:Work Item Management,0,0
rq3_144,CONSTRAINT:Scope Boundary,1,1
rq3_144,CONSTRAINT:Evidence Grounding,0,0
rq3_144,CONSTRAINT:Quality Standard,1,0
rq3_144,CONSTRAINT:Resource Budget,1,0
rq3_144,CONTEXT:Repository Context,1,0
rq3_144,CONTEXT:Domain Context,0,0
rq3_144,CONTEXT:Execution Environment,1,0
rq3_144,CONTEXT:Historical Context,0,0
rq3_144,OUTPUT:Repository Change,0,0
rq3_144,OUTPUT:Existing Thread Response,0,0
rq3_144,OUTPUT:New Thread,1,0
rq3_144,OUTPUT:Standalone Artifact,0,0
rq3_144,OUTPUT:Control Signal,1,0
rq3_144,PROCESS:Required Sequence,1,0
rq3_144,PROCESS:Decision Branch,1,0
rq3_144,PROCESS:Within-Run Iteration,1,0
rq3_144,PROCESS:Cross-Run Memory,1,0
rq3_144,PROCESS:Work Delegation,0,0
rq3_144,EVALUATION:Execution Check,0,0
rq3_144,EVALUATION:Rule Conformance,1,0
rq3_144,EVALUATION:Evidence Credibility,0,0
rq3_144,EVALUATION:Risk Assessment,1,0
rq3_144,RESOURCE:GitHub Interface,0,0
rq3_144,RESOURCE:Web Retrieval,0,0
rq3_144,RESOURCE:Local Workspace,1,0
rq3_144,RESOURCE:Development Toolchain,0,0
rq3_144,RESOURCE:Agent Resource,1,0
rq3_144,COMMUNICATION:Expert Role,0,0
rq3_144,COMMUNICATION:Audience Voice,0,0
rq3_144,COMMUNICATION:Automation Disclosure,1,0
rq3_144,EXAMPLE:Output Template,1,0
rq3_144,EXAMPLE:Worked Case,1,0
rq3_144,EXAMPLE:Technical Snippet,1,0
rq3_144,SAFETY:Prompt Injection Defense,0,0
rq3_144,SAFETY:Information Confidentiality,0,0
rq3_144,SAFETY:Execution Isolation,0,0
rq3_144,SAFETY:Vulnerability Handling,0,0
rq3_145,TASK:Artifact Change,0,0
rq3_145,TASK:Artifact Review,0,0
rq3_145,TASK:Evidence Investigation,0,0
rq3_145,TASK:Executable Validation,1,1
rq3_145,TASK:Work Item Management,0,0
rq3_145,CONSTRAINT:Scope Boundary,0,0
rq3_145,CONSTRAINT:Evidence Grounding,0,0
rq3_145,CONSTRAINT:Quality Standard,0,0
rq3_145,CONSTRAINT:Resource Budget,0,0
rq3_145,CONTEXT:Repository Context,1,0
rq3_145,CONTEXT:Domain Context,0,0
rq3_145,CONTEXT:Execution Environment,1,0
rq3_145,CONTEXT:Historical Context,0,0
rq3_145,OUTPUT:Repository Change,0,0
rq3_145,OUTPUT:Existing Thread Response,0,0
rq3_145,OUTPUT:New Thread,0,0
rq3_145,OUTPUT:Standalone Artifact,0,0
rq3_145,OUTPUT:Control Signal,1,0
rq3_145,PROCESS:Required Sequence,1,1
rq3_145,PROCESS:Decision Branch,1,1
rq3_145,PROCESS:Within-Run Iteration,0,0
rq3_145,PROCESS:Cross-Run Memory,0,0
rq3_145,PROCESS:Work Delegation,0,0
rq3_145,EVALUATION:Execution Check,1,1
rq3_145,EVALUATION:Rule Conformance,0,0
rq3_145,EVALUATION:Evidence Credibility,0,0
rq3_145,EVALUATION:Risk Assessment,0,0
rq3_145,RESOURCE:GitHub Interface,0,0
rq3_145,RESOURCE:Web Retrieval,1,1
rq3_145,RESOURCE:Local Workspace,0,0
rq3_145,RESOURCE:Development Toolchain,0,0
rq3_145,RESOURCE:Agent Resource,0,0
rq3_145,COMMUNICATION:Expert Role,1,1
rq3_145,COMMUNICATION:Audience Voice,0,0
rq3_145,COMMUNICATION:Automation Disclosure,0,0
rq3_145,EXAMPLE:Output Template,0,0
rq3_145,EXAMPLE:Worked Case,0,0
rq3_145,EXAMPLE:Technical Snippet,0,0
rq3_145,SAFETY:Prompt Injection Defense,0,0
rq3_145,SAFETY:Information Confidentiality,0,0
rq3_145,SAFETY:Execution Isolation,1,1
rq3_145,SAFETY:Vulnerability Handling,0,0
rq3_146,TASK:Artifact Change,0,0
rq3_146,TASK:Artifact Review,1,0
rq3_146,TASK:Evidence Investigation,1,1
rq3_146,TASK:Executable Validation,0,0
rq3_146,TASK:Work Item Management,0,0
rq3_146,CONSTRAINT:Scope Boundary,1,1
rq3_146,CONSTRAINT:Evidence Grounding,1,0
rq3_146,CONSTRAINT:Quality Standard,1,0
rq3_146,CONSTRAINT:Resource Budget,0,0
rq3_146,CONTEXT:Repository Context,1,1
rq3_146,CONTEXT:Domain Context,1,1
rq3_146,CONTEXT:Execution Environment,0,0
rq3_146,CONTEXT:Historical Context,0,1
rq3_146,OUTPUT:Repository Change,0,0
rq3_146,OUTPUT:Existing Thread Response,0,0
rq3_146,OUTPUT:New Thread,1,1
rq3_146,OUTPUT:Standalone Artifact,0,0
rq3_146,OUTPUT:Control Signal,0,0
rq3_146,PROCESS:Required Sequence,1,1
rq3_146,PROCESS:Decision Branch,1,1
rq3_146,PROCESS:Within-Run Iteration,1,0
rq3_146,PROCESS:Cross-Run Memory,1,0
rq3_146,PROCESS:Work Delegation,0,0
rq3_146,EVALUATION:Execution Check,1,0
rq3_146,EVALUATION:Rule Conformance,1,0
rq3_146,EVALUATION:Evidence Credibility,0,0
rq3_146,EVALUATION:Risk Assessment,1,0
rq3_146,RESOURCE:GitHub Interface,1,1
rq3_146,RESOURCE:Web Retrieval,0,0
rq3_146,RESOURCE:Local Workspace,0,0
rq3_146,RESOURCE:Development Toolchain,0,0
rq3_146,RESOURCE:Agent Resource,1,0
rq3_146,COMMUNICATION:Expert Role,1,1
rq3_146,COMMUNICATION:Audience Voice,0,0
rq3_146,COMMUNICATION:Automation Disclosure,0,0
rq3_146,EXAMPLE:Output Template,1,1
rq3_146,EXAMPLE:Worked Case,0,0
rq3_146,EXAMPLE:Technical Snippet,0,0
rq3_146,SAFETY:Prompt Injection Defense,0,0
rq3_146,SAFETY:Information Confidentiality,1,0
rq3_146,SAFETY:Execution Isolation,1,1
rq3_146,SAFETY:Vulnerability Handling,0,0
rq3_147,TASK:Artifact Change,0,0
rq3_147,TASK:Artifact Review,1,1
rq3_147,TASK:Evidence Investigation,0,0
rq3_147,TASK:Executable Validation,0,0
rq3_147,TASK:Work Item Management,0,0
rq3_147,CONSTRAINT:Scope Boundary,1,1
rq3_147,CONSTRAINT:Evidence Grounding,0,0
rq3_147,CONSTRAINT:Quality Standard,1,1
rq3_147,CONSTRAINT:Resource Budget,1,0
rq3_147,CONTEXT:Repository Context,1,1
rq3_147,CONTEXT:Domain Context,0,0
rq3_147,CONTEXT:Execution Environment,0,0
rq3_147,CONTEXT:Historical Context,0,0
rq3_147,OUTPUT:Repository Change,0,0
rq3_147,OUTPUT:Existing Thread Response,1,1
rq3_147,OUTPUT:New Thread,0,0
rq3_147,OUTPUT:Standalone Artifact,0,0
rq3_147,OUTPUT:Control Signal,1,1
rq3_147,PROCESS:Required Sequence,1,1
rq3_147,PROCESS:Decision Branch,1,1
rq3_147,PROCESS:Within-Run Iteration,0,0
rq3_147,PROCESS:Cross-Run Memory,0,0
rq3_147,PROCESS:Work Delegation,0,0
rq3_147,EVALUATION:Execution Check,0,0
rq3_147,EVALUATION:Rule Conformance,0,0
rq3_147,EVALUATION:Evidence Credibility,0,0
rq3_147,EVALUATION:Risk Assessment,1,1
rq3_147,RESOURCE:GitHub Interface,1,1
rq3_147,RESOURCE:Web Retrieval,0,0
rq3_147,RESOURCE:Local Workspace,1,0
rq3_147,RESOURCE:Development Toolchain,0,0
rq3_147,RESOURCE:Agent Resource,1,1
rq3_147,COMMUNICATION:Expert Role,1,1
rq3_147,COMMUNICATION:Audience Voice,0,0
rq3_147,COMMUNICATION:Automation Disclosure,0,0
rq3_147,EXAMPLE:Output Template,0,0
rq3_147,EXAMPLE:Worked Case,0,0
rq3_147,EXAMPLE:Technical Snippet,0,0
rq3_147,SAFETY:Prompt Injection Defense,0,0
rq3_147,SAFETY:Information Confidentiality,0,0
rq3_147,SAFETY:Execution Isolation,0,0
rq3_147,SAFETY:Vulnerability Handling,1,0
rq3_148,TASK:Artifact Change,0,0
rq3_148,TASK:Artifact Review,0,0
rq3_148,TASK:Evidence Investigation,1,1
rq3_148,TASK:Executable Validation,0,0
rq3_148,TASK:Work Item Management,0,0
rq3_148,CONSTRAINT:Scope Boundary,0,0
rq3_148,CONSTRAINT:Evidence Grounding,0,0
rq3_148,CONSTRAINT:Quality Standard,1,1
rq3_148,CONSTRAINT:Resource Budget,0,1
rq3_148,CONTEXT:Repository Context,1,1
rq3_148,CONTEXT:Domain Context,0,1
rq3_148,CONTEXT:Execution Environment,0,0
rq3_148,CONTEXT:Historical Context,0,0
rq3_148,OUTPUT:Repository Change,0,0
rq3_148,OUTPUT:Existing Thread Response,0,0
rq3_148,OUTPUT:New Thread,1,1
rq3_148,OUTPUT:Standalone Artifact,0,0
rq3_148,OUTPUT:Control Signal,0,0
rq3_148,PROCESS:Required Sequence,1,0
rq3_148,PROCESS:Decision Branch,1,1
rq3_148,PROCESS:Within-Run Iteration,0,0
rq3_148,PROCESS:Cross-Run Memory,0,0
rq3_148,PROCESS:Work Delegation,0,0
rq3_148,EVALUATION:Execution Check,0,0
rq3_148,EVALUATION:Rule Conformance,0,0
rq3_148,EVALUATION:Evidence Credibility,0,0
rq3_148,EVALUATION:Risk Assessment,0,0
rq3_148,RESOURCE:GitHub Interface,0,1
rq3_148,RESOURCE:Web Retrieval,0,0
rq3_148,RESOURCE:Local Workspace,1,1
rq3_148,RESOURCE:Development Toolchain,0,0
rq3_148,RESOURCE:Agent Resource,0,0
rq3_148,COMMUNICATION:Expert Role,1,0
rq3_148,COMMUNICATION:Audience Voice,0,0
rq3_148,COMMUNICATION:Automation Disclosure,0,0
rq3_148,EXAMPLE:Output Template,1,1
rq3_148,EXAMPLE:Worked Case,0,1
rq3_148,EXAMPLE:Technical Snippet,1,0
rq3_148,SAFETY:Prompt Injection Defense,0,0
rq3_148,SAFETY:Information Confidentiality,0,0
rq3_148,SAFETY:Execution Isolation,0,0
rq3_148,SAFETY:Vulnerability Handling,0,0
rq3_149,TASK:Artifact Change,0,0
rq3_149,TASK:Artifact Review,0,0
rq3_149,TASK:Evidence Investigation,0,1
rq3_149,TASK:Executable Validation,0,0
rq3_149,TASK:Work Item Management,0,0
rq3_149,CONSTRAINT:Scope Boundary,1,1
rq3_149,CONSTRAINT:Evidence Grounding,0,1
rq3_149,CONSTRAINT:Quality Standard,1,1
rq3_149,CONSTRAINT:Resource Budget,0,0
rq3_149,CONTEXT:Repository Context,1,1
rq3_149,CONTEXT:Domain Context,1,1
rq3_149,CONTEXT:Execution Environment,1,0
rq3_149,CONTEXT:Historical Context,0,0
rq3_149,OUTPUT:Repository Change,0,0
rq3_149,OUTPUT:Existing Thread Response,0,0
rq3_149,OUTPUT:New Thread,0,0
rq3_149,OUTPUT:Standalone Artifact,1,0
rq3_149,OUTPUT:Control Signal,0,0
rq3_149,PROCESS:Required Sequence,1,1
rq3_149,PROCESS:Decision Branch,1,1
rq3_149,PROCESS:Within-Run Iteration,0,0
rq3_149,PROCESS:Cross-Run Memory,0,0
rq3_149,PROCESS:Work Delegation,0,0
rq3_149,EVALUATION:Execution Check,0,0
rq3_149,EVALUATION:Rule Conformance,1,0
rq3_149,EVALUATION:Evidence Credibility,0,0
rq3_149,EVALUATION:Risk Assessment,1,0
rq3_149,RESOURCE:GitHub Interface,0,0
rq3_149,RESOURCE:Web Retrieval,0,0
rq3_149,RESOURCE:Local Workspace,1,1
rq3_149,RESOURCE:Development Toolchain,0,0
rq3_149,RESOURCE:Agent Resource,0,0
rq3_149,COMMUNICATION:Expert Role,0,0
rq3_149,COMMUNICATION:Audience Voice,1,1
rq3_149,COMMUNICATION:Automation Disclosure,0,0
rq3_149,EXAMPLE:Output Template,1,1
rq3_149,EXAMPLE:Worked Case,1,1
rq3_149,EXAMPLE:Technical Snippet,1,0
rq3_149,SAFETY:Prompt Injection Defense,0,0
rq3_149,SAFETY:Information Confidentiality,0,0
rq3_149,SAFETY:Execution Isolation,0,0
rq3_149,SAFETY:Vulnerability Handling,0,0
rq3_150,TASK:Artifact Change,0,0
rq3_150,TASK:Artifact Review,0,0
rq3_150,TASK:Evidence Investigation,0,0
rq3_150,TASK:Executable Validation,1,1
rq3_150,TASK:Work Item Management,0,0
rq3_150,CONSTRAINT:Scope Boundary,1,0
rq3_150,CONSTRAINT:Evidence Grounding,0,0
rq3_150,CONSTRAINT:Quality Standard,0,0
rq3_150,CONSTRAINT:Resource Budget,0,0
rq3_150,CONTEXT:Repository Context,1,0
rq3_150,CONTEXT:Domain Context,1,1
rq3_150,CONTEXT:Execution Environment,1,1
rq3_150,CONTEXT:Historical Context,1,1
rq3_150,OUTPUT:Repository Change,0,0
rq3_150,OUTPUT:Existing Thread Response,0,0
rq3_150,OUTPUT:New Thread,1,1
rq3_150,OUTPUT:Standalone Artifact,0,0
rq3_150,OUTPUT:Control Signal,1,0
rq3_150,PROCESS:Required Sequence,1,0
rq3_150,PROCESS:Decision Branch,1,1
rq3_150,PROCESS:Within-Run Iteration,0,0
rq3_150,PROCESS:Cross-Run Memory,0,0
rq3_150,PROCESS:Work Delegation,0,0
rq3_150,EVALUATION:Execution Check,1,1
rq3_150,EVALUATION:Rule Conformance,1,1
rq3_150,EVALUATION:Evidence Credibility,0,0
rq3_150,EVALUATION:Risk Assessment,0,1
rq3_150,RESOURCE:GitHub Interface,0,0
rq3_150,RESOURCE:Web Retrieval,0,0
rq3_150,RESOURCE:Local Workspace,0,0
rq3_150,RESOURCE:Development Toolchain,1,1
rq3_150,RESOURCE:Agent Resource,0,0
rq3_150,COMMUNICATION:Expert Role,0,0
rq3_150,COMMUNICATION:Audience Voice,0,0
rq3_150,COMMUNICATION:Automation Disclosure,0,0
rq3_150,EXAMPLE:Output Template,0,0
rq3_150,EXAMPLE:Worked Case,0,0
rq3_150,EXAMPLE:Technical Snippet,0,1
rq3_150,SAFETY:Prompt Injection Defense,0,0
rq3_150,SAFETY:Information Confidentiality,0,0
rq3_150,SAFETY:Execution Isolation,0,0
rq3_150,SAFETY:Vulnerability Handling,0,0
rq3_151,TASK:Artifact Change,0,0
rq3_151,TASK:Artifact Review,0,0
rq3_151,TASK:Evidence Investigation,1,0
rq3_151,TASK:Executable Validation,0,0
rq3_151,TASK:Work Item Management,0,0
rq3_151,CONSTRAINT:Scope Boundary,1,1
rq3_151,CONSTRAINT:Evidence Grounding,1,0
rq3_151,CONSTRAINT:Quality Standard,1,1
rq3_151,CONSTRAINT:Resource Budget,1,1
rq3_151,CONTEXT:Repository Context,1,1
rq3_151,CONTEXT:Domain Context,1,0
rq3_151,CONTEXT:Execution Environment,1,0
rq3_151,CONTEXT:Historical Context,0,0
rq3_151,OUTPUT:Repository Change,0,0
rq3_151,OUTPUT:Existing Thread Response,0,0
rq3_151,OUTPUT:New Thread,1,1
rq3_151,OUTPUT:Standalone Artifact,1,0
rq3_151,OUTPUT:Control Signal,1,0
rq3_151,PROCESS:Required Sequence,1,1
rq3_151,PROCESS:Decision Branch,1,1
rq3_151,PROCESS:Within-Run Iteration,1,1
rq3_151,PROCESS:Cross-Run Memory,0,0
rq3_151,PROCESS:Work Delegation,0,0
rq3_151,EVALUATION:Execution Check,0,0
rq3_151,EVALUATION:Rule Conformance,1,0
rq3_151,EVALUATION:Evidence Credibility,0,0
rq3_151,EVALUATION:Risk Assessment,1,1
rq3_151,RESOURCE:GitHub Interface,1,1
rq3_151,RESOURCE:Web Retrieval,0,0
rq3_151,RESOURCE:Local Workspace,1,0
rq3_151,RESOURCE:Development Toolchain,0,0
rq3_151,RESOURCE:Agent Resource,0,0
rq3_151,COMMUNICATION:Expert Role,1,1
rq3_151,COMMUNICATION:Audience Voice,0,0
rq3_151,COMMUNICATION:Automation Disclosure,1,0
rq3_151,EXAMPLE:Output Template,1,1
rq3_151,EXAMPLE:Worked Case,1,0
rq3_151,EXAMPLE:Technical Snippet,1,0
rq3_151,SAFETY:Prompt Injection Defense,0,0
rq3_151,SAFETY:Information Confidentiality,0,0
rq3_151,SAFETY:Execution Isolation,0,0
rq3_151,SAFETY:Vulnerability Handling,0,0
rq3_152,TASK:Artifact Change,0,0
rq3_152,TASK:Artifact Review,0,0
rq3_152,TASK:Evidence Investigation,1,1
rq3_152,TASK:Executable Validation,0,0
rq3_152,TASK:Work Item Management,0,0
rq3_152,CONSTRAINT:Scope Boundary,0,0
rq3_152,CONSTRAINT:Evidence Grounding,0,1
rq3_152,CONSTRAINT:Quality Standard,1,1
rq3_152,CONSTRAINT:Resource Budget,0,0
rq3_152,CONTEXT:Repository Context,1,0
rq3_152,CONTEXT:Domain Context,0,0
rq3_152,CONTEXT:Execution Environment,0,0
rq3_152,CONTEXT:Historical Context,0,0
rq3_152,OUTPUT:Repository Change,0,0
rq3_152,OUTPUT:Existing Thread Response,1,0
rq3_152,OUTPUT:New Thread,0,0
rq3_152,OUTPUT:Standalone Artifact,0,0
rq3_152,OUTPUT:Control Signal,1,0
rq3_152,PROCESS:Required Sequence,1,1
rq3_152,PROCESS:Decision Branch,0,1
rq3_152,PROCESS:Within-Run Iteration,0,0
rq3_152,PROCESS:Cross-Run Memory,0,0
rq3_152,PROCESS:Work Delegation,1,0
rq3_152,EVALUATION:Execution Check,0,0
rq3_152,EVALUATION:Rule Conformance,0,0
rq3_152,EVALUATION:Evidence Credibility,0,0
rq3_152,EVALUATION:Risk Assessment,1,0
rq3_152,RESOURCE:GitHub Interface,1,1
rq3_152,RESOURCE:Web Retrieval,0,0
rq3_152,RESOURCE:Local Workspace,0,0
rq3_152,RESOURCE:Development Toolchain,0,0
rq3_152,RESOURCE:Agent Resource,0,0
rq3_152,COMMUNICATION:Expert Role,1,1
rq3_152,COMMUNICATION:Audience Voice,0,0
rq3_152,COMMUNICATION:Automation Disclosure,0,0
rq3_152,EXAMPLE:Output Template,0,0
rq3_152,EXAMPLE:Worked Case,0,0
rq3_152,EXAMPLE:Technical Snippet,0,0
rq3_152,SAFETY:Prompt Injection Defense,0,0
rq3_152,SAFETY:Information Confidentiality,0,0
rq3_152,SAFETY:Execution Isolation,0,0
rq3_152,SAFETY:Vulnerability Handling,0,0
rq3_153,TASK:Artifact Change,1,1
rq3_153,TASK:Artifact Review,1,0
rq3_153,TASK:Evidence Investigation,1,0
rq3_153,TASK:Executable Validation,1,1
rq3_153,TASK:Work Item Management,1,0
rq3_153,CONSTRAINT:Scope Boundary,1,1
rq3_153,CONSTRAINT:Evidence Grounding,1,0
rq3_153,CONSTRAINT:Quality Standard,1,1
rq3_153,CONSTRAINT:Resource Budget,1,0
rq3_153,CONTEXT:Repository Context,1,1
rq3_153,CONTEXT:Domain Context,1,0
rq3_153,CONTEXT:Execution Environment,1,0
rq3_153,CONTEXT:Historical Context,1,1
rq3_153,OUTPUT:Repository Change,1,1
rq3_153,OUTPUT:Existing Thread Response,1,1
rq3_153,OUTPUT:New Thread,0,0
rq3_153,OUTPUT:Standalone Artifact,1,0
rq3_153,OUTPUT:Control Signal,1,0
rq3_153,PROCESS:Required Sequence,1,1
rq3_153,PROCESS:Decision Branch,1,1
rq3_153,PROCESS:Within-Run Iteration,1,0
rq3_153,PROCESS:Cross-Run Memory,1,0
rq3_153,PROCESS:Work Delegation,0,0
rq3_153,EVALUATION:Execution Check,1,1
rq3_153,EVALUATION:Rule Conformance,1,0
rq3_153,EVALUATION:Evidence Credibility,1,0
rq3_153,EVALUATION:Risk Assessment,1,0
rq3_153,RESOURCE:GitHub Interface,1,0
rq3_153,RESOURCE:Web Retrieval,1,1
rq3_153,RESOURCE:Local Workspace,1,0
rq3_153,RESOURCE:Development Toolchain,1,0
rq3_153,RESOURCE:Agent Resource,1,0
rq3_153,COMMUNICATION:Expert Role,0,0
rq3_153,COMMUNICATION:Audience Voice,1,0
rq3_153,COMMUNICATION:Automation Disclosure,1,1
rq3_153,EXAMPLE:Output Template,1,1
rq3_153,EXAMPLE:Worked Case,1,0
rq3_153,EXAMPLE:Technical Snippet,1,0
rq3_153,SAFETY:Prompt Injection Defense,1,1
rq3_153,SAFETY:Information Confidentiality,0,0
rq3_153,SAFETY:Execution Isolation,1,0
rq3_153,SAFETY:Vulnerability Handling,0,0
rq3_154,TASK:Artifact Change,0,0
rq3_154,TASK:Artifact Review,1,0
rq3_154,TASK:Evidence Investigation,0,0
rq3_154,TASK:Executable Validation,1,1
rq3_154,TASK:Work Item Management,1,0
rq3_154,CONSTRAINT:Scope Boundary,1,0
rq3_154,CONSTRAINT:Evidence Grounding,0,0
rq3_154,CONSTRAINT:Quality Standard,1,1
rq3_154,CONSTRAINT:Resource Budget,1,0
rq3_154,CONTEXT:Repository Context,1,0
rq3_154,CONTEXT:Domain Context,0,0
rq3_154,CONTEXT:Execution Environment,1,0
rq3_154,CONTEXT:Historical Context,0,0
rq3_154,OUTPUT:Repository Change,0,0
rq3_154,OUTPUT:Existing Thread Response,1,1
rq3_154,OUTPUT:New Thread,0,0
rq3_154,OUTPUT:Standalone Artifact,0,0
rq3_154,OUTPUT:Control Signal,1,1
rq3_154,PROCESS:Required Sequence,1,0
rq3_154,PROCESS:Decision Branch,1,1
rq3_154,PROCESS:Within-Run Iteration,0,0
rq3_154,PROCESS:Cross-Run Memory,0,0
rq3_154,PROCESS:Work Delegation,0,0
rq3_154,EVALUATION:Execution Check,1,0
rq3_154,EVALUATION:Rule Conformance,1,0
rq3_154,EVALUATION:Evidence Credibility,0,0
rq3_154,EVALUATION:Risk Assessment,0,0
rq3_154,RESOURCE:GitHub Interface,1,1
rq3_154,RESOURCE:Web Retrieval,1,0
rq3_154,RESOURCE:Local Workspace,1,1
rq3_154,RESOURCE:Development Toolchain,1,0
rq3_154,RESOURCE:Agent Resource,0,0
rq3_154,COMMUNICATION:Expert Role,0,0
rq3_154,COMMUNICATION:Audience Voice,1,0
rq3_154,COMMUNICATION:Automation Disclosure,0,0
rq3_154,EXAMPLE:Output Template,0,0
rq3_154,EXAMPLE:Worked Case,1,0
rq3_154,EXAMPLE:Technical Snippet,1,0
rq3_154,SAFETY:Prompt Injection Defense,1,1
rq3_154,SAFETY:Information Confidentiality,0,0
rq3_154,SAFETY:Execution Isolation,0,0
rq3_154,SAFETY:Vulnerability Handling,0,0
rq3_155,TASK:Artifact Change,1,1
rq3_155,TASK:Artifact Review,0,0
rq3_155,TASK:Evidence Investigation,1,0
rq3_155,TASK:Executable Validation,0,0
rq3_155,TASK:Work Item Management,0,0
rq3_155,CONSTRAINT:Scope Boundary,1,1
rq3_155,CONSTRAINT:Evidence Grounding,1,0
rq3_155,CONSTRAINT:Quality Standard,1,1
rq3_155,CONSTRAINT:Resource Budget,0,0
rq3_155,CONTEXT:Repository Context,1,1
rq3_155,CONTEXT:Domain Context,0,0
rq3_155,CONTEXT:Execution Environment,0,0
rq3_155,CONTEXT:Historical Context,0,0
rq3_155,OUTPUT:Repository Change,1,1
rq3_155,OUTPUT:Existing Thread Response,0,0
rq3_155,OUTPUT:New Thread,0,0
rq3_155,OUTPUT:Standalone Artifact,0,0
rq3_155,OUTPUT:Control Signal,1,0
rq3_155,PROCESS:Required Sequence,1,1
rq3_155,PROCESS:Decision Branch,1,1
rq3_155,PROCESS:Within-Run Iteration,1,1
rq3_155,PROCESS:Cross-Run Memory,0,0
rq3_155,PROCESS:Work Delegation,0,0
rq3_155,EVALUATION:Execution Check,0,0
rq3_155,EVALUATION:Rule Conformance,1,0
rq3_155,EVALUATION:Evidence Credibility,1,0
rq3_155,EVALUATION:Risk Assessment,1,0
rq3_155,RESOURCE:GitHub Interface,1,1
rq3_155,RESOURCE:Web Retrieval,0,0
rq3_155,RESOURCE:Local Workspace,1,0
rq3_155,RESOURCE:Development Toolchain,0,0
rq3_155,RESOURCE:Agent Resource,0,0
rq3_155,COMMUNICATION:Expert Role,0,0
rq3_155,COMMUNICATION:Audience Voice,0,0
rq3_155,COMMUNICATION:Automation Disclosure,1,0
rq3_155,EXAMPLE:Output Template,1,1
rq3_155,EXAMPLE:Worked Case,1,0
rq3_155,EXAMPLE:Technical Snippet,1,1
rq3_155,SAFETY:Prompt Injection Defense,0,0
rq3_155,SAFETY:Information Confidentiality,0,0
rq3_155,SAFETY:Execution Isolation,0,0
rq3_155,SAFETY:Vulnerability Handling,0,0
rq3_156,TASK:Artifact Change,0,0
rq3_156,TASK:Artifact Review,0,0
rq3_156,TASK:Evidence Investigation,1,1
rq3_156,TASK:Executable Validation,0,0
rq3_156,TASK:Work Item Management,0,0
rq3_156,CONSTRAINT:Scope Boundary,1,1
rq3_156,CONSTRAINT:Evidence Grounding,0,0
rq3_156,CONSTRAINT:Quality Standard,1,1
rq3_156,CONSTRAINT:Resource Budget,0,0
rq3_156,CONTEXT:Repository Context,1,1
rq3_156,CONTEXT:Domain Context,0,0
rq3_156,CONTEXT:Execution Environment,0,0
rq3_156,CONTEXT:Historical Context,0,0
rq3_156,OUTPUT:Repository Change,0,0
rq3_156,OUTPUT:Existing Thread Response,0,0
rq3_156,OUTPUT:New Thread,1,1
rq3_156,OUTPUT:Standalone Artifact,0,0
rq3_156,OUTPUT:Control Signal,1,1
rq3_156,PROCESS:Required Sequence,0,0
rq3_156,PROCESS:Decision Branch,1,1
rq3_156,PROCESS:Within-Run Iteration,0,0
rq3_156,PROCESS:Cross-Run Memory,0,0
rq3_156,PROCESS:Work Delegation,0,0
rq3_156,EVALUATION:Execution Check,0,0
rq3_156,EVALUATION:Rule Conformance,0,0
rq3_156,EVALUATION:Evidence Credibility,0,0
rq3_156,EVALUATION:Risk Assessment,0,0
rq3_156,RESOURCE:GitHub Interface,1,1
rq3_156,RESOURCE:Web Retrieval,0,0
rq3_156,RESOURCE:Local Workspace,0,0
rq3_156,RESOURCE:Development Toolchain,0,0
rq3_156,RESOURCE:Agent Resource,0,0
rq3_156,COMMUNICATION:Expert Role,1,1
rq3_156,COMMUNICATION:Audience Voice,1,1
rq3_156,COMMUNICATION:Automation Disclosure,1,1
rq3_156,EXAMPLE:Output Template,1,1
rq3_156,EXAMPLE:Worked Case,0,0
rq3_156,EXAMPLE:Technical Snippet,0,0
rq3_156,SAFETY:Prompt Injection Defense,0,0
rq3_156,SAFETY:Information Confidentiality,0,0
rq3_156,SAFETY:Execution Isolation,0,0
rq3_156,SAFETY:Vulnerability Handling,0,0
rq3_157,TASK:Artifact Change,0,0
rq3_157,TASK:Artifact Review,1,0
rq3_157,TASK:Evidence Investigation,0,1
rq3_157,TASK:Executable Validation,1,0
rq3_157,TASK:Work Item Management,0,0
rq3_157,CONSTRAINT:Scope Boundary,1,1
rq3_157,CONSTRAINT:Evidence Grounding,0,0
rq3_157,CONSTRAINT:Quality Standard,1,1
rq3_157,CONSTRAINT:Resource Budget,1,1
rq3_157,CONTEXT:Repository Context,1,1
rq3_157,CONTEXT:Domain Context,0,0
rq3_157,CONTEXT:Execution Environment,0,0
rq3_157,CONTEXT:Historical Context,0,0
rq3_157,OUTPUT:Repository Change,0,0
rq3_157,OUTPUT:Existing Thread Response,0,0
rq3_157,OUTPUT:New Thread,1,1
rq3_157,OUTPUT:Standalone Artifact,0,0
rq3_157,OUTPUT:Control Signal,1,1
rq3_157,PROCESS:Required Sequence,1,1
rq3_157,PROCESS:Decision Branch,1,1
rq3_157,PROCESS:Within-Run Iteration,1,0
rq3_157,PROCESS:Cross-Run Memory,0,0
rq3_157,PROCESS:Work Delegation,0,0
rq3_157,EVALUATION:Execution Check,0,0
rq3_157,EVALUATION:Rule Conformance,1,1
rq3_157,EVALUATION:Evidence Credibility,0,0
rq3_157,EVALUATION:Risk Assessment,1,1
rq3_157,RESOURCE:GitHub Interface,1,0
rq3_157,RESOURCE:Web Retrieval,0,0
rq3_157,RESOURCE:Local Workspace,1,1
rq3_157,RESOURCE:Development Toolchain,0,0
rq3_157,RESOURCE:Agent Resource,0,0
rq3_157,COMMUNICATION:Expert Role,1,1
rq3_157,COMMUNICATION:Audience Voice,0,0
rq3_157,COMMUNICATION:Automation Disclosure,0,0
rq3_157,EXAMPLE:Output Template,1,1
rq3_157,EXAMPLE:Worked Case,1,0
rq3_157,EXAMPLE:Technical Snippet,0,0
rq3_157,SAFETY:Prompt Injection Defense,0,0
rq3_157,SAFETY:Information Confidentiality,0,0
rq3_157,SAFETY:Execution Isolation,1,0
rq3_157,SAFETY:Vulnerability Handling,0,0
rq3_158,TASK:Artifact Change,1,1
rq3_158,TASK:Artifact Review,0,0
rq3_158,TASK:Evidence Investigation,1,1
rq3_158,TASK:Executable Validation,1,0
rq3_158,TASK:Work Item Management,0,0
rq3_158,CONSTRAINT:Scope Boundary,1,1
rq3_158,CONSTRAINT:Evidence Grounding,1,0
rq3_158,CONSTRAINT:Quality Standard,1,0
rq3_158,CONSTRAINT:Resource Budget,0,0
rq3_158,CONTEXT:Repository Context,1,0
rq3_158,CONTEXT:Domain Context,0,0
rq3_158,CONTEXT:Execution Environment,0,0
rq3_158,CONTEXT:Historical Context,0,0
rq3_158,OUTPUT:Repository Change,1,1
rq3_158,OUTPUT:Existing Thread Response,1,1
rq3_158,OUTPUT:New Thread,0,0
rq3_158,OUTPUT:Standalone Artifact,0,0
rq3_158,OUTPUT:Control Signal,1,1
rq3_158,PROCESS:Required Sequence,1,1
rq3_158,PROCESS:Decision Branch,1,1
rq3_158,PROCESS:Within-Run Iteration,0,0
rq3_158,PROCESS:Cross-Run Memory,0,0
rq3_158,PROCESS:Work Delegation,0,0
rq3_158,EVALUATION:Execution Check,1,0
rq3_158,EVALUATION:Rule Conformance,1,0
rq3_158,EVALUATION:Evidence Credibility,0,0
rq3_158,EVALUATION:Risk Assessment,0,0
rq3_158,RESOURCE:GitHub Interface,0,0
rq3_158,RESOURCE:Web Retrieval,0,0
rq3_158,RESOURCE:Local Workspace,1,0
rq3_158,RESOURCE:Development Toolchain,0,0
rq3_158,RESOURCE:Agent Resource,0,0
rq3_158,COMMUNICATION:Expert Role,0,0
rq3_158,COMMUNICATION:Audience Voice,0,0
rq3_158,COMMUNICATION:Automation Disclosure,0,0
rq3_158,EXAMPLE:Output Template,0,0
rq3_158,EXAMPLE:Worked Case,0,0
rq3_158,EXAMPLE:Technical Snippet,0,0
rq3_158,SAFETY:Prompt Injection Defense,1,0
rq3_158,SAFETY:Information Confidentiality,0,0
rq3_158,SAFETY:Execution Isolation,0,0
rq3_158,SAFETY:Vulnerability Handling,0,0
rq3_159,TASK:Artifact Change,0,0
rq3_159,TASK:Artifact Review,0,0
rq3_159,TASK:Evidence Investigation,0,0
rq3_159,TASK:Executable Validation,1,1
rq3_159,TASK:Work Item Management,0,0
rq3_159,CONSTRAINT:Scope Boundary,1,1
rq3_159,CONSTRAINT:Evidence Grounding,0,0
rq3_159,CONSTRAINT:Quality Standard,0,0
rq3_159,CONSTRAINT:Resource Budget,0,0
rq3_159,CONTEXT:Repository Context,0,0
rq3_159,CONTEXT:Domain Context,1,1
rq3_159,CONTEXT:Execution Environment,1,0
rq3_159,CONTEXT:Historical Context,0,0
rq3_159,OUTPUT:Repository Change,0,0
rq3_159,OUTPUT:Existing Thread Response,0,0
rq3_159,OUTPUT:New Thread,0,0
rq3_159,OUTPUT:Standalone Artifact,0,0
rq3_159,OUTPUT:Control Signal,1,0
rq3_159,PROCESS:Required Sequence,0,0
rq3_159,PROCESS:Decision Branch,1,0
rq3_159,PROCESS:Within-Run Iteration,0,0
rq3_159,PROCESS:Cross-Run Memory,0,0
rq3_159,PROCESS:Work Delegation,0,0
rq3_159,EVALUATION:Execution Check,1,1
rq3_159,EVALUATION:Rule Conformance,0,0
rq3_159,EVALUATION:Evidence Credibility,0,0
rq3_159,EVALUATION:Risk Assessment,0,0
rq3_159,RESOURCE:GitHub Interface,0,0
rq3_159,RESOURCE:Web Retrieval,1,0
rq3_159,RESOURCE:Local Workspace,0,0
rq3_159,RESOURCE:Development Toolchain,0,0
rq3_159,RESOURCE:Agent Resource,0,0
rq3_159,COMMUNICATION:Expert Role,0,0
rq3_159,COMMUNICATION:Audience Voice,0,0
rq3_159,COMMUNICATION:Automation Disclosure,0,0
rq3_159,EXAMPLE:Output Template,0,0
rq3_159,EXAMPLE:Worked Case,0,0
rq3_159,EXAMPLE:Technical Snippet,0,1
rq3_159,SAFETY:Prompt Injection Defense,0,0
rq3_159,SAFETY:Information Confidentiality,0,0
rq3_159,SAFETY:Execution Isolation,1,0
rq3_159,SAFETY:Vulnerability Handling,0,0
rq3_160,TASK:Artifact Change,1,1
rq3_160,TASK:Artifact Review,0,0
rq3_160,TASK:Evidence Investigation,1,1
rq3_160,TASK:Executable Validation,1,1
rq3_160,TASK:Work Item Management,1,0
rq3_160,CONSTRAINT:Scope Boundary,1,1
rq3_160,CONSTRAINT:Evidence Grounding,1,1
rq3_160,CONSTRAINT:Quality Standard,1,1
rq3_160,CONSTRAINT:Resource Budget,1,1
rq3_160,CONTEXT:Repository Context,1,0
rq3_160,CONTEXT:Domain Context,1,1
rq3_160,CONTEXT:Execution Environment,0,0
rq3_160,CONTEXT:Historical Context,0,0
rq3_160,OUTPUT:Repository Change,1,1
rq3_160,OUTPUT:Existing Thread Response,1,1
rq3_160,OUTPUT:New Thread,1,1
rq3_160,OUTPUT:Standalone Artifact,0,0
rq3_160,OUTPUT:Control Signal,1,0
rq3_160,PROCESS:Required Sequence,1,1
rq3_160,PROCESS:Decision Branch,1,1
rq3_160,PROCESS:Within-Run Iteration,1,1
rq3_160,PROCESS:Cross-Run Memory,1,1
rq3_160,PROCESS:Work Delegation,0,0
rq3_160,EVALUATION:Execution Check,1,0
rq3_160,EVALUATION:Rule Conformance,1,0
rq3_160,EVALUATION:Evidence Credibility,1,1
rq3_160,EVALUATION:Risk Assessment,1,1
rq3_160,RESOURCE:GitHub Interface,1,1
rq3_160,RESOURCE:Web Retrieval,0,0
rq3_160,RESOURCE:Local Workspace,1,1
rq3_160,RESOURCE:Development Toolchain,1,1
rq3_160,RESOURCE:Agent Resource,1,0
rq3_160,COMMUNICATION:Expert Role,1,1
rq3_160,COMMUNICATION:Audience Voice,0,0
rq3_160,COMMUNICATION:Automation Disclosure,1,1
rq3_160,EXAMPLE:Output Template,1,1
rq3_160,EXAMPLE:Worked Case,1,0
rq3_160,EXAMPLE:Technical Snippet,0,0
rq3_160,SAFETY:Prompt Injection Defense,0,0
rq3_160,SAFETY:Information Confidentiality,0,0
rq3_160,SAFETY:Execution Isolation,0,0
rq3_160,SAFETY:Vulnerability Handling,0,0
rq3_161,TASK:Artifact Change,1,1
rq3_161,TASK:Artifact Review,0,0
rq3_161,TASK:Evidence Investigation,1,1
rq3_161,TASK:Executable Validation,0,0
rq3_161,TASK:Work Item Management,0,0
rq3_161,CONSTRAINT:Scope Boundary,1,1
rq3_161,CONSTRAINT:Evidence Grounding,0,0
rq3_161,CONSTRAINT:Quality Standard,1,1
rq3_161,CONSTRAINT:Resource Budget,1,1
rq3_161,CONTEXT:Repository Context,1,1
rq3_161,CONTEXT:Domain Context,0,0
rq3_161,CONTEXT:Execution Environment,1,0
rq3_161,CONTEXT:Historical Context,0,0
rq3_161,OUTPUT:Repository Change,1,1
rq3_161,OUTPUT:Existing Thread Response,0,0
rq3_161,OUTPUT:New Thread,0,0
rq3_161,OUTPUT:Standalone Artifact,0,0
rq3_161,OUTPUT:Control Signal,1,1
rq3_161,PROCESS:Required Sequence,1,1
rq3_161,PROCESS:Decision Branch,1,1
rq3_161,PROCESS:Within-Run Iteration,1,0
rq3_161,PROCESS:Cross-Run Memory,0,0
rq3_161,PROCESS:Work Delegation,0,0
rq3_161,EVALUATION:Execution Check,0,0
rq3_161,EVALUATION:Rule Conformance,1,1
rq3_161,EVALUATION:Evidence Credibility,0,0
rq3_161,EVALUATION:Risk Assessment,0,0
rq3_161,RESOURCE:GitHub Interface,1,0
rq3_161,RESOURCE:Web Retrieval,0,0
rq3_161,RESOURCE:Local Workspace,1,1
rq3_161,RESOURCE:Development Toolchain,0,0
rq3_161,RESOURCE:Agent Resource,0,0
rq3_161,COMMUNICATION:Expert Role,0,0
rq3_161,COMMUNICATION:Audience Voice,0,0
rq3_161,COMMUNICATION:Automation Disclosure,1,0
rq3_161,EXAMPLE:Output Template,0,1
rq3_161,EXAMPLE:Worked Case,0,0
rq3_161,EXAMPLE:Technical Snippet,0,0
rq3_161,SAFETY:Prompt Injection Defense,0,0
rq3_161,SAFETY:Information Confidentiality,0,0
rq3_161,SAFETY:Execution Isolation,1,0
rq3_161,SAFETY:Vulnerability Handling,0,0
rq3_162,TASK:Artifact Change,1,1
rq3_162,TASK:Artifact Review,0,0
rq3_162,TASK:Evidence Investigation,1,1
rq3_162,TASK:Executable Validation,0,0
rq3_162,TASK:Work Item Management,0,0
rq3_162,CONSTRAINT:Scope Boundary,1,1
rq3_162,CONSTRAINT:Evidence Grounding,0,0
rq3_162,CONSTRAINT:Quality Standard,1,1
rq3_162,CONSTRAINT:Resource Budget,1,1
rq3_162,CONTEXT:Repository Context,1,0
rq3_162,CONTEXT:Domain Context,0,0
rq3_162,CONTEXT:Execution Environment,0,0
rq3_162,CONTEXT:Historical Context,0,0
rq3_162,OUTPUT:Repository Change,1,1
rq3_162,OUTPUT:Existing Thread Response,0,0
rq3_162,OUTPUT:New Thread,0,0
rq3_162,OUTPUT:Standalone Artifact,0,0
rq3_162,OUTPUT:Control Signal,1,0
rq3_162,PROCESS:Required Sequence,1,1
rq3_162,PROCESS:Decision Branch,1,1
rq3_162,PROCESS:Within-Run Iteration,1,0
rq3_162,PROCESS:Cross-Run Memory,1,1
rq3_162,PROCESS:Work Delegation,0,0
rq3_162,EVALUATION:Execution Check,0,0
rq3_162,EVALUATION:Rule Conformance,1,0
rq3_162,EVALUATION:Evidence Credibility,0,0
rq3_162,EVALUATION:Risk Assessment,1,1
rq3_162,RESOURCE:GitHub Interface,1,1
rq3_162,RESOURCE:Web Retrieval,0,0
rq3_162,RESOURCE:Local Workspace,1,1
rq3_162,RESOURCE:Development Toolchain,0,0
rq3_162,RESOURCE:Agent Resource,1,0
rq3_162,COMMUNICATION:Expert Role,1,1
rq3_162,COMMUNICATION:Audience Voice,0,0
rq3_162,COMMUNICATION:Automation Disclosure,1,0
rq3_162,EXAMPLE:Output Template,1,1
rq3_162,EXAMPLE:Worked Case,0,0
rq3_162,EXAMPLE:Technical Snippet,1,0
rq3_162,SAFETY:Prompt Injection Defense,0,0
rq3_162,SAFETY:Information Confidentiality,0,0
rq3_162,SAFETY:Execution Isolation,1,0
rq3_162,SAFETY:Vulnerability Handling,1,1
rq3_163,TASK:Artifact Change,0,0
rq3_163,TASK:Artifact Review,1,1
rq3_163,TASK:Evidence Investigation,1,1
rq3_163,TASK:Executable Validation,0,0
rq3_163,TASK:Work Item Management,0,0
rq3_163,CONSTRAINT:Scope Boundary,0,0
rq3_163,CONSTRAINT:Evidence Grounding,1,1
rq3_163,CONSTRAINT:Quality Standard,0,1
rq3_163,CONSTRAINT:Resource Budget,0,0
rq3_163,CONTEXT:Repository Context,1,1
rq3_163,CONTEXT:Domain Context,0,0
rq3_163,CONTEXT:Execution Environment,0,0
rq3_163,CONTEXT:Historical Context,0,0
rq3_163,OUTPUT:Repository Change,0,0
rq3_163,OUTPUT:Existing Thread Response,1,1
rq3_163,OUTPUT:New Thread,0,0
rq3_163,OUTPUT:Standalone Artifact,0,0
rq3_163,OUTPUT:Control Signal,0,0
rq3_163,PROCESS:Required Sequence,1,1
rq3_163,PROCESS:Decision Branch,1,1
rq3_163,PROCESS:Within-Run Iteration,0,0
rq3_163,PROCESS:Cross-Run Memory,0,0
rq3_163,PROCESS:Work Delegation,0,0
rq3_163,EVALUATION:Execution Check,0,0
rq3_163,EVALUATION:Rule Conformance,1,1
rq3_163,EVALUATION:Evidence Credibility,0,0
rq3_163,EVALUATION:Risk Assessment,0,0
rq3_163,RESOURCE:GitHub Interface,1,1
rq3_163,RESOURCE:Web Retrieval,0,0
rq3_163,RESOURCE:Local Workspace,1,1
rq3_163,RESOURCE:Development Toolchain,0,0
rq3_163,RESOURCE:Agent Resource,0,0
rq3_163,COMMUNICATION:Expert Role,1,1
rq3_163,COMMUNICATION:Audience Voice,1,1
rq3_163,COMMUNICATION:Automation Disclosure,0,0
rq3_163,EXAMPLE:Output Template,0,0
rq3_163,EXAMPLE:Worked Case,1,1
rq3_163,EXAMPLE:Technical Snippet,0,0
rq3_163,SAFETY:Prompt Injection Defense,0,0
rq3_163,SAFETY:Information Confidentiality,0,0
rq3_163,SAFETY:Execution Isolation,0,0
rq3_163,SAFETY:Vulnerability Handling,0,0
rq3_164,TASK:Artifact Change,0,1
rq3_164,TASK:Artifact Review,0,0
rq3_164,TASK:Evidence Investigation,0,0
rq3_164,TASK:Executable Validation,1,1
rq3_164,TASK:Work Item Management,0,0
rq3_164,CONSTRAINT:Scope Boundary,1,0
rq3_164,CONSTRAINT:Evidence Grounding,0,0
rq3_164,CONSTRAINT:Quality Standard,0,0
rq3_164,CONSTRAINT:Resource Budget,0,0
rq3_164,CONTEXT:Repository Context,1,0
rq3_164,CONTEXT:Domain Context,1,1
rq3_164,CONTEXT:Execution Environment,1,1
rq3_164,CONTEXT:Historical Context,0,0
rq3_164,OUTPUT:Repository Change,0,0
rq3_164,OUTPUT:Existing Thread Response,0,0
rq3_164,OUTPUT:New Thread,1,1
rq3_164,OUTPUT:Standalone Artifact,1,0
rq3_164,OUTPUT:Control Signal,1,0
rq3_164,PROCESS:Required Sequence,1,1
rq3_164,PROCESS:Decision Branch,1,1
rq3_164,PROCESS:Within-Run Iteration,1,0
rq3_164,PROCESS:Cross-Run Memory,0,0
rq3_164,PROCESS:Work Delegation,0,0
rq3_164,EVALUATION:Execution Check,1,1
rq3_164,EVALUATION:Rule Conformance,0,0
rq3_164,EVALUATION:Evidence Credibility,0,0
rq3_164,EVALUATION:Risk Assessment,0,0
rq3_164,RESOURCE:GitHub Interface,0,0
rq3_164,RESOURCE:Web Retrieval,0,0
rq3_164,RESOURCE:Local Workspace,1,0
rq3_164,RESOURCE:Development Toolchain,1,1
rq3_164,RESOURCE:Agent Resource,0,0
rq3_164,COMMUNICATION:Expert Role,0,0
rq3_164,COMMUNICATION:Audience Voice,0,0
rq3_164,COMMUNICATION:Automation Disclosure,0,0
rq3_164,EXAMPLE:Output Template,1,1
rq3_164,EXAMPLE:Worked Case,0,0
rq3_164,EXAMPLE:Technical Snippet,0,1
rq3_164,SAFETY:Prompt Injection Defense,0,0
rq3_164,SAFETY:Information Confidentiality,0,0
rq3_164,SAFETY:Execution Isolation,0,0
rq3_164,SAFETY:Vulnerability Handling,0,0
rq3_165,TASK:Artifact Change,0,0
rq3_165,TASK:Artifact Review,0,0
rq3_165,TASK:Evidence Investigation,1,1
rq3_165,TASK:Executable Validation,0,0
rq3_165,TASK:Work Item Management,0,0
rq3_165,CONSTRAINT:Scope Boundary,1,1
rq3_165,CONSTRAINT:Evidence Grounding,1,0
rq3_165,CONSTRAINT:Quality Standard,1,0
rq3_165,CONSTRAINT:Resource Budget,0,0
rq3_165,CONTEXT:Repository Context,1,1
rq3_165,CONTEXT:Domain Context,0,0
rq3_165,CONTEXT:Execution Environment,1,1
rq3_165,CONTEXT:Historical Context,0,0
rq3_165,OUTPUT:Repository Change,0,0
rq3_165,OUTPUT:Existing Thread Response,0,0
rq3_165,OUTPUT:New Thread,1,1
rq3_165,OUTPUT:Standalone Artifact,0,0
rq3_165,OUTPUT:Control Signal,0,0
rq3_165,PROCESS:Required Sequence,1,1
rq3_165,PROCESS:Decision Branch,1,1
rq3_165,PROCESS:Within-Run Iteration,1,0
rq3_165,PROCESS:Cross-Run Memory,0,0
rq3_165,PROCESS:Work Delegation,0,0
rq3_165,EVALUATION:Execution Check,1,0
rq3_165,EVALUATION:Rule Conformance,0,0
rq3_165,EVALUATION:Evidence Credibility,0,0
rq3_165,EVALUATION:Risk Assessment,0,0
rq3_165,RESOURCE:GitHub Interface,1,1
rq3_165,RESOURCE:Web Retrieval,0,0
rq3_165,RESOURCE:Local Workspace,1,1
rq3_165,RESOURCE:Development Toolchain,0,0
rq3_165,RESOURCE:Agent Resource,0,0
rq3_165,COMMUNICATION:Expert Role,1,1
rq3_165,COMMUNICATION:Audience Voice,1,0
rq3_165,COMMUNICATION:Automation Disclosure,1,0
rq3_165,EXAMPLE:Output Template,1,1
rq3_165,EXAMPLE:Worked Case,0,0
rq3_165,EXAMPLE:Technical Snippet,1,1
rq3_165,SAFETY:Prompt Injection Defense,0,0
rq3_165,SAFETY:Information Confidentiality,0,0
rq3_165,SAFETY:Execution Isolation,0,0
rq3_165,SAFETY:Vulnerability Handling,1,0
rq3_166,TASK:Artifact Change,0,0
rq3_166,TASK:Artifact Review,0,0
rq3_166,TASK:Evidence Investigation,1,1
rq3_166,TASK:Executable Validation,0,0
rq3_166,TASK:Work Item Management,0,0
rq3_166,CONSTRAINT:Scope Boundary,1,1
rq3_166,CONSTRAINT:Evidence Grounding,1,1
rq3_166,CONSTRAINT:Quality Standard,0,0
rq3_166,CONSTRAINT:Resource Budget,0,0
rq3_166,CONTEXT:Repository Context,1,0
rq3_166,CONTEXT:Domain Context,0,0
rq3_166,CONTEXT:Execution Environment,1,0
rq3_166,CONTEXT:Historical Context,0,0
rq3_166,OUTPUT:Repository Change,0,0
rq3_166,OUTPUT:Existing Thread Response,1,1
rq3_166,OUTPUT:New Thread,0,0
rq3_166,OUTPUT:Standalone Artifact,0,0
rq3_166,OUTPUT:Control Signal,1,0
rq3_166,PROCESS:Required Sequence,1,1
rq3_166,PROCESS:Decision Branch,1,1
rq3_166,PROCESS:Within-Run Iteration,1,0
rq3_166,PROCESS:Cross-Run Memory,0,0
rq3_166,PROCESS:Work Delegation,0,0
rq3_166,EVALUATION:Execution Check,0,0
rq3_166,EVALUATION:Rule Conformance,1,1
rq3_166,EVALUATION:Evidence Credibility,0,0
rq3_166,EVALUATION:Risk Assessment,0,0
rq3_166,RESOURCE:GitHub Interface,1,1
rq3_166,RESOURCE:Web Retrieval,0,0
rq3_166,RESOURCE:Local Workspace,0,0
rq3_166,RESOURCE:Development Toolchain,0,0
rq3_166,RESOURCE:Agent Resource,0,0
rq3_166,COMMUNICATION:Expert Role,0,1
rq3_166,COMMUNICATION:Audience Voice,1,1
rq3_166,COMMUNICATION:Automation Disclosure,1,1
rq3_166,EXAMPLE:Output Template,1,1
rq3_166,EXAMPLE:Worked Case,0,0
rq3_166,EXAMPLE:Technical Snippet,1,0
rq3_166,SAFETY:Prompt Injection Defense,0,0
rq3_166,SAFETY:Information Confidentiality,0,0
rq3_166,SAFETY:Execution Isolation,0,0
rq3_166,SAFETY:Vulnerability Handling,0,0
rq3_167,TASK:Artifact Change,0,0
rq3_167,TASK:Artifact Review,0,0
rq3_167,TASK:Evidence Investigation,1,1
rq3_167,TASK:Executable Validation,0,0
rq3_167,TASK:Work Item Management,0,0
rq3_167,CONSTRAINT:Scope Boundary,1,1
rq3_167,CONSTRAINT:Evidence Grounding,1,0
rq3_167,CONSTRAINT:Quality Standard,1,1
rq3_167,CONSTRAINT:Resource Budget,1,1
rq3_167,CONTEXT:Repository Context,1,1
rq3_167,CONTEXT:Domain Context,0,0
rq3_167,CONTEXT:Execution Environment,1,1
rq3_167,CONTEXT:Historical Context,1,1
rq3_167,OUTPUT:Repository Change,0,0
rq3_167,OUTPUT:Existing Thread Response,1,1
rq3_167,OUTPUT:New Thread,0,0
rq3_167,OUTPUT:Standalone Artifact,0,0
rq3_167,OUTPUT:Control Signal,1,0
rq3_167,PROCESS:Required Sequence,1,1
rq3_167,PROCESS:Decision Branch,1,1
rq3_167,PROCESS:Within-Run Iteration,1,0
rq3_167,PROCESS:Cross-Run Memory,1,0
rq3_167,PROCESS:Work Delegation,0,0
rq3_167,EVALUATION:Execution Check,1,0
rq3_167,EVALUATION:Rule Conformance,0,1
rq3_167,EVALUATION:Evidence Credibility,0,0
rq3_167,EVALUATION:Risk Assessment,1,0
rq3_167,RESOURCE:GitHub Interface,1,1
rq3_167,RESOURCE:Web Retrieval,0,0
rq3_167,RESOURCE:Local Workspace,1,0
rq3_167,RESOURCE:Development Toolchain,0,0
rq3_167,RESOURCE:Agent Resource,1,0
rq3_167,COMMUNICATION:Expert Role,1,1
rq3_167,COMMUNICATION:Audience Voice,0,0
rq3_167,COMMUNICATION:Automation Disclosure,1,0
rq3_167,EXAMPLE:Output Template,1,1
rq3_167,EXAMPLE:Worked Case,0,0
rq3_167,EXAMPLE:Technical Snippet,1,0
rq3_167,SAFETY:Prompt Injection Defense,0,0
rq3_167,SAFETY:Information Confidentiality,0,0
rq3_167,SAFETY:Execution Isolation,1,0
rq3_167,SAFETY:Vulnerability Handling,0,0
rq3_168,TASK:Artifact Change,1,1
rq3_168,TASK:Artifact Review,1,0
rq3_168,TASK:Evidence Investigation,1,1
rq3_168,TASK:Executable Validation,0,0
rq3_168,TASK:Work Item Management,0,0
rq3_168,CONSTRAINT:Scope Boundary,1,1
rq3_168,CONSTRAINT:Evidence Grounding,1,0
rq3_168,CONSTRAINT:Quality Standard,1,1
rq3_168,CONSTRAINT:Resource Budget,1,0
rq3_168,CONTEXT:Repository Context,1,0
rq3_168,CONTEXT:Domain Context,0,1
rq3_168,CONTEXT:Execution Environment,0,0
rq3_168,CONTEXT:Historical Context,0,0
rq3_168,OUTPUT:Repository Change,1,1
rq3_168,OUTPUT:Existing Thread Response,1,0
rq3_168,OUTPUT:New Thread,1,1
rq3_168,OUTPUT:Standalone Artifact,0,0
rq3_168,OUTPUT:Control Signal,0,0
rq3_168,PROCESS:Required Sequence,1,1
rq3_168,PROCESS:Decision Branch,1,1
rq3_168,PROCESS:Within-Run Iteration,1,0
rq3_168,PROCESS:Cross-Run Memory,0,0
rq3_168,PROCESS:Work Delegation,0,0
rq3_168,EVALUATION:Execution Check,0,0
rq3_168,EVALUATION:Rule Conformance,1,1
rq3_168,EVALUATION:Evidence Credibility,0,0
rq3_168,EVALUATION:Risk Assessment,0,0
rq3_168,RESOURCE:GitHub Interface,1,1
rq3_168,RESOURCE:Web Retrieval,0,0
rq3_168,RESOURCE:Local Workspace,1,1
rq3_168,RESOURCE:Development Toolchain,0,0
rq3_168,RESOURCE:Agent Resource,0,0
rq3_168,COMMUNICATION:Expert Role,0,0
rq3_168,COMMUNICATION:Audience Voice,0,0
rq3_168,COMMUNICATION:Automation Disclosure,0,0
rq3_168,EXAMPLE:Output Template,1,1
rq3_168,EXAMPLE:Worked Case,1,0
rq3_168,EXAMPLE:Technical Snippet,0,0
rq3_168,SAFETY:Prompt Injection Defense,0,0
rq3_168,SAFETY:Information Confidentiality,0,0
rq3_168,SAFETY:Execution Isolation,0,0
rq3_168,SAFETY:Vulnerability Handling,0,0
rq3_169,TASK:Artifact Change,1,1
rq3_169,TASK:Artifact Review,0,0
rq3_169,TASK:Evidence Investigation,0,1
rq3_169,TASK:Executable Validation,1,0
rq3_169,TASK:Work Item Management,0,0
rq3_169,CONSTRAINT:Scope Boundary,1,1
rq3_169,CONSTRAINT:Evidence Grounding,0,0
rq3_169,CONSTRAINT:Quality Standard,1,0
rq3_169,CONSTRAINT:Resource Budget,0,0
rq3_169,CONTEXT:Repository Context,1,1
rq3_169,CONTEXT:Domain Context,1,0
rq3_169,CONTEXT:Execution Environment,0,0
rq3_169,CONTEXT:Historical Context,0,0
rq3_169,OUTPUT:Repository Change,1,1
rq3_169,OUTPUT:Existing Thread Response,1,1
rq3_169,OUTPUT:New Thread,0,0
rq3_169,OUTPUT:Standalone Artifact,0,0
rq3_169,OUTPUT:Control Signal,0,0
rq3_169,PROCESS:Required Sequence,1,1
rq3_169,PROCESS:Decision Branch,1,1
rq3_169,PROCESS:Within-Run Iteration,1,0
rq3_169,PROCESS:Cross-Run Memory,0,0
rq3_169,PROCESS:Work Delegation,0,0
rq3_169,EVALUATION:Execution Check,1,0
rq3_169,EVALUATION:Rule Conformance,1,0
rq3_169,EVALUATION:Evidence Credibility,0,0
rq3_169,EVALUATION:Risk Assessment,0,0
rq3_169,RESOURCE:GitHub Interface,1,1
rq3_169,RESOURCE:Web Retrieval,0,0
rq3_169,RESOURCE:Local Workspace,1,1
rq3_169,RESOURCE:Development Toolchain,1,0
rq3_169,RESOURCE:Agent Resource,0,0
rq3_169,COMMUNICATION:Expert Role,0,1
rq3_169,COMMUNICATION:Audience Voice,0,0
rq3_169,COMMUNICATION:Automation Disclosure,0,0
rq3_169,EXAMPLE:Output Template,1,1
rq3_169,EXAMPLE:Worked Case,0,0
rq3_169,EXAMPLE:Technical Snippet,0,1
rq3_169,SAFETY:Prompt Injection Defense,0,0
rq3_169,SAFETY:Information Confidentiality,0,0
rq3_169,SAFETY:Execution Isolation,1,0
rq3_169,SAFETY:Vulnerability Handling,0,0
rq3_170,TASK:Artifact Change,0,1
rq3_170,TASK:Artifact Review,0,0
rq3_170,TASK:Evidence Investigation,0,0
rq3_170,TASK:Executable Validation,0,0
rq3_170,TASK:Work Item Management,1,1
rq3_170,CONSTRAINT:Scope Boundary,1,1
rq3_170,CONSTRAINT:Evidence Grounding,1,1
rq3_170,CONSTRAINT:Quality Standard,1,0
rq3_170,CONSTRAINT:Resource Budget,1,1
rq3_170,CONTEXT:Repository Context,1,0
rq3_170,CONTEXT:Domain Context,0,0
rq3_170,CONTEXT:Execution Environment,1,1
rq3_170,CONTEXT:Historical Context,0,0
rq3_170,OUTPUT:Repository Change,0,0
rq3_170,OUTPUT:Existing Thread Response,1,0
rq3_170,OUTPUT:New Thread,1,1
rq3_170,OUTPUT:Standalone Artifact,1,0
rq3_170,OUTPUT:Control Signal,1,0
rq3_170,PROCESS:Required Sequence,1,1
rq3_170,PROCESS:Decision Branch,1,1
rq3_170,PROCESS:Within-Run Iteration,1,0
rq3_170,PROCESS:Cross-Run Memory,0,0
rq3_170,PROCESS:Work Delegation,0,0
rq3_170,EVALUATION:Execution Check,0,0
rq3_170,EVALUATION:Rule Conformance,0,0
rq3_170,EVALUATION:Evidence Credibility,0,0
rq3_170,EVALUATION:Risk Assessment,0,0
rq3_170,RESOURCE:GitHub Interface,1,0
rq3_170,RESOURCE:Web Retrieval,0,0
rq3_170,RESOURCE:Local Workspace,1,1
rq3_170,RESOURCE:Development Toolchain,0,0
rq3_170,RESOURCE:Agent Resource,0,0
rq3_170,COMMUNICATION:Expert Role,1,1
rq3_170,COMMUNICATION:Audience Voice,1,1
rq3_170,COMMUNICATION:Automation Disclosure,1,0
rq3_170,EXAMPLE:Output Template,1,1
rq3_170,EXAMPLE:Worked Case,1,0
rq3_170,EXAMPLE:Technical Snippet,1,1
rq3_170,SAFETY:Prompt Injection Defense,0,0
rq3_170,SAFETY:Information Confidentiality,0,0
rq3_170,SAFETY:Execution Isolation,0,0
rq3_170,SAFETY:Vulnerability Handling,0,0
rq3_171,TASK:Artifact Change,1,1
rq3_171,TASK:Artifact Review,0,0
rq3_171,TASK:Evidence Investigation,0,1
rq3_171,TASK:Executable Validation,0,0
rq3_171,TASK:Work Item Management,0,0
rq3_171,CONSTRAINT:Scope Boundary,1,1
rq3_171,CONSTRAINT:Evidence Grounding,1,0
rq3_171,CONSTRAINT:Quality Standard,1,1
rq3_171,CONSTRAINT:Resource Budget,0,0
rq3_171,CONTEXT:Repository Context,1,0
rq3_171,CONTEXT:Domain Context,1,1
rq3_171,CONTEXT:Execution Environment,0,0
rq3_171,CONTEXT:Historical Context,0,0
rq3_171,OUTPUT:Repository Change,1,1
rq3_171,OUTPUT:Existing Thread Response,0,0
rq3_171,OUTPUT:New Thread,0,0
rq3_171,OUTPUT:Standalone Artifact,0,0
rq3_171,OUTPUT:Control Signal,1,1
rq3_171,PROCESS:Required Sequence,1,1
rq3_171,PROCESS:Decision Branch,1,1
rq3_171,PROCESS:Within-Run Iteration,1,0
rq3_171,PROCESS:Cross-Run Memory,0,0
rq3_171,PROCESS:Work Delegation,0,0
rq3_171,EVALUATION:Execution Check,0,0
rq3_171,EVALUATION:Rule Conformance,1,1
rq3_171,EVALUATION:Evidence Credibility,0,0
rq3_171,EVALUATION:Risk Assessment,0,0
rq3_171,RESOURCE:GitHub Interface,0,0
rq3_171,RESOURCE:Web Retrieval,1,1
rq3_171,RESOURCE:Local Workspace,1,0
rq3_171,RESOURCE:Development Toolchain,0,0
rq3_171,RESOURCE:Agent Resource,0,0
rq3_171,COMMUNICATION:Expert Role,0,0
rq3_171,COMMUNICATION:Audience Voice,0,0
rq3_171,COMMUNICATION:Automation Disclosure,0,0
rq3_171,EXAMPLE:Output Template,0,0
rq3_171,EXAMPLE:Worked Case,0,0
rq3_171,EXAMPLE:Technical Snippet,0,0
rq3_171,SAFETY:Prompt Injection Defense,0,0
rq3_171,SAFETY:Information Confidentiality,0,0
rq3_171,SAFETY:Execution Isolation,0,0
rq3_171,SAFETY:Vulnerability Handling,0,0
rq3_172,TASK:Artifact Change,0,0
rq3_172,TASK:Artifact Review,1,0
rq3_172,TASK:Evidence Investigation,0,0
rq3_172,TASK:Executable Validation,0,0
rq3_172,TASK:Work Item Management,0,0
rq3_172,CONSTRAINT:Scope Boundary,0,0
rq3_172,CONSTRAINT:Evidence Grounding,0,0
rq3_172,CONSTRAINT:Quality Standard,1,0
rq3_172,CONSTRAINT:Resource Budget,0,0
rq3_172,CONTEXT:Repository Context,1,1
rq3_172,CONTEXT:Domain Context,0,0
rq3_172,CONTEXT:Execution Environment,0,0
rq3_172,CONTEXT:Historical Context,0,0
rq3_172,OUTPUT:Repository Change,0,0
rq3_172,OUTPUT:Existing Thread Response,1,0
rq3_172,OUTPUT:New Thread,0,0
rq3_172,OUTPUT:Standalone Artifact,0,0
rq3_172,OUTPUT:Control Signal,0,0
rq3_172,PROCESS:Required Sequence,1,1
rq3_172,PROCESS:Decision Branch,1,1
rq3_172,PROCESS:Within-Run Iteration,0,0
rq3_172,PROCESS:Cross-Run Memory,0,0
rq3_172,PROCESS:Work Delegation,0,0
rq3_172,EVALUATION:Execution Check,0,0
rq3_172,EVALUATION:Rule Conformance,0,0
rq3_172,EVALUATION:Evidence Credibility,0,0
rq3_172,EVALUATION:Risk Assessment,1,0
rq3_172,RESOURCE:GitHub Interface,1,1
rq3_172,RESOURCE:Web Retrieval,0,0
rq3_172,RESOURCE:Local Workspace,0,0
rq3_172,RESOURCE:Development Toolchain,0,0
rq3_172,RESOURCE:Agent Resource,1,1
rq3_172,COMMUNICATION:Expert Role,0,0
rq3_172,COMMUNICATION:Audience Voice,0,0
rq3_172,COMMUNICATION:Automation Disclosure,0,0
rq3_172,EXAMPLE:Output Template,1,1
rq3_172,EXAMPLE:Worked Case,0,0
rq3_172,EXAMPLE:Technical Snippet,0,0
rq3_172,SAFETY:Prompt Injection Defense,0,0
rq3_172,SAFETY:Information Confidentiality,0,0
rq3_172,SAFETY:Execution Isolation,0,0
rq3_172,SAFETY:Vulnerability Handling,0,0
rq3_173,TASK:Artifact Change,1,1
rq3_173,TASK:Artifact Review,0,0
rq3_173,TASK:Evidence Investigation,0,0
rq3_173,TASK:Executable Validation,1,0
rq3_173,TASK:Work Item Management,0,0
rq3_173,CONSTRAINT:Scope Boundary,1,1
rq3_173,CONSTRAINT:Evidence Grounding,0,0
rq3_173,CONSTRAINT:Quality Standard,0,1
rq3_173,CONSTRAINT:Resource Budget,1,0
rq3_173,CONTEXT:Repository Context,0,0
rq3_173,CONTEXT:Domain Context,0,0
rq3_173,CONTEXT:Execution Environment,0,0
rq3_173,CONTEXT:Historical Context,0,0
rq3_173,OUTPUT:Repository Change,1,1
rq3_173,OUTPUT:Existing Thread Response,0,0
rq3_173,OUTPUT:New Thread,0,0
rq3_173,OUTPUT:Standalone Artifact,0,0
rq3_173,OUTPUT:Control Signal,0,0
rq3_173,PROCESS:Required Sequence,1,1
rq3_173,PROCESS:Decision Branch,1,1
rq3_173,PROCESS:Within-Run Iteration,1,0
rq3_173,PROCESS:Cross-Run Memory,0,0
rq3_173,PROCESS:Work Delegation,0,0
rq3_173,EVALUATION:Execution Check,1,0
rq3_173,EVALUATION:Rule Conformance,1,1
rq3_173,EVALUATION:Evidence Credibility,0,0
rq3_173,EVALUATION:Risk Assessment,0,0
rq3_173,RESOURCE:GitHub Interface,0,0
rq3_173,RESOURCE:Web Retrieval,0,0
rq3_173,RESOURCE:Local Workspace,1,0
rq3_173,RESOURCE:Development Toolchain,1,1
rq3_173,RESOURCE:Agent Resource,0,0
rq3_173,COMMUNICATION:Expert Role,0,0
rq3_173,COMMUNICATION:Audience Voice,0,0
rq3_173,COMMUNICATION:Automation Disclosure,1,0
rq3_173,EXAMPLE:Output Template,0,1
rq3_173,EXAMPLE:Worked Case,0,0
rq3_173,EXAMPLE:Technical Snippet,0,0
rq3_173,SAFETY:Prompt Injection Defense,0,0
rq3_173,SAFETY:Information Confidentiality,0,0
rq3_173,SAFETY:Execution Isolation,0,0
rq3_173,SAFETY:Vulnerability Handling,0,0
rq3_174,TASK:Artifact Change,1,1
rq3_174,TASK:Artifact Review,0,0
rq3_174,TASK:Evidence Investigation,0,1
rq3_174,TASK:Executable Validation,1,0
rq3_174,TASK:Work Item Management,0,0
rq3_174,CONSTRAINT:Scope Boundary,1,1
rq3_174,CONSTRAINT:Evidence Grounding,0,0
rq3_174,CONSTRAINT:Quality Standard,0,1
rq3_174,CONSTRAINT:Resource Budget,1,1
rq3_174,CONTEXT:Repository Context,1,1
rq3_174,CONTEXT:Domain Context,0,1
rq3_174,CONTEXT:Execution Environment,1,0
rq3_174,CONTEXT:Historical Context,0,0
rq3_174,OUTPUT:Repository Change,1,1
rq3_174,OUTPUT:Existing Thread Response,1,1
rq3_174,OUTPUT:New Thread,0,0
rq3_174,OUTPUT:Standalone Artifact,0,0
rq3_174,OUTPUT:Control Signal,0,0
rq3_174,PROCESS:Required Sequence,1,1
rq3_174,PROCESS:Decision Branch,1,1
rq3_174,PROCESS:Within-Run Iteration,1,1
rq3_174,PROCESS:Cross-Run Memory,0,0
rq3_174,PROCESS:Work Delegation,1,0
rq3_174,EVALUATION:Execution Check,1,0
rq3_174,EVALUATION:Rule Conformance,1,0
rq3_174,EVALUATION:Evidence Credibility,0,0
rq3_174,EVALUATION:Risk Assessment,0,0
rq3_174,RESOURCE:GitHub Interface,1,1
rq3_174,RESOURCE:Web Retrieval,0,0
rq3_174,RESOURCE:Local Workspace,1,0
rq3_174,RESOURCE:Development Toolchain,1,1
rq3_174,RESOURCE:Agent Resource,1,0
rq3_174,COMMUNICATION:Expert Role,1,1
rq3_174,COMMUNICATION:Audience Voice,0,0
rq3_174,COMMUNICATION:Automation Disclosure,1,1
rq3_174,EXAMPLE:Output Template,0,0
rq3_174,EXAMPLE:Worked Case,0,0
rq3_174,EXAMPLE:Technical Snippet,0,1
rq3_174,SAFETY:Prompt Injection Defense,0,0
rq3_174,SAFETY:Information Confidentiality,1,0
rq3_174,SAFETY:Execution Isolation,1,1
rq3_174,SAFETY:Vulnerability Handling,0,0
rq3_175,TASK:Artifact Change,0,0
rq3_175,TASK:Artifact Review,0,0
rq3_175,TASK:Evidence Investigation,0,1
rq3_175,TASK:Executable Validation,0,0
rq3_175,TASK:Work Item Management,0,0
rq3_175,CONSTRAINT:Scope Boundary,0,0
rq3_175,CONSTRAINT:Evidence Grounding,0,0
rq3_175,CONSTRAINT:Quality Standard,0,1
rq3_175,CONSTRAINT:Resource Budget,1,0
rq3_175,CONTEXT:Repository Context,1,1
rq3_175,CONTEXT:Domain Context,0,0
rq3_175,CONTEXT:Execution Environment,0,1
rq3_175,CONTEXT:Historical Context,0,0
rq3_175,OUTPUT:Repository Change,0,0
rq3_175,OUTPUT:Existing Thread Response,0,0
rq3_175,OUTPUT:New Thread,0,1
rq3_175,OUTPUT:Standalone Artifact,0,0
rq3_175,OUTPUT:Control Signal,0,0
rq3_175,PROCESS:Required Sequence,0,1
rq3_175,PROCESS:Decision Branch,0,1
rq3_175,PROCESS:Within-Run Iteration,0,0
rq3_175,PROCESS:Cross-Run Memory,0,0
rq3_175,PROCESS:Work Delegation,0,0
rq3_175,EVALUATION:Execution Check,0,0
rq3_175,EVALUATION:Rule Conformance,0,1
rq3_175,EVALUATION:Evidence Credibility,0,0
rq3_175,EVALUATION:Risk Assessment,0,0
rq3_175,RESOURCE:GitHub Interface,0,0
rq3_175,RESOURCE:Web Retrieval,0,0
rq3_175,RESOURCE:Local Workspace,0,0
rq3_175,RESOURCE:Development Toolchain,0,1
rq3_175,RESOURCE:Agent Resource,0,0
rq3_175,COMMUNICATION:Expert Role,1,1
rq3_175,COMMUNICATION:Audience Voice,0,0
rq3_175,COMMUNICATION:Automation Disclosure,0,0
rq3_175,EXAMPLE:Output Template,0,1
rq3_175,EXAMPLE:Worked Case,0,1
rq3_175,EXAMPLE:Technical Snippet,0,0
rq3_175,SAFETY:Prompt Injection Defense,0,0
rq3_175,SAFETY:Information Confidentiality,0,0
rq3_175,SAFETY:Execution Isolation,0,0
rq3_175,SAFETY:Vulnerability Handling,0,0
rq3_176,TASK:Artifact Change,0,0
rq3_176,TASK:Artifact Review,1,1
rq3_176,TASK:Evidence Investigation,0,0
rq3_176,TASK:Executable Validation,0,0
rq3_176,TASK:Work Item Management,0,0
rq3_176,CONSTRAINT:Scope Boundary,1,1
rq3_176,CONSTRAINT:Evidence Grounding,1,0
rq3_176,CONSTRAINT:Quality Standard,1,0
rq3_176,CONSTRAINT:Resource Budget,1,0
rq3_176,CONTEXT:Repository Context,1,1
rq3_176,CONTEXT:Domain Context,0,0
rq3_176,CONTEXT:Execution Environment,1,1
rq3_176,CONTEXT:Historical Context,1,1
rq3_176,OUTPUT:Repository Change,0,0
rq3_176,OUTPUT:Existing Thread Response,1,1
rq3_176,OUTPUT:New Thread,0,0
rq3_176,OUTPUT:Standalone Artifact,0,0
rq3_176,OUTPUT:Control Signal,0,0
rq3_176,PROCESS:Required Sequence,1,1
rq3_176,PROCESS:Decision Branch,1,1
rq3_176,PROCESS:Within-Run Iteration,1,0
rq3_176,PROCESS:Cross-Run Memory,1,0
rq3_176,PROCESS:Work Delegation,0,0
rq3_176,EVALUATION:Execution Check,1,0
rq3_176,EVALUATION:Rule Conformance,1,0
rq3_176,EVALUATION:Evidence Credibility,1,0
rq3_176,EVALUATION:Risk Assessment,1,0
rq3_176,RESOURCE:GitHub Interface,1,0
rq3_176,RESOURCE:Web Retrieval,0,0
rq3_176,RESOURCE:Local Workspace,1,0
rq3_176,RESOURCE:Development Toolchain,0,0
rq3_176,RESOURCE:Agent Resource,1,1
rq3_176,COMMUNICATION:Expert Role,1,1
rq3_176,COMMUNICATION:Audience Voice,0,0
rq3_176,COMMUNICATION:Automation Disclosure,1,1
rq3_176,EXAMPLE:Output Template,1,1
rq3_176,EXAMPLE:Worked Case,0,0
rq3_176,EXAMPLE:Technical Snippet,1,0
rq3_176,SAFETY:Prompt Injection Defense,1,1
rq3_176,SAFETY:Information Confidentiality,0,0
rq3_176,SAFETY:Execution Isolation,1,1
rq3_176,SAFETY:Vulnerability Handling,0,0
rq3_177,TASK:Artifact Change,0,0
rq3_177,TASK:Artifact Review,1,0
rq3_177,TASK:Evidence Investigation,0,1
rq3_177,TASK:Executable Validation,0,0
rq3_177,TASK:Work Item Management,0,1
rq3_177,CONSTRAINT:Scope Boundary,0,0
rq3_177,CONSTRAINT:Evidence Grounding,0,0
rq3_177,CONSTRAINT:Quality Standard,0,0
rq3_177,CONSTRAINT:Resource Budget,0,0
rq3_177,CONTEXT:Repository Context,0,0
rq3_177,CONTEXT:Domain Context,0,0
rq3_177,CONTEXT:Execution Environment,0,0
rq3_177,CONTEXT:Historical Context,0,0
rq3_177,OUTPUT:Repository Change,0,0
rq3_177,OUTPUT:Existing Thread Response,1,1
rq3_177,OUTPUT:New Thread,0,0
rq3_177,OUTPUT:Standalone Artifact,0,0
rq3_177,OUTPUT:Control Signal,1,0
rq3_177,PROCESS:Required Sequence,0,0
rq3_177,PROCESS:Decision Branch,0,1
rq3_177,PROCESS:Within-Run Iteration,0,0
rq3_177,PROCESS:Cross-Run Memory,0,0
rq3_177,PROCESS:Work Delegation,0,0
rq3_177,EVALUATION:Execution Check,0,0
rq3_177,EVALUATION:Rule Conformance,0,1
rq3_177,EVALUATION:Evidence Credibility,0,0
rq3_177,EVALUATION:Risk Assessment,0,0
rq3_177,RESOURCE:GitHub Interface,0,1
rq3_177,RESOURCE:Web Retrieval,0,0
rq3_177,RESOURCE:Local Workspace,0,0
rq3_177,RESOURCE:Development Toolchain,0,0
rq3_177,RESOURCE:Agent Resource,0,0
rq3_177,COMMUNICATION:Expert Role,1,0
rq3_177,COMMUNICATION:Audience Voice,0,0
rq3_177,COMMUNICATION:Automation Disclosure,0,0
rq3_177,EXAMPLE:Output Template,0,0
rq3_177,EXAMPLE:Worked Case,0,0
rq3_177,EXAMPLE:Technical Snippet,0,0
rq3_177,SAFETY:Prompt Injection Defense,0,0
rq3_177,SAFETY:Information Confidentiality,0,0
rq3_177,SAFETY:Execution Isolation,0,0
rq3_177,SAFETY:Vulnerability Handling,0,0
rq3_178,TASK:Artifact Change,0,0
rq3_178,TASK:Artifact Review,0,0
rq3_178,TASK:Evidence Investigation,1,1
rq3_178,TASK:Executable Validation,0,0
rq3_178,TASK:Work Item Management,0,0
rq3_178,CONSTRAINT:Scope Boundary,0,1
rq3_178,CONSTRAINT:Evidence Grounding,0,0
rq3_178,CONSTRAINT:Quality Standard,1,1
rq3_178,CONSTRAINT:Resource Budget,0,0
rq3_178,CONTEXT:Repository Context,1,1
rq3_178,CONTEXT:Domain Context,0,0
rq3_178,CONTEXT:Execution Environment,1,1
rq3_178,CONTEXT:Historical Context,0,0
rq3_178,OUTPUT:Repository Change,0,0
rq3_178,OUTPUT:Existing Thread Response,0,0
rq3_178,OUTPUT:New Thread,1,1
rq3_178,OUTPUT:Standalone Artifact,0,0
rq3_178,OUTPUT:Control Signal,1,0
rq3_178,PROCESS:Required Sequence,0,1
rq3_178,PROCESS:Decision Branch,0,0
rq3_178,PROCESS:Within-Run Iteration,0,0
rq3_178,PROCESS:Cross-Run Memory,0,0
rq3_178,PROCESS:Work Delegation,0,0
rq3_178,EVALUATION:Execution Check,0,0
rq3_178,EVALUATION:Rule Conformance,1,1
rq3_178,EVALUATION:Evidence Credibility,0,0
rq3_178,EVALUATION:Risk Assessment,1,0
rq3_178,RESOURCE:GitHub Interface,0,0
rq3_178,RESOURCE:Web Retrieval,0,0
rq3_178,RESOURCE:Local Workspace,0,1
rq3_178,RESOURCE:Development Toolchain,1,0
rq3_178,RESOURCE:Agent Resource,0,1
rq3_178,COMMUNICATION:Expert Role,1,1
rq3_178,COMMUNICATION:Audience Voice,0,1
rq3_178,COMMUNICATION:Automation Disclosure,0,0
rq3_178,EXAMPLE:Output Template,0,1
rq3_178,EXAMPLE:Worked Case,1,0
rq3_178,EXAMPLE:Technical Snippet,1,0
rq3_178,SAFETY:Prompt Injection Defense,0,0
rq3_178,SAFETY:Information Confidentiality,0,0
rq3_178,SAFETY:Execution Isolation,0,0
rq3_178,SAFETY:Vulnerability Handling,0,0
rq3_179,TASK:Artifact Change,0,0
rq3_179,TASK:Artifact Review,0,0
rq3_179,TASK:Evidence Investigation,1,1
rq3_179,TASK:Executable Validation,0,0
rq3_179,TASK:Work Item Management,0,0
rq3_179,CONSTRAINT:Scope Boundary,1,1
rq3_179,CONSTRAINT:Evidence Grounding,0,0
rq3_179,CONSTRAINT:Quality Standard,0,0
rq3_179,CONSTRAINT:Resource Budget,1,1
rq3_179,CONTEXT:Repository Context,0,0
rq3_179,CONTEXT:Domain Context,1,1
rq3_179,CONTEXT:Execution Environment,0,0
rq3_179,CONTEXT:Historical Context,0,0
rq3_179,OUTPUT:Repository Change,0,0
rq3_179,OUTPUT:Existing Thread Response,0,0
rq3_179,OUTPUT:New Thread,1,1
rq3_179,OUTPUT:Standalone Artifact,1,1
rq3_179,OUTPUT:Control Signal,0,0
rq3_179,PROCESS:Required Sequence,1,1
rq3_179,PROCESS:Decision Branch,1,1
rq3_179,PROCESS:Within-Run Iteration,0,0
rq3_179,PROCESS:Cross-Run Memory,0,0
rq3_179,PROCESS:Work Delegation,0,0
rq3_179,EVALUATION:Execution Check,0,0
rq3_179,EVALUATION:Rule Conformance,0,0
rq3_179,EVALUATION:Evidence Credibility,0,0
rq3_179,EVALUATION:Risk Assessment,0,0
rq3_179,RESOURCE:GitHub Interface,0,0
rq3_179,RESOURCE:Web Retrieval,0,0
rq3_179,RESOURCE:Local Workspace,0,0
rq3_179,RESOURCE:Development Toolchain,0,0
rq3_179,RESOURCE:Agent Resource,1,1
rq3_179,COMMUNICATION:Expert Role,0,0
rq3_179,COMMUNICATION:Audience Voice,0,0
rq3_179,COMMUNICATION:Automation Disclosure,0,0
rq3_179,EXAMPLE:Output Template,0,0
rq3_179,EXAMPLE:Worked Case,0,0
rq3_179,EXAMPLE:Technical Snippet,0,0
rq3_179,SAFETY:Prompt Injection Defense,0,0
rq3_179,SAFETY:Information Confidentiality,0,0
rq3_179,SAFETY:Execution Isolation,0,0
rq3_179,SAFETY:Vulnerability Handling,0,0
rq3_180,TASK:Artifact Change,0,0
rq3_180,TASK:Artifact Review,0,0
rq3_180,TASK:Evidence Investigation,0,0
rq3_180,TASK:Executable Validation,1,1
rq3_180,TASK:Work Item Management,0,0
rq3_180,CONSTRAINT:Scope Boundary,0,0
rq3_180,CONSTRAINT:Evidence Grounding,0,0
rq3_180,CONSTRAINT:Quality Standard,0,0
rq3_180,CONSTRAINT:Resource Budget,0,0
rq3_180,CONTEXT:Repository Context,0,0
rq3_180,CONTEXT:Domain Context,0,0
rq3_180,CONTEXT:Execution Environment,0,0
rq3_180,CONTEXT:Historical Context,0,0
rq3_180,OUTPUT:Repository Change,0,0
rq3_180,OUTPUT:Existing Thread Response,1,1
rq3_180,OUTPUT:New Thread,0,0
rq3_180,OUTPUT:Standalone Artifact,0,0
rq3_180,OUTPUT:Control Signal,0,0
rq3_180,PROCESS:Required Sequence,0,1
rq3_180,PROCESS:Decision Branch,0,0
rq3_180,PROCESS:Within-Run Iteration,0,0
rq3_180,PROCESS:Cross-Run Memory,0,0
rq3_180,PROCESS:Work Delegation,0,0
rq3_180,EVALUATION:Execution Check,1,1
rq3_180,EVALUATION:Rule Conformance,0,0
rq3_180,EVALUATION:Evidence Credibility,0,0
rq3_180,EVALUATION:Risk Assessment,0,0
rq3_180,RESOURCE:GitHub Interface,1,1
rq3_180,RESOURCE:Web Retrieval,0,0
rq3_180,RESOURCE:Local Workspace,0,0
rq3_180,RESOURCE:Development Toolchain,0,0
rq3_180,RESOURCE:Agent Resource,1,1
rq3_180,COMMUNICATION:Expert Role,0,0
rq3_180,COMMUNICATION:Audience Voice,0,0
rq3_180,COMMUNICATION:Automation Disclosure,0,0
rq3_180,EXAMPLE:Output Template,1,1
rq3_180,EXAMPLE:Worked Case,0,0
rq3_180,EXAMPLE:Technical Snippet,0,0
rq3_180,SAFETY:Prompt Injection Defense,0,0
rq3_180,SAFETY:Information Confidentiality,0,0
rq3_180,SAFETY:Execution Isolation,0,0
rq3_180,SAFETY:Vulnerability Handling,0,0
rq3_181,TASK:Artifact Change,0,0
rq3_181,TASK:Artifact Review,0,0
rq3_181,TASK:Evidence Investigation,1,1
rq3_181,TASK:Executable Validation,0,0
rq3_181,TASK:Work Item Management,0,1
rq3_181,CONSTRAINT:Scope Boundary,1,1
rq3_181,CONSTRAINT:Evidence Grounding,0,0
rq3_181,CONSTRAINT:Quality Standard,1,1
rq3_181,CONSTRAINT:Resource Budget,0,0
rq3_181,CONTEXT:Repository Context,1,1
rq3_181,CONTEXT:Domain Context,0,0
rq3_181,CONTEXT:Execution Environment,0,0
rq3_181,CONTEXT:Historical Context,0,0
rq3_181,OUTPUT:Repository Change,0,0
rq3_181,OUTPUT:Existing Thread Response,1,1
rq3_181,OUTPUT:New Thread,0,0
rq3_181,OUTPUT:Standalone Artifact,0,0
rq3_181,OUTPUT:Control Signal,1,0
rq3_181,PROCESS:Required Sequence,1,1
rq3_181,PROCESS:Decision Branch,0,1
rq3_181,PROCESS:Within-Run Iteration,0,0
rq3_181,PROCESS:Cross-Run Memory,0,0
rq3_181,PROCESS:Work Delegation,0,0
rq3_181,EVALUATION:Execution Check,0,0
rq3_181,EVALUATION:Rule Conformance,0,0
rq3_181,EVALUATION:Evidence Credibility,0,0
rq3_181,EVALUATION:Risk Assessment,0,0
rq3_181,RESOURCE:GitHub Interface,1,1
rq3_181,RESOURCE:Web Retrieval,0,0
rq3_181,RESOURCE:Local Workspace,0,0
rq3_181,RESOURCE:Development Toolchain,0,0
rq3_181,RESOURCE:Agent Resource,1,0
rq3_181,COMMUNICATION:Expert Role,1,1
rq3_181,COMMUNICATION:Audience Voice,0,0
rq3_181,COMMUNICATION:Automation Disclosure,0,0
rq3_181,EXAMPLE:Output Template,0,0
rq3_181,EXAMPLE:Worked Case,0,0
rq3_181,EXAMPLE:Technical Snippet,0,0
rq3_181,SAFETY:Prompt Injection Defense,0,0
rq3_181,SAFETY:Information Confidentiality,0,0
rq3_181,SAFETY:Execution Isolation,0,0
rq3_181,SAFETY:Vulnerability Handling,0,0
rq3_182,TASK:Artifact Change,1,1
rq3_182,TASK:Artifact Review,0,0
rq3_182,TASK:Evidence Investigation,1,0
rq3_182,TASK:Executable Validation,0,0
rq3_182,TASK:Work Item Management,0,0
rq3_182,CONSTRAINT:Scope Boundary,1,1
rq3_182,CONSTRAINT:Evidence Grounding,0,0
rq3_182,CONSTRAINT:Quality Standard,1,1
rq3_182,CONSTRAINT:Resource Budget,0,0
rq3_182,CONTEXT:Repository Context,1,1
rq3_182,CONTEXT:Domain Context,1,0
rq3_182,CONTEXT:Execution Environment,0,0
rq3_182,CONTEXT:Historical Context,0,0
rq3_182,OUTPUT:Repository Change,1,1
rq3_182,OUTPUT:Existing Thread Response,0,0
rq3_182,OUTPUT:New Thread,0,0
rq3_182,OUTPUT:Standalone Artifact,0,0
rq3_182,OUTPUT:Control Signal,1,0
rq3_182,PROCESS:Required Sequence,1,1
rq3_182,PROCESS:Decision Branch,1,1
rq3_182,PROCESS:Within-Run Iteration,0,0
rq3_182,PROCESS:Cross-Run Memory,1,0
rq3_182,PROCESS:Work Delegation,0,0
rq3_182,EVALUATION:Execution Check,0,0
rq3_182,EVALUATION:Rule Conformance,0,0
rq3_182,EVALUATION:Evidence Credibility,0,0
rq3_182,EVALUATION:Risk Assessment,0,0
rq3_182,RESOURCE:GitHub Interface,1,0
rq3_182,RESOURCE:Web Retrieval,0,0
rq3_182,RESOURCE:Local Workspace,1,0
rq3_182,RESOURCE:Development Toolchain,0,1
rq3_182,RESOURCE:Agent Resource,0,0
rq3_182,COMMUNICATION:Expert Role,0,1
rq3_182,COMMUNICATION:Audience Voice,0,0
rq3_182,COMMUNICATION:Automation Disclosure,0,0
rq3_182,EXAMPLE:Output Template,1,1
rq3_182,EXAMPLE:Worked Case,0,0
rq3_182,EXAMPLE:Technical Snippet,1,1
rq3_182,SAFETY:Prompt Injection Defense,0,0
rq3_182,SAFETY:Information Confidentiality,0,0
rq3_182,SAFETY:Execution Isolation,0,0
rq3_182,SAFETY:Vulnerability Handling,0,0
rq3_183,TASK:Artifact Change,0,0
rq3_183,TASK:Artifact Review,0,0
rq3_183,TASK:Evidence Investigation,0,0
rq3_183,TASK:Executable Validation,1,1
rq3_183,TASK:Work Item Management,0,0
rq3_183,CONSTRAINT:Scope Boundary,1,1
rq3_183,CONSTRAINT:Evidence Grounding,0,0
rq3_183,CONSTRAINT:Quality Standard,1,1
rq3_183,CONSTRAINT:Resource Budget,0,0
rq3_183,CONTEXT:Repository Context,0,0
rq3_183,CONTEXT:Domain Context,0,0
rq3_183,CONTEXT:Execution Environment,1,1
rq3_183,CONTEXT:Historical Context,0,0
rq3_183,OUTPUT:Repository Change,0,0
rq3_183,OUTPUT:Existing Thread Response,1,1
rq3_183,OUTPUT:New Thread,0,0
rq3_183,OUTPUT:Standalone Artifact,0,0
rq3_183,OUTPUT:Control Signal,1,1
rq3_183,PROCESS:Required Sequence,1,1
rq3_183,PROCESS:Decision Branch,1,1
rq3_183,PROCESS:Within-Run Iteration,0,0
rq3_183,PROCESS:Cross-Run Memory,0,0
rq3_183,PROCESS:Work Delegation,0,0
rq3_183,EVALUATION:Execution Check,1,1
rq3_183,EVALUATION:Rule Conformance,0,0
rq3_183,EVALUATION:Evidence Credibility,0,0
rq3_183,EVALUATION:Risk Assessment,0,0
rq3_183,RESOURCE:GitHub Interface,1,1
rq3_183,RESOURCE:Web Retrieval,0,0
rq3_183,RESOURCE:Local Workspace,1,1
rq3_183,RESOURCE:Development Toolchain,0,0
rq3_183,RESOURCE:Agent Resource,0,0
rq3_183,COMMUNICATION:Expert Role,0,0
rq3_183,COMMUNICATION:Audience Voice,0,0
rq3_183,COMMUNICATION:Automation Disclosure,0,0
rq3_183,EXAMPLE:Output Template,0,0
rq3_183,EXAMPLE:Worked Case,0,0
rq3_183,EXAMPLE:Technical Snippet,0,0
rq3_183,SAFETY:Prompt Injection Defense,0,0
rq3_183,SAFETY:Information Confidentiality,0,0
rq3_183,SAFETY:Execution Isolation,0,0
rq3_183,SAFETY:Vulnerability Handling,0,0
rq3_184,TASK:Artifact Change,0,0
rq3_184,TASK:Artifact Review,0,0
rq3_184,TASK:Evidence Investigation,1,1
rq3_184,TASK:Executable Validation,1,0
rq3_184,TASK:Work Item Management,0,0
rq3_184,CONSTRAINT:Scope Boundary,1,1
rq3_184,CONSTRAINT:Evidence Grounding,1,1
rq3_184,CONSTRAINT:Quality Standard,1,0
rq3_184,CONSTRAINT:Resource Budget,0,0
rq3_184,CONTEXT:Repository Context,1,1
rq3_184,CONTEXT:Domain Context,1,1
rq3_184,CONTEXT:Execution Environment,1,0
rq3_184,CONTEXT:Historical Context,1,1
rq3_184,OUTPUT:Repository Change,0,0
rq3_184,OUTPUT:Existing Thread Response,1,1
rq3_184,OUTPUT:New Thread,1,1
rq3_184,OUTPUT:Standalone Artifact,0,0
rq3_184,OUTPUT:Control Signal,1,0
rq3_184,PROCESS:Required Sequence,1,1
rq3_184,PROCESS:Decision Branch,1,1
rq3_184,PROCESS:Within-Run Iteration,0,0
rq3_184,PROCESS:Cross-Run Memory,0,0
rq3_184,PROCESS:Work Delegation,0,0
rq3_184,EVALUATION:Execution Check,0,0
rq3_184,EVALUATION:Rule Conformance,0,0
rq3_184,EVALUATION:Evidence Credibility,1,0
rq3_184,EVALUATION:Risk Assessment,1,0
rq3_184,RESOURCE:GitHub Interface,1,0
rq3_184,RESOURCE:Web Retrieval,0,0
rq3_184,RESOURCE:Local Workspace,1,1
rq3_184,RESOURCE:Development Toolchain,0,0
rq3_184,RESOURCE:Agent Resource,0,1
rq3_184,COMMUNICATION:Expert Role,1,1
rq3_184,COMMUNICATION:Audience Voice,0,0
rq3_184,COMMUNICATION:Automation Disclosure,1,1
rq3_184,EXAMPLE:Output Template,1,1
rq3_184,EXAMPLE:Worked Case,1,0
rq3_184,EXAMPLE:Technical Snippet,1,0
rq3_184,SAFETY:Prompt Injection Defense,0,0
rq3_184,SAFETY:Information Confidentiality,1,0
rq3_184,SAFETY:Execution Isolation,1,0
rq3_184,SAFETY:Vulnerability Handling,1,0
rq3_185,TASK:Artifact Change,0,0
rq3_185,TASK:Artifact Review,0,0
rq3_185,TASK:Evidence Investigation,1,0
rq3_185,TASK:Executable Validation,1,1
rq3_185,TASK:Work Item Management,1,0
rq3_185,CONSTRAINT:Scope Boundary,1,1
rq3_185,CONSTRAINT:Evidence Grounding,0,0
rq3_185,CONSTRAINT:Quality Standard,1,1
rq3_185,CONSTRAINT:Resource Budget,0,0
rq3_185,CONTEXT:Repository Context,1,1
rq3_185,CONTEXT:Domain Context,0,0
rq3_185,CONTEXT:Execution Environment,0,0
rq3_185,CONTEXT:Historical Context,0,1
rq3_185,OUTPUT:Repository Change,0,0
rq3_185,OUTPUT:Existing Thread Response,0,0
rq3_185,OUTPUT:New Thread,1,1
rq3_185,OUTPUT:Standalone Artifact,1,0
rq3_185,OUTPUT:Control Signal,1,0
rq3_185,PROCESS:Required Sequence,1,1
rq3_185,PROCESS:Decision Branch,1,1
rq3_185,PROCESS:Within-Run Iteration,1,0
rq3_185,PROCESS:Cross-Run Memory,1,0
rq3_185,PROCESS:Work Delegation,0,0
rq3_185,EVALUATION:Execution Check,1,0
rq3_185,EVALUATION:Rule Conformance,0,0
rq3_185,EVALUATION:Evidence Credibility,1,0
rq3_185,EVALUATION:Risk Assessment,1,1
rq3_185,RESOURCE:GitHub Interface,1,0
rq3_185,RESOURCE:Web Retrieval,0,0
rq3_185,RESOURCE:Local Workspace,1,0
rq3_185,RESOURCE:Development Toolchain,1,1
rq3_185,RESOURCE:Agent Resource,1,0
rq3_185,COMMUNICATION:Expert Role,1,1
rq3_185,COMMUNICATION:Audience Voice,1,0
rq3_185,COMMUNICATION:Automation Disclosure,1,0
rq3_185,EXAMPLE:Output Template,1,1
rq3_185,EXAMPLE:Worked Case,0,0
rq3_185,EXAMPLE:Technical Snippet,1,1
rq3_185,SAFETY:Prompt Injection Defense,0,0
rq3_185,SAFETY:Information Confidentiality,0,0
rq3_185,SAFETY:Execution Isolation,0,0
rq3_185,SAFETY:Vulnerability Handling,1,0
rq3_186,TASK:Artifact Change,0,1
rq3_186,TASK:Artifact Review,0,0
rq3_186,TASK:Evidence Investigation,1,1
rq3_186,TASK:Executable Validation,0,0
rq3_186,TASK:Work Item Management,0,0
rq3_186,CONSTRAINT:Scope Boundary,0,1
rq3_186,CONSTRAINT:Evidence Grounding,0,0
rq3_186,CONSTRAINT:Quality Standard,0,0
rq3_186,CONSTRAINT:Resource Budget,1,1
rq3_186,CONTEXT:Repository Context,0,1
rq3_186,CONTEXT:Domain Context,1,1
rq3_186,CONTEXT:Execution Environment,0,0
rq3_186,CONTEXT:Historical Context,0,0
rq3_186,OUTPUT:Repository Change,0,0
rq3_186,OUTPUT:Existing Thread Response,0,0
rq3_186,OUTPUT:New Thread,0,0
rq3_186,OUTPUT:Standalone Artifact,1,0
rq3_186,OUTPUT:Control Signal,0,0
rq3_186,PROCESS:Required Sequence,0,0
rq3_186,PROCESS:Decision Branch,0,1
rq3_186,PROCESS:Within-Run Iteration,0,0
rq3_186,PROCESS:Cross-Run Memory,0,0
rq3_186,PROCESS:Work Delegation,0,0
rq3_186,EVALUATION:Execution Check,0,0
rq3_186,EVALUATION:Rule Conformance,0,0
rq3_186,EVALUATION:Evidence Credibility,0,0
rq3_186,EVALUATION:Risk Assessment,0,0
rq3_186,RESOURCE:GitHub Interface,0,0
rq3_186,RESOURCE:Web Retrieval,0,0
rq3_186,RESOURCE:Local Workspace,0,0
rq3_186,RESOURCE:Development Toolchain,0,0
rq3_186,RESOURCE:Agent Resource,1,1
rq3_186,COMMUNICATION:Expert Role,0,0
rq3_186,COMMUNICATION:Audience Voice,0,0
rq3_186,COMMUNICATION:Automation Disclosure,0,0
rq3_186,EXAMPLE:Output Template,0,0
rq3_186,EXAMPLE:Worked Case,0,0
rq3_186,EXAMPLE:Technical Snippet,0,0
rq3_186,SAFETY:Prompt Injection Defense,0,0
rq3_186,SAFETY:Information Confidentiality,0,0
rq3_186,SAFETY:Execution Isolation,0,0
rq3_186,SAFETY:Vulnerability Handling,0,0
rq3_187,TASK:Artifact Change,0,0
rq3_187,TASK:Artifact Review,0,0
rq3_187,TASK:Evidence Investigation,1,1
rq3_187,TASK:Executable Validation,0,0
rq3_187,TASK:Work Item Management,1,1
rq3_187,CONSTRAINT:Scope Boundary,1,1
rq3_187,CONSTRAINT:Evidence Grounding,1,0
rq3_187,CONSTRAINT:Quality Standard,1,1
rq3_187,CONSTRAINT:Resource Budget,0,0
rq3_187,CONTEXT:Repository Context,0,0
rq3_187,CONTEXT:Domain Context,1,1
rq3_187,CONTEXT:Execution Environment,1,1
rq3_187,CONTEXT:Historical Context,1,1
rq3_187,OUTPUT:Repository Change,0,0
rq3_187,OUTPUT:Existing Thread Response,1,0
rq3_187,OUTPUT:New Thread,1,1
rq3_187,OUTPUT:Standalone Artifact,0,0
rq3_187,OUTPUT:Control Signal,1,0
rq3_187,PROCESS:Required Sequence,1,1
rq3_187,PROCESS:Decision Branch,1,1
rq3_187,PROCESS:Within-Run Iteration,1,0
rq3_187,PROCESS:Cross-Run Memory,0,0
rq3_187,PROCESS:Work Delegation,0,0
rq3_187,EVALUATION:Execution Check,0,0
rq3_187,EVALUATION:Rule Conformance,0,1
rq3_187,EVALUATION:Evidence Credibility,1,0
rq3_187,EVALUATION:Risk Assessment,1,0
rq3_187,RESOURCE:GitHub Interface,1,0
rq3_187,RESOURCE:Web Retrieval,0,0
rq3_187,RESOURCE:Local Workspace,1,0
rq3_187,RESOURCE:Development Toolchain,0,0
rq3_187,RESOURCE:Agent Resource,0,0
rq3_187,COMMUNICATION:Expert Role,0,0
rq3_187,COMMUNICATION:Audience Voice,1,0
rq3_187,COMMUNICATION:Automation Disclosure,1,0
rq3_187,EXAMPLE:Output Template,1,1
rq3_187,EXAMPLE:Worked Case,0,0
rq3_187,EXAMPLE:Technical Snippet,0,0
rq3_187,SAFETY:Prompt Injection Defense,0,0
rq3_187,SAFETY:Information Confidentiality,0,0
rq3_187,SAFETY:Execution Isolation,0,0
rq3_187,SAFETY:Vulnerability Handling,0,0
rq3_188,TASK:Artifact Change,0,0
rq3_188,TASK:Artifact Review,1,1
rq3_188,TASK:Evidence Investigation,0,0
rq3_188,TASK:Executable Validation,0,0
rq3_188,TASK:Work Item Management,0,0
rq3_188,CONSTRAINT:Scope Boundary,1,1
rq3_188,CONSTRAINT:Evidence Grounding,1,1
rq3_188,CONSTRAINT:Quality Standard,1,0
rq3_188,CONSTRAINT:Resource Budget,0,0
rq3_188,CONTEXT:Repository Context,1,1
rq3_188,CONTEXT:Domain Context,0,0
rq3_188,CONTEXT:Execution Environment,0,0
rq3_188,CONTEXT:Historical Context,0,0
rq3_188,OUTPUT:Repository Change,0,0
rq3_188,OUTPUT:Existing Thread Response,1,1
rq3_188,OUTPUT:New Thread,0,0
rq3_188,OUTPUT:Standalone Artifact,0,0
rq3_188,OUTPUT:Control Signal,1,0
rq3_188,PROCESS:Required Sequence,1,1
rq3_188,PROCESS:Decision Branch,0,1
rq3_188,PROCESS:Within-Run Iteration,0,0
rq3_188,PROCESS:Cross-Run Memory,0,0
rq3_188,PROCESS:Work Delegation,0,0
rq3_188,EVALUATION:Execution Check,0,0
rq3_188,EVALUATION:Rule Conformance,0,1
rq3_188,EVALUATION:Evidence Credibility,0,0
rq3_188,EVALUATION:Risk Assessment,0,0
rq3_188,RESOURCE:GitHub Interface,0,1
rq3_188,RESOURCE:Web Retrieval,0,0
rq3_188,RESOURCE:Local Workspace,0,0
rq3_188,RESOURCE:Development Toolchain,0,0
rq3_188,RESOURCE:Agent Resource,0,0
rq3_188,COMMUNICATION:Expert Role,1,1
rq3_188,COMMUNICATION:Audience Voice,1,1
rq3_188,COMMUNICATION:Automation Disclosure,0,0
rq3_188,EXAMPLE:Output Template,0,0
rq3_188,EXAMPLE:Worked Case,1,1
rq3_188,EXAMPLE:Technical Snippet,0,0
rq3_188,SAFETY:Prompt Injection Defense,0,0
rq3_188,SAFETY:Information Confidentiality,0,0
rq3_188,SAFETY:Execution Isolation,0,0
rq3_188,SAFETY:Vulnerability Handling,0,0
rq3_189,TASK:Artifact Change,1,0
rq3_189,TASK:Artifact Review,0,0
rq3_189,TASK:Evidence Investigation,0,0
rq3_189,TASK:Executable Validation,1,0
rq3_189,TASK:Work Item Management,1,1
rq3_189,CONSTRAINT:Scope Boundary,1,1
rq3_189,CONSTRAINT:Evidence Grounding,0,0
rq3_189,CONSTRAINT:Quality Standard,1,1
rq3_189,CONSTRAINT:Resource Budget,0,0
rq3_189,CONTEXT:Repository Context,1,0
rq3_189,CONTEXT:Domain Context,0,0
rq3_189,CONTEXT:Execution Environment,0,1
rq3_189,CONTEXT:Historical Context,0,0
rq3_189,OUTPUT:Repository Change,1,0
rq3_189,OUTPUT:Existing Thread Response,1,0
rq3_189,OUTPUT:New Thread,0,0
rq3_189,OUTPUT:Standalone Artifact,0,0
rq3_189,OUTPUT:Control Signal,1,0
rq3_189,PROCESS:Required Sequence,1,1
rq3_189,PROCESS:Decision Branch,1,1
rq3_189,PROCESS:Within-Run Iteration,1,0
rq3_189,PROCESS:Cross-Run Memory,0,0
rq3_189,PROCESS:Work Delegation,1,1
rq3_189,EVALUATION:Execution Check,1,0
rq3_189,EVALUATION:Rule Conformance,1,0
rq3_189,EVALUATION:Evidence Credibility,0,0
rq3_189,EVALUATION:Risk Assessment,0,0
rq3_189,RESOURCE:GitHub Interface,1,0
rq3_189,RESOURCE:Web Retrieval,0,0
rq3_189,RESOURCE:Local Workspace,1,0
rq3_189,RESOURCE:Development Toolchain,1,1
rq3_189,RESOURCE:Agent Resource,1,0
rq3_189,COMMUNICATION:Expert Role,0,0
rq3_189,COMMUNICATION:Audience Voice,0,0
rq3_189,COMMUNICATION:Automation Disclosure,0,0
rq3_189,EXAMPLE:Output Template,0,0
rq3_189,EXAMPLE:Worked Case,0,0
rq3_189,EXAMPLE:Technical Snippet,0,0
rq3_189,SAFETY:Prompt Injection Defense,0,0
rq3_189,SAFETY:Information Confidentiality,0,0
rq3_189,SAFETY:Execution Isolation,0,0
rq3_189,SAFETY:Vulnerability Handling,0,0
rq3_190,TASK:Artifact Change,1,1
rq3_190,TASK:Artifact Review,0,0
rq3_190,TASK:Evidence Investigation,1,1
rq3_190,TASK:Executable Validation,0,0
rq3_190,TASK:Work Item Management,1,0
rq3_190,CONSTRAINT:Scope Boundary,1,1
rq3_190,CONSTRAINT:Evidence Grounding,0,0
rq3_190,CONSTRAINT:Quality Standard,1,0
rq3_190,CONSTRAINT:Resource Budget,0,0
rq3_190,CONTEXT:Repository Context,1,1
rq3_190,CONTEXT:Domain Context,1,1
rq3_190,CONTEXT:Execution Environment,0,0
rq3_190,CONTEXT:Historical Context,0,0
rq3_190,OUTPUT:Repository Change,1,1
rq3_190,OUTPUT:Existing Thread Response,0,0
rq3_190,OUTPUT:New Thread,0,0
rq3_190,OUTPUT:Standalone Artifact,0,0
rq3_190,OUTPUT:Control Signal,1,0
rq3_190,PROCESS:Required Sequence,1,1
rq3_190,PROCESS:Decision Branch,1,1
rq3_190,PROCESS:Within-Run Iteration,1,1
rq3_190,PROCESS:Cross-Run Memory,1,0
rq3_190,PROCESS:Work Delegation,1,1
rq3_190,EVALUATION:Execution Check,0,0
rq3_190,EVALUATION:Rule Conformance,1,1
rq3_190,EVALUATION:Evidence Credibility,0,0
rq3_190,EVALUATION:Risk Assessment,0,0
rq3_190,RESOURCE:GitHub Interface,0,0
rq3_190,RESOURCE:Web Retrieval,1,1
rq3_190,RESOURCE:Local Workspace,1,0
rq3_190,RESOURCE:Development Toolchain,0,0
rq3_190,RESOURCE:Agent Resource,0,0
rq3_190,COMMUNICATION:Expert Role,0,0
rq3_190,COMMUNICATION:Audience Voice,0,0
rq3_190,COMMUNICATION:Automation Disclosure,0,0
rq3_190,EXAMPLE:Output Template,1,1
rq3_190,EXAMPLE:Worked Case,1,0
rq3_190,EXAMPLE:Technical Snippet,0,0
rq3_190,SAFETY:Prompt Injection Defense,0,0
rq3_190,SAFETY:Information Confidentiality,0,0
rq3_190,SAFETY:Execution Isolation,0,0
rq3_190,SAFETY:Vulnerability Handling,0,0
rq3_191,TASK:Artifact Change,0,0
rq3_191,TASK:Artifact Review,0,0
rq3_191,TASK:Evidence Investigation,0,0
rq3_191,TASK:Executable Validation,0,0
rq3_191,TASK:Work Item Management,0,0
rq3_191,CONSTRAINT:Scope Boundary,0,0
rq3_191,CONSTRAINT:Evidence Grounding,1,1
rq3_191,CONSTRAINT:Quality Standard,0,0
rq3_191,CONSTRAINT:Resource Budget,1,1
rq3_191,CONTEXT:Repository Context,0,0
rq3_191,CONTEXT:Domain Context,1,1
rq3_191,CONTEXT:Execution Environment,0,0
rq3_191,CONTEXT:Historical Context,1,1
rq3_191,OUTPUT:Repository Change,0,0
rq3_191,OUTPUT:Existing Thread Response,0,0
rq3_191,OUTPUT:New Thread,1,1
rq3_191,OUTPUT:Standalone Artifact,0,0
rq3_191,OUTPUT:Control Signal,0,0
rq3_191,PROCESS:Required Sequence,1,1
rq3_191,PROCESS:Decision Branch,1,1
rq3_191,PROCESS:Within-Run Iteration,0,0
rq3_191,PROCESS:Cross-Run Memory,0,0
rq3_191,PROCESS:Work Delegation,0,0
rq3_191,EVALUATION:Execution Check,0,0
rq3_191,EVALUATION:Rule Conformance,0,0
rq3_191,EVALUATION:Evidence Credibility,0,0
rq3_191,EVALUATION:Risk Assessment,0,0
rq3_191,RESOURCE:GitHub Interface,0,0
rq3_191,RESOURCE:Web Retrieval,0,0
rq3_191,RESOURCE:Local Workspace,0,0
rq3_191,RESOURCE:Development Toolchain,0,0
rq3_191,RESOURCE:Agent Resource,1,1
rq3_191,COMMUNICATION:Expert Role,0,0
rq3_191,COMMUNICATION:Audience Voice,0,0
rq3_191,COMMUNICATION:Automation Disclosure,0,0
rq3_191,EXAMPLE:Output Template,0,0
rq3_191,EXAMPLE:Worked Case,0,0
rq3_191,EXAMPLE:Technical Snippet,0,0
rq3_191,SAFETY:Prompt Injection Defense,0,0
rq3_191,SAFETY:Information Confidentiality,0,0
rq3_191,SAFETY:Execution Isolation,0,0
rq3_191,SAFETY:Vulnerability Handling,0,0
rq3_192,TASK:Artifact Change,1,0
rq3_192,TASK:Artifact Review,0,0
rq3_192,TASK:Evidence Investigation,1,1
rq3_192,TASK:Executable Validation,0,0
rq3_192,TASK:Work Item Management,0,0
rq3_192,CONSTRAINT:Scope Boundary,1,1
rq3_192,CONSTRAINT:Evidence Grounding,0,0
rq3_192,CONSTRAINT:Quality Standard,1,0
rq3_192,CONSTRAINT:Resource Budget,1,0
rq3_192,CONTEXT:Repository Context,0,0
rq3_192,CONTEXT:Domain Context,1,0
rq3_192,CONTEXT:Execution Environment,1,0
rq3_192,CONTEXT:Historical Context,0,1
rq3_192,OUTPUT:Repository Change,0,0
rq3_192,OUTPUT:Existing Thread Response,0,0
rq3_192,OUTPUT:New Thread,1,1
rq3_192,OUTPUT:Standalone Artifact,1,0
rq3_192,OUTPUT:Control Signal,1,0
rq3_192,PROCESS:Required Sequence,1,1
rq3_192,PROCESS:Decision Branch,1,1
rq3_192,PROCESS:Within-Run Iteration,1,0
rq3_192,PROCESS:Cross-Run Memory,0,0
rq3_192,PROCESS:Work Delegation,1,1
rq3_192,EVALUATION:Execution Check,0,0
rq3_192,EVALUATION:Rule Conformance,0,0
rq3_192,EVALUATION:Evidence Credibility,0,0
rq3_192,EVALUATION:Risk Assessment,1,0
rq3_192,RESOURCE:GitHub Interface,1,0
rq3_192,RESOURCE:Web Retrieval,0,0
rq3_192,RESOURCE:Local Workspace,1,0
rq3_192,RESOURCE:Development Toolchain,0,1
rq3_192,RESOURCE:Agent Resource,1,1
rq3_192,COMMUNICATION:Expert Role,0,0
rq3_192,COMMUNICATION:Audience Voice,1,1
rq3_192,COMMUNICATION:Automation Disclosure,1,0
rq3_192,EXAMPLE:Output Template,1,1
rq3_192,EXAMPLE:Worked Case,0,0
rq3_192,EXAMPLE:Technical Snippet,1,1
rq3_192,SAFETY:Prompt Injection Defense,0,0
rq3_192,SAFETY:Information Confidentiality,0,0
rq3_192,SAFETY:Execution Isolation,1,0
rq3_192,SAFETY:Vulnerability Handling,0,0
rq3_193,TASK:Artifact Change,1,1
rq3_193,TASK:Artifact Review,0,0
rq3_193,TASK:Evidence Investigation,1,1
rq3_193,TASK:Executable Validation,1,1
rq3_193,TASK:Work Item Management,0,0
rq3_193,CONSTRAINT:Scope Boundary,1,1
rq3_193,CONSTRAINT:Evidence Grounding,0,0
rq3_193,CONSTRAINT:Quality Standard,1,1
rq3_193,CONSTRAINT:Resource Budget,0,0
rq3_193,CONTEXT:Repository Context,1,1
rq3_193,CONTEXT:Domain Context,1,0
rq3_193,CONTEXT:Execution Environment,0,0
rq3_193,CONTEXT:Historical Context,0,0
rq3_193,OUTPUT:Repository Change,1,1
rq3_193,OUTPUT:Existing Thread Response,0,0
rq3_193,OUTPUT:New Thread,0,0
rq3_193,OUTPUT:Standalone Artifact,0,0
rq3_193,OUTPUT:Control Signal,0,0
rq3_193,PROCESS:Required Sequence,1,1
rq3_193,PROCESS:Decision Branch,1,1
rq3_193,PROCESS:Within-Run Iteration,1,0
rq3_193,PROCESS:Cross-Run Memory,0,0
rq3_193,PROCESS:Work Delegation,1,1
rq3_193,EVALUATION:Execution Check,1,0
rq3_193,EVALUATION:Rule Conformance,1,0
rq3_193,EVALUATION:Evidence Credibility,0,0
rq3_193,EVALUATION:Risk Assessment,0,0
rq3_193,RESOURCE:GitHub Interface,1,1
rq3_193,RESOURCE:Web Retrieval,0,0
rq3_193,RESOURCE:Local Workspace,1,0
rq3_193,RESOURCE:Development Toolchain,1,0
rq3_193,RESOURCE:Agent Resource,1,1
rq3_193,COMMUNICATION:Expert Role,0,0
rq3_193,COMMUNICATION:Audience Voice,0,0
rq3_193,COMMUNICATION:Automation Disclosure,0,0
rq3_193,EXAMPLE:Output Template,0,0
rq3_193,EXAMPLE:Worked Case,0,0
rq3_193,EXAMPLE:Technical Snippet,0,0
rq3_193,SAFETY:Prompt Injection Defense,0,0
rq3_193,SAFETY:Information Confidentiality,0,0
rq3_193,SAFETY:Execution Isolation,0,0
rq3_193,SAFETY:Vulnerability Handling,0,0
rq3_194,TASK:Artifact Change,1,1
rq3_194,TASK:Artifact Review,0,0
rq3_194,TASK:Evidence Investigation,1,1
rq3_194,TASK:Executable Validation,1,0
rq3_194,TASK:Work Item Management,1,1
rq3_194,CONSTRAINT:Scope Boundary,1,1
rq3_194,CONSTRAINT:Evidence Grounding,1,0
rq3_194,CONSTRAINT:Quality Standard,1,1
rq3_194,CONSTRAINT:Resource Budget,1,0
rq3_194,CONTEXT:Repository Context,1,1
rq3_194,CONTEXT:Domain Context,0,0
rq3_194,CONTEXT:Execution Environment,1,1
rq3_194,CONTEXT:Historical Context,0,1
rq3_194,OUTPUT:Repository Change,1,1
rq3_194,OUTPUT:Existing Thread Response,1,1
rq3_194,OUTPUT:New Thread,0,0
rq3_194,OUTPUT:Standalone Artifact,0,0
rq3_194,OUTPUT:Control Signal,1,0
rq3_194,PROCESS:Required Sequence,1,1
rq3_194,PROCESS:Decision Branch,1,1
rq3_194,PROCESS:Within-Run Iteration,1,0
rq3_194,PROCESS:Cross-Run Memory,1,0
rq3_194,PROCESS:Work Delegation,0,0
rq3_194,EVALUATION:Execution Check,1,0
rq3_194,EVALUATION:Rule Conformance,1,0
rq3_194,EVALUATION:Evidence Credibility,0,0
rq3_194,EVALUATION:Risk Assessment,0,0
rq3_194,RESOURCE:GitHub Interface,1,1
rq3_194,RESOURCE:Web Retrieval,0,0
rq3_194,RESOURCE:Local Workspace,1,0
rq3_194,RESOURCE:Development Toolchain,1,1
rq3_194,RESOURCE:Agent Resource,0,0
rq3_194,COMMUNICATION:Expert Role,0,0
rq3_194,COMMUNICATION:Audience Voice,0,0
rq3_194,COMMUNICATION:Automation Disclosure,1,0
rq3_194,EXAMPLE:Output Template,0,0
rq3_194,EXAMPLE:Worked Case,0,0
rq3_194,EXAMPLE:Technical Snippet,1,1
rq3_194,SAFETY:Prompt Injection Defense,0,0
rq3_194,SAFETY:Information Confidentiality,1,0
rq3_194,SAFETY:Execution Isolation,1,0
rq3_194,SAFETY:Vulnerability Handling,1,1
rq3_195,TASK:Artifact Change,0,1
rq3_195,TASK:Artifact Review,0,0
rq3_195,TASK:Evidence Investigation,0,0
rq3_195,TASK:Executable Validation,0,0
rq3_195,TASK:Work Item Management,0,0
rq3_195,CONSTRAINT:Scope Boundary,0,0
rq3_195,CONSTRAINT:Evidence Grounding,0,0
rq3_195,CONSTRAINT:Quality Standard,1,1
rq3_195,CONSTRAINT:Resource Budget,0,0
rq3_195,CONTEXT:Repository Context,1,1
rq3_195,CONTEXT:Domain Context,0,0
rq3_195,CONTEXT:Execution Environment,0,0
rq3_195,CONTEXT:Historical Context,0,0
rq3_195,OUTPUT:Repository Change,0,0
rq3_195,OUTPUT:Existing Thread Response,1,1
rq3_195,OUTPUT:New Thread,0,0
rq3_195,OUTPUT:Standalone Artifact,0,0
rq3_195,OUTPUT:Control Signal,1,0
rq3_195,PROCESS:Required Sequence,1,1
rq3_195,PROCESS:Decision Branch,1,1
rq3_195,PROCESS:Within-Run Iteration,0,0
rq3_195,PROCESS:Cross-Run Memory,0,0
rq3_195,PROCESS:Work Delegation,0,0
rq3_195,EVALUATION:Execution Check,0,0
rq3_195,EVALUATION:Rule Conformance,0,0
rq3_195,EVALUATION:Evidence Credibility,0,0
rq3_195,EVALUATION:Risk Assessment,0,0
rq3_195,RESOURCE:GitHub Interface,1,0
rq3_195,RESOURCE:Web Retrieval,0,0
rq3_195,RESOURCE:Local Workspace,0,0
rq3_195,RESOURCE:Development Toolchain,0,0
rq3_195,RESOURCE:Agent Resource,0,0
rq3_195,COMMUNICATION:Expert Role,0,0
rq3_195,COMMUNICATION:Audience Voice,0,0
rq3_195,COMMUNICATION:Automation Disclosure,0,0
rq3_195,EXAMPLE:Output Template,0,0
rq3_195,EXAMPLE:Worked Case,0,0
rq3_195,EXAMPLE:Technical Snippet,0,0
rq3_195,SAFETY:Prompt Injection Defense,0,0
rq3_195,SAFETY:Information Confidentiality,0,0
rq3_195,SAFETY:Execution Isolation,0,0
rq3_195,SAFETY:Vulnerability Handling,0,0
rq3_196,TASK:Artifact Change,0,0
rq3_196,TASK:Artifact Review,0,0
rq3_196,TASK:Evidence Investigation,1,1
rq3_196,TASK:Executable Validation,0,0
rq3_196,TASK:Work Item Management,0,0
rq3_196,CONSTRAINT:Scope Boundary,0,0
rq3_196,CONSTRAINT:Evidence Grounding,1,0
rq3_196,CONSTRAINT:Quality Standard,1,1
rq3_196,CONSTRAINT:Resource Budget,0,0
rq3_196,CONTEXT:Repository Context,0,0
rq3_196,CONTEXT:Domain Context,0,1
rq3_196,CONTEXT:Execution Environment,0,0
rq3_196,CONTEXT:Historical Context,0,1
rq3_196,OUTPUT:Repository Change,0,0
rq3_196,OUTPUT:Existing Thread Response,0,0
rq3_196,OUTPUT:New Thread,1,1
rq3_196,OUTPUT:Standalone Artifact,1,1
rq3_196,OUTPUT:Control Signal,0,0
rq3_196,PROCESS:Required Sequence,1,1
rq3_196,PROCESS:Decision Branch,1,1
rq3_196,PROCESS:Within-Run Iteration,0,0
rq3_196,PROCESS:Cross-Run Memory,1,1
rq3_196,PROCESS:Work Delegation,0,0
rq3_196,EVALUATION:Execution Check,0,0
rq3_196,EVALUATION:Rule Conformance,0,0
rq3_196,EVALUATION:Evidence Credibility,0,0
rq3_196,EVALUATION:Risk Assessment,0,1
rq3_196,RESOURCE:GitHub Interface,0,0
rq3_196,RESOURCE:Web Retrieval,0,0
rq3_196,RESOURCE:Local Workspace,1,1
rq3_196,RESOURCE:Development Toolchain,0,1
rq3_196,RESOURCE:Agent Resource,0,0
rq3_196,COMMUNICATION:Expert Role,1,1
rq3_196,COMMUNICATION:Audience Voice,0,0
rq3_196,COMMUNICATION:Automation Disclosure,0,0
rq3_196,EXAMPLE:Output Template,1,1
rq3_196,EXAMPLE:Worked Case,0,0
rq3_196,EXAMPLE:Technical Snippet,1,1
rq3_196,SAFETY:Prompt Injection Defense,0,0
rq3_196,SAFETY:Information Confidentiality,0,0
rq3_196,SAFETY:Execution Isolation,0,0
rq3_196,SAFETY:Vulnerability Handling,0,0
rq3_197,TASK:Artifact Change,0,1
rq3_197,TASK:Artifact Review,0,0
rq3_197,TASK:Evidence Investigation,1,1
rq3_197,TASK:Executable Validation,0,0
rq3_197,TASK:Work Item Management,0,0
rq3_197,CONSTRAINT:Scope Boundary,0,1
rq3_197,CONSTRAINT:Evidence Grounding,0,0
rq3_197,CONSTRAINT:Quality Standard,0,1
rq3_197,CONSTRAINT:Resource Budget,0,0
rq3_197,CONTEXT:Repository Context,1,0
rq3_197,CONTEXT:Domain Context,0,0
rq3_197,CONTEXT:Execution Environment,0,0
rq3_197,CONTEXT:Historical Context,0,0
rq3_197,OUTPUT:Repository Change,1,1
rq3_197,OUTPUT:Existing Thread Response,0,0
rq3_197,OUTPUT:New Thread,0,0
rq3_197,OUTPUT:Standalone Artifact,0,0
rq3_197,OUTPUT:Control Signal,0,0
rq3_197,PROCESS:Required Sequence,0,1
rq3_197,PROCESS:Decision Branch,0,1
rq3_197,PROCESS:Within-Run Iteration,0,0
rq3_197,PROCESS:Cross-Run Memory,0,0
rq3_197,PROCESS:Work Delegation,0,0
rq3_197,EVALUATION:Execution Check,0,0
rq3_197,EVALUATION:Rule Conformance,0,0
rq3_197,EVALUATION:Evidence Credibility,0,0
rq3_197,EVALUATION:Risk Assessment,0,0
rq3_197,RESOURCE:GitHub Interface,0,0
rq3_197,RESOURCE:Web Retrieval,0,0
rq3_197,RESOURCE:Local Workspace,0,1
rq3_197,RESOURCE:Development Toolchain,0,0
rq3_197,RESOURCE:Agent Resource,0,0
rq3_197,COMMUNICATION:Expert Role,1,1
rq3_197,COMMUNICATION:Audience Voice,0,0
rq3_197,COMMUNICATION:Automation Disclosure,0,0
rq3_197,EXAMPLE:Output Template,0,0
rq3_197,EXAMPLE:Worked Case,0,0
rq3_197,EXAMPLE:Technical Snippet,0,0
rq3_197,SAFETY:Prompt Injection Defense,0,0
rq3_197,SAFETY:Information Confidentiality,0,0
rq3_197,SAFETY:Execution Isolation,0,0
rq3_197,SAFETY:Vulnerability Handling,0,0
rq3_198,TASK:Artifact Change,1,1
rq3_198,TASK:Artifact Review,1,1
rq3_198,TASK:Evidence Investigation,0,1
rq3_198,TASK:Executable Validation,0,0
rq3_198,TASK:Work Item Management,0,0
rq3_198,CONSTRAINT:Scope Boundary,1,1
rq3_198,CONSTRAINT:Evidence Grounding,1,0
rq3_198,CONSTRAINT:Quality Standard,1,1
rq3_198,CONSTRAINT:Resource Budget,0,0
rq3_198,CONTEXT:Repository Context,1,0
rq3_198,CONTEXT:Domain Context,0,0
rq3_198,CONTEXT:Execution Environment,0,0
rq3_198,CONTEXT:Historical Context,0,0
rq3_198,OUTPUT:Repository Change,1,1
rq3_198,OUTPUT:Existing Thread Response,0,0
rq3_198,OUTPUT:New Thread,0,0
rq3_198,OUTPUT:Standalone Artifact,0,0
rq3_198,OUTPUT:Control Signal,1,1
rq3_198,PROCESS:Required Sequence,1,1
rq3_198,PROCESS:Decision Branch,1,1
rq3_198,PROCESS:Within-Run Iteration,1,0
rq3_198,PROCESS:Cross-Run Memory,1,0
rq3_198,PROCESS:Work Delegation,0,0
rq3_198,EVALUATION:Execution Check,0,0
rq3_198,EVALUATION:Rule Conformance,1,0
rq3_198,EVALUATION:Evidence Credibility,1,0
rq3_198,EVALUATION:Risk Assessment,0,0
rq3_198,RESOURCE:GitHub Interface,1,1
rq3_198,RESOURCE:Web Retrieval,0,0
rq3_198,RESOURCE:Local Workspace,1,0
rq3_198,RESOURCE:Development Toolchain,0,0
rq3_198,RESOURCE:Agent Resource,0,0
rq3_198,COMMUNICATION:Expert Role,1,1
rq3_198,COMMUNICATION:Audience Voice,0,0
rq3_198,COMMUNICATION:Automation Disclosure,1,0
rq3_198,EXAMPLE:Output Template,0,1
rq3_198,EXAMPLE:Worked Case,1,0
rq3_198,EXAMPLE:Technical Snippet,1,0
rq3_198,SAFETY:Prompt Injection Defense,0,0
rq3_198,SAFETY:Information Confidentiality,0,0
rq3_198,SAFETY:Execution Isolation,0,0
rq3_198,SAFETY:Vulnerability Handling,0,0
rq3_199,TASK:Artifact Change,1,1
rq3_199,TASK:Artifact Review,0,0
rq3_199,TASK:Evidence Investigation,1,1
rq3_199,TASK:Executable Validation,0,0
rq3_199,TASK:Work Item Management,1,1
rq3_199,CONSTRAINT:Scope Boundary,1,1
rq3_199,CONSTRAINT:Evidence Grounding,1,1
rq3_199,CONSTRAINT:Quality Standard,1,1
rq3_199,CONSTRAINT:Resource Budget,0,0
rq3_199,CONTEXT:Repository Context,0,0
rq3_199,CONTEXT:Domain Context,0,0
rq3_199,CONTEXT:Execution Environment,0,0
rq3_199,CONTEXT:Historical Context,0,0
rq3_199,OUTPUT:Repository Change,0,0
rq3_199,OUTPUT:Existing Thread Response,1,1
rq3_199,OUTPUT:New Thread,0,0
rq3_199,OUTPUT:Standalone Artifact,0,0
rq3_199,OUTPUT:Control Signal,1,1
rq3_199,PROCESS:Required Sequence,0,0
rq3_199,PROCESS:Decision Branch,1,1
rq3_199,PROCESS:Within-Run Iteration,0,0
rq3_199,PROCESS:Cross-Run Memory,0,0
rq3_199,PROCESS:Work Delegation,0,0
rq3_199,EVALUATION:Execution Check,0,0
rq3_199,EVALUATION:Rule Conformance,0,0
rq3_199,EVALUATION:Evidence Credibility,0,0
rq3_199,EVALUATION:Risk Assessment,0,0
rq3_199,RESOURCE:GitHub Interface,1,1
rq3_199,RESOURCE:Web Retrieval,0,0
rq3_199,RESOURCE:Local Workspace,0,0
rq3_199,RESOURCE:Development Toolchain,0,0
rq3_199,RESOURCE:Agent Resource,0,0
rq3_199,COMMUNICATION:Expert Role,0,0
rq3_199,COMMUNICATION:Audience Voice,1,1
rq3_199,COMMUNICATION:Automation Disclosure,0,0
rq3_199,EXAMPLE:Output Template,0,0
rq3_199,EXAMPLE:Worked Case,0,0
rq3_199,EXAMPLE:Technical Snippet,0,0
rq3_199,SAFETY:Prompt Injection Defense,1,1
rq3_199,SAFETY:Information Confidentiality,1,1
rq3_199,SAFETY:Execution Isolation,0,0
rq3_199,SAFETY:Vulnerability Handling,0,0
rq3_200,TASK:Artifact Change,1,1
rq3_200,TASK:Artifact Review,0,0
rq3_200,TASK:Evidence Investigation,1,1
rq3_200,TASK:Executable Validation,0,0
rq3_200,TASK:Work Item Management,0,0
rq3_200,CONSTRAINT:Scope Boundary,1,1
rq3_200,CONSTRAINT:Evidence Grounding,0,0
rq3_200,CONSTRAINT:Quality Standard,0,0
rq3_200,CONSTRAINT:Resource Budget,0,0
rq3_200,CONTEXT:Repository Context,0,0
rq3_200,CONTEXT:Domain Context,0,0
rq3_200,CONTEXT:Execution Environment,1,1
rq3_200,CONTEXT:Historical Context,0,0
rq3_200,OUTPUT:Repository Change,0,0
rq3_200,OUTPUT:Existing Thread Response,0,0
rq3_200,OUTPUT:New Thread,0,0
rq3_200,OUTPUT:Standalone Artifact,0,0
rq3_200,OUTPUT:Control Signal,0,0
rq3_200,PROCESS:Required Sequence,1,1
rq3_200,PROCESS:Decision Branch,1,1
rq3_200,PROCESS:Within-Run Iteration,0,0
rq3_200,PROCESS:Cross-Run Memory,0,0
rq3_200,PROCESS:Work Delegation,0,0
rq3_200,EVALUATION:Execution Check,1,1
rq3_200,EVALUATION:Rule Conformance,0,0
rq3_200,EVALUATION:Evidence Credibility,0,0
rq3_200,EVALUATION:Risk Assessment,0,0
rq3_200,RESOURCE:GitHub Interface,0,0
rq3_200,RESOURCE:Web Retrieval,1,1
rq3_200,RESOURCE:Local Workspace,0,0
rq3_200,RESOURCE:Development Toolchain,1,1
rq3_200,RESOURCE:Agent Resource,0,0
rq3_200,COMMUNICATION:Expert Role,0,0
rq3_200,COMMUNICATION:Audience Voice,0,0
rq3_200,COMMUNICATION:Automation Disclosure,0,0
rq3_200,EXAMPLE:Output Template,1,1
rq3_200,EXAMPLE:Worked Case,0,0
rq3_200,EXAMPLE:Technical Snippet,1,1
rq3_200,SAFETY:Prompt Injection Defense,0,0
rq3_200,SAFETY:Information Confidentiality,0,0
rq3_200,SAFETY:Execution Isolation,0,0
rq3_200,SAFETY:Vulnerability Handling,0,0
rq3_201,TASK:Artifact Change,0,0
rq3_201,TASK:Artifact Review,0,0
rq3_201,TASK:Evidence Investigation,1,1
rq3_201,TASK:Executable Validation,0,0
rq3_201,TASK:Work Item Management,0,0
rq3_201,CONSTRAINT:Scope Boundary,1,0
rq3_201,CONSTRAINT:Evidence Grounding,0,0
rq3_201,CONSTRAINT:Quality Standard,1,1
rq3_201,CONSTRAINT:Resource Budget,0,0
rq3_201,CONTEXT:Repository Context,1,1
rq3_201,CONTEXT:Domain Context,0,0
rq3_201,CONTEXT:Execution Environment,1,0
rq3_201,CONTEXT:Historical Context,0,0
rq3_201,OUTPUT:Repository Change,0,0
rq3_201,OUTPUT:Existing Thread Response,0,0
rq3_201,OUTPUT:New Thread,1,1
rq3_201,OUTPUT:Standalone Artifact,0,0
rq3_201,OUTPUT:Control Signal,1,1
rq3_201,PROCESS:Required Sequence,1,1
rq3_201,PROCESS:Decision Branch,1,1
rq3_201,PROCESS:Within-Run Iteration,1,0
rq3_201,PROCESS:Cross-Run Memory,0,0
rq3_201,PROCESS:Work Delegation,0,0
rq3_201,EVALUATION:Execution Check,0,0
rq3_201,EVALUATION:Rule Conformance,0,0
rq3_201,EVALUATION:Evidence Credibility,0,0
rq3_201,EVALUATION:Risk Assessment,1,1
rq3_201,RESOURCE:GitHub Interface,0,0
rq3_201,RESOURCE:Web Retrieval,0,0
rq3_201,RESOURCE:Local Workspace,1,1
rq3_201,RESOURCE:Development Toolchain,0,0
rq3_201,RESOURCE:Agent Resource,0,0
rq3_201,COMMUNICATION:Expert Role,1,1
rq3_201,COMMUNICATION:Audience Voice,1,0
rq3_201,COMMUNICATION:Automation Disclosure,0,0
rq3_201,EXAMPLE:Output Template,1,1
rq3_201,EXAMPLE:Worked Case,0,0
rq3_201,EXAMPLE:Technical Snippet,0,0
rq3_201,SAFETY:Prompt Injection Defense,0,0
rq3_201,SAFETY:Information Confidentiality,0,0
rq3_201,SAFETY:Execution Isolation,0,0
rq3_201,SAFETY:Vulnerability Handling,0,0
rq3_202,TASK:Artifact Change,0,0
rq3_202,TASK:Artifact Review,1,0
rq3_202,TASK:Evidence Investigation,1,1
rq3_202,TASK:Executable Validation,0,0
rq3_202,TASK:Work Item Management,1,0
rq3_202,CONSTRAINT:Scope Boundary,1,1
rq3_202,CONSTRAINT:Evidence Grounding,0,1
rq3_202,CONSTRAINT:Quality Standard,1,0
rq3_202,CONSTRAINT:Resource Budget,1,0
rq3_202,CONTEXT:Repository Context,1,0
rq3_202,CONTEXT:Domain Context,0,0
rq3_202,CONTEXT:Execution Environment,1,0
rq3_202,CONTEXT:Historical Context,0,0
rq3_202,OUTPUT:Repository Change,0,0
rq3_202,OUTPUT:Existing Thread Response,1,0
rq3_202,OUTPUT:New Thread,1,1
rq3_202,OUTPUT:Standalone Artifact,0,0
rq3_202,OUTPUT:Control Signal,1,0
rq3_202,PROCESS:Required Sequence,1,1
rq3_202,PROCESS:Decision Branch,1,1
rq3_202,PROCESS:Within-Run Iteration,1,0
rq3_202,PROCESS:Cross-Run Memory,1,0
rq3_202,PROCESS:Work Delegation,0,0
rq3_202,EVALUATION:Execution Check,0,0
rq3_202,EVALUATION:Rule Conformance,1,1
rq3_202,EVALUATION:Evidence Credibility,0,0
rq3_202,EVALUATION:Risk Assessment,1,0
rq3_202,RESOURCE:GitHub Interface,1,1
rq3_202,RESOURCE:Web Retrieval,0,0
rq3_202,RESOURCE:Local Workspace,1,0
rq3_202,RESOURCE:Development Toolchain,0,0
rq3_202,RESOURCE:Agent Resource,1,1
rq3_202,COMMUNICATION:Expert Role,1,1
rq3_202,COMMUNICATION:Audience Voice,0,0
rq3_202,COMMUNICATION:Automation Disclosure,0,0
rq3_202,EXAMPLE:Output Template,1,1
rq3_202,EXAMPLE:Worked Case,1,0
rq3_202,EXAMPLE:Technical Snippet,1,1
rq3_202,SAFETY:Prompt Injection Defense,0,0
rq3_202,SAFETY:Information Confidentiality,0,0
rq3_202,SAFETY:Execution Isolation,1,0
rq3_202,SAFETY:Vulnerability Handling,0,0
rq3_203,TASK:Artifact Change,0,0
rq3_203,TASK:Artifact Review,0,1
rq3_203,TASK:Evidence Investigation,1,0
rq3_203,TASK:Executable Validation,0,0
rq3_203,TASK:Work Item Management,0,0
rq3_203,CONSTRAINT:Scope Boundary,0,1
rq3_203,CONSTRAINT:Evidence Grounding,1,0
rq3_203,CONSTRAINT:Quality Standard,1,1
rq3_203,CONSTRAINT:Resource Budget,0,1
rq3_203,CONTEXT:Repository Context,1,0
rq3_203,CONTEXT:Domain Context,0,0
rq3_203,CONTEXT:Execution Environment,0,0
rq3_203,CONTEXT:Historical Context,0,0
rq3_203,OUTPUT:Repository Change,0,0
rq3_203,OUTPUT:Existing Thread Response,1,1
rq3_203,OUTPUT:New Thread,0,0
rq3_203,OUTPUT:Standalone Artifact,0,0
rq3_203,OUTPUT:Control Signal,1,0
rq3_203,PROCESS:Required Sequence,1,1
rq3_203,PROCESS:Decision Branch,1,1
rq3_203,PROCESS:Within-Run Iteration,0,0
rq3_203,PROCESS:Cross-Run Memory,0,0
rq3_203,PROCESS:Work Delegation,0,0
rq3_203,EVALUATION:Execution Check,0,0
rq3_203,EVALUATION:Rule Conformance,0,1
rq3_203,EVALUATION:Evidence Credibility,0,0
rq3_203,EVALUATION:Risk Assessment,0,0
rq3_203,RESOURCE:GitHub Interface,0,0
rq3_203,RESOURCE:Web Retrieval,0,0
rq3_203,RESOURCE:Local Workspace,1,1
rq3_203,RESOURCE:Development Toolchain,0,0
rq3_203,RESOURCE:Agent Resource,0,0
rq3_203,COMMUNICATION:Expert Role,0,1
rq3_203,COMMUNICATION:Audience Voice,0,0
rq3_203,COMMUNICATION:Automation Disclosure,0,0
rq3_203,EXAMPLE:Output Template,1,1
rq3_203,EXAMPLE:Worked Case,0,0
rq3_203,EXAMPLE:Technical Snippet,0,0
rq3_203,SAFETY:Prompt Injection Defense,0,0
rq3_203,SAFETY:Information Confidentiality,0,0
rq3_203,SAFETY:Execution Isolation,0,0
rq3_203,SAFETY:Vulnerability Handling,0,0
rq3_204,TASK:Artifact Change,1,1
rq3_204,TASK:Artifact Review,0,0
rq3_204,TASK:Evidence Investigation,0,0
rq3_204,TASK:Executable Validation,0,0
rq3_204,TASK:Work Item Management,0,0
rq3_204,CONSTRAINT:Scope Boundary,1,0
rq3_204,CONSTRAINT:Evidence Grounding,0,0
rq3_204,CONSTRAINT:Quality Standard,1,1
rq3_204,CONSTRAINT:Resource Budget,0,0
rq3_204,CONTEXT:Repository Context,1,1
rq3_204,CONTEXT:Domain Context,0,0
rq3_204,CONTEXT:Execution Environment,0,0
rq3_204,CONTEXT:Historical Context,0,0
rq3_204,OUTPUT:Repository Change,1,1
rq3_204,OUTPUT:Existing Thread Response,0,0
rq3_204,OUTPUT:New Thread,0,0
rq3_204,OUTPUT:Standalone Artifact,0,0
rq3_204,OUTPUT:Control Signal,0,0
rq3_204,PROCESS:Required Sequence,1,1
rq3_204,PROCESS:Decision Branch,1,1
rq3_204,PROCESS:Within-Run Iteration,0,0
rq3_204,PROCESS:Cross-Run Memory,0,0
rq3_204,PROCESS:Work Delegation,0,0
rq3_204,EVALUATION:Execution Check,0,0
rq3_204,EVALUATION:Rule Conformance,0,1
rq3_204,EVALUATION:Evidence Credibility,0,0
rq3_204,EVALUATION:Risk Assessment,0,0
rq3_204,RESOURCE:GitHub Interface,0,0
rq3_204,RESOURCE:Web Retrieval,0,0
rq3_204,RESOURCE:Local Workspace,1,1
rq3_204,RESOURCE:Development Toolchain,0,0
rq3_204,RESOURCE:Agent Resource,0,0
rq3_204,COMMUNICATION:Expert Role,0,0
rq3_204,COMMUNICATION:Audience Voice,0,0
rq3_204,COMMUNICATION:Automation Disclosure,0,0
rq3_204,EXAMPLE:Output Template,1,1
rq3_204,EXAMPLE:Worked Case,1,0
rq3_204,EXAMPLE:Technical Snippet,0,0
rq3_204,SAFETY:Prompt Injection Defense,0,0
rq3_204,SAFETY:Information Confidentiality,0,0
rq3_204,SAFETY:Execution Isolation,0,0
rq3_204,SAFETY:Vulnerability Handling,0,0
rq3_205,TASK:Artifact Change,0,0
rq3_205,TASK:Artifact Review,1,0
rq3_205,TASK:Evidence Investigation,0,1
rq3_205,TASK:Executable Validation,0,0
rq3_205,TASK:Work Item Management,1,1
rq3_205,CONSTRAINT:Scope Boundary,1,0
rq3_205,CONSTRAINT:Evidence Grounding,0,1
rq3_205,CONSTRAINT:Quality Standard,1,0
rq3_205,CONSTRAINT:Resource Budget,0,0
rq3_205,CONTEXT:Repository Context,1,0
rq3_205,CONTEXT:Domain Context,1,0
rq3_205,CONTEXT:Execution Environment,0,0
rq3_205,CONTEXT:Historical Context,1,0
rq3_205,OUTPUT:Repository Change,0,0
rq3_205,OUTPUT:Existing Thread Response,0,0
rq3_205,OUTPUT:New Thread,0,0
rq3_205,OUTPUT:Standalone Artifact,0,0
rq3_205,OUTPUT:Control Signal,1,1
rq3_205,PROCESS:Required Sequence,1,1
rq3_205,PROCESS:Decision Branch,1,1
rq3_205,PROCESS:Within-Run Iteration,0,0
rq3_205,PROCESS:Cross-Run Memory,1,1
rq3_205,PROCESS:Work Delegation,0,0
rq3_205,EVALUATION:Execution Check,0,0
rq3_205,EVALUATION:Rule Conformance,1,1
rq3_205,EVALUATION:Evidence Credibility,0,0
rq3_205,EVALUATION:Risk Assessment,1,1
rq3_205,RESOURCE:GitHub Interface,1,1
rq3_205,RESOURCE:Web Retrieval,0,0
rq3_205,RESOURCE:Local Workspace,1,1
rq3_205,RESOURCE:Development Toolchain,0,0
rq3_205,RESOURCE:Agent Resource,1,0
rq3_205,COMMUNICATION:Expert Role,1,1
rq3_205,COMMUNICATION:Audience Voice,0,0
rq3_205,COMMUNICATION:Automation Disclosure,0,0
rq3_205,EXAMPLE:Output Template,1,1
rq3_205,EXAMPLE:Worked Case,1,0
rq3_205,EXAMPLE:Technical Snippet,1,0
rq3_205,SAFETY:Prompt Injection Defense,0,0
rq3_205,SAFETY:Information Confidentiality,0,0
rq3_205,SAFETY:Execution Isolation,0,0
rq3_205,SAFETY:Vulnerability Handling,1,0
rq3_206,TASK:Artifact Change,1,1
rq3_206,TASK:Artifact Review,0,0
rq3_206,TASK:Evidence Investigation,0,1
rq3_206,TASK:Executable Validation,1,1
rq3_206,TASK:Work Item Management,0,0
rq3_206,CONSTRAINT:Scope Boundary,1,1
rq3_206,CONSTRAINT:Evidence Grounding,0,0
rq3_206,CONSTRAINT:Quality Standard,1,1
rq3_206,CONSTRAINT:Resource Budget,0,0
rq3_206,CONTEXT:Repository Context,1,1
rq3_206,CONTEXT:Domain Context,0,0
rq3_206,CONTEXT:Execution Environment,0,0
rq3_206,CONTEXT:Historical Context,0,0
rq3_206,OUTPUT:Repository Change,1,1
rq3_206,OUTPUT:Existing Thread Response,0,0
rq3_206,OUTPUT:New Thread,0,0
rq3_206,OUTPUT:Standalone Artifact,0,0
rq3_206,OUTPUT:Control Signal,1,0
rq3_206,PROCESS:Required Sequence,1,1
rq3_206,PROCESS:Decision Branch,1,1
rq3_206,PROCESS:Within-Run Iteration,0,0
rq3_206,PROCESS:Cross-Run Memory,0,0
rq3_206,PROCESS:Work Delegation,0,0
rq3_206,EVALUATION:Execution Check,1,0
rq3_206,EVALUATION:Rule Conformance,0,0
rq3_206,EVALUATION:Evidence Credibility,0,0
rq3_206,EVALUATION:Risk Assessment,0,0
rq3_206,RESOURCE:GitHub Interface,1,1
rq3_206,RESOURCE:Web Retrieval,0,0
rq3_206,RESOURCE:Local Workspace,0,1
rq3_206,RESOURCE:Development Toolchain,1,1
rq3_206,RESOURCE:Agent Resource,0,0
rq3_206,COMMUNICATION:Expert Role,1,1
rq3_206,COMMUNICATION:Audience Voice,0,0
rq3_206,COMMUNICATION:Automation Disclosure,0,0
rq3_206,EXAMPLE:Output Template,1,1
rq3_206,EXAMPLE:Worked Case,0,0
rq3_206,EXAMPLE:Technical Snippet,0,0
rq3_206,SAFETY:Prompt Injection Defense,0,0
rq3_206,SAFETY:Information Confidentiality,0,0
rq3_206,SAFETY:Execution Isolation,0,0
rq3_206,SAFETY:Vulnerability Handling,0,0
rq3_207,TASK:Artifact Change,0,0
rq3_207,TASK:Artifact Review,0,0
rq3_207,TASK:Evidence Investigation,1,1
rq3_207,TASK:Executable Validation,0,0
rq3_207,TASK:Work Item Management,0,0
rq3_207,CONSTRAINT:Scope Boundary,1,1
rq3_207,CONSTRAINT:Evidence Grounding,0,1
rq3_207,CONSTRAINT:Quality Standard,0,0
rq3_207,CONSTRAINT:Resource Budget,0,0
rq3_207,CONTEXT:Repository Context,1,1
rq3_207,CONTEXT:Domain Context,0,0
rq3_207,CONTEXT:Execution Environment,0,0
rq3_207,CONTEXT:Historical Context,0,0
rq3_207,OUTPUT:Repository Change,0,0
rq3_207,OUTPUT:Existing Thread Response,1,1
rq3_207,OUTPUT:New Thread,1,1
rq3_207,OUTPUT:Standalone Artifact,0,0
rq3_207,OUTPUT:Control Signal,0,0
rq3_207,PROCESS:Required Sequence,1,1
rq3_207,PROCESS:Decision Branch,1,1
rq3_207,PROCESS:Within-Run Iteration,1,1
rq3_207,PROCESS:Cross-Run Memory,0,0
rq3_207,PROCESS:Work Delegation,0,0
rq3_207,EVALUATION:Execution Check,0,0
rq3_207,EVALUATION:Rule Conformance,0,0
rq3_207,EVALUATION:Evidence Credibility,1,1
rq3_207,EVALUATION:Risk Assessment,0,0
rq3_207,RESOURCE:GitHub Interface,1,0
rq3_207,RESOURCE:Web Retrieval,1,1
rq3_207,RESOURCE:Local Workspace,0,1
rq3_207,RESOURCE:Development Toolchain,0,0
rq3_207,RESOURCE:Agent Resource,0,0
rq3_207,COMMUNICATION:Expert Role,0,0
rq3_207,COMMUNICATION:Audience Voice,0,0
rq3_207,COMMUNICATION:Automation Disclosure,0,1
rq3_207,EXAMPLE:Output Template,0,1
rq3_207,EXAMPLE:Worked Case,0,0
rq3_207,EXAMPLE:Technical Snippet,0,0
rq3_207,SAFETY:Prompt Injection Defense,0,0
rq3_207,SAFETY:Information Confidentiality,0,0
rq3_207,SAFETY:Execution Isolation,0,0
rq3_207,SAFETY:Vulnerability Handling,0,0
rq3_208,TASK:Artifact Change,0,0
rq3_208,TASK:Artifact Review,0,0
rq3_208,TASK:Evidence Investigation,1,1
rq3_208,TASK:Executable Validation,1,1
rq3_208,TASK:Work Item Management,0,0
rq3_208,CONSTRAINT:Scope Boundary,0,0
rq3_208,CONSTRAINT:Evidence Grounding,0,0
rq3_208,CONSTRAINT:Quality Standard,1,1
rq3_208,CONSTRAINT:Resource Budget,0,0
rq3_208,CONTEXT:Repository Context,1,1
rq3_208,CONTEXT:Domain Context,0,0
rq3_208,CONTEXT:Execution Environment,0,0
rq3_208,CONTEXT:Historical Context,0,0
rq3_208,OUTPUT:Repository Change,0,0
rq3_208,OUTPUT:Existing Thread Response,0,0
rq3_208,OUTPUT:New Thread,1,1
rq3_208,OUTPUT:Standalone Artifact,1,1
rq3_208,OUTPUT:Control Signal,0,0
rq3_208,PROCESS:Required Sequence,1,1
rq3_208,PROCESS:Decision Branch,0,0
rq3_208,PROCESS:Within-Run Iteration,0,0
rq3_208,PROCESS:Cross-Run Memory,0,0
rq3_208,PROCESS:Work Delegation,0,0
rq3_208,EVALUATION:Execution Check,0,0
rq3_208,EVALUATION:Rule Conformance,1,1
rq3_208,EVALUATION:Evidence Credibility,0,0
rq3_208,EVALUATION:Risk Assessment,1,1
rq3_208,RESOURCE:GitHub Interface,0,0
rq3_208,RESOURCE:Web Retrieval,0,0
rq3_208,RESOURCE:Local Workspace,0,0
rq3_208,RESOURCE:Development Toolchain,1,1
rq3_208,RESOURCE:Agent Resource,0,0
rq3_208,COMMUNICATION:Expert Role,1,1
rq3_208,COMMUNICATION:Audience Voice,0,0
rq3_208,COMMUNICATION:Automation Disclosure,0,0
rq3_208,EXAMPLE:Output Template,1,1
rq3_208,EXAMPLE:Worked Case,0,0
rq3_208,EXAMPLE:Technical Snippet,1,1
rq3_208,SAFETY:Prompt Injection Defense,1,1
rq3_208,SAFETY:Information Confidentiality,0,0
rq3_208,SAFETY:Execution Isolation,0,0
rq3_208,SAFETY:Vulnerability Handling,1,1
rq3_209,TASK:Artifact Change,0,0
rq3_209,TASK:Artifact Review,0,0
rq3_209,TASK:Evidence Investigation,1,1
rq3_209,TASK:Executable Validation,0,0
rq3_209,TASK:Work Item Management,0,0
rq3_209,CONSTRAINT:Scope Boundary,1,1
rq3_209,CONSTRAINT:Evidence Grounding,1,1
rq3_209,CONSTRAINT:Quality Standard,1,1
rq3_209,CONSTRAINT:Resource Budget,1,0
rq3_209,CONTEXT:Repository Context,1,1
rq3_209,CONTEXT:Domain Context,1,0
rq3_209,CONTEXT:Execution Environment,1,1
rq3_209,CONTEXT:Historical Context,1,0
rq3_209,OUTPUT:Repository Change,0,0
rq3_209,OUTPUT:Existing Thread Response,0,0
rq3_209,OUTPUT:New Thread,1,1
rq3_209,OUTPUT:Standalone Artifact,0,0
rq3_209,OUTPUT:Control Signal,0,0
rq3_209,PROCESS:Required Sequence,1,1
rq3_209,PROCESS:Decision Branch,1,1
rq3_209,PROCESS:Within-Run Iteration,1,0
rq3_209,PROCESS:Cross-Run Memory,1,1
rq3_209,PROCESS:Work Delegation,0,0
rq3_209,EVALUATION:Execution Check,0,0
rq3_209,EVALUATION:Rule Conformance,1,1
rq3_209,EVALUATION:Evidence Credibility,1,0
rq3_209,EVALUATION:Risk Assessment,0,0
rq3_209,RESOURCE:GitHub Interface,1,1
rq3_209,RESOURCE:Web Retrieval,0,0
rq3_209,RESOURCE:Local Workspace,1,1
rq3_209,RESOURCE:Development Toolchain,0,0
rq3_209,RESOURCE:Agent Resource,1,0
rq3_209,COMMUNICATION:Expert Role,1,1
rq3_209,COMMUNICATION:Audience Voice,0,0
rq3_209,COMMUNICATION:Automation Disclosure,1,0
rq3_209,EXAMPLE:Output Template,1,1
rq3_209,EXAMPLE:Worked Case,0,0
rq3_209,EXAMPLE:Technical Snippet,1,0
rq3_209,SAFETY:Prompt Injection Defense,1,0
rq3_209,SAFETY:Information Confidentiality,1,1
rq3_209,SAFETY:Execution Isolation,0,0
rq3_209,SAFETY:Vulnerability Handling,0,0
rq3_211,TASK:Artifact Change,0,0
rq3_211,TASK:Artifact Review,0,0
rq3_211,TASK:Evidence Investigation,1,1
rq3_211,TASK:Executable Validation,0,0
rq3_211,TASK:Work Item Management,0,0
rq3_211,CONSTRAINT:Scope Boundary,0,0
rq3_211,CONSTRAINT:Evidence Grounding,1,1
rq3_211,CONSTRAINT:Quality Standard,1,1
rq3_211,CONSTRAINT:Resource Budget,0,1
rq3_211,CONTEXT:Repository Context,0,1
rq3_211,CONTEXT:Domain Context,0,1
rq3_211,CONTEXT:Execution Environment,0,0
rq3_211,CONTEXT:Historical Context,0,0
rq3_211,OUTPUT:Repository Change,0,0
rq3_211,OUTPUT:Existing Thread Response,0,0
rq3_211,OUTPUT:New Thread,1,1
rq3_211,OUTPUT:Standalone Artifact,0,0
rq3_211,OUTPUT:Control Signal,0,0
rq3_211,PROCESS:Required Sequence,1,1
rq3_211,PROCESS:Decision Branch,0,0
rq3_211,PROCESS:Within-Run Iteration,0,0
rq3_211,PROCESS:Cross-Run Memory,1,1
rq3_211,PROCESS:Work Delegation,0,0
rq3_211,EVALUATION:Execution Check,0,0
rq3_211,EVALUATION:Rule Conformance,0,0
rq3_211,EVALUATION:Evidence Credibility,0,0
rq3_211,EVALUATION:Risk Assessment,0,0
rq3_211,RESOURCE:GitHub Interface,1,1
rq3_211,RESOURCE:Web Retrieval,0,0
rq3_211,RESOURCE:Local Workspace,1,1
rq3_211,RESOURCE:Development Toolchain,0,0
rq3_211,RESOURCE:Agent Resource,0,0
rq3_211,COMMUNICATION:Expert Role,1,1
rq3_211,COMMUNICATION:Audience Voice,0,0
rq3_211,COMMUNICATION:Automation Disclosure,0,0
rq3_211,EXAMPLE:Output Template,1,1
rq3_211,EXAMPLE:Worked Case,0,0
rq3_211,EXAMPLE:Technical Snippet,1,0
rq3_211,SAFETY:Prompt Injection Defense,0,0
rq3_211,SAFETY:Information Confidentiality,0,0
rq3_211,SAFETY:Execution Isolation,0,0
rq3_211,SAFETY:Vulnerability Handling,0,0
rq3_212,TASK:Artifact Change,0,0
rq3_212,TASK:Artifact Review,0,0
rq3_212,TASK:Evidence Investigation,1,1
rq3_212,TASK:Executable Validation,0,0
rq3_212,TASK:Work Item Management,0,0
rq3_212,CONSTRAINT:Scope Boundary,0,1
rq3_212,CONSTRAINT:Evidence Grounding,0,1
rq3_212,CONSTRAINT:Quality Standard,0,1
rq3_212,CONSTRAINT:Resource Budget,0,0
rq3_212,CONTEXT:Repository Context,1,0
rq3_212,CONTEXT:Domain Context,1,1
rq3_212,CONTEXT:Execution Environment,0,0
rq3_212,CONTEXT:Historical Context,0,0
rq3_212,OUTPUT:Repository Change,0,0
rq3_212,OUTPUT:Existing Thread Response,0,0
rq3_212,OUTPUT:New Thread,1,1
rq3_212,OUTPUT:Standalone Artifact,0,0
rq3_212,OUTPUT:Control Signal,1,0
rq3_212,PROCESS:Required Sequence,1,1
rq3_212,PROCESS:Decision Branch,1,1
rq3_212,PROCESS:Within-Run Iteration,1,0
rq3_212,PROCESS:Cross-Run Memory,0,0
rq3_212,PROCESS:Work Delegation,0,0
rq3_212,EVALUATION:Execution Check,0,0
rq3_212,EVALUATION:Rule Conformance,0,1
rq3_212,EVALUATION:Evidence Credibility,0,0
rq3_212,EVALUATION:Risk Assessment,0,0
rq3_212,RESOURCE:GitHub Interface,0,0
rq3_212,RESOURCE:Web Retrieval,1,1
rq3_212,RESOURCE:Local Workspace,1,1
rq3_212,RESOURCE:Development Toolchain,0,0
rq3_212,RESOURCE:Agent Resource,0,0
rq3_212,COMMUNICATION:Expert Role,0,0
rq3_212,COMMUNICATION:Audience Voice,0,0
rq3_212,COMMUNICATION:Automation Disclosure,0,0
rq3_212,EXAMPLE:Output Template,1,1
rq3_212,EXAMPLE:Worked Case,0,0
rq3_212,EXAMPLE:Technical Snippet,0,0
rq3_212,SAFETY:Prompt Injection Defense,0,0
rq3_212,SAFETY:Information Confidentiality,0,0
rq3_212,SAFETY:Execution Isolation,0,0
rq3_212,SAFETY:Vulnerability Handling,0,0
rq3_213,TASK:Artifact Change,0,0
rq3_213,TASK:Artifact Review,0,0
rq3_213,TASK:Evidence Investigation,1,1
rq3_213,TASK:Executable Validation,0,0
rq3_213,TASK:Work Item Management,0,0
rq3_213,CONSTRAINT:Scope Boundary,1,1
rq3_213,CONSTRAINT:Evidence Grounding,0,0
rq3_213,CONSTRAINT:Quality Standard,1,1
rq3_213,CONSTRAINT:Resource Budget,0,0
rq3_213,CONTEXT:Repository Context,0,0
rq3_213,CONTEXT:Domain Context,0,1
rq3_213,CONTEXT:Execution Environment,0,1
rq3_213,CONTEXT:Historical Context,1,0
rq3_213,OUTPUT:Repository Change,0,0
rq3_213,OUTPUT:Existing Thread Response,0,0
rq3_213,OUTPUT:New Thread,0,1
rq3_213,OUTPUT:Standalone Artifact,0,0
rq3_213,OUTPUT:Control Signal,1,0
rq3_213,PROCESS:Required Sequence,1,1
rq3_213,PROCESS:Decision Branch,1,1
rq3_213,PROCESS:Within-Run Iteration,0,0
rq3_213,PROCESS:Cross-Run Memory,0,0
rq3_213,PROCESS:Work Delegation,0,0
rq3_213,EVALUATION:Execution Check,0,0
rq3_213,EVALUATION:Rule Conformance,0,1
rq3_213,EVALUATION:Evidence Credibility,0,0
rq3_213,EVALUATION:Risk Assessment,0,0
rq3_213,RESOURCE:GitHub Interface,0,1
rq3_213,RESOURCE:Web Retrieval,0,0
rq3_213,RESOURCE:Local Workspace,1,1
rq3_213,RESOURCE:Development Toolchain,0,0
rq3_213,RESOURCE:Agent Resource,0,0
rq3_213,COMMUNICATION:Expert Role,1,1
rq3_213,COMMUNICATION:Audience Voice,0,0
rq3_213,COMMUNICATION:Automation Disclosure,0,0
rq3_213,EXAMPLE:Output Template,1,1
rq3_213,EXAMPLE:Worked Case,0,0
rq3_213,EXAMPLE:Technical Snippet,1,0
rq3_213,SAFETY:Prompt Injection Defense,0,0
rq3_213,SAFETY:Information Confidentiality,0,0
rq3_213,SAFETY:Execution Isolation,0,0
rq3_213,SAFETY:Vulnerability Handling,0,0
rq3_214,TASK:Artifact Change,0,0
rq3_214,TASK:Artifact Review,0,0
rq3_214,TASK:Evidence Investigation,0,0
rq3_214,TASK:Executable Validation,1,1
rq3_214,TASK:Work Item Management,0,0
rq3_214,CONSTRAINT:Scope Boundary,1,1
rq3_214,CONSTRAINT:Evidence Grounding,0,0
rq3_214,CONSTRAINT:Quality Standard,0,0
rq3_214,CONSTRAINT:Resource Budget,0,0
rq3_214,CONTEXT:Repository Context,1,1
rq3_214,CONTEXT:Domain Context,0,0
rq3_214,CONTEXT:Execution Environment,1,0
rq3_214,CONTEXT:Historical Context,0,0
rq3_214,OUTPUT:Repository Change,0,0
rq3_214,OUTPUT:Existing Thread Response,0,0
rq3_214,OUTPUT:New Thread,0,0
rq3_214,OUTPUT:Standalone Artifact,0,0
rq3_214,OUTPUT:Control Signal,1,1
rq3_214,PROCESS:Required Sequence,0,0
rq3_214,PROCESS:Decision Branch,0,0
rq3_214,PROCESS:Within-Run Iteration,0,0
rq3_214,PROCESS:Cross-Run Memory,0,0
rq3_214,PROCESS:Work Delegation,0,0
rq3_214,EVALUATION:Execution Check,1,1
rq3_214,EVALUATION:Rule Conformance,0,0
rq3_214,EVALUATION:Evidence Credibility,0,0
rq3_214,EVALUATION:Risk Assessment,0,0
rq3_214,RESOURCE:GitHub Interface,1,1
rq3_214,RESOURCE:Web Retrieval,0,0
rq3_214,RESOURCE:Local Workspace,0,1
rq3_214,RESOURCE:Development Toolchain,0,0
rq3_214,RESOURCE:Agent Resource,0,0
rq3_214,COMMUNICATION:Expert Role,0,0
rq3_214,COMMUNICATION:Audience Voice,0,0
rq3_214,COMMUNICATION:Automation Disclosure,0,0
rq3_214,EXAMPLE:Output Template,1,1
rq3_214,EXAMPLE:Worked Case,0,0
rq3_214,EXAMPLE:Technical Snippet,0,0
rq3_214,SAFETY:Prompt Injection Defense,0,0
rq3_214,SAFETY:Information Confidentiality,0,0
rq3_214,SAFETY:Execution Isolation,1,0
rq3_214,SAFETY:Vulnerability Handling,0,0
rq3_215,TASK:Artifact Change,1,1
rq3_215,TASK:Artifact Review,0,0
rq3_215,TASK:Evidence Investigation,1,0
rq3_215,TASK:Executable Validation,0,1
rq3_215,TASK:Work Item Management,0,0
rq3_215,CONSTRAINT:Scope Boundary,0,1
rq3_215,CONSTRAINT:Evidence Grounding,0,1
rq3_215,CONSTRAINT:Quality Standard,0,1
rq3_215,CONSTRAINT:Resource Budget,0,0
rq3_215,CONTEXT:Repository Context,1,1
rq3_215,CONTEXT:Domain Context,0,0
rq3_215,CONTEXT:Execution Environment,0,0
rq3_215,CONTEXT:Historical Context,0,0
rq3_215,OUTPUT:Repository Change,1,1
rq3_215,OUTPUT:Existing Thread Response,0,0
rq3_215,OUTPUT:New Thread,1,0
rq3_215,OUTPUT:Standalone Artifact,0,0
rq3_215,OUTPUT:Control Signal,0,0
rq3_215,PROCESS:Required Sequence,1,1
rq3_215,PROCESS:Decision Branch,0,1
rq3_215,PROCESS:Within-Run Iteration,0,0
rq3_215,PROCESS:Cross-Run Memory,0,0
rq3_215,PROCESS:Work Delegation,0,0
rq3_215,EVALUATION:Execution Check,1,1
rq3_215,EVALUATION:Rule Conformance,0,0
rq3_215,EVALUATION:Evidence Credibility,0,0
rq3_215,EVALUATION:Risk Assessment,0,0
rq3_215,RESOURCE:GitHub Interface,0,0
rq3_215,RESOURCE:Web Retrieval,0,0
rq3_215,RESOURCE:Local Workspace,0,0
rq3_215,RESOURCE:Development Toolchain,0,0
rq3_215,RESOURCE:Agent Resource,0,0
rq3_215,COMMUNICATION:Expert Role,0,0
rq3_215,COMMUNICATION:Audience Voice,0,0
rq3_215,COMMUNICATION:Automation Disclosure,0,0
rq3_215,EXAMPLE:Output Template,0,0
rq3_215,EXAMPLE:Worked Case,0,0
rq3_215,EXAMPLE:Technical Snippet,1,0
rq3_215,SAFETY:Prompt Injection Defense,0,0
rq3_215,SAFETY:Information Confidentiality,0,0
rq3_215,SAFETY:Execution Isolation,0,0
rq3_215,SAFETY:Vulnerability Handling,0,0
rq3_216,TASK:Artifact Change,0,0
rq3_216,TASK:Artifact Review,1,1
rq3_216,TASK:Evidence Investigation,0,0
rq3_216,TASK:Executable Validation,1,0
rq3_216,TASK:Work Item Management,0,0
rq3_216,CONSTRAINT:Scope Boundary,1,1
rq3_216,CONSTRAINT:Evidence Grounding,0,0
rq3_216,CONSTRAINT:Quality Standard,0,0
rq3_216,CONSTRAINT:Resource Budget,0,0
rq3_216,CONTEXT:Repository Context,0,0
rq3_216,CONTEXT:Domain Context,1,1
rq3_216,CONTEXT:Execution Environment,1,1
rq3_216,CONTEXT:Historical Context,0,0
rq3_216,OUTPUT:Repository Change,0,0
rq3_216,OUTPUT:Existing Thread Response,0,0
rq3_216,OUTPUT:New Thread,1,1
rq3_216,OUTPUT:Standalone Artifact,0,0
rq3_216,OUTPUT:Control Signal,0,0
rq3_216,PROCESS:Required Sequence,1,1
rq3_216,PROCESS:Decision Branch,1,1
rq3_216,PROCESS:Within-Run Iteration,1,0
rq3_216,PROCESS:Cross-Run Memory,0,0
rq3_216,PROCESS:Work Delegation,0,0
rq3_216,EVALUATION:Execution Check,0,0
rq3_216,EVALUATION:Rule Conformance,1,0
rq3_216,EVALUATION:Evidence Credibility,0,0
rq3_216,EVALUATION:Risk Assessment,0,0
rq3_216,RESOURCE:GitHub Interface,1,1
rq3_216,RESOURCE:Web Retrieval,1,1
rq3_216,RESOURCE:Local Workspace,1,0
rq3_216,RESOURCE:Development Toolchain,1,0
rq3_216,RESOURCE:Agent Resource,0,0
rq3_216,COMMUNICATION:Expert Role,1,1
rq3_216,COMMUNICATION:Audience Voice,0,0
rq3_216,COMMUNICATION:Automation Disclosure,0,0
rq3_216,EXAMPLE:Output Template,0,0
rq3_216,EXAMPLE:Worked Case,0,0
rq3_216,EXAMPLE:Technical Snippet,0,0
rq3_216,SAFETY:Prompt Injection Defense,0,0
rq3_216,SAFETY:Information Confidentiality,0,0
rq3_216,SAFETY:Execution Isolation,1,1
rq3_216,SAFETY:Vulnerability Handling,0,0
rq3_217,TASK:Artifact Change,1,1
rq3_217,TASK:Artifact Review,1,1
rq3_217,TASK:Evidence Investigation,0,0
rq3_217,TASK:Executable Validation,0,0
rq3_217,TASK:Work Item Management,0,0
rq3_217,CONSTRAINT:Scope Boundary,0,1
rq3_217,CONSTRAINT:Evidence Grounding,0,0
rq3_217,CONSTRAINT:Quality Standard,1,0
rq3_217,CONSTRAINT:Resource Budget,0,0
rq3_217,CONTEXT:Repository Context,1,1
rq3_217,CONTEXT:Domain Context,1,0
rq3_217,CONTEXT:Execution Environment,0,0
rq3_217,CONTEXT:Historical Context,1,1
rq3_217,OUTPUT:Repository Change,0,0
rq3_217,OUTPUT:Existing Thread Response,0,0
rq3_217,OUTPUT:New Thread,0,0
rq3_217,OUTPUT:Standalone Artifact,1,0
rq3_217,OUTPUT:Control Signal,0,0
rq3_217,PROCESS:Required Sequence,1,1
rq3_217,PROCESS:Decision Branch,0,0
rq3_217,PROCESS:Within-Run Iteration,0,0
rq3_217,PROCESS:Cross-Run Memory,1,1
rq3_217,PROCESS:Work Delegation,0,0
rq3_217,EVALUATION:Execution Check,1,1
rq3_217,EVALUATION:Rule Conformance,1,0
rq3_217,EVALUATION:Evidence Credibility,1,0
rq3_217,EVALUATION:Risk Assessment,0,0
rq3_217,RESOURCE:GitHub Interface,0,0
rq3_217,RESOURCE:Web Retrieval,0,0
rq3_217,RESOURCE:Local Workspace,0,0
rq3_217,RESOURCE:Development Toolchain,0,0
rq3_217,RESOURCE:Agent Resource,1,0
rq3_217,COMMUNICATION:Expert Role,0,0
rq3_217,COMMUNICATION:Audience Voice,0,0
rq3_217,COMMUNICATION:Automation Disclosure,0,0
rq3_217,EXAMPLE:Output Template,0,0
rq3_217,EXAMPLE:Worked Case,0,0
rq3_217,EXAMPLE:Technical Snippet,0,0
rq3_217,SAFETY:Prompt Injection Defense,0,0
rq3_217,SAFETY:Information Confidentiality,0,0
rq3_217,SAFETY:Execution Isolation,0,0
rq3_217,SAFETY:Vulnerability Handling,0,0
rq3_218,TASK:Artifact Change,0,0
rq3_218,TASK:Artifact Review,0,0
rq3_218,TASK:Evidence Investigation,1,1
rq3_218,TASK:Executable Validation,0,0
rq3_218,TASK:Work Item Management,1,1
rq3_218,CONSTRAINT:Scope Boundary,1,1
rq3_218,CONSTRAINT:Evidence Grounding,0,0
rq3_218,CONSTRAINT:Quality Standard,0,0
rq3_218,CONSTRAINT:Resource Budget,1,1
rq3_218,CONTEXT:Repository Context,1,1
rq3_218,CONTEXT:Domain Context,0,0
rq3_218,CONTEXT:Execution Environment,0,0
rq3_218,CONTEXT:Historical Context,0,0
rq3_218,OUTPUT:Repository Change,0,0
rq3_218,OUTPUT:Existing Thread Response,0,0
rq3_218,OUTPUT:New Thread,1,1
rq3_218,OUTPUT:Standalone Artifact,1,1
rq3_218,OUTPUT:Control Signal,1,0
rq3_218,PROCESS:Required Sequence,1,1
rq3_218,PROCESS:Decision Branch,1,0
rq3_218,PROCESS:Within-Run Iteration,1,0
rq3_218,PROCESS:Cross-Run Memory,1,0
rq3_218,PROCESS:Work Delegation,1,0
rq3_218,EVALUATION:Execution Check,0,0
rq3_218,EVALUATION:Rule Conformance,0,0
rq3_218,EVALUATION:Evidence Credibility,0,0
rq3_218,EVALUATION:Risk Assessment,1,0
rq3_218,RESOURCE:GitHub Interface,1,1
rq3_218,RESOURCE:Web Retrieval,0,0
rq3_218,RESOURCE:Local Workspace,0,0
rq3_218,RESOURCE:Development Toolchain,0,0
rq3_218,RESOURCE:Agent Resource,1,0
rq3_218,COMMUNICATION:Expert Role,0,0
rq3_218,COMMUNICATION:Audience Voice,1,0
rq3_218,COMMUNICATION:Automation Disclosure,0,0
rq3_218,EXAMPLE:Output Template,1,1
rq3_218,EXAMPLE:Worked Case,0,0
rq3_218,EXAMPLE:Technical Snippet,1,1
rq3_218,SAFETY:Prompt Injection Defense,0,0
rq3_218,SAFETY:Information Confidentiality,0,0
rq3_218,SAFETY:Execution Isolation,0,0
rq3_218,SAFETY:Vulnerability Handling,1,1
rq3_219,TASK:Artifact Change,1,1
rq3_219,TASK:Artifact Review,1,0
rq3_219,TASK:Evidence Investigation,0,1
rq3_219,TASK:Executable Validation,0,0
rq3_219,TASK:Work Item Management,0,0
rq3_219,CONSTRAINT:Scope Boundary,1,1
rq3_219,CONSTRAINT:Evidence Grounding,0,0
rq3_219,CONSTRAINT:Quality Standard,1,1
rq3_219,CONSTRAINT:Resource Budget,1,0
rq3_219,CONTEXT:Repository Context,1,1
rq3_219,CONTEXT:Domain Context,1,0
rq3_219,CONTEXT:Execution Environment,1,1
rq3_219,CONTEXT:Historical Context,0,0
rq3_219,OUTPUT:Repository Change,1,1
rq3_219,OUTPUT:Existing Thread Response,0,0
rq3_219,OUTPUT:New Thread,0,0
rq3_219,OUTPUT:Standalone Artifact,0,0
rq3_219,OUTPUT:Control Signal,1,0
rq3_219,PROCESS:Required Sequence,1,1
rq3_219,PROCESS:Decision Branch,1,1
rq3_219,PROCESS:Within-Run Iteration,0,0
rq3_219,PROCESS:Cross-Run Memory,1,1
rq3_219,PROCESS:Work Delegation,1,1
rq3_219,EVALUATION:Execution Check,0,0
rq3_219,EVALUATION:Rule Conformance,1,1
rq3_219,EVALUATION:Evidence Credibility,0,0
rq3_219,EVALUATION:Risk Assessment,1,1
rq3_219,RESOURCE:GitHub Interface,1,0
rq3_219,RESOURCE:Web Retrieval,0,0
rq3_219,RESOURCE:Local Workspace,1,0
rq3_219,RESOURCE:Development Toolchain,0,0
rq3_219,RESOURCE:Agent Resource,1,0
rq3_219,COMMUNICATION:Expert Role,1,1
rq3_219,COMMUNICATION:Audience Voice,1,0
rq3_219,COMMUNICATION:Automation Disclosure,0,0
rq3_219,EXAMPLE:Output Template,1,1
rq3_219,EXAMPLE:Worked Case,1,1
rq3_219,EXAMPLE:Technical Snippet,1,0
rq3_219,SAFETY:Prompt Injection Defense,0,0
rq3_219,SAFETY:Information Confidentiality,0,0
rq3_219,SAFETY:Execution Isolation,0,0
rq3_219,SAFETY:Vulnerability Handling,0,0
rq3_220,TASK:Artifact Change,0,0
rq3_220,TASK:Artifact Review,0,0
rq3_220,TASK:Evidence Investigation,0,0
rq3_220,TASK:Executable Validation,0,0
rq3_220,TASK:Work Item Management,1,1
rq3_220,CONSTRAINT:Scope Boundary,1,0
rq3_220,CONSTRAINT:Evidence Grounding,0,0
rq3_220,CONSTRAINT:Quality Standard,0,0
rq3_220,CONSTRAINT:Resource Budget,0,0
rq3_220,CONTEXT:Repository Context,0,0
rq3_220,CONTEXT:Domain Context,0,0
rq3_220,CONTEXT:Execution Environment,0,0
rq3_220,CONTEXT:Historical Context,0,0
rq3_220,OUTPUT:Repository Change,0,0
rq3_220,OUTPUT:Existing Thread Response,0,0
rq3_220,OUTPUT:New Thread,1,0
rq3_220,OUTPUT:Standalone Artifact,0,0
rq3_220,OUTPUT:Control Signal,1,0
rq3_220,PROCESS:Required Sequence,1,0
rq3_220,PROCESS:Decision Branch,1,1
rq3_220,PROCESS:Within-Run Iteration,0,0
rq3_220,PROCESS:Cross-Run Memory,1,0
rq3_220,PROCESS:Work Delegation,0,0
rq3_220,EVALUATION:Execution Check,0,0
rq3_220,EVALUATION:Rule Conformance,1,0
rq3_220,EVALUATION:Evidence Credibility,0,0
rq3_220,EVALUATION:Risk Assessment,0,0
rq3_220,RESOURCE:GitHub Interface,1,0
rq3_220,RESOURCE:Web Retrieval,0,0
rq3_220,RESOURCE:Local Workspace,1,1
rq3_220,RESOURCE:Development Toolchain,0,0
rq3_220,RESOURCE:Agent Resource,0,0
rq3_220,COMMUNICATION:Expert Role,0,0
rq3_220,COMMUNICATION:Audience Voice,0,0
rq3_220,COMMUNICATION:Automation Disclosure,0,0
rq3_220,EXAMPLE:Output Template,0,0
rq3_220,EXAMPLE:Worked Case,0,0
rq3_220,EXAMPLE:Technical Snippet,0,0
rq3_220,SAFETY:Prompt Injection Defense,0,0
rq3_220,SAFETY:Information Confidentiality,0,0
rq3_220,SAFETY:Execution Isolation,0,0
rq3_220,SAFETY:Vulnerability Handling,0,0
rq3_221,TASK:Artifact Change,0,0
rq3_221,TASK:Artifact Review,0,0
rq3_221,TASK:Evidence Investigation,1,1
rq3_221,TASK:Executable Validation,0,0
rq3_221,TASK:Work Item Management,0,1
rq3_221,CONSTRAINT:Scope Boundary,1,1
rq3_221,CONSTRAINT:Evidence Grounding,0,0
rq3_221,CONSTRAINT:Quality Standard,0,0
rq3_221,CONSTRAINT:Resource Budget,1,1
rq3_221,CONTEXT:Repository Context,0,1
rq3_221,CONTEXT:Domain Context,0,0
rq3_221,CONTEXT:Execution Environment,0,1
rq3_221,CONTEXT:Historical Context,0,0
rq3_221,OUTPUT:Repository Change,0,0
rq3_221,OUTPUT:Existing Thread Response,1,1
rq3_221,OUTPUT:New Thread,1,1
rq3_221,OUTPUT:Standalone Artifact,0,0
rq3_221,OUTPUT:Control Signal,1,0
rq3_221,PROCESS:Required Sequence,0,1
rq3_221,PROCESS:Decision Branch,1,1
rq3_221,PROCESS:Within-Run Iteration,1,0
rq3_221,PROCESS:Cross-Run Memory,0,0
rq3_221,PROCESS:Work Delegation,1,1
rq3_221,EVALUATION:Execution Check,0,0
rq3_221,EVALUATION:Rule Conformance,0,1
rq3_221,EVALUATION:Evidence Credibility,0,0
rq3_221,EVALUATION:Risk Assessment,0,0
rq3_221,RESOURCE:GitHub Interface,0,1
rq3_221,RESOURCE:Web Retrieval,0,0
rq3_221,RESOURCE:Local Workspace,0,0
rq3_221,RESOURCE:Development Toolchain,0,0
rq3_221,RESOURCE:Agent Resource,0,0
rq3_221,COMMUNICATION:Expert Role,1,1
rq3_221,COMMUNICATION:Audience Voice,0,0
rq3_221,COMMUNICATION:Automation Disclosure,0,0
rq3_221,EXAMPLE:Output Template,1,1
rq3_221,EXAMPLE:Worked Case,0,0
rq3_221,EXAMPLE:Technical Snippet,1,0
rq3_221,SAFETY:Prompt Injection Defense,1,1
rq3_221,SAFETY:Information Confidentiality,1,1
rq3_221,SAFETY:Execution Isolation,0,0
rq3_221,SAFETY:Vulnerability Handling,0,0
rq3_222,TASK:Artifact Change,0,0
rq3_222,TASK:Artifact Review,0,0
rq3_222,TASK:Evidence Investigation,1,1
rq3_222,TASK:Executable Validation,0,0
rq3_222,TASK:Work Item Management,0,0
rq3_222,CONSTRAINT:Scope Boundary,1,1
rq3_222,CONSTRAINT:Evidence Grounding,0,0
rq3_222,CONSTRAINT:Quality Standard,0,0
rq3_222,CONSTRAINT:Resource Budget,0,0
rq3_222,CONTEXT:Repository Context,1,1
rq3_222,CONTEXT:Domain Context,1,1
rq3_222,CONTEXT:Execution Environment,0,0
rq3_222,CONTEXT:Historical Context,0,0
rq3_222,OUTPUT:Repository Change,0,0
rq3_222,OUTPUT:Existing Thread Response,1,1
rq3_222,OUTPUT:New Thread,0,0
rq3_222,OUTPUT:Standalone Artifact,0,0
rq3_222,OUTPUT:Control Signal,1,0
rq3_222,PROCESS:Required Sequence,1,1
rq3_222,PROCESS:Decision Branch,1,1
rq3_222,PROCESS:Within-Run Iteration,0,0
rq3_222,PROCESS:Cross-Run Memory,0,0
rq3_222,PROCESS:Work Delegation,1,1
rq3_222,EVALUATION:Execution Check,0,0
rq3_222,EVALUATION:Rule Conformance,1,1
rq3_222,EVALUATION:Evidence Credibility,1,1
rq3_222,EVALUATION:Risk Assessment,0,0
rq3_222,RESOURCE:GitHub Interface,1,1
rq3_222,RESOURCE:Web Retrieval,0,0
rq3_222,RESOURCE:Local Workspace,0,0
rq3_222,RESOURCE:Development Toolchain,0,0
rq3_222,RESOURCE:Agent Resource,0,0
rq3_222,COMMUNICATION:Expert Role,0,1
rq3_222,COMMUNICATION:Audience Voice,0,0
rq3_222,COMMUNICATION:Automation Disclosure,1,0
rq3_222,EXAMPLE:Output Template,0,0
rq3_222,EXAMPLE:Worked Case,1,0
rq3_222,EXAMPLE:Technical Snippet,0,0
rq3_222,SAFETY:Prompt Injection Defense,0,0
rq3_222,SAFETY:Information Confidentiality,0,0
rq3_222,SAFETY:Execution Isolation,0,0
rq3_222,SAFETY:Vulnerability Handling,0,0
rq3_223,TASK:Artifact Change,0,0
rq3_223,TASK:Artifact Review,1,1
rq3_223,TASK:Evidence Investigation,0,0
rq3_223,TASK:Executable Validation,0,0
rq3_223,TASK:Work Item Management,0,0
rq3_223,CONSTRAINT:Scope Boundary,1,1
rq3_223,CONSTRAINT:Evidence Grounding,0,1
rq3_223,CONSTRAINT:Quality Standard,0,1
rq3_223,CONSTRAINT:Resource Budget,0,0
rq3_223,CONTEXT:Repository Context,1,1
rq3_223,CONTEXT:Domain Context,0,0
rq3_223,CONTEXT:Execution Environment,0,1
rq3_223,CONTEXT:Historical Context,0,0
rq3_223,OUTPUT:Repository Change,0,0
rq3_223,OUTPUT:Existing Thread Response,1,1
rq3_223,OUTPUT:New Thread,0,0
rq3_223,OUTPUT:Standalone Artifact,0,0
rq3_223,OUTPUT:Control Signal,0,0
rq3_223,PROCESS:Required Sequence,1,1
rq3_223,PROCESS:Decision Branch,1,1
rq3_223,PROCESS:Within-Run Iteration,0,0
rq3_223,PROCESS:Cross-Run Memory,0,0
rq3_223,PROCESS:Work Delegation,0,0
rq3_223,EVALUATION:Execution Check,0,0
rq3_223,EVALUATION:Rule Conformance,0,0
rq3_223,EVALUATION:Evidence Credibility,0,1
rq3_223,EVALUATION:Risk Assessment,0,0
rq3_223,RESOURCE:GitHub Interface,0,0
rq3_223,RESOURCE:Web Retrieval,0,0
rq3_223,RESOURCE:Local Workspace,0,1
rq3_223,RESOURCE:Development Toolchain,0,0
rq3_223,RESOURCE:Agent Resource,1,1
rq3_223,COMMUNICATION:Expert Role,0,0
rq3_223,COMMUNICATION:Audience Voice,0,0
rq3_223,COMMUNICATION:Automation Disclosure,0,0
rq3_223,EXAMPLE:Output Template,0,0
rq3_223,EXAMPLE:Worked Case,0,0
rq3_223,EXAMPLE:Technical Snippet,0,0
rq3_223,SAFETY:Prompt Injection Defense,0,0
rq3_223,SAFETY:Information Confidentiality,0,0
rq3_223,SAFETY:Execution Isolation,0,0
rq3_223,SAFETY:Vulnerability Handling,0,0
rq3_224,TASK:Artifact Change,1,1
rq3_224,TASK:Artifact Review,0,0
rq3_224,TASK:Evidence Investigation,1,0
rq3_224,TASK:Executable Validation,1,0
rq3_224,TASK:Work Item Management,0,0
rq3_224,CONSTRAINT:Scope Boundary,1,1
rq3_224,CONSTRAINT:Evidence Grounding,0,0
rq3_224,CONSTRAINT:Quality Standard,0,0
rq3_224,CONSTRAINT:Resource Budget,1,1
rq3_224,CONTEXT:Repository Context,0,0
rq3_224,CONTEXT:Domain Context,1,1
rq3_224,CONTEXT:Execution Environment,1,0
rq3_224,CONTEXT:Historical Context,0,1
rq3_224,OUTPUT:Repository Change,1,1
rq3_224,OUTPUT:Existing Thread Response,0,0
rq3_224,OUTPUT:New Thread,0,0
rq3_224,OUTPUT:Standalone Artifact,1,1
rq3_224,OUTPUT:Control Signal,0,0
rq3_224,PROCESS:Required Sequence,1,1
rq3_224,PROCESS:Decision Branch,1,1
rq3_224,PROCESS:Within-Run Iteration,1,0
rq3_224,PROCESS:Cross-Run Memory,1,0
rq3_224,PROCESS:Work Delegation,0,0
rq3_224,EVALUATION:Execution Check,1,0
rq3_224,EVALUATION:Rule Conformance,1,1
rq3_224,EVALUATION:Evidence Credibility,0,0
rq3_224,EVALUATION:Risk Assessment,0,0
rq3_224,RESOURCE:GitHub Interface,0,0
rq3_224,RESOURCE:Web Retrieval,1,0
rq3_224,RESOURCE:Local Workspace,1,0
rq3_224,RESOURCE:Development Toolchain,0,1
rq3_224,RESOURCE:Agent Resource,0,0
rq3_224,COMMUNICATION:Expert Role,0,0
rq3_224,COMMUNICATION:Audience Voice,0,0
rq3_224,COMMUNICATION:Automation Disclosure,0,0
rq3_224,EXAMPLE:Output Template,0,0
rq3_224,EXAMPLE:Worked Case,0,0
rq3_224,EXAMPLE:Technical Snippet,0,1
rq3_224,SAFETY:Prompt Injection Defense,0,0
rq3_224,SAFETY:Information Confidentiality,0,0
rq3_224,SAFETY:Execution Isolation,0,0
rq3_224,SAFETY:Vulnerability Handling,0,0
rq3_225,TASK:Artifact Change,0,1
rq3_225,TASK:Artifact Review,0,0
rq3_225,TASK:Evidence Investigation,1,1
rq3_225,TASK:Executable Validation,0,0
rq3_225,TASK:Work Item Management,0,0
rq3_225,CONSTRAINT:Scope Boundary,1,1
rq3_225,CONSTRAINT:Evidence Grounding,0,0
rq3_225,CONSTRAINT:Quality Standard,1,0
rq3_225,CONSTRAINT:Resource Budget,0,0
rq3_225,CONTEXT:Repository Context,0,0
rq3_225,CONTEXT:Domain Context,0,0
rq3_225,CONTEXT:Execution Environment,0,0
rq3_225,CONTEXT:Historical Context,0,0
rq3_225,OUTPUT:Repository Change,1,1
rq3_225,OUTPUT:Existing Thread Response,0,0
rq3_225,OUTPUT:New Thread,0,0
rq3_225,OUTPUT:Standalone Artifact,0,0
rq3_225,OUTPUT:Control Signal,1,0
rq3_225,PROCESS:Required Sequence,1,1
rq3_225,PROCESS:Decision Branch,0,1
rq3_225,PROCESS:Within-Run Iteration,0,0
rq3_225,PROCESS:Cross-Run Memory,0,0
rq3_225,PROCESS:Work Delegation,0,0
rq3_225,EVALUATION:Execution Check,0,1
rq3_225,EVALUATION:Rule Conformance,1,0
rq3_225,EVALUATION:Evidence Credibility,0,0
rq3_225,EVALUATION:Risk Assessment,0,0
rq3_225,RESOURCE:GitHub Interface,1,0
rq3_225,RESOURCE:Web Retrieval,0,1
rq3_225,RESOURCE:Local Workspace,1,0
rq3_225,RESOURCE:Development Toolchain,0,0
rq3_225,RESOURCE:Agent Resource,0,0
rq3_225,COMMUNICATION:Expert Role,1,0
rq3_225,COMMUNICATION:Audience Voice,1,1
rq3_225,COMMUNICATION:Automation Disclosure,0,0
rq3_225,EXAMPLE:Output Template,0,1
rq3_225,EXAMPLE:Worked Case,0,0
rq3_225,EXAMPLE:Technical Snippet,0,0
rq3_225,SAFETY:Prompt Injection Defense,0,0
rq3_225,SAFETY:Information Confidentiality,0,0
rq3_225,SAFETY:Execution Isolation,0,0
rq3_225,SAFETY:Vulnerability Handling,0,0
rq3_227,TASK:Artifact Change,0,1
rq3_227,TASK:Artifact Review,0,0
rq3_227,TASK:Evidence Investigation,1,1
rq3_227,TASK:Executable Validation,0,0
rq3_227,TASK:Work Item Management,0,0
rq3_227,CONSTRAINT:Scope Boundary,1,1
rq3_227,CONSTRAINT:Evidence Grounding,0,0
rq3_227,CONSTRAINT:Quality Standard,1,1
rq3_227,CONSTRAINT:Resource Budget,0,1
rq3_227,CONTEXT:Repository Context,1,1
rq3_227,CONTEXT:Domain Context,0,0
rq3_227,CONTEXT:Execution Environment,0,0
rq3_227,CONTEXT:Historical Context,0,0
rq3_227,OUTPUT:Repository Change,0,0
rq3_227,OUTPUT:Existing Thread Response,1,1
rq3_227,OUTPUT:New Thread,0,0
rq3_227,OUTPUT:Standalone Artifact,1,0
rq3_227,OUTPUT:Control Signal,0,0
rq3_227,PROCESS:Required Sequence,1,1
rq3_227,PROCESS:Decision Branch,0,0
rq3_227,PROCESS:Within-Run Iteration,0,0
rq3_227,PROCESS:Cross-Run Memory,0,0
rq3_227,PROCESS:Work Delegation,0,0
rq3_227,EVALUATION:Execution Check,0,0
rq3_227,EVALUATION:Rule Conformance,0,1
rq3_227,EVALUATION:Evidence Credibility,0,0
rq3_227,EVALUATION:Risk Assessment,0,0
rq3_227,RESOURCE:GitHub Interface,1,1
rq3_227,RESOURCE:Web Retrieval,0,0
rq3_227,RESOURCE:Local Workspace,0,0
rq3_227,RESOURCE:Development Toolchain,0,0
rq3_227,RESOURCE:Agent Resource,1,1
rq3_227,COMMUNICATION:Expert Role,1,1
rq3_227,COMMUNICATION:Audience Voice,0,0
rq3_227,COMMUNICATION:Automation Disclosure,0,0
rq3_227,EXAMPLE:Output Template,1,1
rq3_227,EXAMPLE:Worked Case,0,0
rq3_227,EXAMPLE:Technical Snippet,1,1
rq3_227,SAFETY:Prompt Injection Defense,0,0
rq3_227,SAFETY:Information Confidentiality,0,0
rq3_227,SAFETY:Execution Isolation,0,0
rq3_227,SAFETY:Vulnerability Handling,0,0
rq3_228,TASK:Artifact Change,1,1
rq3_228,TASK:Artifact Review,0,0
rq3_228,TASK:Evidence Investigation,0,0
rq3_228,TASK:Executable Validation,0,0
rq3_228,TASK:Work Item Management,0,0
rq3_228,CONSTRAINT:Scope Boundary,1,1
rq3_228,CONSTRAINT:Evidence Grounding,0,0
rq3_228,CONSTRAINT:Quality Standard,1,1
rq3_228,CONSTRAINT:Resource Budget,0,0
rq3_228,CONTEXT:Repository Context,1,0
rq3_228,CONTEXT:Domain Context,0,0
rq3_228,CONTEXT:Execution Environment,0,0
rq3_228,CONTEXT:Historical Context,0,0
rq3_228,OUTPUT:Repository Change,1,1
rq3_228,OUTPUT:Existing Thread Response,0,0
rq3_228,OUTPUT:New Thread,0,0
rq3_228,OUTPUT:Standalone Artifact,0,0
rq3_228,OUTPUT:Control Signal,1,0
rq3_228,PROCESS:Required Sequence,1,1
rq3_228,PROCESS:Decision Branch,1,1
rq3_228,PROCESS:Within-Run Iteration,1,0
rq3_228,PROCESS:Cross-Run Memory,0,0
rq3_228,PROCESS:Work Delegation,0,0
rq3_228,EVALUATION:Execution Check,0,0
rq3_228,EVALUATION:Rule Conformance,0,1
rq3_228,EVALUATION:Evidence Credibility,0,0
rq3_228,EVALUATION:Risk Assessment,0,0
rq3_228,RESOURCE:GitHub Interface,0,0
rq3_228,RESOURCE:Web Retrieval,0,0
rq3_228,RESOURCE:Local Workspace,1,1
rq3_228,RESOURCE:Development Toolchain,0,0
rq3_228,RESOURCE:Agent Resource,0,0
rq3_228,COMMUNICATION:Expert Role,0,0
rq3_228,COMMUNICATION:Audience Voice,1,0
rq3_228,COMMUNICATION:Automation Disclosure,0,0
rq3_228,EXAMPLE:Output Template,1,1
rq3_228,EXAMPLE:Worked Case,0,0
rq3_228,EXAMPLE:Technical Snippet,1,0
rq3_228,SAFETY:Prompt Injection Defense,0,0
rq3_228,SAFETY:Information Confidentiality,0,0
rq3_228,SAFETY:Execution Isolation,0,0
rq3_228,SAFETY:Vulnerability Handling,0,0
rq3_229,TASK:Artifact Change,0,0
rq3_229,TASK:Artifact Review,0,0
rq3_229,TASK:Evidence Investigation,1,0
rq3_229,TASK:Executable Validation,0,0
rq3_229,TASK:Work Item Management,1,1
rq3_229,CONSTRAINT:Scope Boundary,1,1
rq3_229,CONSTRAINT:Evidence Grounding,1,1
rq3_229,CONSTRAINT:Quality Standard,1,1
rq3_229,CONSTRAINT:Resource Budget,0,1
rq3_229,CONTEXT:Repository Context,1,1
rq3_229,CONTEXT:Domain Context,0,1
rq3_229,CONTEXT:Execution Environment,0,0
rq3_229,CONTEXT:Historical Context,0,0
rq3_229,OUTPUT:Repository Change,0,0
rq3_229,OUTPUT:Existing Thread Response,1,1
rq3_229,OUTPUT:New Thread,0,0
rq3_229,OUTPUT:Standalone Artifact,0,0
rq3_229,OUTPUT:Control Signal,1,0
rq3_229,PROCESS:Required Sequence,1,1
rq3_229,PROCESS:Decision Branch,1,1
rq3_229,PROCESS:Within-Run Iteration,0,0
rq3_229,PROCESS:Cross-Run Memory,0,0
rq3_229,PROCESS:Work Delegation,1,1
rq3_229,EVALUATION:Execution Check,0,0
rq3_229,EVALUATION:Rule Conformance,1,1
rq3_229,EVALUATION:Evidence Credibility,0,0
rq3_229,EVALUATION:Risk Assessment,0,0
rq3_229,RESOURCE:GitHub Interface,0,0
rq3_229,RESOURCE:Web Retrieval,0,0
rq3_229,RESOURCE:Local Workspace,1,1
rq3_229,RESOURCE:Development Toolchain,0,0
rq3_229,RESOURCE:Agent Resource,1,0
rq3_229,COMMUNICATION:Expert Role,1,0
rq3_229,COMMUNICATION:Audience Voice,1,1
rq3_229,COMMUNICATION:Automation Disclosure,0,0
rq3_229,EXAMPLE:Output Template,0,0
rq3_229,EXAMPLE:Worked Case,0,0
rq3_229,EXAMPLE:Technical Snippet,0,0
rq3_229,SAFETY:Prompt Injection Defense,0,0
rq3_229,SAFETY:Information Confidentiality,1,1
rq3_229,SAFETY:Execution Isolation,0,0
rq3_229,SAFETY:Vulnerability Handling,0,0
rq3_230,TASK:Artifact Change,0,0
rq3_230,TASK:Artifact Review,1,1
rq3_230,TASK:Evidence Investigation,0,0
rq3_230,TASK:Executable Validation,0,0
rq3_230,TASK:Work Item Management,0,0
rq3_230,CONSTRAINT:Scope Boundary,1,0
rq3_230,CONSTRAINT:Evidence Grounding,0,0
rq3_230,CONSTRAINT:Quality Standard,0,0
rq3_230,CONSTRAINT:Resource Budget,0,0
rq3_230,CONTEXT:Repository Context,0,1
rq3_230,CONTEXT:Domain Context,0,0
rq3_230,CONTEXT:Execution Environment,0,0
rq3_230,CONTEXT:Historical Context,0,0
rq3_230,OUTPUT:Repository Change,0,0
rq3_230,OUTPUT:Existing Thread Response,0,0
rq3_230,OUTPUT:New Thread,0,0
rq3_230,OUTPUT:Standalone Artifact,0,0
rq3_230,OUTPUT:Control Signal,0,0
rq3_230,PROCESS:Required Sequence,0,0
rq3_230,PROCESS:Decision Branch,0,1
rq3_230,PROCESS:Within-Run Iteration,0,0
rq3_230,PROCESS:Cross-Run Memory,0,0
rq3_230,PROCESS:Work Delegation,0,0
rq3_230,EVALUATION:Execution Check,0,0
rq3_230,EVALUATION:Rule Conformance,0,0
rq3_230,EVALUATION:Evidence Credibility,0,0
rq3_230,EVALUATION:Risk Assessment,0,0
rq3_230,RESOURCE:GitHub Interface,0,0
rq3_230,RESOURCE:Web Retrieval,0,0
rq3_230,RESOURCE:Local Workspace,0,0
rq3_230,RESOURCE:Development Toolchain,0,0
rq3_230,RESOURCE:Agent Resource,0,0
rq3_230,COMMUNICATION:Expert Role,0,0
rq3_230,COMMUNICATION:Audience Voice,0,0
rq3_230,COMMUNICATION:Automation Disclosure,0,0
rq3_230,EXAMPLE:Output Template,0,0
rq3_230,EXAMPLE:Worked Case,0,0
rq3_230,EXAMPLE:Technical Snippet,0,0
rq3_230,SAFETY:Prompt Injection Defense,0,0
rq3_230,SAFETY:Information Confidentiality,0,0
rq3_230,SAFETY:Execution Isolation,0,0
rq3_230,SAFETY:Vulnerability Handling,0,0
rq3_231,TASK:Artifact Change,0,0
rq3_231,TASK:Artifact Review,1,1
rq3_231,TASK:Evidence Investigation,0,0
rq3_231,TASK:Executable Validation,0,0
rq3_231,TASK:Work Item Management,0,0
rq3_231,CONSTRAINT:Scope Boundary,1,1
rq3_231,CONSTRAINT:Evidence Grounding,0,0
rq3_231,CONSTRAINT:Quality Standard,0,0
rq3_231,CONSTRAINT:Resource Budget,0,0
rq3_231,CONTEXT:Repository Context,1,1
rq3_231,CONTEXT:Domain Context,0,0
rq3_231,CONTEXT:Execution Environment,0,0
rq3_231,CONTEXT:Historical Context,0,0
rq3_231,OUTPUT:Repository Change,0,0
rq3_231,OUTPUT:Existing Thread Response,0,0
rq3_231,OUTPUT:New Thread,1,1
rq3_231,OUTPUT:Standalone Artifact,0,0
rq3_231,OUTPUT:Control Signal,0,0
rq3_231,PROCESS:Required Sequence,0,0
rq3_231,PROCESS:Decision Branch,0,0
rq3_231,PROCESS:Within-Run Iteration,0,0
rq3_231,PROCESS:Cross-Run Memory,0,0
rq3_231,PROCESS:Work Delegation,0,0
rq3_231,EVALUATION:Execution Check,0,0
rq3_231,EVALUATION:Rule Conformance,1,1
rq3_231,EVALUATION:Evidence Credibility,0,0
rq3_231,EVALUATION:Risk Assessment,0,0
rq3_231,RESOURCE:GitHub Interface,0,0
rq3_231,RESOURCE:Web Retrieval,0,0
rq3_231,RESOURCE:Local Workspace,0,0
rq3_231,RESOURCE:Development Toolchain,0,0
rq3_231,RESOURCE:Agent Resource,1,1
rq3_231,COMMUNICATION:Expert Role,1,1
rq3_231,COMMUNICATION:Audience Voice,0,0
rq3_231,COMMUNICATION:Automation Disclosure,0,0
rq3_231,EXAMPLE:Output Template,1,1
rq3_231,EXAMPLE:Worked Case,0,0
rq3_231,EXAMPLE:Technical Snippet,0,0
rq3_231,SAFETY:Prompt Injection Defense,0,0
rq3_231,SAFETY:Information Confidentiality,0,0
rq3_231,SAFETY:Execution Isolation,0,0
rq3_231,SAFETY:Vulnerability Handling,0,0
rq3_232,TASK:Artifact Change,1,1
rq3_232,TASK:Artifact Review,0,0
rq3_232,TASK:Evidence Investigation,0,0
rq3_232,TASK:Executable Validation,0,0
rq3_232,TASK:Work Item Management,0,0
rq3_232,CONSTRAINT:Scope Boundary,0,0
rq3_232,CONSTRAINT:Evidence Grounding,1,0
rq3_232,CONSTRAINT:Quality Standard,1,1
rq3_232,CONSTRAINT:Resource Budget,0,0
rq3_232,CONTEXT:Repository Context,1,0
rq3_232,CONTEXT:Domain Context,1,1
rq3_232,CONTEXT:Execution Environment,0,0
rq3_232,CONTEXT:Historical Context,0,0
rq3_232,OUTPUT:Repository Change,1,1
rq3_232,OUTPUT:Existing Thread Response,0,0
rq3_232,OUTPUT:New Thread,0,0
rq3_232,OUTPUT:Standalone Artifact,0,0
rq3_232,OUTPUT:Control Signal,0,0
rq3_232,PROCESS:Required Sequence,1,1
rq3_232,PROCESS:Decision Branch,1,0
rq3_232,PROCESS:Within-Run Iteration,1,0
rq3_232,PROCESS:Cross-Run Memory,0,0
rq3_232,PROCESS:Work Delegation,0,0
rq3_232,EVALUATION:Execution Check,0,0
rq3_232,EVALUATION:Rule Conformance,0,1
rq3_232,EVALUATION:Evidence Credibility,0,0
rq3_232,EVALUATION:Risk Assessment,0,0
rq3_232,RESOURCE:GitHub Interface,1,1
rq3_232,RESOURCE:Web Retrieval,0,0
rq3_232,RESOURCE:Local Workspace,0,0
rq3_232,RESOURCE:Development Toolchain,0,0
rq3_232,RESOURCE:Agent Resource,0,0
rq3_232,COMMUNICATION:Expert Role,0,0
rq3_232,COMMUNICATION:Audience Voice,1,1
rq3_232,COMMUNICATION:Automation Disclosure,0,0
rq3_232,EXAMPLE:Output Template,0,0
rq3_232,EXAMPLE:Worked Case,0,0
rq3_232,EXAMPLE:Technical Snippet,0,0
rq3_232,SAFETY:Prompt Injection Defense,0,0
rq3_232,SAFETY:Information Confidentiality,0,0
rq3_232,SAFETY:Execution Isolation,0,0
rq3_232,SAFETY:Vulnerability Handling,0,0
rq3_233,TASK:Artifact Change,0,0
rq3_233,TASK:Artifact Review,0,0
rq3_233,TASK:Evidence Investigation,0,0
rq3_233,TASK:Executable Validation,1,1
rq3_233,TASK:Work Item Management,0,0
rq3_233,CONSTRAINT:Scope Boundary,0,0
rq3_233,CONSTRAINT:Evidence Grounding,0,0
rq3_233,CONSTRAINT:Quality Standard,1,1
rq3_233,CONSTRAINT:Resource Budget,0,1
rq3_233,CONTEXT:Repository Context,0,0
rq3_233,CONTEXT:Domain Context,0,0
rq3_233,CONTEXT:Execution Environment,0,0
rq3_233,CONTEXT:Historical Context,0,0
rq3_233,OUTPUT:Repository Change,0,0
rq3_233,OUTPUT:Existing Thread Response,1,1
rq3_233,OUTPUT:New Thread,1,1
rq3_233,OUTPUT:Standalone Artifact,1,0
rq3_233,OUTPUT:Control Signal,1,1
rq3_233,PROCESS:Required Sequence,1,0
rq3_233,PROCESS:Decision Branch,1,1
rq3_233,PROCESS:Within-Run Iteration,0,0
rq3_233,PROCESS:Cross-Run Memory,0,0
rq3_233,PROCESS:Work Delegation,0,0
rq3_233,EVALUATION:Execution Check,0,1
rq3_233,EVALUATION:Rule Conformance,0,0
rq3_233,EVALUATION:Evidence Credibility,0,0
rq3_233,EVALUATION:Risk Assessment,0,0
rq3_233,RESOURCE:GitHub Interface,1,1
rq3_233,RESOURCE:Web Retrieval,1,1
rq3_233,RESOURCE:Local Workspace,0,1
rq3_233,RESOURCE:Development Toolchain,0,1
rq3_233,RESOURCE:Agent Resource,0,0
rq3_233,COMMUNICATION:Expert Role,0,0
rq3_233,COMMUNICATION:Audience Voice,0,0
rq3_233,COMMUNICATION:Automation Disclosure,0,0
rq3_233,EXAMPLE:Output Template,0,1
rq3_233,EXAMPLE:Worked Case,0,0
rq3_233,EXAMPLE:Technical Snippet,0,0
rq3_233,SAFETY:Prompt Injection Defense,0,0
rq3_233,SAFETY:Information Confidentiality,0,0
rq3_233,SAFETY:Execution Isolation,0,0
rq3_233,SAFETY:Vulnerability Handling,0,0
rq3_234,TASK:Artifact Change,1,1
rq3_234,TASK:Artifact Review,0,0
rq3_234,TASK:Evidence Investigation,0,1
rq3_234,TASK:Executable Validation,0,0
rq3_234,TASK:Work Item Management,0,0
rq3_234,CONSTRAINT:Scope Boundary,1,1
rq3_234,CONSTRAINT:Evidence Grounding,1,1
rq3_234,CONSTRAINT:Quality Standard,1,1
rq3_234,CONSTRAINT:Resource Budget,0,0
rq3_234,CONTEXT:Repository Context,1,0
rq3_234,CONTEXT:Domain Context,0,0
rq3_234,CONTEXT:Execution Environment,1,0
rq3_234,CONTEXT:Historical Context,0,0
rq3_234,OUTPUT:Repository Change,0,0
rq3_234,OUTPUT:Existing Thread Response,0,0
rq3_234,OUTPUT:New Thread,0,0
rq3_234,OUTPUT:Standalone Artifact,1,1
rq3_234,OUTPUT:Control Signal,1,1
rq3_234,PROCESS:Required Sequence,1,1
rq3_234,PROCESS:Decision Branch,1,1
rq3_234,PROCESS:Within-Run Iteration,0,0
rq3_234,PROCESS:Cross-Run Memory,0,0
rq3_234,PROCESS:Work Delegation,0,0
rq3_234,EVALUATION:Execution Check,0,0
rq3_234,EVALUATION:Rule Conformance,1,1
rq3_234,EVALUATION:Evidence Credibility,1,0
rq3_234,EVALUATION:Risk Assessment,1,0
rq3_234,RESOURCE:GitHub Interface,1,1
rq3_234,RESOURCE:Web Retrieval,0,0
rq3_234,RESOURCE:Local Workspace,1,1
rq3_234,RESOURCE:Development Toolchain,0,0
rq3_234,RESOURCE:Agent Resource,0,0
rq3_234,COMMUNICATION:Expert Role,0,0
rq3_234,COMMUNICATION:Audience Voice,0,0
rq3_234,COMMUNICATION:Automation Disclosure,0,0
rq3_234,EXAMPLE:Output Template,1,1
rq3_234,EXAMPLE:Worked Case,1,0
rq3_234,EXAMPLE:Technical Snippet,0,0
rq3_234,SAFETY:Prompt Injection Defense,0,0
rq3_234,SAFETY:Information Confidentiality,0,0
rq3_234,SAFETY:Execution Isolation,0,0
rq3_234,SAFETY:Vulnerability Handling,0,0
rq3_235,TASK:Artifact Change,0,0
rq3_235,TASK:Artifact Review,0,0
rq3_235,TASK:Evidence Investigation,1,1
rq3_235,TASK:Executable Validation,0,0
rq3_235,TASK:Work Item Management,0,0
rq3_235,CONSTRAINT:Scope Boundary,1,0
rq3_235,CONSTRAINT:Evidence Grounding,0,0
rq3_235,CONSTRAINT:Quality Standard,1,1
rq3_235,CONSTRAINT:Resource Budget,0,0
rq3_235,CONTEXT:Repository Context,1,0
rq3_235,CONTEXT:Domain Context,0,1
rq3_235,CONTEXT:Execution Environment,0,1
rq3_235,CONTEXT:Historical Context,0,0
rq3_235,OUTPUT:Repository Change,0,0
rq3_235,OUTPUT:Existing Thread Response,0,0
rq3_235,OUTPUT:New Thread,1,1
rq3_235,OUTPUT:Standalone Artifact,1,1
rq3_235,OUTPUT:Control Signal,0,0
rq3_235,PROCESS:Required Sequence,1,1
rq3_235,PROCESS:Decision Branch,1,0
rq3_235,PROCESS:Within-Run Iteration,0,0
rq3_235,PROCESS:Cross-Run Memory,0,0
rq3_235,PROCESS:Work Delegation,0,0
rq3_235,EVALUATION:Execution Check,1,0
rq3_235,EVALUATION:Rule Conformance,0,0
rq3_235,EVALUATION:Evidence Credibility,0,0
rq3_235,EVALUATION:Risk Assessment,0,1
rq3_235,RESOURCE:GitHub Interface,0,0
rq3_235,RESOURCE:Web Retrieval,0,0
rq3_235,RESOURCE:Local Workspace,0,1
rq3_235,RESOURCE:Development Toolchain,1,0
rq3_235,RESOURCE:Agent Resource,0,0
rq3_235,COMMUNICATION:Expert Role,1,1
rq3_235,COMMUNICATION:Audience Voice,0,0
rq3_235,COMMUNICATION:Automation Disclosure,0,1
rq3_235,EXAMPLE:Output Template,1,1
rq3_235,EXAMPLE:Worked Case,0,0
rq3_235,EXAMPLE:Technical Snippet,0,0
rq3_235,SAFETY:Prompt Injection Defense,0,0
rq3_235,SAFETY:Information Confidentiality,0,0
rq3_235,SAFETY:Execution Isolation,0,0
rq3_235,SAFETY:Vulnerability Handling,0,0
rq3_236,TASK:Artifact Change,0,1
rq3_236,TASK:Artifact Review,0,0
rq3_236,TASK:Evidence Investigation,1,1
rq3_236,TASK:Executable Validation,0,0
rq3_236,TASK:Work Item Management,0,0
rq3_236,CONSTRAINT:Scope Boundary,1,1
rq3_236,CONSTRAINT:Evidence Grounding,0,0
rq3_236,CONSTRAINT:Quality Standard,1,1
rq3_236,CONSTRAINT:Resource Budget,0,0
rq3_236,CONTEXT:Repository Context,0,0
rq3_236,CONTEXT:Domain Context,1,0
rq3_236,CONTEXT:Execution Environment,0,0
rq3_236,CONTEXT:Historical Context,0,0
rq3_236,OUTPUT:Repository Change,1,1
rq3_236,OUTPUT:Existing Thread Response,0,0
rq3_236,OUTPUT:New Thread,0,0
rq3_236,OUTPUT:Standalone Artifact,0,0
rq3_236,OUTPUT:Control Signal,0,0
rq3_236,PROCESS:Required Sequence,1,1
rq3_236,PROCESS:Decision Branch,1,1
rq3_236,PROCESS:Within-Run Iteration,0,0
rq3_236,PROCESS:Cross-Run Memory,0,0
rq3_236,PROCESS:Work Delegation,0,0
rq3_236,EVALUATION:Execution Check,0,0
rq3_236,EVALUATION:Rule Conformance,1,1
rq3_236,EVALUATION:Evidence Credibility,0,0
rq3_236,EVALUATION:Risk Assessment,0,0
rq3_236,RESOURCE:GitHub Interface,0,0
rq3_236,RESOURCE:Web Retrieval,0,1
rq3_236,RESOURCE:Local Workspace,1,1
rq3_236,RESOURCE:Development Toolchain,0,1
rq3_236,RESOURCE:Agent Resource,0,0
rq3_236,COMMUNICATION:Expert Role,0,0
rq3_236,COMMUNICATION:Audience Voice,0,0
rq3_236,COMMUNICATION:Automation Disclosure,0,0
rq3_236,EXAMPLE:Output Template,0,0
rq3_236,EXAMPLE:Worked Case,0,0
rq3_236,EXAMPLE:Technical Snippet,1,1
rq3_236,SAFETY:Prompt Injection Defense,0,0
rq3_236,SAFETY:Information Confidentiality,0,0
rq3_236,SAFETY:Execution Isolation,0,0
rq3_236,SAFETY:Vulnerability Handling,0,0
rq3_237,TASK:Artifact Change,0,0
rq3_237,TASK:Artifact Review,0,0
rq3_237,TASK:Evidence Investigation,0,1
rq3_237,TASK:Executable Validation,1,1
rq3_237,TASK:Work Item Management,0,0
rq3_237,CONSTRAINT:Scope Boundary,0,0
rq3_237,CONSTRAINT:Evidence Grounding,0,0
rq3_237,CONSTRAINT:Quality Standard,0,0
rq3_237,CONSTRAINT:Resource Budget,1,1
rq3_237,CONTEXT:Repository Context,1,0
rq3_237,CONTEXT:Domain Context,0,1
rq3_237,CONTEXT:Execution Environment,0,0
rq3_237,CONTEXT:Historical Context,0,0
rq3_237,OUTPUT:Repository Change,0,0
rq3_237,OUTPUT:Existing Thread Response,0,0
rq3_237,OUTPUT:New Thread,1,1
rq3_237,OUTPUT:Standalone Artifact,0,0
rq3_237,OUTPUT:Control Signal,1,0
rq3_237,PROCESS:Required Sequence,1,0
rq3_237,PROCESS:Decision Branch,1,1
rq3_237,PROCESS:Within-Run Iteration,1,0
rq3_237,PROCESS:Cross-Run Memory,0,0
rq3_237,PROCESS:Work Delegation,0,0
rq3_237,EVALUATION:Execution Check,1,1
rq3_237,EVALUATION:Rule Conformance,0,1
rq3_237,EVALUATION:Evidence Credibility,0,0
rq3_237,EVALUATION:Risk Assessment,0,0
rq3_237,RESOURCE:GitHub Interface,0,0
rq3_237,RESOURCE:Web Retrieval,1,1
rq3_237,RESOURCE:Local Workspace,0,0
rq3_237,RESOURCE:Development Toolchain,1,0
rq3_237,RESOURCE:Agent Resource,0,0
rq3_237,COMMUNICATION:Expert Role,0,0
rq3_237,COMMUNICATION:Audience Voice,0,0
rq3_237,COMMUNICATION:Automation Disclosure,1,0
rq3_237,EXAMPLE:Output Template,1,1
rq3_237,EXAMPLE:Worked Case,0,0
rq3_237,EXAMPLE:Technical Snippet,0,0
rq3_237,SAFETY:Prompt Injection Defense,0,0
rq3_237,SAFETY:Information Confidentiality,0,0
rq3_237,SAFETY:Execution Isolation,0,0
rq3_237,SAFETY:Vulnerability Handling,0,0
rq3_238,TASK:Artifact Change,0,0
rq3_238,TASK:Artifact Review,0,0
rq3_238,TASK:Evidence Investigation,1,0
rq3_238,TASK:Executable Validation,0,0
rq3_238,TASK:Work Item Management,1,1
rq3_238,CONSTRAINT:Scope Boundary,1,1
rq3_238,CONSTRAINT:Evidence Grounding,1,1
rq3_238,CONSTRAINT:Quality Standard,1,1
rq3_238,CONSTRAINT:Resource Budget,0,0
rq3_238,CONTEXT:Repository Context,0,0
rq3_238,CONTEXT:Domain Context,0,1
rq3_238,CONTEXT:Execution Environment,0,0
rq3_238,CONTEXT:Historical Context,1,0
rq3_238,OUTPUT:Repository Change,0,0
rq3_238,OUTPUT:Existing Thread Response,1,1
rq3_238,OUTPUT:New Thread,0,0
rq3_238,OUTPUT:Standalone Artifact,0,0
rq3_238,OUTPUT:Control Signal,1,0
rq3_238,PROCESS:Required Sequence,1,0
rq3_238,PROCESS:Decision Branch,1,1
rq3_238,PROCESS:Within-Run Iteration,0,0
rq3_238,PROCESS:Cross-Run Memory,0,0
rq3_238,PROCESS:Work Delegation,0,0
rq3_238,EVALUATION:Execution Check,0,0
rq3_238,EVALUATION:Rule Conformance,0,1
rq3_238,EVALUATION:Evidence Credibility,0,0
rq3_238,EVALUATION:Risk Assessment,1,0
rq3_238,RESOURCE:GitHub Interface,0,1
rq3_238,RESOURCE:Web Retrieval,0,0
rq3_238,RESOURCE:Local Workspace,1,1
rq3_238,RESOURCE:Development Toolchain,0,0
rq3_238,RESOURCE:Agent Resource,0,0
rq3_238,COMMUNICATION:Expert Role,0,0
rq3_238,COMMUNICATION:Audience Voice,1,1
rq3_238,COMMUNICATION:Automation Disclosure,0,0
rq3_238,EXAMPLE:Output Template,0,1
rq3_238,EXAMPLE:Worked Case,0,0
rq3_238,EXAMPLE:Technical Snippet,0,0
rq3_238,SAFETY:Prompt Injection Defense,1,1
rq3_238,SAFETY:Information Confidentiality,1,0
rq3_238,SAFETY:Execution Isolation,0,0
rq3_238,SAFETY:Vulnerability Handling,0,0
rq3_239,TASK:Artifact Change,0,0
rq3_239,TASK:Artifact Review,1,0
rq3_239,TASK:Evidence Investigation,1,1
rq3_239,TASK:Executable Validation,1,0
rq3_239,TASK:Work Item Management,0,0
rq3_239,CONSTRAINT:Scope Boundary,1,1
rq3_239,CONSTRAINT:Evidence Grounding,0,0
rq3_239,CONSTRAINT:Quality Standard,0,0
rq3_239,CONSTRAINT:Resource Budget,0,0
rq3_239,CONTEXT:Repository Context,1,1
rq3_239,CONTEXT:Domain Context,1,0
rq3_239,CONTEXT:Execution Environment,0,0
rq3_239,CONTEXT:Historical Context,0,1
rq3_239,OUTPUT:Repository Change,0,0
rq3_239,OUTPUT:Existing Thread Response,0,0
rq3_239,OUTPUT:New Thread,1,1
rq3_239,OUTPUT:Standalone Artifact,0,0
rq3_239,OUTPUT:Control Signal,1,1
rq3_239,PROCESS:Required Sequence,1,1
rq3_239,PROCESS:Decision Branch,1,1
rq3_239,PROCESS:Within-Run Iteration,1,0
rq3_239,PROCESS:Cross-Run Memory,1,0
rq3_239,PROCESS:Work Delegation,0,0
rq3_239,EVALUATION:Execution Check,0,0
rq3_239,EVALUATION:Rule Conformance,1,0
rq3_239,EVALUATION:Evidence Credibility,0,0
rq3_239,EVALUATION:Risk Assessment,1,0
rq3_239,RESOURCE:GitHub Interface,0,0
rq3_239,RESOURCE:Web Retrieval,0,0
rq3_239,RESOURCE:Local Workspace,1,0
rq3_239,RESOURCE:Development Toolchain,1,1
rq3_239,RESOURCE:Agent Resource,0,0
rq3_239,COMMUNICATION:Expert Role,1,1
rq3_239,COMMUNICATION:Audience Voice,0,0
rq3_239,COMMUNICATION:Automation Disclosure,1,0
rq3_239,EXAMPLE:Output Template,1,1
rq3_239,EXAMPLE:Worked Case,0,0
rq3_239,EXAMPLE:Technical Snippet,1,1
rq3_239,SAFETY:Prompt Injection Defense,0,0
rq3_239,SAFETY:Information Confidentiality,0,0
rq3_239,SAFETY:Execution Isolation,0,0
rq3_239,SAFETY:Vulnerability Handling,0,0
rq3_240,TASK:Artifact Change,0,0
rq3_240,TASK:Artifact Review,1,1
rq3_240,TASK:Evidence Investigation,0,0
rq3_240,TASK:Executable Validation,0,0
rq3_240,TASK:Work Item Management,0,0
rq3_240,CONSTRAINT:Scope Boundary,1,1
rq3_240,CONSTRAINT:Evidence Grounding,0,1
rq3_240,CONSTRAINT:Quality Standard,0,0
rq3_240,CONSTRAINT:Resource Budget,0,0
rq3_240,CONTEXT:Repository Context,1,0
rq3_240,CONTEXT:Domain Context,0,0
rq3_240,CONTEXT:Execution Environment,0,1
rq3_240,CONTEXT:Historical Context,0,0
rq3_240,OUTPUT:Repository Change,0,0
rq3_240,OUTPUT:Existing Thread Response,1,1
rq3_240,OUTPUT:New Thread,0,0
rq3_240,OUTPUT:Standalone Artifact,0,0
rq3_240,OUTPUT:Control Signal,0,0
rq3_240,PROCESS:Required Sequence,0,1
rq3_240,PROCESS:Decision Branch,1,1
rq3_240,PROCESS:Within-Run Iteration,0,0
rq3_240,PROCESS:Cross-Run Memory,0,0
rq3_240,PROCESS:Work Delegation,0,0
rq3_240,EVALUATION:Execution Check,0,0
rq3_240,EVALUATION:Rule Conformance,1,1
rq3_240,EVALUATION:Evidence Credibility,0,0
rq3_240,EVALUATION:Risk Assessment,0,0
rq3_240,RESOURCE:GitHub Interface,0,0
rq3_240,RESOURCE:Web Retrieval,0,0
rq3_240,RESOURCE:Local Workspace,0,0
rq3_240,RESOURCE:Development Toolchain,0,0
rq3_240,RESOURCE:Agent Resource,1,0
rq3_240,COMMUNICATION:Expert Role,0,0
rq3_240,COMMUNICATION:Audience Voice,0,0
rq3_240,COMMUNICATION:Automation Disclosure,0,1
rq3_240,EXAMPLE:Output Template,1,1
rq3_240,EXAMPLE:Worked Case,0,0
rq3_240,EXAMPLE:Technical Snippet,0,0
rq3_240,SAFETY:Prompt Injection Defense,0,1
rq3_240,SAFETY:Information Confidentiality,0,0
rq3_240,SAFETY:Execution Isolation,0,0
rq3_240,SAFETY:Vulnerability Handling,0,0
rq3_241,TASK:Artifact Change,0,0
rq3_241,TASK:Artifact Review,0,0
rq3_241,TASK:Evidence Investigation,1,0
rq3_241,TASK:Executable Validation,0,1
rq3_241,TASK:Work Item Management,1,0
rq3_241,CONSTRAINT:Scope Boundary,0,0
rq3_241,CONSTRAINT:Evidence Grounding,0,0
rq3_241,CONSTRAINT:Quality Standard,1,1
rq3_241,CONSTRAINT:Resource Budget,0,0
rq3_241,CONTEXT:Repository Context,0,0
rq3_241,CONTEXT:Domain Context,1,0
rq3_241,CONTEXT:Execution Environment,0,1
rq3_241,CONTEXT:Historical Context,0,0
rq3_241,OUTPUT:Repository Change,0,0
rq3_241,OUTPUT:Existing Thread Response,1,1
rq3_241,OUTPUT:New Thread,0,0
rq3_241,OUTPUT:Standalone Artifact,0,0
rq3_241,OUTPUT:Control Signal,1,1
rq3_241,PROCESS:Required Sequence,0,1
rq3_241,PROCESS:Decision Branch,0,1
rq3_241,PROCESS:Within-Run Iteration,0,0
rq3_241,PROCESS:Cross-Run Memory,0,0
rq3_241,PROCESS:Work Delegation,0,0
rq3_241,EVALUATION:Execution Check,1,1
rq3_241,EVALUATION:Rule Conformance,0,0
rq3_241,EVALUATION:Evidence Credibility,0,0
rq3_241,EVALUATION:Risk Assessment,0,0
rq3_241,RESOURCE:GitHub Interface,1,1
rq3_241,RESOURCE:Web Retrieval,0,0
rq3_241,RESOURCE:Local Workspace,1,1
rq3_241,RESOURCE:Development Toolchain,0,0
rq3_241,RESOURCE:Agent Resource,0,0
rq3_241,COMMUNICATION:Expert Role,0,0
rq3_241,COMMUNICATION:Audience Voice,0,0
rq3_241,COMMUNICATION:Automation Disclosure,0,0
rq3_241,EXAMPLE:Output Template,0,0
rq3_241,EXAMPLE:Worked Case,0,0
rq3_241,EXAMPLE:Technical Snippet,1,0
rq3_241,SAFETY:Prompt Injection Defense,0,0
rq3_241,SAFETY:Information Confidentiality,0,0
rq3_241,SAFETY:Execution Isolation,0,0
rq3_241,SAFETY:Vulnerability Handling,0,0
rq3_242,TASK:Artifact Change,0,1
rq3_242,TASK:Artifact Review,0,0
rq3_242,TASK:Evidence Investigation,0,0
rq3_242,TASK:Executable Validation,0,0
rq3_242,TASK:Work Item Management,0,0
rq3_242,CONSTRAINT:Scope Boundary,0,0
rq3_242,CONSTRAINT:Evidence Grounding,0,0
rq3_242,CONSTRAINT:Quality Standard,1,1
rq3_242,CONSTRAINT:Resource Budget,0,0
rq3_242,CONTEXT:Repository Context,1,1
rq3_242,CONTEXT:Domain Context,0,0
rq3_242,CONTEXT:Execution Environment,0,0
rq3_242,CONTEXT:Historical Context,1,1
rq3_242,OUTPUT:Repository Change,1,1
rq3_242,OUTPUT:Existing Thread Response,1,1
rq3_242,OUTPUT:New Thread,1,1
rq3_242,OUTPUT:Standalone Artifact,0,0
rq3_242,OUTPUT:Control Signal,0,0
rq3_242,PROCESS:Required Sequence,1,1
rq3_242,PROCESS:Decision Branch,1,1
rq3_242,PROCESS:Within-Run Iteration,0,0
rq3_242,PROCESS:Cross-Run Memory,0,0
rq3_242,PROCESS:Work Delegation,0,0
rq3_242,EVALUATION:Execution Check,1,1
rq3_242,EVALUATION:Rule Conformance,0,0
rq3_242,EVALUATION:Evidence Credibility,0,0
rq3_242,EVALUATION:Risk Assessment,0,0
rq3_242,RESOURCE:GitHub Interface,0,0
rq3_242,RESOURCE:Web Retrieval,0,0
rq3_242,RESOURCE:Local Workspace,0,0
rq3_242,RESOURCE:Development Toolchain,0,0
rq3_242,RESOURCE:Agent Resource,1,1
rq3_242,COMMUNICATION:Expert Role,1,1
rq3_242,COMMUNICATION:Audience Voice,0,0
rq3_242,COMMUNICATION:Automation Disclosure,0,0
rq3_242,EXAMPLE:Output Template,1,1
rq3_242,EXAMPLE:Worked Case,0,0
rq3_242,EXAMPLE:Technical Snippet,1,1
rq3_242,SAFETY:Prompt Injection Defense,1,1
rq3_242,SAFETY:Information Confidentiality,0,0
rq3_242,SAFETY:Execution Isolation,0,0
rq3_242,SAFETY:Vulnerability Handling,0,0
rq3_243,TASK:Artifact Change,0,0
rq3_243,TASK:Artifact Review,0,0
rq3_243,TASK:Evidence Investigation,1,1
rq3_243,TASK:Executable Validation,0,0
rq3_243,TASK:Work Item Management,0,0
rq3_243,CONSTRAINT:Scope Boundary,1,1
rq3_243,CONSTRAINT:Evidence Grounding,0,0
rq3_243,CONSTRAINT:Quality Standard,1,0
rq3_243,CONSTRAINT:Resource Budget,0,0
rq3_243,CONTEXT:Repository Context,0,0
rq3_243,CONTEXT:Domain Context,0,0
rq3_243,CONTEXT:Execution Environment,0,0
rq3_243,CONTEXT:Historical Context,1,0
rq3_243,OUTPUT:Repository Change,0,0
rq3_243,OUTPUT:Existing Thread Response,0,0
rq3_243,OUTPUT:New Thread,1,1
rq3_243,OUTPUT:Standalone Artifact,0,0
rq3_243,OUTPUT:Control Signal,1,0
rq3_243,PROCESS:Required Sequence,0,0
rq3_243,PROCESS:Decision Branch,0,1
rq3_243,PROCESS:Within-Run Iteration,0,0
rq3_243,PROCESS:Cross-Run Memory,0,0
rq3_243,PROCESS:Work Delegation,1,1
rq3_243,EVALUATION:Execution Check,0,0
rq3_243,EVALUATION:Rule Conformance,0,1
rq3_243,EVALUATION:Evidence Credibility,0,0
rq3_243,EVALUATION:Risk Assessment,0,0
rq3_243,RESOURCE:GitHub Interface,0,0
rq3_243,RESOURCE:Web Retrieval,0,0
rq3_243,RESOURCE:Local Workspace,1,1
rq3_243,RESOURCE:Development Toolchain,0,0
rq3_243,RESOURCE:Agent Resource,0,0
rq3_243,COMMUNICATION:Expert Role,0,0
rq3_243,COMMUNICATION:Audience Voice,0,0
rq3_243,COMMUNICATION:Automation Disclosure,0,0
rq3_243,EXAMPLE:Output Template,1,1
rq3_243,EXAMPLE:Worked Case,0,0
rq3_243,EXAMPLE:Technical Snippet,0,0
rq3_243,SAFETY:Prompt Injection Defense,0,0
rq3_243,SAFETY:Information Confidentiality,0,0
rq3_243,SAFETY:Execution Isolation,0,0
rq3_243,SAFETY:Vulnerability Handling,0,0
rq3_244,TASK:Artifact Change,0,0
rq3_244,TASK:Artifact Review,1,0
rq3_244,TASK:Evidence Investigation,0,1
rq3_244,TASK:Executable Validation,0,0
rq3_244,TASK:Work Item Management,0,0
rq3_244,CONSTRAINT:Scope Boundary,0,0
rq3_244,CONSTRAINT:Evidence Grounding,0,0
rq3_244,CONSTRAINT:Quality Standard,1,1
rq3_244,CONSTRAINT:Resource Budget,0,0
rq3_244,CONTEXT:Repository Context,1,1
rq3_244,CONTEXT:Domain Context,0,0
rq3_244,CONTEXT:Execution Environment,0,0
rq3_244,CONTEXT:Historical Context,0,0
rq3_244,OUTPUT:Repository Change,0,0
rq3_244,OUTPUT:Existing Thread Response,0,0
rq3_244,OUTPUT:New Thread,1,1
rq3_244,OUTPUT:Standalone Artifact,0,0
rq3_244,OUTPUT:Control Signal,0,0
rq3_244,PROCESS:Required Sequence,1,1
rq3_244,PROCESS:Decision Branch,1,1
rq3_244,PROCESS:Within-Run Iteration,0,0
rq3_244,PROCESS:Cross-Run Memory,0,0
rq3_244,PROCESS:Work Delegation,0,0
rq3_244,EVALUATION:Execution Check,0,0
rq3_244,EVALUATION:Rule Conformance,0,1
rq3_244,EVALUATION:Evidence Credibility,0,0
rq3_244,EVALUATION:Risk Assessment,0,0
rq3_244,RESOURCE:GitHub Interface,0,0
rq3_244,RESOURCE:Web Retrieval,0,0
rq3_244,RESOURCE:Local Workspace,0,1
rq3_244,RESOURCE:Development Toolchain,0,0
rq3_244,RESOURCE:Agent Resource,1,1
rq3_244,COMMUNICATION:Expert Role,1,1
rq3_244,COMMUNICATION:Audience Voice,0,0
rq3_244,COMMUNICATION:Automation Disclosure,0,0
rq3_244,EXAMPLE:Output Template,1,1
rq3_244,EXAMPLE:Worked Case,0,0
rq3_244,EXAMPLE:Technical Snippet,1,0
rq3_244,SAFETY:Prompt Injection Defense,0,0
rq3_244,SAFETY:Information Confidentiality,0,0
rq3_244,SAFETY:Execution Isolation,0,0
rq3_244,SAFETY:Vulnerability Handling,0,0
rq3_245,TASK:Artifact Change,1,1
rq3_245,TASK:Artifact Review,0,0
rq3_245,TASK:Evidence Investigation,1,0
rq3_245,TASK:Executable Validation,0,0
rq3_245,TASK:Work Item Management,0,0
rq3_245,CONSTRAINT:Scope Boundary,1,1
rq3_245,CONSTRAINT:Evidence Grounding,0,1
rq3_245,CONSTRAINT:Quality Standard,1,0
rq3_245,CONSTRAINT:Resource Budget,0,0
rq3_245,CONTEXT:Repository Context,1,1
rq3_245,CONTEXT:Domain Context,0,0
rq3_245,CONTEXT:Execution Environment,0,0
rq3_245,CONTEXT:Historical Context,0,0
rq3_245,OUTPUT:Repository Change,1,1
rq3_245,OUTPUT:Existing Thread Response,1,1
rq3_245,OUTPUT:New Thread,0,0
rq3_245,OUTPUT:Standalone Artifact,0,0
rq3_245,OUTPUT:Control Signal,0,0
rq3_245,PROCESS:Required Sequence,1,1
rq3_245,PROCESS:Decision Branch,0,1
rq3_245,PROCESS:Within-Run Iteration,0,1
rq3_245,PROCESS:Cross-Run Memory,0,0
rq3_245,PROCESS:Work Delegation,0,0
rq3_245,EVALUATION:Execution Check,1,1
rq3_245,EVALUATION:Rule Conformance,0,1
rq3_245,EVALUATION:Evidence Credibility,0,0
rq3_245,EVALUATION:Risk Assessment,0,0
rq3_245,RESOURCE:GitHub Interface,1,1
rq3_245,RESOURCE:Web Retrieval,0,0
rq3_245,RESOURCE:Local Workspace,1,0
rq3_245,RESOURCE:Development Toolchain,0,0
rq3_245,RESOURCE:Agent Resource,0,0
rq3_245,COMMUNICATION:Expert Role,1,0
rq3_245,COMMUNICATION:Audience Voice,0,0
rq3_245,COMMUNICATION:Automation Disclosure,0,0
rq3_245,EXAMPLE:Output Template,1,1
rq3_245,EXAMPLE:Worked Case,0,0
rq3_245,EXAMPLE:Technical Snippet,0,0
rq3_245,SAFETY:Prompt Injection Defense,0,0
rq3_245,SAFETY:Information Confidentiality,0,0
rq3_245,SAFETY:Execution Isolation,0,0
rq3_245,SAFETY:Vulnerability Handling,0,0
rq3_246,TASK:Artifact Change,0,0
rq3_246,TASK:Artifact Review,1,1
rq3_246,TASK:Evidence Investigation,0,0
rq3_246,TASK:Executable Validation,0,0
rq3_246,TASK:Work Item Management,0,0
rq3_246,CONSTRAINT:Scope Boundary,0,0
rq3_246,CONSTRAINT:Evidence Grounding,1,0
rq3_246,CONSTRAINT:Quality Standard,0,0
rq3_246,CONSTRAINT:Resource Budget,0,0
rq3_246,CONTEXT:Repository Context,1,0
rq3_246,CONTEXT:Domain Context,1,1
rq3_246,CONTEXT:Execution Environment,0,0
rq3_246,CONTEXT:Historical Context,0,0
rq3_246,OUTPUT:Repository Change,0,0
rq3_246,OUTPUT:Existing Thread Response,0,0
rq3_246,OUTPUT:New Thread,1,1
rq3_246,OUTPUT:Standalone Artifact,0,0
rq3_246,OUTPUT:Control Signal,1,0
rq3_246,PROCESS:Required Sequence,1,0
rq3_246,PROCESS:Decision Branch,1,1
rq3_246,PROCESS:Within-Run Iteration,1,0
rq3_246,PROCESS:Cross-Run Memory,0,0
rq3_246,PROCESS:Work Delegation,0,0
rq3_246,EVALUATION:Execution Check,0,0
rq3_246,EVALUATION:Rule Conformance,1,1
rq3_246,EVALUATION:Evidence Credibility,0,0
rq3_246,EVALUATION:Risk Assessment,1,1
rq3_246,RESOURCE:GitHub Interface,0,0
rq3_246,RESOURCE:Web Retrieval,0,0
rq3_246,RESOURCE:Local Workspace,1,1
rq3_246,RESOURCE:Development Toolchain,0,0
rq3_246,RESOURCE:Agent Resource,0,0
rq3_246,COMMUNICATION:Expert Role,1,1
rq3_246,COMMUNICATION:Audience Voice,0,0
rq3_246,COMMUNICATION:Automation Disclosure,1,0
rq3_246,EXAMPLE:Output Template,1,1
rq3_246,EXAMPLE:Worked Case,0,0
rq3_246,EXAMPLE:Technical Snippet,1,0
rq3_246,SAFETY:Prompt Injection Defense,0,0
rq3_246,SAFETY:Information Confidentiality,0,0
rq3_246,SAFETY:Execution Isolation,0,0
rq3_246,SAFETY:Vulnerability Handling,0,0
rq3_247,TASK:Artifact Change,0,0
rq3_247,TASK:Artifact Review,0,0
rq3_247,TASK:Evidence Investigation,1,0
rq3_247,TASK:Executable Validation,0,0
rq3_247,TASK:Work Item Management,1,0
rq3_247,CONSTRAINT:Scope Boundary,0,0
rq3_247,CONSTRAINT:Evidence Grounding,0,0
rq3_247,CONSTRAINT:Quality Standard,1,1
rq3_247,CONSTRAINT:Resource Budget,0,0
rq3_247,CONTEXT:Repository Context,0,0
rq3_247,CONTEXT:Domain Context,0,0
rq3_247,CONTEXT:Execution Environment,1,1
rq3_247,CONTEXT:Historical Context,0,0
rq3_247,OUTPUT:Repository Change,0,0
rq3_247,OUTPUT:Existing Thread Response,1,1
rq3_247,OUTPUT:New Thread,0,0
rq3_247,OUTPUT:Standalone Artifact,0,0
rq3_247,OUTPUT:Control Signal,1,1
rq3_247,PROCESS:Required Sequence,1,1
rq3_247,PROCESS:Decision Branch,1,0
rq3_247,PROCESS:Within-Run Iteration,0,0
rq3_247,PROCESS:Cross-Run Memory,0,0
rq3_247,PROCESS:Work Delegation,0,0
rq3_247,EVALUATION:Execution Check,1,0
rq3_247,EVALUATION:Rule Conformance,0,0
rq3_247,EVALUATION:Evidence Credibility,0,0
rq3_247,EVALUATION:Risk Assessment,0,0
rq3_247,RESOURCE:GitHub Interface,0,0
rq3_247,RESOURCE:Web Retrieval,0,0
rq3_247,RESOURCE:Local Workspace,1,1
rq3_247,RESOURCE:Development Toolchain,0,0
rq3_247,RESOURCE:Agent Resource,0,0
rq3_247,COMMUNICATION:Expert Role,0,0
rq3_247,COMMUNICATION:Audience Voice,0,0
rq3_247,COMMUNICATION:Automation Disclosure,0,0
rq3_247,EXAMPLE:Output Template,1,1
rq3_247,EXAMPLE:Worked Case,0,0
rq3_247,EXAMPLE:Technical Snippet,0,0
rq3_247,SAFETY:Prompt Injection Defense,0,0
rq3_247,SAFETY:Information Confidentiality,0,0
rq3_247,SAFETY:Execution Isolation,0,0
rq3_247,SAFETY:Vulnerability Handling,0,0
rq3_248,TASK:Artifact Change,0,0
rq3_248,TASK:Artifact Review,0,0
rq3_248,TASK:Evidence Investigation,1,1
rq3_248,TASK:Executable Validation,0,0
rq3_248,TASK:Work Item Management,0,0
rq3_248,CONSTRAINT:Scope Boundary,1,0
rq3_248,CONSTRAINT:Evidence Grounding,0,0
rq3_248,CONSTRAINT:Quality Standard,1,0
rq3_248,CONSTRAINT:Resource Budget,1,0
rq3_248,CONTEXT:Repository Context,1,0
rq3_248,CONTEXT:Domain Context,0,0
rq3_248,CONTEXT:Execution Environment,1,0
rq3_248,CONTEXT:Historical Context,0,0
rq3_248,OUTPUT:Repository Change,0,0
rq3_248,OUTPUT:Existing Thread Response,1,1
rq3_248,OUTPUT:New Thread,0,0
rq3_248,OUTPUT:Standalone Artifact,0,0
rq3_248,OUTPUT:Control Signal,1,0
rq3_248,PROCESS:Required Sequence,1,1
rq3_248,PROCESS:Decision Branch,1,1
rq3_248,PROCESS:Within-Run Iteration,0,0
rq3_248,PROCESS:Cross-Run Memory,1,1
rq3_248,PROCESS:Work Delegation,0,0
rq3_248,EVALUATION:Execution Check,0,0
rq3_248,EVALUATION:Rule Conformance,1,1
rq3_248,EVALUATION:Evidence Credibility,0,0
rq3_248,EVALUATION:Risk Assessment,1,1
rq3_248,RESOURCE:GitHub Interface,1,1
rq3_248,RESOURCE:Web Retrieval,0,0
rq3_248,RESOURCE:Local Workspace,1,1
rq3_248,RESOURCE:Development Toolchain,0,0
rq3_248,RESOURCE:Agent Resource,0,0
rq3_248,COMMUNICATION:Expert Role,0,1
rq3_248,COMMUNICATION:Audience Voice,1,0
rq3_248,COMMUNICATION:Automation Disclosure,1,1
rq3_248,EXAMPLE:Output Template,1,1
rq3_248,EXAMPLE:Worked Case,1,0
rq3_248,EXAMPLE:Technical Snippet,0,0
rq3_248,SAFETY:Prompt Injection Defense,0,0
rq3_248,SAFETY:Information Confidentiality,0,0
rq3_248,SAFETY:Execution Isolation,0,0
rq3_248,SAFETY:Vulnerability Handling,0,0
rq3_249,TASK:Artifact Change,1,0
rq3_249,TASK:Artifact Review,1,0
rq3_249,TASK:Evidence Investigation,0,0
rq3_249,TASK:Executable Validation,0,1
rq3_249,TASK:Work Item Management,0,0
rq3_249,CONSTRAINT:Scope Boundary,0,0
rq3_249,CONSTRAINT:Evidence Grounding,0,0
rq3_249,CONSTRAINT:Quality Standard,1,0
rq3_249,CONSTRAINT:Resource Budget,0,1
rq3_249,CONTEXT:Repository Context,0,0
rq3_249,CONTEXT:Domain Context,0,0
rq3_249,CONTEXT:Execution Environment,0,0
rq3_249,CONTEXT:Historical Context,0,0
rq3_249,OUTPUT:Repository Change,0,1
rq3_249,OUTPUT:Existing Thread Response,1,1
rq3_249,OUTPUT:New Thread,0,0
rq3_249,OUTPUT:Standalone Artifact,0,0
rq3_249,OUTPUT:Control Signal,0,0
rq3_249,PROCESS:Required Sequence,1,0
rq3_249,PROCESS:Decision Branch,0,0
rq3_249,PROCESS:Within-Run Iteration,0,0
rq3_249,PROCESS:Cross-Run Memory,0,0
rq3_249,PROCESS:Work Delegation,0,0
rq3_249,EVALUATION:Execution Check,1,1
rq3_249,EVALUATION:Rule Conformance,0,1
rq3_249,EVALUATION:Evidence Credibility,0,0
rq3_249,EVALUATION:Risk Assessment,0,0
rq3_249,RESOURCE:GitHub Interface,0,0
rq3_249,RESOURCE:Web Retrieval,0,0
rq3_249,RESOURCE:Local Workspace,0,1
rq3_249,RESOURCE:Development Toolchain,0,0
rq3_249,RESOURCE:Agent Resource,0,0
rq3_249,COMMUNICATION:Expert Role,0,0
rq3_249,COMMUNICATION:Audience Voice,0,0
rq3_249,COMMUNICATION:Automation Disclosure,0,0
rq3_249,EXAMPLE:Output Template,1,1
rq3_249,EXAMPLE:Worked Case,0,0
rq3_249,EXAMPLE:Technical Snippet,1,0
rq3_249,SAFETY:Prompt Injection Defense,0,0
rq3_249,SAFETY:Information Confidentiality,0,0
rq3_249,SAFETY:Execution Isolation,0,0
rq3_249,SAFETY:Vulnerability Handling,0,0
rq3_251,TASK:Artifact Change,0,0
rq3_251,TASK:Artifact Review,1,1
rq3_251,TASK:Evidence Investigation,0,0
rq3_251,TASK:Executable Validation,0,0
rq3_251,TASK:Work Item Management,0,1
rq3_251,CONSTRAINT:Scope Boundary,1,1
rq3_251,CONSTRAINT:Evidence Grounding,0,1
rq3_251,CONSTRAINT:Quality Standard,1,0
rq3_251,CONSTRAINT:Resource Budget,0,0
rq3_251,CONTEXT:Repository Context,1,0
rq3_251,CONTEXT:Domain Context,0,0
rq3_251,CONTEXT:Execution Environment,0,0
rq3_251,CONTEXT:Historical Context,1,0
rq3_251,OUTPUT:Repository Change,0,0
rq3_251,OUTPUT:Existing Thread Response,1,1
rq3_251,OUTPUT:New Thread,0,0
rq3_251,OUTPUT:Standalone Artifact,0,0
rq3_251,OUTPUT:Control Signal,1,0
rq3_251,PROCESS:Required Sequence,1,1
rq3_251,PROCESS:Decision Branch,1,1
rq3_251,PROCESS:Within-Run Iteration,0,0
rq3_251,PROCESS:Cross-Run Memory,1,1
rq3_251,PROCESS:Work Delegation,0,0
rq3_251,EVALUATION:Execution Check,0,0
rq3_251,EVALUATION:Rule Conformance,1,1
rq3_251,EVALUATION:Evidence Credibility,0,0
rq3_251,EVALUATION:Risk Assessment,1,0
rq3_251,RESOURCE:GitHub Interface,1,1
rq3_251,RESOURCE:Web Retrieval,0,0
rq3_251,RESOURCE:Local Workspace,1,1
rq3_251,RESOURCE:Development Toolchain,0,0
rq3_251,RESOURCE:Agent Resource,1,1
rq3_251,COMMUNICATION:Expert Role,0,0
rq3_251,COMMUNICATION:Audience Voice,0,0
rq3_251,COMMUNICATION:Automation Disclosure,0,0
rq3_251,EXAMPLE:Output Template,1,1
rq3_251,EXAMPLE:Worked Case,0,0
rq3_251,EXAMPLE:Technical Snippet,0,0
rq3_251,SAFETY:Prompt Injection Defense,0,0
rq3_251,SAFETY:Information Confidentiality,0,0
rq3_251,SAFETY:Execution Isolation,0,0
rq3_251,SAFETY:Vulnerability Handling,0,0
rq3_252,TASK:Artifact Change,0,0
rq3_252,TASK:Artifact Review,0,0
rq3_252,TASK:Evidence Investigation,1,0
rq3_252,TASK:Executable Validation,0,0
rq3_252,TASK:Work Item Management,0,0
rq3_252,CONSTRAINT:Scope Boundary,0,0
rq3_252,CONSTRAINT:Evidence Grounding,0,0
rq3_252,CONSTRAINT:Quality Standard,0,0
rq3_252,CONSTRAINT:Resource Budget,0,0
rq3_252,CONTEXT:Repository Context,0,0
rq3_252,CONTEXT:Domain Context,0,0
rq3_252,CONTEXT:Execution Environment,0,0
rq3_252,CONTEXT:Historical Context,0,0
rq3_252,OUTPUT:Repository Change,0,0
rq3_252,OUTPUT:Existing Thread Response,1,1
rq3_252,OUTPUT:New Thread,0,0
rq3_252,OUTPUT:Standalone Artifact,0,0
rq3_252,OUTPUT:Control Signal,0,0
rq3_252,PROCESS:Required Sequence,1,1
rq3_252,PROCESS:Decision Branch,1,1
rq3_252,PROCESS:Within-Run Iteration,0,0
rq3_252,PROCESS:Cross-Run Memory,0,0
rq3_252,PROCESS:Work Delegation,0,0
rq3_252,EVALUATION:Execution Check,0,0
rq3_252,EVALUATION:Rule Conformance,0,0
rq3_252,EVALUATION:Evidence Credibility,0,0
rq3_252,EVALUATION:Risk Assessment,0,0
rq3_252,RESOURCE:GitHub Interface,0,1
rq3_252,RESOURCE:Web Retrieval,0,0
rq3_252,RESOURCE:Local Workspace,0,0
rq3_252,RESOURCE:Development Toolchain,0,0
rq3_252,RESOURCE:Agent Resource,0,0
rq3_252,COMMUNICATION:Expert Role,0,0
rq3_252,COMMUNICATION:Audience Voice,0,0
rq3_252,COMMUNICATION:Automation Disclosure,0,0
rq3_252,EXAMPLE:Output Template,1,1
rq3_252,EXAMPLE:Worked Case,0,0
rq3_252,EXAMPLE:Technical Snippet,0,0
rq3_252,SAFETY:Prompt Injection Defense,0,0
rq3_252,SAFETY:Information Confidentiality,0,0
rq3_252,SAFETY:Execution Isolation,0,0
rq3_252,SAFETY:Vulnerability Handling,0,0
rq3_253,TASK:Artifact Change,0,0
rq3_253,TASK:Artifact Review,0,0
rq3_253,TASK:Evidence Investigation,1,1
rq3_253,TASK:Executable Validation,0,0
rq3_253,TASK:Work Item Management,0,0
rq3_253,CONSTRAINT:Scope Boundary,1,1
rq3_253,CONSTRAINT:Evidence Grounding,0,0
rq3_253,CONSTRAINT:Quality Standard,1,1
rq3_253,CONSTRAINT:Resource Budget,0,0
rq3_253,CONTEXT:Repository Context,1,1
rq3_253,CONTEXT:Domain Context,0,0
rq3_253,CONTEXT:Execution Environment,0,0
rq3_253,CONTEXT:Historical Context,0,0
rq3_253,OUTPUT:Repository Change,0,0
rq3_253,OUTPUT:Existing Thread Response,0,0
rq3_253,OUTPUT:New Thread,1,1
rq3_253,OUTPUT:Standalone Artifact,0,0
rq3_253,OUTPUT:Control Signal,0,0
rq3_253,PROCESS:Required Sequence,1,1
rq3_253,PROCESS:Decision Branch,1,1
rq3_253,PROCESS:Within-Run Iteration,0,0
rq3_253,PROCESS:Cross-Run Memory,0,0
rq3_253,PROCESS:Work Delegation,0,0
rq3_253,EVALUATION:Execution Check,0,0
rq3_253,EVALUATION:Rule Conformance,0,0
rq3_253,EVALUATION:Evidence Credibility,0,0
rq3_253,EVALUATION:Risk Assessment,1,1
rq3_253,RESOURCE:GitHub Interface,1,1
rq3_253,RESOURCE:Web Retrieval,0,0
rq3_253,RESOURCE:Local Workspace,0,0
rq3_253,RESOURCE:Development Toolchain,0,0
rq3_253,RESOURCE:Agent Resource,0,0
rq3_253,COMMUNICATION:Expert Role,1,1
rq3_253,COMMUNICATION:Audience Voice,0,0
rq3_253,COMMUNICATION:Automation Disclosure,0,0
rq3_253,EXAMPLE:Output Template,1,1
rq3_253,EXAMPLE:Worked Case,0,0
rq3_253,EXAMPLE:Technical Snippet,0,0
rq3_253,SAFETY:Prompt Injection Defense,0,0
rq3_253,SAFETY:Information Confidentiality,0,0
rq3_253,SAFETY:Execution Isolation,0,0
rq3_253,SAFETY:Vulnerability Handling,0,0
rq3_254,TASK:Artifact Change,0,0
rq3_254,TASK:Artifact Review,1,1
rq3_254,TASK:Evidence Investigation,0,1
rq3_254,TASK:Executable Validation,0,0
rq3_254,TASK:Work Item Management,0,0
rq3_254,CONSTRAINT:Scope Boundary,1,1
rq3_254,CONSTRAINT:Evidence Grounding,1,0
rq3_254,CONSTRAINT:Quality Standard,1,1
rq3_254,CONSTRAINT:Resource Budget,0,0
rq3_254,CONTEXT:Repository Context,1,1
rq3_254,CONTEXT:Domain Context,1,1
rq3_254,CONTEXT:Execution Environment,1,0
rq3_254,CONTEXT:Historical Context,0,0
rq3_254,OUTPUT:Repository Change,0,0
rq3_254,OUTPUT:Existing Thread Response,0,0
rq3_254,OUTPUT:New Thread,1,1
rq3_254,OUTPUT:Standalone Artifact,0,0
rq3_254,OUTPUT:Control Signal,1,0
rq3_254,PROCESS:Required Sequence,1,1
rq3_254,PROCESS:Decision Branch,1,1
rq3_254,PROCESS:Within-Run Iteration,1,0
rq3_254,PROCESS:Cross-Run Memory,0,0
rq3_254,PROCESS:Work Delegation,0,0
rq3_254,EVALUATION:Execution Check,0,0
rq3_254,EVALUATION:Rule Conformance,1,1
rq3_254,EVALUATION:Evidence Credibility,0,0
rq3_254,EVALUATION:Risk Assessment,1,1
rq3_254,RESOURCE:GitHub Interface,0,0
rq3_254,RESOURCE:Web Retrieval,0,0
rq3_254,RESOURCE:Local Workspace,1,0
rq3_254,RESOURCE:Development Toolchain,0,0
rq3_254,RESOURCE:Agent Resource,0,0
rq3_254,COMMUNICATION:Expert Role,1,1
rq3_254,COMMUNICATION:Audience Voice,0,0
rq3_254,COMMUNICATION:Automation Disclosure,0,0
rq3_254,EXAMPLE:Output Template,1,1
rq3_254,EXAMPLE:Worked Case,1,0
rq3_254,EXAMPLE:Technical Snippet,1,0
rq3_254,SAFETY:Prompt Injection Defense,0,0
rq3_254,SAFETY:Information Confidentiality,0,0
rq3_254,SAFETY:Execution Isolation,1,0
rq3_254,SAFETY:Vulnerability Handling,0,0
rq3_255,TASK:Artifact Change,1,1
rq3_255,TASK:Artifact Review,0,0
rq3_255,TASK:Evidence Investigation,0,0
rq3_255,TASK:Executable Validation,0,0
rq3_255,TASK:Work Item Management,0,0
rq3_255,CONSTRAINT:Scope Boundary,1,1
rq3_255,CONSTRAINT:Evidence Grounding,0,0
rq3_255,CONSTRAINT:Quality Standard,0,1
rq3_255,CONSTRAINT:Resource Budget,0,0
rq3_255,CONTEXT:Repository Context,0,0
rq3_255,CONTEXT:Domain Context,0,0
rq3_255,CONTEXT:Execution Environment,0,0
rq3_255,CONTEXT:Historical Context,0,0
rq3_255,OUTPUT:Repository Change,1,1
rq3_255,OUTPUT:Existing Thread Response,0,0
rq3_255,OUTPUT:New Thread,1,0
rq3_255,OUTPUT:Standalone Artifact,0,0
rq3_255,OUTPUT:Control Signal,0,0
rq3_255,PROCESS:Required Sequence,0,1
rq3_255,PROCESS:Decision Branch,1,1
rq3_255,PROCESS:Within-Run Iteration,0,0
rq3_255,PROCESS:Cross-Run Memory,0,0
rq3_255,PROCESS:Work Delegation,0,0
rq3_255,EVALUATION:Execution Check,0,0
rq3_255,EVALUATION:Rule Conformance,0,0
rq3_255,EVALUATION:Evidence Credibility,0,0
rq3_255,EVALUATION:Risk Assessment,0,0
rq3_255,RESOURCE:GitHub Interface,0,0
rq3_255,RESOURCE:Web Retrieval,0,0
rq3_255,RESOURCE:Local Workspace,0,1
rq3_255,RESOURCE:Development Toolchain,1,0
rq3_255,RESOURCE:Agent Resource,0,0
rq3_255,COMMUNICATION:Expert Role,0,0
rq3_255,COMMUNICATION:Audience Voice,0,0
rq3_255,COMMUNICATION:Automation Disclosure,1,0
rq3_255,EXAMPLE:Output Template,0,0
rq3_255,EXAMPLE:Worked Case,0,0
rq3_255,EXAMPLE:Technical Snippet,0,0
rq3_255,SAFETY:Prompt Injection Defense,0,0
rq3_255,SAFETY:Information Confidentiality,0,0
rq3_255,SAFETY:Execution Isolation,0,0
rq3_255,SAFETY:Vulnerability Handling,0,0
rq3_256,TASK:Artifact Change,1,1
rq3_256,TASK:Artifact Review,1,0
rq3_256,TASK:Evidence Investigation,0,0
rq3_256,TASK:Executable Validation,0,0
rq3_256,TASK:Work Item Management,0,1
rq3_256,CONSTRAINT:Scope Boundary,1,1
rq3_256,CONSTRAINT:Evidence Grounding,0,0
rq3_256,CONSTRAINT:Quality Standard,0,0
rq3_256,CONSTRAINT:Resource Budget,0,1
rq3_256,CONTEXT:Repository Context,1,0
rq3_256,CONTEXT:Domain Context,0,0
rq3_256,CONTEXT:Execution Environment,0,0
rq3_256,CONTEXT:Historical Context,0,0
rq3_256,OUTPUT:Repository Change,1,0
rq3_256,OUTPUT:Existing Thread Response,1,1
rq3_256,OUTPUT:New Thread,0,0
rq3_256,OUTPUT:Standalone Artifact,0,0
rq3_256,OUTPUT:Control Signal,0,0
rq3_256,PROCESS:Required Sequence,1,1
rq3_256,PROCESS:Decision Branch,1,1
rq3_256,PROCESS:Within-Run Iteration,0,0
rq3_256,PROCESS:Cross-Run Memory,0,1
rq3_256,PROCESS:Work Delegation,0,0
rq3_256,EVALUATION:Execution Check,1,0
rq3_256,EVALUATION:Rule Conformance,0,1
rq3_256,EVALUATION:Evidence Credibility,0,0
rq3_256,EVALUATION:Risk Assessment,0,0
rq3_256,RESOURCE:GitHub Interface,1,1
rq3_256,RESOURCE:Web Retrieval,0,0
rq3_256,RESOURCE:Local Workspace,0,0
rq3_256,RESOURCE:Development Toolchain,1,1
rq3_256,RESOURCE:Agent Resource,0,0
rq3_256,COMMUNICATION:Expert Role,0,0
rq3_256,COMMUNICATION:Audience Voice,0,1
rq3_256,COMMUNICATION:Automation Disclosure,1,1
rq3_256,EXAMPLE:Output Template,1,1
rq3_256,EXAMPLE:Worked Case,0,0
rq3_256,EXAMPLE:Technical Snippet,0,0
rq3_256,SAFETY:Prompt Injection Defense,0,0
rq3_256,SAFETY:Information Confidentiality,0,0
rq3_256,SAFETY:Execution Isolation,0,0
rq3_256,SAFETY:Vulnerability Handling,0,0
rq3_257,TASK:Artifact Change,0,0
rq3_257,TASK:Artifact Review,0,0
rq3_257,TASK:Evidence Investigation,1,1
rq3_257,TASK:Executable Validation,0,0
rq3_257,TASK:Work Item Management,0,0
rq3_257,CONSTRAINT:Scope Boundary,1,1
rq3_257,CONSTRAINT:Evidence Grounding,0,1
rq3_257,CONSTRAINT:Quality Standard,1,1
rq3_257,CONSTRAINT:Resource Budget,0,0
rq3_257,CONTEXT:Repository Context,1,0
rq3_257,CONTEXT:Domain Context,0,1
rq3_257,CONTEXT:Execution Environment,0,1
rq3_257,CONTEXT:Historical Context,0,1
rq3_257,OUTPUT:Repository Change,0,0
rq3_257,OUTPUT:Existing Thread Response,0,0
rq3_257,OUTPUT:New Thread,1,1
rq3_257,OUTPUT:Standalone Artifact,0,0
rq3_257,OUTPUT:Control Signal,1,1
rq3_257,PROCESS:Required Sequence,1,1
rq3_257,PROCESS:Decision Branch,1,1
rq3_257,PROCESS:Within-Run Iteration,0,0
rq3_257,PROCESS:Cross-Run Memory,0,0
rq3_257,PROCESS:Work Delegation,0,1
rq3_257,EVALUATION:Execution Check,0,0
rq3_257,EVALUATION:Rule Conformance,1,1
rq3_257,EVALUATION:Evidence Credibility,0,0
rq3_257,EVALUATION:Risk Assessment,1,1
rq3_257,RESOURCE:GitHub Interface,1,0
rq3_257,RESOURCE:Web Retrieval,0,0
rq3_257,RESOURCE:Local Workspace,1,1
rq3_257,RESOURCE:Development Toolchain,0,0
rq3_257,RESOURCE:Agent Resource,1,0
rq3_257,COMMUNICATION:Expert Role,1,1
rq3_257,COMMUNICATION:Audience Voice,0,0
rq3_257,COMMUNICATION:Automation Disclosure,0,0
rq3_257,EXAMPLE:Output Template,1,1
rq3_257,EXAMPLE:Worked Case,0,0
rq3_257,EXAMPLE:Technical Snippet,0,0
rq3_257,SAFETY:Prompt Injection Defense,0,0
rq3_257,SAFETY:Information Confidentiality,0,0
rq3_257,SAFETY:Execution Isolation,0,0
rq3_257,SAFETY:Vulnerability Handling,0,0
rq3_258,TASK:Artifact Change,1,0
rq3_258,TASK:Artifact Review,0,0
rq3_258,TASK:Evidence Investigation,1,1
rq3_258,TASK:Executable Validation,0,0
rq3_258,TASK:Work Item Management,0,0
rq3_258,CONSTRAINT:Scope Boundary,1,1
rq3_258,CONSTRAINT:Evidence Grounding,1,0
rq3_258,CONSTRAINT:Quality Standard,1,1
rq3_258,CONSTRAINT:Resource Budget,1,1
rq3_258,CONTEXT:Repository Context,0,0
rq3_258,CONTEXT:Domain Context,0,0
rq3_258,CONTEXT:Execution Environment,1,1
rq3_258,CONTEXT:Historical Context,0,0
rq3_258,OUTPUT:Repository Change,0,0
rq3_258,OUTPUT:Existing Thread Response,0,0
rq3_258,OUTPUT:New Thread,1,1
rq3_258,OUTPUT:Standalone Artifact,1,1
rq3_258,OUTPUT:Control Signal,0,0
rq3_258,PROCESS:Required Sequence,1,0
rq3_258,PROCESS:Decision Branch,1,0
rq3_258,PROCESS:Within-Run Iteration,0,0
rq3_258,PROCESS:Cross-Run Memory,1,1
rq3_258,PROCESS:Work Delegation,0,0
rq3_258,EVALUATION:Execution Check,0,0
rq3_258,EVALUATION:Rule Conformance,0,0
rq3_258,EVALUATION:Evidence Credibility,0,0
rq3_258,EVALUATION:Risk Assessment,0,0
rq3_258,RESOURCE:GitHub Interface,0,0
rq3_258,RESOURCE:Web Retrieval,0,0
rq3_258,RESOURCE:Local Workspace,1,1
rq3_258,RESOURCE:Development Toolchain,0,0
rq3_258,RESOURCE:Agent Resource,1,0
rq3_258,COMMUNICATION:Expert Role,0,0
rq3_258,COMMUNICATION:Audience Voice,1,1
rq3_258,COMMUNICATION:Automation Disclosure,1,1
rq3_258,EXAMPLE:Output Template,1,1
rq3_258,EXAMPLE:Worked Case,0,0
rq3_258,EXAMPLE:Technical Snippet,0,0
rq3_258,SAFETY:Prompt Injection Defense,0,0
rq3_258,SAFETY:Information Confidentiality,0,0
rq3_258,SAFETY:Execution Isolation,0,0
rq3_258,SAFETY:Vulnerability Handling,0,0
rq3_259,TASK:Artifact Change,1,1
rq3_259,TASK:Artifact Review,1,0
rq3_259,TASK:Evidence Investigation,0,1
rq3_259,TASK:Executable Validation,0,0
rq3_259,TASK:Work Item Management,0,0
rq3_259,CONSTRAINT:Scope Boundary,1,1
rq3_259,CONSTRAINT:Evidence Grounding,0,0
rq3_259,CONSTRAINT:Quality Standard,1,1
rq3_259,CONSTRAINT:Resource Budget,0,0
rq3_259,CONTEXT:Repository Context,0,0
rq3_259,CONTEXT:Domain Context,0,0
rq3_259,CONTEXT:Execution Environment,0,0
rq3_259,CONTEXT:Historical Context,0,0
rq3_259,OUTPUT:Repository Change,1,1
rq3_259,OUTPUT:Existing Thread Response,1,0
rq3_259,OUTPUT:New Thread,0,0
rq3_259,OUTPUT:Standalone Artifact,0,0
rq3_259,OUTPUT:Control Signal,1,1
rq3_259,PROCESS:Required Sequence,1,1
rq3_259,PROCESS:Decision Branch,1,1
rq3_259,PROCESS:Within-Run Iteration,0,0
rq3_259,PROCESS:Cross-Run Memory,1,1
rq3_259,PROCESS:Work Delegation,0,0
rq3_259,EVALUATION:Execution Check,0,0
rq3_259,EVALUATION:Rule Conformance,0,0
rq3_259,EVALUATION:Evidence Credibility,0,0
rq3_259,EVALUATION:Risk Assessment,0,0
rq3_259,RESOURCE:GitHub Interface,0,1
rq3_259,RESOURCE:Web Retrieval,0,0
rq3_259,RESOURCE:Local Workspace,1,1
rq3_259,RESOURCE:Development Toolchain,0,0
rq3_259,RESOURCE:Agent Resource,0,0
rq3_259,COMMUNICATION:Expert Role,1,1
rq3_259,COMMUNICATION:Audience Voice,0,0
rq3_259,COMMUNICATION:Automation Disclosure,0,0
rq3_259,EXAMPLE:Output Template,0,0
rq3_259,EXAMPLE:Worked Case,0,0
rq3_259,EXAMPLE:Technical Snippet,0,0
rq3_259,SAFETY:Prompt Injection Defense,0,0
rq3_259,SAFETY:Information Confidentiality,0,0
rq3_259,SAFETY:Execution Isolation,0,0
rq3_259,SAFETY:Vulnerability Handling,0,0
rq3_260,TASK:Artifact Change,0,0
rq3_260,TASK:Artifact Review,1,1
rq3_260,TASK:Evidence Investigation,0,0
rq3_260,TASK:Executable Validation,0,0
rq3_260,TASK:Work Item Management,0,0
rq3_260,CONSTRAINT:Scope Boundary,0,0
rq3_260,CONSTRAINT:Evidence Grounding,0,0
rq3_260,CONSTRAINT:Quality Standard,1,1
rq3_260,CONSTRAINT:Resource Budget,0,0
rq3_260,CONTEXT:Repository Context,1,1
rq3_260,CONTEXT:Domain Context,0,0
rq3_260,CONTEXT:Execution Environment,0,0
rq3_260,CONTEXT:Historical Context,0,0
rq3_260,OUTPUT:Repository Change,0,0
rq3_260,OUTPUT:Existing Thread Response,1,1
rq3_260,OUTPUT:New Thread,0,0
rq3_260,OUTPUT:Standalone Artifact,0,0
rq3_260,OUTPUT:Control Signal,0,1
rq3_260,PROCESS:Required Sequence,0,0
rq3_260,PROCESS:Decision Branch,0,0
rq3_260,PROCESS:Within-Run Iteration,0,0
rq3_260,PROCESS:Cross-Run Memory,0,0
rq3_260,PROCESS:Work Delegation,0,0
rq3_260,EVALUATION:Execution Check,0,0
rq3_260,EVALUATION:Rule Conformance,1,1
rq3_260,EVALUATION:Evidence Credibility,0,0
rq3_260,EVALUATION:Risk Assessment,0,0
rq3_260,RESOURCE:GitHub Interface,0,0
rq3_260,RESOURCE:Web Retrieval,0,0
rq3_260,RESOURCE:Local Workspace,0,0
rq3_260,RESOURCE:Development Toolchain,0,0
rq3_260,RESOURCE:Agent Resource,1,0
rq3_260,COMMUNICATION:Expert Role,0,0
rq3_260,COMMUNICATION:Audience Voice,0,0
rq3_260,COMMUNICATION:Automation Disclosure,0,0
rq3_260,EXAMPLE:Output Template,0,0
rq3_260,EXAMPLE:Worked Case,0,0
rq3_260,EXAMPLE:Technical Snippet,0,0
rq3_260,SAFETY:Prompt Injection Defense,0,0
rq3_260,SAFETY:Information Confidentiality,0,0
rq3_260,SAFETY:Execution Isolation,0,0
rq3_260,SAFETY:Vulnerability Handling,0,0
rq3_261,TASK:Artifact Change,0,0
rq3_261,TASK:Artifact Review,1,1
rq3_261,TASK:Evidence Investigation,0,0
rq3_261,TASK:Executable Validation,0,0
rq3_261,TASK:Work Item Management,0,0
rq3_261,CONSTRAINT:Scope Boundary,1,1
rq3_261,CONSTRAINT:Evidence Grounding,0,0
rq3_261,CONSTRAINT:Quality Standard,1,1
rq3_261,CONSTRAINT:Resource Budget,0,0
rq3_261,CONTEXT:Repository Context,0,0
rq3_261,CONTEXT:Domain Context,0,0
rq3_261,CONTEXT:Execution Environment,0,0
rq3_261,CONTEXT:Historical Context,0,0
rq3_261,OUTPUT:Repository Change,0,0
rq3_261,OUTPUT:Existing Thread Response,1,1
rq3_261,OUTPUT:New Thread,0,0
rq3_261,OUTPUT:Standalone Artifact,0,0
rq3_261,OUTPUT:Control Signal,0,0
rq3_261,PROCESS:Required Sequence,1,1
rq3_261,PROCESS:Decision Branch,1,1
rq3_261,PROCESS:Within-Run Iteration,0,0
rq3_261,PROCESS:Cross-Run Memory,0,0
rq3_261,PROCESS:Work Delegation,0,0
rq3_261,EVALUATION:Execution Check,0,0
rq3_261,EVALUATION:Rule Conformance,0,0
rq3_261,EVALUATION:Evidence Credibility,0,0
rq3_261,EVALUATION:Risk Assessment,1,1
rq3_261,RESOURCE:GitHub Interface,1,1
rq3_261,RESOURCE:Web Retrieval,1,1
rq3_261,RESOURCE:Local Workspace,0,0
rq3_261,RESOURCE:Development Toolchain,0,0
rq3_261,RESOURCE:Agent Resource,0,0
rq3_261,COMMUNICATION:Expert Role,1,1
rq3_261,COMMUNICATION:Audience Voice,0,0
rq3_261,COMMUNICATION:Automation Disclosure,0,0
rq3_261,EXAMPLE:Output Template,0,0
rq3_261,EXAMPLE:Worked Case,0,0
rq3_261,EXAMPLE:Technical Snippet,0,0
rq3_261,SAFETY:Prompt Injection Defense,0,0
rq3_261,SAFETY:Information Confidentiality,1,1
rq3_261,SAFETY:Execution Isolation,0,0
rq3_261,SAFETY:Vulnerability Handling,0,0
rq3_262,TASK:Artifact Change,0,0
rq3_262,TASK:Artifact Review,0,0
rq3_262,TASK:Evidence Investigation,0,0
rq3_262,TASK:Executable Validation,1,1
rq3_262,TASK:Work Item Management,0,0
rq3_262,CONSTRAINT:Scope Boundary,0,0
rq3_262,CONSTRAINT:Evidence Grounding,0,0
rq3_262,CONSTRAINT:Quality Standard,1,0
rq3_262,CONSTRAINT:Resource Budget,0,0
rq3_262,CONTEXT:Repository Context,0,0
rq3_262,CONTEXT:Domain Context,1,0
rq3_262,CONTEXT:Execution Environment,1,1
rq3_262,CONTEXT:Historical Context,0,0
rq3_262,OUTPUT:Repository Change,0,0
rq3_262,OUTPUT:Existing Thread Response,1,1
rq3_262,OUTPUT:New Thread,0,0
rq3_262,OUTPUT:Standalone Artifact,0,0
rq3_262,OUTPUT:Control Signal,1,0
rq3_262,PROCESS:Required Sequence,1,1
rq3_262,PROCESS:Decision Branch,1,1
rq3_262,PROCESS:Within-Run Iteration,0,0
rq3_262,PROCESS:Cross-Run Memory,0,0
rq3_262,PROCESS:Work Delegation,0,0
rq3_262,EVALUATION:Execution Check,1,1
rq3_262,EVALUATION:Rule Conformance,0,0
rq3_262,EVALUATION:Evidence Credibility,0,0
rq3_262,EVALUATION:Risk Assessment,0,0
rq3_262,RESOURCE:GitHub Interface,1,1
rq3_262,RESOURCE:Web Retrieval,0,0
rq3_262,RESOURCE:Local Workspace,1,0
rq3_262,RESOURCE:Development Toolchain,0,0
rq3_262,RESOURCE:Agent Resource,0,0
rq3_262,COMMUNICATION:Expert Role,0,0
rq3_262,COMMUNICATION:Audience Voice,0,1
rq3_262,COMMUNICATION:Automation Disclosure,0,0
rq3_262,EXAMPLE:Output Template,0,1
rq3_262,EXAMPLE:Worked Case,0,0
rq3_262,EXAMPLE:Technical Snippet,1,0
rq3_262,SAFETY:Prompt Injection Defense,0,1
rq3_262,SAFETY:Information Confidentiality,0,0
rq3_262,SAFETY:Execution Isolation,0,1
rq3_262,SAFETY:Vulnerability Handling,0,0
rq3_263,TASK:Artifact Change,0,0
rq3_263,TASK:Artifact Review,0,1
rq3_263,TASK:Evidence Investigation,0,1
rq3_263,TASK:Executable Validation,0,0
rq3_263,TASK:Work Item Management,0,0
rq3_263,CONSTRAINT:Scope Boundary,0,0
rq3_263,CONSTRAINT:Evidence Grounding,0,0
rq3_263,CONSTRAINT:Quality Standard,0,1
rq3_263,CONSTRAINT:Resource Budget,0,0
rq3_263,CONTEXT:Repository Context,0,1
rq3_263,CONTEXT:Domain Context,1,1
rq3_263,CONTEXT:Execution Environment,0,0
rq3_263,CONTEXT:Historical Context,0,0
rq3_263,OUTPUT:Repository Change,0,0
rq3_263,OUTPUT:Existing Thread Response,0,0
rq3_263,OUTPUT:New Thread,0,1
rq3_263,OUTPUT:Standalone Artifact,0,0
rq3_263,OUTPUT:Control Signal,0,0
rq3_263,PROCESS:Required Sequence,0,1
rq3_263,PROCESS:Decision Branch,0,0
rq3_263,PROCESS:Within-Run Iteration,0,0
rq3_263,PROCESS:Cross-Run Memory,0,0
rq3_263,PROCESS:Work Delegation,0,0
rq3_263,EVALUATION:Execution Check,0,0
rq3_263,EVALUATION:Rule Conformance,0,1
rq3_263,EVALUATION:Evidence Credibility,0,0
rq3_263,EVALUATION:Risk Assessment,0,0
rq3_263,RESOURCE:GitHub Interface,0,0
rq3_263,RESOURCE:Web Retrieval,0,0
rq3_263,RESOURCE:Local Workspace,0,1
rq3_263,RESOURCE:Development Toolchain,0,0
rq3_263,RESOURCE:Agent Resource,0,0
rq3_263,COMMUNICATION:Expert Role,1,1
rq3_263,COMMUNICATION:Audience Voice,0,0
rq3_263,COMMUNICATION:Automation Disclosure,0,0
rq3_263,EXAMPLE:Output Template,0,1
rq3_263,EXAMPLE:Worked Case,0,0
rq3_263,EXAMPLE:Technical Snippet,0,0
rq3_263,SAFETY:Prompt Injection Defense,0,0
rq3_263,SAFETY:Information Confidentiality,0,0
rq3_263,SAFETY:Execution Isolation,0,0
rq3_263,SAFETY:Vulnerability Handling,0,0
rq3_264,TASK:Artifact Change,0,0
rq3_264,TASK:Artifact Review,0,0
rq3_264,TASK:Evidence Investigation,0,0
rq3_264,TASK:Executable Validation,0,0
rq3_264,TASK:Work Item Management,1,0
rq3_264,CONSTRAINT:Scope Boundary,0,0
rq3_264,CONSTRAINT:Evidence Grounding,0,0
rq3_264,CONSTRAINT:Quality Standard,0,0
rq3_264,CONSTRAINT:Resource Budget,0,0
rq3_264,CONTEXT:Repository Context,0,1
rq3_264,CONTEXT:Domain Context,0,0
rq3_264,CONTEXT:Execution Environment,0,0
rq3_264,CONTEXT:Historical Context,0,0
rq3_264,OUTPUT:Repository Change,0,0
rq3_264,OUTPUT:Existing Thread Response,0,0
rq3_264,OUTPUT:New Thread,0,0
rq3_264,OUTPUT:Standalone Artifact,0,0
rq3_264,OUTPUT:Control Signal,1,1
rq3_264,PROCESS:Required Sequence,0,0
rq3_264,PROCESS:Decision Branch,0,0
rq3_264,PROCESS:Within-Run Iteration,0,0
rq3_264,PROCESS:Cross-Run Memory,0,0
rq3_264,PROCESS:Work Delegation,0,0
rq3_264,EVALUATION:Execution Check,0,0
rq3_264,EVALUATION:Rule Conformance,0,0
rq3_264,EVALUATION:Evidence Credibility,0,0
rq3_264,EVALUATION:Risk Assessment,0,0
rq3_264,RESOURCE:GitHub Interface,0,0
rq3_264,RESOURCE:Web Retrieval,0,0
rq3_264,RESOURCE:Local Workspace,0,0
rq3_264,RESOURCE:Development Toolchain,0,0
rq3_264,RESOURCE:Agent Resource,0,0
rq3_264,COMMUNICATION:Expert Role,0,0
rq3_264,COMMUNICATION:Audience Voice,0,0
rq3_264,COMMUNICATION:Automation Disclosure,0,0
rq3_264,EXAMPLE:Output Template,0,0
rq3_264,EXAMPLE:Worked Case,0,0
rq3_264,EXAMPLE:Technical Snippet,0,0
rq3_264,SAFETY:Prompt Injection Defense,0,0
rq3_264,SAFETY:Information Confidentiality,0,0
rq3_264,SAFETY:Execution Isolation,0,0
rq3_264,SAFETY:Vulnerability Handling,0,0
rq3_265,TASK:Artifact Change,1,1
rq3_265,TASK:Artifact Review,0,0
rq3_265,TASK:Evidence Investigation,0,1
rq3_265,TASK:Executable Validation,1,0
rq3_265,TASK:Work Item Management,0,0
rq3_265,CONSTRAINT:Scope Boundary,1,1
rq3_265,CONSTRAINT:Evidence Grounding,0,0
rq3_265,CONSTRAINT:Quality Standard,1,1
rq3_265,CONSTRAINT:Resource Budget,0,0
rq3_265,CONTEXT:Repository Context,1,0
rq3_265,CONTEXT:Domain Context,0,0
rq3_265,CONTEXT:Execution Environment,1,0
rq3_265,CONTEXT:Historical Context,0,0
rq3_265,OUTPUT:Repository Change,1,1
rq3_265,OUTPUT:Existing Thread Response,0,0
rq3_265,OUTPUT:New Thread,0,0
rq3_265,OUTPUT:Standalone Artifact,0,0
rq3_265,OUTPUT:Control Signal,1,0
rq3_265,PROCESS:Required Sequence,1,1
rq3_265,PROCESS:Decision Branch,1,1
rq3_265,PROCESS:Within-Run Iteration,1,0
rq3_265,PROCESS:Cross-Run Memory,0,0
rq3_265,PROCESS:Work Delegation,0,0
rq3_265,EVALUATION:Execution Check,1,1
rq3_265,EVALUATION:Rule Conformance,1,0
rq3_265,EVALUATION:Evidence Credibility,0,0
rq3_265,EVALUATION:Risk Assessment,1,0
rq3_265,RESOURCE:GitHub Interface,1,1
rq3_265,RESOURCE:Web Retrieval,0,0
rq3_265,RESOURCE:Local Workspace,1,0
rq3_265,RESOURCE:Development Toolchain,1,0
rq3_265,RESOURCE:Agent Resource,0,0
rq3_265,COMMUNICATION:Expert Role,1,1
rq3_265,COMMUNICATION:Audience Voice,0,0
rq3_265,COMMUNICATION:Automation Disclosure,1,0
rq3_265,EXAMPLE:Output Template,1,1
rq3_265,EXAMPLE:Worked Case,0,0
rq3_265,EXAMPLE:Technical Snippet,1,1
rq3_265,SAFETY:Prompt Injection Defense,0,0
rq3_265,SAFETY:Information Confidentiality,0,0
rq3_265,SAFETY:Execution Isolation,0,0
rq3_265,SAFETY:Vulnerability Handling,0,0
rq3_266,TASK:Artifact Change,1,1
rq3_266,TASK:Artifact Review,0,0
rq3_266,TASK:Evidence Investigation,0,0
rq3_266,TASK:Executable Validation,1,0
rq3_266,TASK:Work Item Management,0,0
rq3_266,CONSTRAINT:Scope Boundary,1,1
rq3_266,CONSTRAINT:Evidence Grounding,0,0
rq3_266,CONSTRAINT:Quality Standard,0,0
rq3_266,CONSTRAINT:Resource Budget,0,0
rq3_266,CONTEXT:Repository Context,1,1
rq3_266,CONTEXT:Domain Context,1,1
rq3_266,CONTEXT:Execution Environment,1,1
rq3_266,CONTEXT:Historical Context,0,0
rq3_266,OUTPUT:Repository Change,1,1
rq3_266,OUTPUT:Existing Thread Response,0,0
rq3_266,OUTPUT:New Thread,0,0
rq3_266,OUTPUT:Standalone Artifact,1,1
rq3_266,OUTPUT:Control Signal,1,0
rq3_266,PROCESS:Required Sequence,1,1
rq3_266,PROCESS:Decision Branch,1,1
rq3_266,PROCESS:Within-Run Iteration,1,0
rq3_266,PROCESS:Cross-Run Memory,0,0
rq3_266,PROCESS:Work Delegation,0,0
rq3_266,EVALUATION:Execution Check,1,1
rq3_266,EVALUATION:Rule Conformance,1,1
rq3_266,EVALUATION:Evidence Credibility,0,0
rq3_266,EVALUATION:Risk Assessment,1,0
rq3_266,RESOURCE:GitHub Interface,0,0
rq3_266,RESOURCE:Web Retrieval,0,0
rq3_266,RESOURCE:Local Workspace,1,0
rq3_266,RESOURCE:Development Toolchain,1,0
rq3_266,RESOURCE:Agent Resource,1,1
rq3_266,COMMUNICATION:Expert Role,0,0
rq3_266,COMMUNICATION:Audience Voice,0,0
rq3_266,COMMUNICATION:Automation Disclosure,1,0
rq3_266,EXAMPLE:Output Template,0,0
rq3_266,EXAMPLE:Worked Case,0,0
rq3_266,EXAMPLE:Technical Snippet,0,0
rq3_266,SAFETY:Prompt Injection Defense,0,0
rq3_266,SAFETY:Information Confidentiality,0,0
rq3_266,SAFETY:Execution Isolation,1,0
rq3_266,SAFETY:Vulnerability Handling,0,0
rq3_267,TASK:Artifact Change,0,0
rq3_267,TASK:Artifact Review,0,1
rq3_267,TASK:Evidence Investigation,1,1
rq3_267,TASK:Executable Validation,0,0
rq3_267,TASK:Work Item Management,0,0
rq3_267,CONSTRAINT:Scope Boundary,0,0
rq3_267,CONSTRAINT:Evidence Grounding,0,0
rq3_267,CONSTRAINT:Quality Standard,0,1
rq3_267,CONSTRAINT:Resource Budget,0,0
rq3_267,CONTEXT:Repository Context,0,0
rq3_267,CONTEXT:Domain Context,0,0
rq3_267,CONTEXT:Execution Environment,0,0
rq3_267,CONTEXT:Historical Context,0,0
rq3_267,OUTPUT:Repository Change,0,0
rq3_267,OUTPUT:Existing Thread Response,0,0
rq3_267,OUTPUT:New Thread,1,1
rq3_267,OUTPUT:Standalone Artifact,0,0
rq3_267,OUTPUT:Control Signal,0,0
rq3_267,PROCESS:Required Sequence,1,1
rq3_267,PROCESS:Decision Branch,1,1
rq3_267,PROCESS:Within-Run Iteration,0,0
rq3_267,PROCESS:Cross-Run Memory,0,0
rq3_267,PROCESS:Work Delegation,0,0
rq3_267,EVALUATION:Execution Check,0,0
rq3_267,EVALUATION:Rule Conformance,1,0
rq3_267,EVALUATION:Evidence Credibility,0,0
rq3_267,EVALUATION:Risk Assessment,0,0
rq3_267,RESOURCE:GitHub Interface,0,0
rq3_267,RESOURCE:Web Retrieval,0,0
rq3_267,RESOURCE:Local Workspace,1,1
rq3_267,RESOURCE:Development Toolchain,0,0
rq3_267,RESOURCE:Agent Resource,0,0
rq3_267,COMMUNICATION:Expert Role,1,1
rq3_267,COMMUNICATION:Audience Voice,0,0
rq3_267,COMMUNICATION:Automation Disclosure,0,0
rq3_267,EXAMPLE:Output Template,1,0
rq3_267,EXAMPLE:Worked Case,0,0
rq3_267,EXAMPLE:Technical Snippet,1,0
rq3_267,SAFETY:Prompt Injection Defense,0,0
rq3_267,SAFETY:Information Confidentiality,0,0
rq3_267,SAFETY:Execution Isolation,0,0
rq3_267,SAFETY:Vulnerability Handling,0,0
rq3_268,TASK:Artifact Change,0,0
rq3_268,TASK:Artifact Review,1,1
rq3_268,TASK:Evidence Investigation,0,0
rq3_268,TASK:Executable Validation,0,0
rq3_268,TASK:Work Item Management,0,0
rq3_268,CONSTRAINT:Scope Boundary,1,1
rq3_268,CONSTRAINT:Evidence Grounding,1,0
rq3_268,CONSTRAINT:Quality Standard,1,1
rq3_268,CONSTRAINT:Resource Budget,1,1
rq3_268,CONTEXT:Repository Context,1,1
rq3_268,CONTEXT:Domain Context,1,1
rq3_268,CONTEXT:Execution Environment,0,0
rq3_268,CONTEXT:Historical Context,0,0
rq3_268,OUTPUT:Repository Change,0,0
rq3_268,OUTPUT:Existing Thread Response,1,1
rq3_268,OUTPUT:New Thread,0,0
rq3_268,OUTPUT:Standalone Artifact,0,0
rq3_268,OUTPUT:Control Signal,0,0
rq3_268,PROCESS:Required Sequence,1,1
rq3_268,PROCESS:Decision Branch,1,1
rq3_268,PROCESS:Within-Run Iteration,1,0
rq3_268,PROCESS:Cross-Run Memory,0,0
rq3_268,PROCESS:Work Delegation,0,0
rq3_268,EVALUATION:Execution Check,0,0
rq3_268,EVALUATION:Rule Conformance,1,0
rq3_268,EVALUATION:Evidence Credibility,0,0
rq3_268,EVALUATION:Risk Assessment,1,0
rq3_268,RESOURCE:GitHub Interface,1,1
rq3_268,RESOURCE:Web Retrieval,1,0
rq3_268,RESOURCE:Local Workspace,0,0
rq3_268,RESOURCE:Development Toolchain,0,0
rq3_268,RESOURCE:Agent Resource,0,0
rq3_268,COMMUNICATION:Expert Role,1,1
rq3_268,COMMUNICATION:Audience Voice,1,0
rq3_268,COMMUNICATION:Automation Disclosure,0,0
rq3_268,EXAMPLE:Output Template,1,1
rq3_268,EXAMPLE:Worked Case,0,0
rq3_268,EXAMPLE:Technical Snippet,0,0
rq3_268,SAFETY:Prompt Injection Defense,0,0
rq3_268,SAFETY:Information Confidentiality,0,0
rq3_268,SAFETY:Execution Isolation,0,0
rq3_268,SAFETY:Vulnerability Handling,0,0
rq3_269,TASK:Artifact Change,1,1
rq3_269,TASK:Artifact Review,1,0
rq3_269,TASK:Evidence Investigation,0,1
rq3_269,TASK:Executable Validation,0,0
rq3_269,TASK:Work Item Management,0,0
rq3_269,CONSTRAINT:Scope Boundary,1,1
rq3_269,CONSTRAINT:Evidence Grounding,1,0
rq3_269,CONSTRAINT:Quality Standard,1,1
rq3_269,CONSTRAINT:Resource Budget,0,0
rq3_269,CONTEXT:Repository Context,1,1
rq3_269,CONTEXT:Domain Context,1,0
rq3_269,CONTEXT:Execution Environment,1,0
rq3_269,CONTEXT:Historical Context,0,1
rq3_269,OUTPUT:Repository Change,1,1
rq3_269,OUTPUT:Existing Thread Response,0,0
rq3_269,OUTPUT:New Thread,0,0
rq3_269,OUTPUT:Standalone Artifact,0,0
rq3_269,OUTPUT:Control Signal,0,0
rq3_269,PROCESS:Required Sequence,1,1
rq3_269,PROCESS:Decision Branch,1,1
rq3_269,PROCESS:Within-Run Iteration,1,0
rq3_269,PROCESS:Cross-Run Memory,0,0
rq3_269,PROCESS:Work Delegation,0,0
rq3_269,EVALUATION:Execution Check,0,0
rq3_269,EVALUATION:Rule Conformance,1,0
rq3_269,EVALUATION:Evidence Credibility,0,0
rq3_269,EVALUATION:Risk Assessment,1,0
rq3_269,RESOURCE:GitHub Interface,1,1
rq3_269,RESOURCE:Web Retrieval,0,0
rq3_269,RESOURCE:Local Workspace,1,0
rq3_269,RESOURCE:Development Toolchain,0,0
rq3_269,RESOURCE:Agent Resource,0,0
rq3_269,COMMUNICATION:Expert Role,0,1
rq3_269,COMMUNICATION:Audience Voice,1,0
rq3_269,COMMUNICATION:Automation Disclosure,1,0
rq3_269,EXAMPLE:Output Template,1,1
rq3_269,EXAMPLE:Worked Case,0,0
rq3_269,EXAMPLE:Technical Snippet,1,0
rq3_269,SAFETY:Prompt Injection Defense,0,0
rq3_269,SAFETY:Information Confidentiality,0,0
rq3_269,SAFETY:Execution Isolation,0,0
rq3_269,SAFETY:Vulnerability Handling,0,0
rq3_270,TASK:Artifact Change,1,1
rq3_270,TASK:Artifact Review,1,1
rq3_270,TASK:Evidence Investigation,1,1
rq3_270,TASK:Executable Validation,0,0
rq3_270,TASK:Work Item Management,0,0
rq3_270,CONSTRAINT:Scope Boundary,1,1
rq3_270,CONSTRAINT:Evidence Grounding,0,0
rq3_270,CONSTRAINT:Quality Standard,1,1
rq3_270,CONSTRAINT:Resource Budget,1,1
rq3_270,CONTEXT:Repository Context,1,1
rq3_270,CONTEXT:Domain Context,0,0
rq3_270,CONTEXT:Execution Environment,0,0
rq3_270,CONTEXT:Historical Context,0,0
rq3_270,OUTPUT:Repository Change,1,1
rq3_270,OUTPUT:Existing Thread Response,0,0
rq3_270,OUTPUT:New Thread,0,0
rq3_270,OUTPUT:Standalone Artifact,0,0
rq3_270,OUTPUT:Control Signal,0,0
rq3_270,PROCESS:Required Sequence,1,1
rq3_270,PROCESS:Decision Branch,0,0
rq3_270,PROCESS:Within-Run Iteration,0,0
rq3_270,PROCESS:Cross-Run Memory,0,0
rq3_270,PROCESS:Work Delegation,0,0
rq3_270,EVALUATION:Execution Check,0,0
rq3_270,EVALUATION:Rule Conformance,0,0
rq3_270,EVALUATION:Evidence Credibility,0,0
rq3_270,EVALUATION:Risk Assessment,0,0
rq3_270,RESOURCE:GitHub Interface,0,0
rq3_270,RESOURCE:Web Retrieval,0,0
rq3_270,RESOURCE:Local Workspace,1,1
rq3_270,RESOURCE:Development Toolchain,0,0
rq3_270,RESOURCE:Agent Resource,0,0
rq3_270,COMMUNICATION:Expert Role,1,1
rq3_270,COMMUNICATION:Audience Voice,0,0
rq3_270,COMMUNICATION:Automation Disclosure,0,0
rq3_270,EXAMPLE:Output Template,0,0
rq3_270,EXAMPLE:Worked Case,0,0
rq3_270,EXAMPLE:Technical Snippet,0,0
rq3_270,SAFETY:Prompt Injection Defense,0,0
rq3_270,SAFETY:Information Confidentiality,0,0
rq3_270,SAFETY:Execution Isolation,0,0
rq3_270,SAFETY:Vulnerability Handling,0,0
rq3_271,TASK:Artifact Change,0,0
rq3_271,TASK:Artifact Review,0,0
rq3_271,TASK:Evidence Investigation,1,1
rq3_271,TASK:Executable Validation,0,0
rq3_271,TASK:Work Item Management,1,1
rq3_271,CONSTRAINT:Scope Boundary,1,0
rq3_271,CONSTRAINT:Evidence Grounding,1,1
rq3_271,CONSTRAINT:Quality Standard,1,0
rq3_271,CONSTRAINT:Resource Budget,1,1
rq3_271,CONTEXT:Repository Context,1,1
rq3_271,CONTEXT:Domain Context,1,1
rq3_271,CONTEXT:Execution Environment,0,0
rq3_271,CONTEXT:Historical Context,0,0
rq3_271,OUTPUT:Repository Change,0,0
rq3_271,OUTPUT:Existing Thread Response,1,1
rq3_271,OUTPUT:New Thread,1,1
rq3_271,OUTPUT:Standalone Artifact,0,0
rq3_271,OUTPUT:Control Signal,1,0
rq3_271,PROCESS:Required Sequence,1,1
rq3_271,PROCESS:Decision Branch,1,1
rq3_271,PROCESS:Within-Run Iteration,0,0
rq3_271,PROCESS:Cross-Run Memory,1,0
rq3_271,PROCESS:Work Delegation,0,0
rq3_271,EVALUATION:Execution Check,1,0
rq3_271,EVALUATION:Rule Conformance,1,0
rq3_271,EVALUATION:Evidence Credibility,1,0
rq3_271,EVALUATION:Risk Assessment,0,0
rq3_271,RESOURCE:GitHub Interface,1,1
rq3_271,RESOURCE:Web Retrieval,0,0
rq3_271,RESOURCE:Local Workspace,1,0
rq3_271,RESOURCE:Development Toolchain,0,0
rq3_271,RESOURCE:Agent Resource,0,0
rq3_271,COMMUNICATION:Expert Role,0,0
rq3_271,COMMUNICATION:Audience Voice,1,1
rq3_271,COMMUNICATION:Automation Disclosure,1,1
rq3_271,EXAMPLE:Output Template,1,1
rq3_271,EXAMPLE:Worked Case,0,0
rq3_271,EXAMPLE:Technical Snippet,0,0
rq3_271,SAFETY:Prompt Injection Defense,0,1
rq3_271,SAFETY:Information Confidentiality,1,1
rq3_271,SAFETY:Execution Isolation,1,0
rq3_271,SAFETY:Vulnerability Handling,0,0
rq3_272,TASK:Artifact Change,0,0
rq3_272,TASK:Artifact Review,0,0
rq3_272,TASK:Evidence Investigation,0,1
rq3_272,TASK:Executable Validation,0,0
rq3_272,TASK:Work Item Management,1,1
rq3_272,CONSTRAINT:Scope Boundary,1,1
rq3_272,CONSTRAINT:Evidence Grounding,0,0
rq3_272,CONSTRAINT:Quality Standard,1,0
rq3_272,CONSTRAINT:Resource Budget,0,0
rq3_272,CONTEXT:Repository Context,0,0
rq3_272,CONTEXT:Domain Context,0,0
rq3_272,CONTEXT:Execution Environment,0,0
rq3_272,CONTEXT:Historical Context,0,0
rq3_272,OUTPUT:Repository Change,0,0
rq3_272,OUTPUT:Existing Thread Response,1,1
rq3_272,OUTPUT:New Thread,0,0
rq3_272,OUTPUT:Standalone Artifact,0,0
rq3_272,OUTPUT:Control Signal,1,0
rq3_272,PROCESS:Required Sequence,0,0
rq3_272,PROCESS:Decision Branch,0,1
rq3_272,PROCESS:Within-Run Iteration,0,0
rq3_272,PROCESS:Cross-Run Memory,0,0
rq3_272,PROCESS:Work Delegation,0,0
rq3_272,EVALUATION:Execution Check,0,0
rq3_272,EVALUATION:Rule Conformance,0,0
rq3_272,EVALUATION:Evidence Credibility,0,0
rq3_272,EVALUATION:Risk Assessment,0,0
rq3_272,RESOURCE:GitHub Interface,0,1
rq3_272,RESOURCE:Web Retrieval,0,0
rq3_272,RESOURCE:Local Workspace,0,0
rq3_272,RESOURCE:Development Toolchain,0,0
rq3_272,RESOURCE:Agent Resource,0,0
rq3_272,COMMUNICATION:Expert Role,0,0
rq3_272,COMMUNICATION:Audience Voice,0,1
rq3_272,COMMUNICATION:Automation Disclosure,0,0
rq3_272,EXAMPLE:Output Template,0,1
rq3_272,EXAMPLE:Worked Case,0,0
rq3_272,EXAMPLE:Technical Snippet,0,0
rq3_272,SAFETY:Prompt Injection Defense,0,0
rq3_272,SAFETY:Information Confidentiality,0,0
rq3_272,SAFETY:Execution Isolation,0,0
rq3_272,SAFETY:Vulnerability Handling,0,0
rq3_273,TASK:Artifact Change,1,1
rq3_273,TASK:Artifact Review,0,0
rq3_273,TASK:Evidence Investigation,0,1
rq3_273,TASK:Executable Validation,0,0
rq3_273,TASK:Work Item Management,1,1
rq3_273,CONSTRAINT:Scope Boundary,1,0
rq3_273,CONSTRAINT:Evidence Grounding,0,0
rq3_273,CONSTRAINT:Quality Standard,1,1
rq3_273,CONSTRAINT:Resource Budget,0,0
rq3_273,CONTEXT:Repository Context,1,1
rq3_273,CONTEXT:Domain Context,1,0
rq3_273,CONTEXT:Execution Environment,0,0
rq3_273,CONTEXT:Historical Context,0,0
rq3_273,OUTPUT:Repository Change,1,1
rq3_273,OUTPUT:Existing Thread Response,0,0
rq3_273,OUTPUT:New Thread,0,0
rq3_273,OUTPUT:Standalone Artifact,0,0
rq3_273,OUTPUT:Control Signal,0,0
rq3_273,PROCESS:Required Sequence,1,1
rq3_273,PROCESS:Decision Branch,1,1
rq3_273,PROCESS:Within-Run Iteration,1,0
rq3_273,PROCESS:Cross-Run Memory,1,0
rq3_273,PROCESS:Work Delegation,0,0
rq3_273,EVALUATION:Execution Check,0,0
rq3_273,EVALUATION:Rule Conformance,1,0
rq3_273,EVALUATION:Evidence Credibility,0,0
rq3_273,EVALUATION:Risk Assessment,0,0
rq3_273,RESOURCE:GitHub Interface,1,0
rq3_273,RESOURCE:Web Retrieval,0,0
rq3_273,RESOURCE:Local Workspace,1,1
rq3_273,RESOURCE:Development Toolchain,0,0
rq3_273,RESOURCE:Agent Resource,0,0
rq3_273,COMMUNICATION:Expert Role,1,1
rq3_273,COMMUNICATION:Audience Voice,1,1
rq3_273,COMMUNICATION:Automation Disclosure,1,1
rq3_273,EXAMPLE:Output Template,0,0
rq3_273,EXAMPLE:Worked Case,0,0
rq3_273,EXAMPLE:Technical Snippet,0,0
rq3_273,SAFETY:Prompt Injection Defense,0,0
rq3_273,SAFETY:Information Confidentiality,0,0
rq3_273,SAFETY:Execution Isolation,0,0
rq3_273,SAFETY:Vulnerability Handling,0,0
rq3_275,TASK:Artifact Change,0,0
rq3_275,TASK:Artifact Review,0,0
rq3_275,TASK:Evidence Investigation,1,1
rq3_275,TASK:Executable Validation,0,0
rq3_275,TASK:Work Item Management,0,0
rq3_275,CONSTRAINT:Scope Boundary,0,0
rq3_275,CONSTRAINT:Evidence Grounding,0,0
rq3_275,CONSTRAINT:Quality Standard,0,1
rq3_275,CONSTRAINT:Resource Budget,0,0
rq3_275,CONTEXT:Repository Context,0,0
rq3_275,CONTEXT:Domain Context,0,0
rq3_275,CONTEXT:Execution Environment,0,0
rq3_275,CONTEXT:Historical Context,0,0
rq3_275,OUTPUT:Repository Change,0,0
rq3_275,OUTPUT:Existing Thread Response,0,0
rq3_275,OUTPUT:New Thread,0,0
rq3_275,OUTPUT:Standalone Artifact,0,0
rq3_275,OUTPUT:Control Signal,0,0
rq3_275,PROCESS:Required Sequence,0,0
rq3_275,PROCESS:Decision Branch,0,0
rq3_275,PROCESS:Within-Run Iteration,0,0
rq3_275,PROCESS:Cross-Run Memory,0,0
rq3_275,PROCESS:Work Delegation,0,0
rq3_275,EVALUATION:Execution Check,0,0
rq3_275,EVALUATION:Rule Conformance,0,0
rq3_275,EVALUATION:Evidence Credibility,0,0
rq3_275,EVALUATION:Risk Assessment,0,0
rq3_275,RESOURCE:GitHub Interface,0,0
rq3_275,RESOURCE:Web Retrieval,0,0
rq3_275,RESOURCE:Local Workspace,0,0
rq3_275,RESOURCE:Development Toolchain,0,0
rq3_275,RESOURCE:Agent Resource,0,0
rq3_275,COMMUNICATION:Expert Role,0,0
rq3_275,COMMUNICATION:Audience Voice,0,0
rq3_275,COMMUNICATION:Automation Disclosure,0,0
rq3_275,EXAMPLE:Output Template,0,0
rq3_275,EXAMPLE:Worked Case,0,0
rq3_275,EXAMPLE:Technical Snippet,0,0
rq3_275,SAFETY:Prompt Injection Defense,0,0
rq3_275,SAFETY:Information Confidentiality,0,0
rq3_275,SAFETY:Execution Isolation,0,0
rq3_275,SAFETY:Vulnerability Handling,0,0
rq3_276,TASK:Artifact Change,1,1
rq3_276,TASK:Artifact Review,1,0
rq3_276,TASK:Evidence Investigation,1,1
rq3_276,TASK:Executable Validation,0,0
rq3_276,TASK:Work Item Management,0,0
rq3_276,CONSTRAINT:Scope Boundary,1,0
rq3_276,CONSTRAINT:Evidence Grounding,1,0
rq3_276,CONSTRAINT:Quality Standard,1,1
rq3_276,CONSTRAINT:Resource Budget,0,0
rq3_276,CONTEXT:Repository Context,1,1
rq3_276,CONTEXT:Domain Context,1,0
rq3_276,CONTEXT:Execution Environment,1,0
rq3_276,CONTEXT:Historical Context,0,0
rq3_276,OUTPUT:Repository Change,1,1
rq3_276,OUTPUT:Existing Thread Response,0,0
rq3_276,OUTPUT:New Thread,1,1
rq3_276,OUTPUT:Standalone Artifact,0,0
rq3_276,OUTPUT:Control Signal,0,0
rq3_276,PROCESS:Required Sequence,1,1
rq3_276,PROCESS:Decision Branch,1,1
rq3_276,PROCESS:Within-Run Iteration,1,0
rq3_276,PROCESS:Cross-Run Memory,1,1
rq3_276,PROCESS:Work Delegation,1,1
rq3_276,EVALUATION:Execution Check,0,0
rq3_276,EVALUATION:Rule Conformance,1,1
rq3_276,EVALUATION:Evidence Credibility,1,0
rq3_276,EVALUATION:Risk Assessment,1,0
rq3_276,RESOURCE:GitHub Interface,1,0
rq3_276,RESOURCE:Web Retrieval,0,0
rq3_276,RESOURCE:Local Workspace,1,1
rq3_276,RESOURCE:Development Toolchain,0,0
rq3_276,RESOURCE:Agent Resource,1,1
rq3_276,COMMUNICATION:Expert Role,0,1
rq3_276,COMMUNICATION:Audience Voice,0,0
rq3_276,COMMUNICATION:Automation Disclosure,1,0
rq3_276,EXAMPLE:Output Template,1,1
rq3_276,EXAMPLE:Worked Case,0,0
rq3_276,EXAMPLE:Technical Snippet,1,1
rq3_276,SAFETY:Prompt Injection Defense,0,0
rq3_276,SAFETY:Information Confidentiality,0,0
rq3_276,SAFETY:Execution Isolation,0,0
rq3_276,SAFETY:Vulnerability Handling,0,0
rq3_277,TASK:Artifact Change,1,0
rq3_277,TASK:Artifact Review,0,0
rq3_277,TASK:Evidence Investigation,1,1
rq3_277,TASK:Executable Validation,1,0
rq3_277,TASK:Work Item Management,0,0
rq3_277,CONSTRAINT:Scope Boundary,1,1
rq3_277,CONSTRAINT:Evidence Grounding,1,0
rq3_277,CONSTRAINT:Quality Standard,1,0
rq3_277,CONSTRAINT:Resource Budget,1,1
rq3_277,CONTEXT:Repository Context,0,0
rq3_277,CONTEXT:Domain Context,1,1
rq3_277,CONTEXT:Execution Environment,1,1
rq3_277,CONTEXT:Historical Context,0,1
rq3_277,OUTPUT:Repository Change,1,1
rq3_277,OUTPUT:Existing Thread Response,0,0
rq3_277,OUTPUT:New Thread,0,0
rq3_277,OUTPUT:Standalone Artifact,0,0
rq3_277,OUTPUT:Control Signal,0,0
rq3_277,PROCESS:Required Sequence,1,0
rq3_277,PROCESS:Decision Branch,1,1
rq3_277,PROCESS:Within-Run Iteration,1,0
rq3_277,PROCESS:Cross-Run Memory,1,0
rq3_277,PROCESS:Work Delegation,0,0
rq3_277,EVALUATION:Execution Check,0,0
rq3_277,EVALUATION:Rule Conformance,1,0
rq3_277,EVALUATION:Evidence Credibility,0,0
rq3_277,EVALUATION:Risk Assessment,1,0
rq3_277,RESOURCE:GitHub Interface,0,0
rq3_277,RESOURCE:Web Retrieval,1,1
rq3_277,RESOURCE:Local Workspace,1,0
rq3_277,RESOURCE:Development Toolchain,1,0
rq3_277,RESOURCE:Agent Resource,0,0
rq3_277,COMMUNICATION:Expert Role,0,0
rq3_277,COMMUNICATION:Audience Voice,0,0
rq3_277,COMMUNICATION:Automation Disclosure,0,0
rq3_277,EXAMPLE:Output Template,0,1
rq3_277,EXAMPLE:Worked Case,0,0
rq3_277,EXAMPLE:Technical Snippet,0,0
rq3_277,SAFETY:Prompt Injection Defense,0,0
rq3_277,SAFETY:Information Confidentiality,0,0
rq3_277,SAFETY:Execution Isolation,0,0
rq3_277,SAFETY:Vulnerability Handling,0,0
rq3_278,TASK:Artifact Change,1,1
rq3_278,TASK:Artifact Review,1,0
rq3_278,TASK:Evidence Investigation,0,1
rq3_278,TASK:Executable Validation,0,0
rq3_278,TASK:Work Item Management,1,0
rq3_278,CONSTRAINT:Scope Boundary,1,1
rq3_278,CONSTRAINT:Evidence Grounding,1,1
rq3_278,CONSTRAINT:Quality Standard,1,0
rq3_278,CONSTRAINT:Resource Budget,1,0
rq3_278,CONTEXT:Repository Context,1,1
rq3_278,CONTEXT:Domain Context,1,0
rq3_278,CONTEXT:Execution Environment,1,1
rq3_278,CONTEXT:Historical Context,0,0
rq3_278,OUTPUT:Repository Change,1,1
rq3_278,OUTPUT:Existing Thread Response,1,1
rq3_278,OUTPUT:New Thread,0,0
rq3_278,OUTPUT:Standalone Artifact,0,0
rq3_278,OUTPUT:Control Signal,0,0
rq3_278,PROCESS:Required Sequence,1,1
rq3_278,PROCESS:Decision Branch,1,1
rq3_278,PROCESS:Within-Run Iteration,1,0
rq3_278,PROCESS:Cross-Run Memory,0,0
rq3_278,PROCESS:Work Delegation,0,0
rq3_278,EVALUATION:Execution Check,0,0
rq3_278,EVALUATION:Rule Conformance,1,1
rq3_278,EVALUATION:Evidence Credibility,1,0
rq3_278,EVALUATION:Risk Assessment,0,1
rq3_278,RESOURCE:GitHub Interface,1,1
rq3_278,RESOURCE:Web Retrieval,0,0
rq3_278,RESOURCE:Local Workspace,1,0
rq3_278,RESOURCE:Development Toolchain,0,0
rq3_278,RESOURCE:Agent Resource,1,0
rq3_278,COMMUNICATION:Expert Role,0,0
rq3_278,COMMUNICATION:Audience Voice,0,0
rq3_278,COMMUNICATION:Automation Disclosure,1,0
rq3_278,EXAMPLE:Output Template,0,1
rq3_278,EXAMPLE:Worked Case,1,0
rq3_278,EXAMPLE:Technical Snippet,1,0
rq3_278,SAFETY:Prompt Injection Defense,0,0
rq3_278,SAFETY:Information Confidentiality,0,0
rq3_278,SAFETY:Execution Isolation,0,0
rq3_278,SAFETY:Vulnerability Handling,0,0
rq3_279,TASK:Artifact Change,0,0
rq3_279,TASK:Artifact Review,1,0
rq3_279,TASK:Evidence Investigation,0,1
rq3_279,TASK:Executable Validation,0,0
rq3_279,TASK:Work Item Management,0,0
rq3_279,CONSTRAINT:Scope Boundary,1,1
rq3_279,CONSTRAINT:Evidence Grounding,1,0
rq3_279,CONSTRAINT:Quality Standard,1,1
rq3_279,CONSTRAINT:Resource Budget,0,0
rq3_279,CONTEXT:Repository Context,0,1
rq3_279,CONTEXT:Domain Context,0,0
rq3_279,CONTEXT:Execution Environment,0,1
rq3_279,CONTEXT:Historical Context,0,0
rq3_279,OUTPUT:Repository Change,0,0
rq3_279,OUTPUT:Existing Thread Response,0,0
rq3_279,OUTPUT:New Thread,1,1
rq3_279,OUTPUT:Standalone Artifact,0,0
rq3_279,OUTPUT:Control Signal,1,0
rq3_279,PROCESS:Required Sequence,1,0
rq3_279,PROCESS:Decision Branch,1,1
rq3_279,PROCESS:Within-Run Iteration,1,0
rq3_279,PROCESS:Cross-Run Memory,0,0
rq3_279,PROCESS:Work Delegation,0,0
rq3_279,EVALUATION:Execution Check,0,0
rq3_279,EVALUATION:Rule Conformance,1,0
rq3_279,EVALUATION:Evidence Credibility,0,0
rq3_279,EVALUATION:Risk Assessment,1,0
rq3_279,RESOURCE:GitHub Interface,1,1
rq3_279,RESOURCE:Web Retrieval,0,0
rq3_279,RESOURCE:Local Workspace,1,0
rq3_279,RESOURCE:Development Toolchain,0,0
rq3_279,RESOURCE:Agent Resource,0,0
rq3_279,COMMUNICATION:Expert Role,0,0
rq3_279,COMMUNICATION:Audience Voice,0,0
rq3_279,COMMUNICATION:Automation Disclosure,0,0
rq3_279,EXAMPLE:Output Template,1,1
rq3_279,EXAMPLE:Worked Case,1,0
rq3_279,EXAMPLE:Technical Snippet,0,0
rq3_279,SAFETY:Prompt Injection Defense,0,0
rq3_279,SAFETY:Information Confidentiality,0,0
rq3_279,SAFETY:Execution Isolation,0,0
rq3_279,SAFETY:Vulnerability Handling,0,0
rq3_280,TASK:Artifact Change,0,0
rq3_280,TASK:Artifact Review,1,1
rq3_280,TASK:Evidence Investigation,0,1
rq3_280,TASK:Executable Validation,0,0
rq3_280,TASK:Work Item Management,0,0
rq3_280,CONSTRAINT:Scope Boundary,1,1
rq3_280,CONSTRAINT:Evidence Grounding,1,0
rq3_280,CONSTRAINT:Quality Standard,1,1
rq3_280,CONSTRAINT:Resource Budget,0,1
rq3_280,CONTEXT:Repository Context,1,0
rq3_280,CONTEXT:Domain Context,0,0
rq3_280,CONTEXT:Execution Environment,0,0
rq3_280,CONTEXT:Historical Context,0,0
rq3_280,OUTPUT:Repository Change,0,0
rq3_280,OUTPUT:Existing Thread Response,1,1
rq3_280,OUTPUT:New Thread,0,0
rq3_280,OUTPUT:Standalone Artifact,0,0
rq3_280,OUTPUT:Control Signal,1,0
rq3_280,PROCESS:Required Sequence,1,1
rq3_280,PROCESS:Decision Branch,1,1
rq3_280,PROCESS:Within-Run Iteration,0,0
rq3_280,PROCESS:Cross-Run Memory,0,0
rq3_280,PROCESS:Work Delegation,0,0
rq3_280,EVALUATION:Execution Check,0,0
rq3_280,EVALUATION:Rule Conformance,0,1
rq3_280,EVALUATION:Evidence Credibility,0,0
rq3_280,EVALUATION:Risk Assessment,0,0
rq3_280,RESOURCE:GitHub Interface,0,0
rq3_280,RESOURCE:Web Retrieval,0,0
rq3_280,RESOURCE:Local Workspace,0,0
rq3_280,RESOURCE:Development Toolchain,0,0
rq3_280,RESOURCE:Agent Resource,0,0
rq3_280,COMMUNICATION:Expert Role,0,0
rq3_280,COMMUNICATION:Audience Voice,0,0
rq3_280,COMMUNICATION:Automation Disclosure,0,0
rq3_280,EXAMPLE:Output Template,1,1
rq3_280,EXAMPLE:Worked Case,0,0
rq3_280,EXAMPLE:Technical Snippet,0,0
rq3_280,SAFETY:Prompt Injection Defense,0,0
rq3_280,SAFETY:Information Confidentiality,0,0
rq3_280,SAFETY:Execution Isolation,0,0
rq3_280,SAFETY:Vulnerability Handling,0,0
rq3_281,TASK:Artifact Change,0,0
rq3_281,TASK:Artifact Review,1,1
rq3_281,TASK:Evidence Investigation,1,1
rq3_281,TASK:Executable Validation,0,0
rq3_281,TASK:Work Item Management,0,0
rq3_281,CONSTRAINT:Scope Boundary,1,1
rq3_281,CONSTRAINT:Evidence Grounding,0,0
rq3_281,CONSTRAINT:Quality Standard,1,1
rq3_281,CONSTRAINT:Resource Budget,1,1
rq3_281,CONTEXT:Repository Context,1,1
rq3_281,CONTEXT:Domain Context,1,0
rq3_281,CONTEXT:Execution Environment,0,0
rq3_281,CONTEXT:Historical Context,0,0
rq3_281,OUTPUT:Repository Change,0,0
rq3_281,OUTPUT:Existing Thread Response,0,0
rq3_281,OUTPUT:New Thread,1,1
rq3_281,OUTPUT:Standalone Artifact,0,0
rq3_281,OUTPUT:Control Signal,1,0
rq3_281,PROCESS:Required Sequence,1,1
rq3_281,PROCESS:Decision Branch,1,1
rq3_281,PROCESS:Within-Run Iteration,1,0
rq3_281,PROCESS:Cross-Run Memory,1,1
rq3_281,PROCESS:Work Delegation,0,0
rq3_281,EVALUATION:Execution Check,0,0
rq3_281,EVALUATION:Rule Conformance,1,1
rq3_281,EVALUATION:Evidence Credibility,1,0
rq3_281,EVALUATION:Risk Assessment,1,0
rq3_281,RESOURCE:GitHub Interface,1,1
rq3_281,RESOURCE:Web Retrieval,0,0
rq3_281,RESOURCE:Local Workspace,1,0
rq3_281,RESOURCE:Development Toolchain,0,0
rq3_281,RESOURCE:Agent Resource,0,0
rq3_281,COMMUNICATION:Expert Role,1,1
rq3_281,COMMUNICATION:Audience Voice,0,0
rq3_281,COMMUNICATION:Automation Disclosure,0,0
rq3_281,EXAMPLE:Output Template,1,1
rq3_281,EXAMPLE:Worked Case,1,0
rq3_281,EXAMPLE:Technical Snippet,1,0
rq3_281,SAFETY:Prompt Injection Defense,0,0
rq3_281,SAFETY:Information Confidentiality,1,0
rq3_281,SAFETY:Execution Isolation,0,0
rq3_281,SAFETY:Vulnerability Handling,1,0
rq3_282,TASK:Artifact Change,0,0
rq3_282,TASK:Artifact Review,1,1
rq3_282,TASK:Evidence Investigation,0,0
rq3_282,TASK:Executable Validation,0,0
rq3_282,TASK:Work Item Management,0,0
rq3_282,CONSTRAINT:Scope Boundary,1,1
rq3_282,CONSTRAINT:Evidence Grounding,1,0
rq3_282,CONSTRAINT:Quality Standard,1,1
rq3_282,CONSTRAINT:Resource Budget,0,0
rq3_282,CONTEXT:Repository Context,1,0
rq3_282,CONTEXT:Domain Context,0,0
rq3_282,CONTEXT:Execution Environment,0,1
rq3_282,CONTEXT:Historical Context,0,0
rq3_282,OUTPUT:Repository Change,0,0
rq3_282,OUTPUT:Existing Thread Response,1,1
rq3_282,OUTPUT:New Thread,0,0
rq3_282,OUTPUT:Standalone Artifact,0,0
rq3_282,OUTPUT:Control Signal,0,1
rq3_282,PROCESS:Required Sequence,1,0
rq3_282,PROCESS:Decision Branch,1,1
rq3_282,PROCESS:Within-Run Iteration,0,0
rq3_282,PROCESS:Cross-Run Memory,0,0
rq3_282,PROCESS:Work Delegation,0,0
rq3_282,EVALUATION:Execution Check,0,0
rq3_282,EVALUATION:Rule Conformance,1,1
rq3_282,EVALUATION:Evidence Credibility,0,1
rq3_282,EVALUATION:Risk Assessment,0,1
rq3_282,RESOURCE:GitHub Interface,1,1
rq3_282,RESOURCE:Web Retrieval,0,0
rq3_282,RESOURCE:Local Workspace,0,0
rq3_282,RESOURCE:Development Toolchain,0,0
rq3_282,RESOURCE:Agent Resource,0,0
rq3_282,COMMUNICATION:Expert Role,1,1
rq3_282,COMMUNICATION:Audience Voice,0,0
rq3_282,COMMUNICATION:Automation Disclosure,0,0
rq3_282,EXAMPLE:Output Template,0,0
rq3_282,EXAMPLE:Worked Case,1,1
rq3_282,EXAMPLE:Technical Snippet,0,0
rq3_282,SAFETY:Prompt Injection Defense,0,0
rq3_282,SAFETY:Information Confidentiality,0,0
rq3_282,SAFETY:Execution Isolation,0,0
rq3_282,SAFETY:Vulnerability Handling,0,1
rq3_283,TASK:Artifact Change,0,0
rq3_283,TASK:Artifact Review,0,0
rq3_283,TASK:Evidence Investigation,0,1
rq3_283,TASK:Executable Validation,0,0
rq3_283,TASK:Work Item Management,0,0
rq3_283,CONSTRAINT:Scope Boundary,0,0
rq3_283,CONSTRAINT:Evidence Grounding,0,0
rq3_283,CONSTRAINT:Quality Standard,0,0
rq3_283,CONSTRAINT:Resource Budget,0,0
rq3_283,CONTEXT:Repository Context,1,1
rq3_283,CONTEXT:Domain Context,0,0
rq3_283,CONTEXT:Execution Environment,0,1
rq3_283,CONTEXT:Historical Context,1,1
rq3_283,OUTPUT:Repository Change,0,0
rq3_283,OUTPUT:Existing Thread Response,0,0
rq3_283,OUTPUT:New Thread,1,1
rq3_283,OUTPUT:Standalone Artifact,1,1
rq3_283,OUTPUT:Control Signal,0,0
rq3_283,PROCESS:Required Sequence,1,1
rq3_283,PROCESS:Decision Branch,1,1
rq3_283,PROCESS:Within-Run Iteration,0,0
rq3_283,PROCESS:Cross-Run Memory,0,0
rq3_283,PROCESS:Work Delegation,0,0
rq3_283,EVALUATION:Execution Check,0,1
rq3_283,EVALUATION:Rule Conformance,1,0
rq3_283,EVALUATION:Evidence Credibility,0,0
rq3_283,EVALUATION:Risk Assessment,0,0
rq3_283,RESOURCE:GitHub Interface,0,0
rq3_283,RESOURCE:Web Retrieval,0,0
rq3_283,RESOURCE:Local Workspace,0,0
rq3_283,RESOURCE:Development Toolchain,0,0
rq3_283,RESOURCE:Agent Resource,0,0
rq3_283,COMMUNICATION:Expert Role,1,1
rq3_283,COMMUNICATION:Audience Voice,0,0
rq3_283,COMMUNICATION:Automation Disclosure,0,0
rq3_283,EXAMPLE:Output Template,1,1
rq3_283,EXAMPLE:Worked Case,0,0
rq3_283,EXAMPLE:Technical Snippet,1,1
rq3_283,SAFETY:Prompt Injection Defense,0,0
rq3_283,SAFETY:Information Confidentiality,0,0
rq3_283,SAFETY:Execution Isolation,0,0
rq3_283,SAFETY:Vulnerability Handling,0,0
rq3_284,TASK:Artifact Change,0,0
rq3_284,TASK:Artifact Review,0,0
rq3_284,TASK:Evidence Investigation,1,1
rq3_284,TASK:Executable Validation,0,0
rq3_284,TASK:Work Item Management,0,0
rq3_284,CONSTRAINT:Scope Boundary,1,1
rq3_284,CONSTRAINT:Evidence Grounding,1,1
rq3_284,CONSTRAINT:Quality Standard,0,0
rq3_284,CONSTRAINT:Resource Budget,0,0
rq3_284,CONTEXT:Repository Context,1,1
rq3_284,CONTEXT:Domain Context,0,0
rq3_284,CONTEXT:Execution Environment,0,1
rq3_284,CONTEXT:Historical Context,0,0
rq3_284,OUTPUT:Repository Change,0,0
rq3_284,OUTPUT:Existing Thread Response,0,0
rq3_284,OUTPUT:New Thread,1,1
rq3_284,OUTPUT:Standalone Artifact,0,0
rq3_284,OUTPUT:Control Signal,1,0
rq3_284,PROCESS:Required Sequence,1,1
rq3_284,PROCESS:Decision Branch,1,1
rq3_284,PROCESS:Within-Run Iteration,1,0
rq3_284,PROCESS:Cross-Run Memory,0,0
rq3_284,PROCESS:Work Delegation,0,0
rq3_284,EVALUATION:Execution Check,0,0
rq3_284,EVALUATION:Rule Conformance,1,1
rq3_284,EVALUATION:Evidence Credibility,0,0
rq3_284,EVALUATION:Risk Assessment,0,0
rq3_284,RESOURCE:GitHub Interface,1,1
rq3_284,RESOURCE:Web Retrieval,0,0
rq3_284,RESOURCE:Local Workspace,0,0
rq3_284,RESOURCE:Development Toolchain,0,0
rq3_284,RESOURCE:Agent Resource,0,0
rq3_284,COMMUNICATION:Expert Role,0,0
rq3_284,COMMUNICATION:Audience Voice,0,0
rq3_284,COMMUNICATION:Automation Disclosure,0,0
rq3_284,EXAMPLE:Output Template,0,0
rq3_284,EXAMPLE:Worked Case,0,0
rq3_284,EXAMPLE:Technical Snippet,0,0
rq3_284,SAFETY:Prompt Injection Defense,0,0
rq3_284,SAFETY:Information Confidentiality,0,0
rq3_284,SAFETY:Execution Isolation,0,0
rq3_284,SAFETY:Vulnerability Handling,0,0
rq3_285,TASK:Artifact Change,0,0
rq3_285,TASK:Artifact Review,0,0
rq3_285,TASK:Evidence Investigation,1,1
rq3_285,TASK:Executable Validation,0,0
rq3_285,TASK:Work Item Management,0,0
rq3_285,CONSTRAINT:Scope Boundary,0,0
rq3_285,CONSTRAINT:Evidence Grounding,0,1
rq3_285,CONSTRAINT:Quality Standard,1,1
rq3_285,CONSTRAINT:Resource Budget,0,0
rq3_285,CONTEXT:Repository Context,0,0
rq3_285,CONTEXT:Domain Context,1,0
rq3_285,CONTEXT:Execution Environment,0,1
rq3_285,CONTEXT:Historical Context,0,0
rq3_285,OUTPUT:Repository Change,0,0
rq3_285,OUTPUT:Existing Thread Response,0,0
rq3_285,OUTPUT:New Thread,1,1
rq3_285,OUTPUT:Standalone Artifact,0,0
rq3_285,OUTPUT:Control Signal,0,0
rq3_285,PROCESS:Required Sequence,1,1
rq3_285,PROCESS:Decision Branch,1,1
rq3_285,PROCESS:Within-Run Iteration,0,0
rq3_285,PROCESS:Cross-Run Memory,1,1
rq3_285,PROCESS:Work Delegation,0,0
rq3_285,EVALUATION:Execution Check,1,0
rq3_285,EVALUATION:Rule Conformance,0,0
rq3_285,EVALUATION:Evidence Credibility,0,0
rq3_285,EVALUATION:Risk Assessment,0,1
rq3_285,RESOURCE:GitHub Interface,0,0
rq3_285,RESOURCE:Web Retrieval,0,0
rq3_285,RESOURCE:Local Workspace,1,1
rq3_285,RESOURCE:Development Toolchain,1,0
rq3_285,RESOURCE:Agent Resource,0,0
rq3_285,COMMUNICATION:Expert Role,1,1
rq3_285,COMMUNICATION:Audience Voice,0,0
rq3_285,COMMUNICATION:Automation Disclosure,0,0
rq3_285,EXAMPLE:Output Template,1,1
rq3_285,EXAMPLE:Worked Case,0,0
rq3_285,EXAMPLE:Technical Snippet,1,1
rq3_285,SAFETY:Prompt Injection Defense,0,0
rq3_285,SAFETY:Information Confidentiality,0,0
rq3_285,SAFETY:Execution Isolation,0,0
rq3_285,SAFETY:Vulnerability Handling,0,0
rq3_286,TASK:Artifact Change,0,0
rq3_286,TASK:Artifact Review,1,1
rq3_286,TASK:Evidence Investigation,0,0
rq3_286,TASK:Executable Validation,0,0
rq3_286,TASK:Work Item Management,0,0
rq3_286,CONSTRAINT:Scope Boundary,1,1
rq3_286,CONSTRAINT:Evidence Grounding,1,1
rq3_286,CONSTRAINT:Quality Standard,1,1
rq3_286,CONSTRAINT:Resource Budget,1,1
rq3_286,CONTEXT:Repository Context,1,1
rq3_286,CONTEXT:Domain Context,0,0
rq3_286,CONTEXT:Execution Environment,0,0
rq3_286,CONTEXT:Historical Context,0,0
rq3_286,OUTPUT:Repository Change,0,0
rq3_286,OUTPUT:Existing Thread Response,1,1
rq3_286,OUTPUT:New Thread,0,0
rq3_286,OUTPUT:Standalone Artifact,0,0
rq3_286,OUTPUT:Control Signal,0,0
rq3_286,PROCESS:Required Sequence,1,1
rq3_286,PROCESS:Decision Branch,1,1
rq3_286,PROCESS:Within-Run Iteration,1,0
rq3_286,PROCESS:Cross-Run Memory,0,0
rq3_286,PROCESS:Work Delegation,0,0
rq3_286,EVALUATION:Execution Check,0,0
rq3_286,EVALUATION:Rule Conformance,1,0
rq3_286,EVALUATION:Evidence Credibility,0,0
rq3_286,EVALUATION:Risk Assessment,1,0
rq3_286,RESOURCE:GitHub Interface,1,1
rq3_286,RESOURCE:Web Retrieval,1,1
rq3_286,RESOURCE:Local Workspace,0,0
rq3_286,RESOURCE:Development Toolchain,0,0
rq3_286,RESOURCE:Agent Resource,0,0
rq3_286,COMMUNICATION:Expert Role,1,1
rq3_286,COMMUNICATION:Audience Voice,1,1
rq3_286,COMMUNICATION:Automation Disclosure,0,0
rq3_286,EXAMPLE:Output Template,1,1
rq3_286,EXAMPLE:Worked Case,1,0
rq3_286,EXAMPLE:Technical Snippet,0,0
rq3_286,SAFETY:Prompt Injection Defense,0,0
rq3_286,SAFETY:Information Confidentiality,0,0
rq3_286,SAFETY:Execution Isolation,0,0
rq3_286,SAFETY:Vulnerability Handling,0,0
rq3_287,TASK:Artifact Change,1,1
rq3_287,TASK:Artifact Review,0,0
rq3_287,TASK:Evidence Investigation,0,0
rq3_287,TASK:Executable Validation,0,0
rq3_287,TASK:Work Item Management,1,0
rq3_287,CONSTRAINT:Scope Boundary,1,1
rq3_287,CONSTRAINT:Evidence Grounding,0,0
rq3_287,CONSTRAINT:Quality Standard,1,1
rq3_287,CONSTRAINT:Resource Budget,0,1
rq3_287,CONTEXT:Repository Context,0,0
rq3_287,CONTEXT:Domain Context,1,1
rq3_287,CONTEXT:Execution Environment,0,0
rq3_287,CONTEXT:Historical Context,0,0
rq3_287,OUTPUT:Repository Change,1,1
rq3_287,OUTPUT:Existing Thread Response,0,0
rq3_287,OUTPUT:New Thread,0,0
rq3_287,OUTPUT:Standalone Artifact,0,0
rq3_287,OUTPUT:Control Signal,0,0
rq3_287,PROCESS:Required Sequence,1,1
rq3_287,PROCESS:Decision Branch,1,1
rq3_287,PROCESS:Within-Run Iteration,0,0
rq3_287,PROCESS:Cross-Run Memory,0,0
rq3_287,PROCESS:Work Delegation,0,0
rq3_287,EVALUATION:Execution Check,0,0
rq3_287,EVALUATION:Rule Conformance,0,0
rq3_287,EVALUATION:Evidence Credibility,0,0
rq3_287,EVALUATION:Risk Assessment,0,0
rq3_287,RESOURCE:GitHub Interface,0,0
rq3_287,RESOURCE:Web Retrieval,0,0
rq3_287,RESOURCE:Local Workspace,1,1
rq3_287,RESOURCE:Development Toolchain,0,0
rq3_287,RESOURCE:Agent Resource,1,1
rq3_287,COMMUNICATION:Expert Role,1,1
rq3_287,COMMUNICATION:Audience Voice,1,1
rq3_287,COMMUNICATION:Automation Disclosure,0,0
rq3_287,EXAMPLE:Output Template,1,1
rq3_287,EXAMPLE:Worked Case,0,0
rq3_287,EXAMPLE:Technical Snippet,0,0
rq3_287,SAFETY:Prompt Injection Defense,0,0
rq3_287,SAFETY:Information Confidentiality,0,0
rq3_287,SAFETY:Execution Isolation,0,0
rq3_287,SAFETY:Vulnerability Handling,0,0
rq3_288,TASK:Artifact Change,1,0
rq3_288,TASK:Artifact Review,1,0
rq3_288,TASK:Evidence Investigation,0,1
rq3_288,TASK:Executable Validation,0,0
rq3_288,TASK:Work Item Management,0,0
rq3_288,CONSTRAINT:Scope Boundary,1,1
rq3_288,CONSTRAINT:Evidence Grounding,0,1
rq3_288,CONSTRAINT:Quality Standard,0,1
rq3_288,CONSTRAINT:Resource Budget,0,1
rq3_288,CONTEXT:Repository Context,1,0
rq3_288,CONTEXT:Domain Context,0,0
rq3_288,CONTEXT:Execution Environment,0,1
rq3_288,CONTEXT:Historical Context,0,0
rq3_288,OUTPUT:Repository Change,1,1
rq3_288,OUTPUT:Existing Thread Response,1,1
rq3_288,OUTPUT:New Thread,0,1
rq3_288,OUTPUT:Standalone Artifact,0,0
rq3_288,OUTPUT:Control Signal,0,0
rq3_288,PROCESS:Required Sequence,1,1
rq3_288,PROCESS:Decision Branch,1,1
rq3_288,PROCESS:Within-Run Iteration,0,0
rq3_288,PROCESS:Cross-Run Memory,0,0
rq3_288,PROCESS:Work Delegation,0,0
rq3_288,EVALUATION:Execution Check,0,0
rq3_288,EVALUATION:Rule Conformance,1,1
rq3_288,EVALUATION:Evidence Credibility,0,0
rq3_288,EVALUATION:Risk Assessment,0,0
rq3_288,RESOURCE:GitHub Interface,1,0
rq3_288,RESOURCE:Web Retrieval,0,0
rq3_288,RESOURCE:Local Workspace,1,1
rq3_288,RESOURCE:Development Toolchain,0,0
rq3_288,RESOURCE:Agent Resource,1,1
rq3_288,COMMUNICATION:Expert Role,1,1
rq3_288,COMMUNICATION:Audience Voice,0,0
rq3_288,COMMUNICATION:Automation Disclosure,0,0
rq3_288,EXAMPLE:Output Template,0,1
rq3_288,EXAMPLE:Worked Case,0,0
rq3_288,EXAMPLE:Technical Snippet,1,1
rq3_288,SAFETY:Prompt Injection Defense,0,0
rq3_288,SAFETY:Information Confidentiality,0,0
rq3_288,SAFETY:Execution Isolation,0,1
rq3_288,SAFETY:Vulnerability Handling,0,0
rq3_289,TASK:Artifact Change,1,1
rq3_289,TASK:Artifact Review,0,0
rq3_289,TASK:Evidence Investigation,0,1
rq3_289,TASK:Executable Validation,1,0
rq3_289,TASK:Work Item Management,0,0
rq3_289,CONSTRAINT:Scope Boundary,1,1
rq3_289,CONSTRAINT:Evidence Grounding,1,0
rq3_289,CONSTRAINT:Quality Standard,1,1
rq3_289,CONSTRAINT:Resource Budget,1,0
rq3_289,CONTEXT:Repository Context,1,0
rq3_289,CONTEXT:Domain Context,0,0
rq3_289,CONTEXT:Execution Environment,0,0
rq3_289,CONTEXT:Historical Context,0,0
rq3_289,OUTPUT:Repository Change,1,1
rq3_289,OUTPUT:Existing Thread Response,0,0
rq3_289,OUTPUT:New Thread,0,0
rq3_289,OUTPUT:Standalone Artifact,0,0
rq3_289,OUTPUT:Control Signal,1,1
rq3_289,PROCESS:Required Sequence,1,1
rq3_289,PROCESS:Decision Branch,1,1
rq3_289,PROCESS:Within-Run Iteration,0,0
rq3_289,PROCESS:Cross-Run Memory,0,0
rq3_289,PROCESS:Work Delegation,0,0
rq3_289,EVALUATION:Execution Check,1,0
rq3_289,EVALUATION:Rule Conformance,0,0
rq3_289,EVALUATION:Evidence Credibility,0,0
rq3_289,EVALUATION:Risk Assessment,1,0
rq3_289,RESOURCE:GitHub Interface,1,1
rq3_289,RESOURCE:Web Retrieval,0,0
rq3_289,RESOURCE:Local Workspace,1,1
rq3_289,RESOURCE:Development Toolchain,1,1
rq3_289,RESOURCE:Agent Resource,0,0
rq3_289,COMMUNICATION:Expert Role,0,1
rq3_289,COMMUNICATION:Audience Voice,0,0
rq3_289,COMMUNICATION:Automation Disclosure,0,0
rq3_289,EXAMPLE:Output Template,0,0
rq3_289,EXAMPLE:Worked Case,0,0
rq3_289,EXAMPLE:Technical Snippet,0,0
rq3_289,SAFETY:Prompt Injection Defense,0,0
rq3_289,SAFETY:Information Confidentiality,0,0
rq3_289,SAFETY:Execution Isolation,0,0
rq3_289,SAFETY:Vulnerability Handling,0,0
rq3_290,TASK:Artifact Change,0,0
rq3_290,TASK:Artifact Review,0,0
rq3_290,TASK:Evidence Investigation,1,1
rq3_290,TASK:Executable Validation,0,0
rq3_290,TASK:Work Item Management,0,0
rq3_290,CONSTRAINT:Scope Boundary,1,1
rq3_290,CONSTRAINT:Evidence Grounding,0,0
rq3_290,CONSTRAINT:Quality Standard,1,1
rq3_290,CONSTRAINT:Resource Budget,1,0
rq3_290,CONTEXT:Repository Context,1,0
rq3_290,CONTEXT:Domain Context,1,0
rq3_290,CONTEXT:Execution Environment,0,0
rq3_290,CONTEXT:Historical Context,0,0
rq3_290,OUTPUT:Repository Change,0,0
rq3_290,OUTPUT:Existing Thread Response,0,0
rq3_290,OUTPUT:New Thread,1,1
rq3_290,OUTPUT:Standalone Artifact,0,0
rq3_290,OUTPUT:Control Signal,1,0
rq3_290,PROCESS:Required Sequence,1,1
rq3_290,PROCESS:Decision Branch,1,1
rq3_290,PROCESS:Within-Run Iteration,1,0
rq3_290,PROCESS:Cross-Run Memory,0,0
rq3_290,PROCESS:Work Delegation,0,0
rq3_290,EVALUATION:Execution Check,0,0
rq3_290,EVALUATION:Rule Conformance,0,1
rq3_290,EVALUATION:Evidence Credibility,0,0
rq3_290,EVALUATION:Risk Assessment,1,0
rq3_290,RESOURCE:GitHub Interface,1,1
rq3_290,RESOURCE:Web Retrieval,1,1
rq3_290,RESOURCE:Local Workspace,0,0
rq3_290,RESOURCE:Development Toolchain,0,0
rq3_290,RESOURCE:Agent Resource,0,0
rq3_290,COMMUNICATION:Expert Role,0,1
rq3_290,COMMUNICATION:Audience Voice,0,0
rq3_290,COMMUNICATION:Automation Disclosure,0,0
rq3_290,EXAMPLE:Output Template,0,1
rq3_290,EXAMPLE:Worked Case,0,0
rq3_290,EXAMPLE:Technical Snippet,0,0
rq3_290,SAFETY:Prompt Injection Defense,0,0
rq3_290,SAFETY:Information Confidentiality,0,0
rq3_290,SAFETY:Execution Isolation,0,0
rq3_290,SAFETY:Vulnerability Handling,1,0
rq3_291,TASK:Artifact Change,0,0
rq3_291,TASK:Artifact Review,0,0
rq3_291,TASK:Evidence Investigation,1,1
rq3_291,TASK:Executable Validation,0,0
rq3_291,TASK:Work Item Management,0,0
rq3_291,CONSTRAINT:Scope Boundary,1,0
rq3_291,CONSTRAINT:Evidence Grounding,1,1
rq3_291,CONSTRAINT:Quality Standard,1,1
rq3_291,CONSTRAINT:Resource Budget,1,0
rq3_291,CONTEXT:Repository Context,1,1
rq3_291,CONTEXT:Domain Context,0,0
rq3_291,CONTEXT:Execution Environment,0,1
rq3_291,CONTEXT:Historical Context,0,0
rq3_291,OUTPUT:Repository Change,0,0
rq3_291,OUTPUT:Existing Thread Response,1,1
rq3_291,OUTPUT:New Thread,0,0
rq3_291,OUTPUT:Standalone Artifact,0,0
rq3_291,OUTPUT:Control Signal,0,0
rq3_291,PROCESS:Required Sequence,1,1
rq3_291,PROCESS:Decision Branch,0,1
rq3_291,PROCESS:Within-Run Iteration,0,0
rq3_291,PROCESS:Cross-Run Memory,0,0
rq3_291,PROCESS:Work Delegation,0,0
rq3_291,EVALUATION:Execution Check,0,0
rq3_291,EVALUATION:Rule Conformance,0,0
rq3_291,EVALUATION:Evidence Credibility,0,0
rq3_291,EVALUATION:Risk Assessment,0,1
rq3_291,RESOURCE:GitHub Interface,0,0
rq3_291,RESOURCE:Web Retrieval,0,0
rq3_291,RESOURCE:Local Workspace,0,0
rq3_291,RESOURCE:Development Toolchain,0,0
rq3_291,RESOURCE:Agent Resource,0,0
rq3_291,COMMUNICATION:Expert Role,1,1
rq3_291,COMMUNICATION:Audience Voice,0,0
rq3_291,COMMUNICATION:Automation Disclosure,0,0
rq3_291,EXAMPLE:Output Template,1,1
rq3_291,EXAMPLE:Worked Case,0,0
rq3_291,EXAMPLE:Technical Snippet,0,0
rq3_291,SAFETY:Prompt Injection Defense,0,0
rq3_291,SAFETY:Information Confidentiality,0,0
rq3_291,SAFETY:Execution Isolation,0,0
rq3_291,SAFETY:Vulnerability Handling,0,0
rq3_292,TASK:Artifact Change,0,0
rq3_292,TASK:Artifact Review,0,0
rq3_292,TASK:Evidence Investigation,0,1
rq3_292,TASK:Executable Validation,0,0
rq3_292,TASK:Work Item Management,0,0
rq3_292,CONSTRAINT:Scope Boundary,1,1
rq3_292,CONSTRAINT:Evidence Grounding,0,0
rq3_292,CONSTRAINT:Quality Standard,1,0
rq3_292,CONSTRAINT:Resource Budget,0,0
rq3_292,CONTEXT:Repository Context,0,0
rq3_292,CONTEXT:Domain Context,0,0
rq3_292,CONTEXT:Execution Environment,0,0
rq3_292,CONTEXT:Historical Context,0,0
rq3_292,OUTPUT:Repository Change,0,0
rq3_292,OUTPUT:Existing Thread Response,0,0
rq3_292,OUTPUT:New Thread,1,1
rq3_292,OUTPUT:Standalone Artifact,0,0
rq3_292,OUTPUT:Control Signal,0,0
rq3_292,PROCESS:Required Sequence,1,1
rq3_292,PROCESS:Decision Branch,1,1
rq3_292,PROCESS:Within-Run Iteration,0,0
rq3_292,PROCESS:Cross-Run Memory,0,0
rq3_292,PROCESS:Work Delegation,0,0
rq3_292,EVALUATION:Execution Check,0,0
rq3_292,EVALUATION:Rule Conformance,1,0
rq3_292,EVALUATION:Evidence Credibility,0,0
rq3_292,EVALUATION:Risk Assessment,0,0
rq3_292,RESOURCE:GitHub Interface,0,1
rq3_292,RESOURCE:Web Retrieval,1,1
rq3_292,RESOURCE:Local Workspace,0,0
rq3_292,RESOURCE:Development Toolchain,1,0
rq3_292,RESOURCE:Agent Resource,1,0
rq3_292,COMMUNICATION:Expert Role,1,0
rq3_292,COMMUNICATION:Audience Voice,0,0
rq3_292,COMMUNICATION:Automation Disclosure,0,0
rq3_292,EXAMPLE:Output Template,1,0
rq3_292,EXAMPLE:Worked Case,0,0
rq3_292,EXAMPLE:Technical Snippet,0,0
rq3_292,SAFETY:Prompt Injection Defense,0,0
rq3_292,SAFETY:Information Confidentiality,0,0
rq3_292,SAFETY:Execution Isolation,0,0
rq3_292,SAFETY:Vulnerability Handling,0,0
rq3_293,TASK:Artifact Change,0,0
rq3_293,TASK:Artifact Review,0,0
rq3_293,TASK:Evidence Investigation,1,1
rq3_293,TASK:Executable Validation,0,0
rq3_293,TASK:Work Item Management,0,0
rq3_293,CONSTRAINT:Scope Boundary,1,1
rq3_293,CONSTRAINT:Evidence Grounding,1,0
rq3_293,CONSTRAINT:Quality Standard,1,1
rq3_293,CONSTRAINT:Resource Budget,1,1
rq3_293,CONTEXT:Repository Context,1,1
rq3_293,CONTEXT:Domain Context,1,1
rq3_293,CONTEXT:Execution Environment,0,0
rq3_293,CONTEXT:Historical Context,0,0
rq3_293,OUTPUT:Repository Change,0,0
rq3_293,OUTPUT:Existing Thread Response,1,1
rq3_293,OUTPUT:New Thread,1,1
rq3_293,OUTPUT:Standalone Artifact,0,0
rq3_293,OUTPUT:Control Signal,1,1
rq3_293,PROCESS:Required Sequence,1,1
rq3_293,PROCESS:Decision Branch,1,1
rq3_293,PROCESS:Within-Run Iteration,1,0
rq3_293,PROCESS:Cross-Run Memory,1,0
rq3_293,PROCESS:Work Delegation,0,0
rq3_293,EVALUATION:Execution Check,0,0
rq3_293,EVALUATION:Rule Conformance,1,1
rq3_293,EVALUATION:Evidence Credibility,1,0
rq3_293,EVALUATION:Risk Assessment,1,1
rq3_293,RESOURCE:GitHub Interface,1,1
rq3_293,RESOURCE:Web Retrieval,0,0
rq3_293,RESOURCE:Local Workspace,1,0
rq3_293,RESOURCE:Development Toolchain,0,0
rq3_293,RESOURCE:Agent Resource,0,0
rq3_293,COMMUNICATION:Expert Role,1,1
rq3_293,COMMUNICATION:Audience Voice,1,0
rq3_293,COMMUNICATION:Automation Disclosure,1,1
rq3_293,EXAMPLE:Output Template,1,0
rq3_293,EXAMPLE:Worked Case,1,0
rq3_293,EXAMPLE:Technical Snippet,0,0
rq3_293,SAFETY:Prompt Injection Defense,0,0
rq3_293,SAFETY:Information Confidentiality,0,0
rq3_293,SAFETY:Execution Isolation,0,0
rq3_293,SAFETY:Vulnerability Handling,0,0
rq3_294,TASK:Artifact Change,1,0
rq3_294,TASK:Artifact Review,0,0
rq3_294,TASK:Evidence Investigation,1,1
rq3_294,TASK:Executable Validation,1,0
rq3_294,TASK:Work Item Management,1,1
rq3_294,CONSTRAINT:Scope Boundary,1,1
rq3_294,CONSTRAINT:Evidence Grounding,1,0
rq3_294,CONSTRAINT:Quality Standard,1,0
rq3_294,CONSTRAINT:Resource Budget,0,0
rq3_294,CONTEXT:Repository Context,1,1
rq3_294,CONTEXT:Domain Context,0,0
rq3_294,CONTEXT:Execution Environment,1,0
rq3_294,CONTEXT:Historical Context,0,0
rq3_294,OUTPUT:Repository Change,1,1
rq3_294,OUTPUT:Existing Thread Response,1,1
rq3_294,OUTPUT:New Thread,1,0
rq3_294,OUTPUT:Standalone Artifact,0,0
rq3_294,OUTPUT:Control Signal,0,0
rq3_294,PROCESS:Required Sequence,1,1
rq3_294,PROCESS:Decision Branch,1,1
rq3_294,PROCESS:Within-Run Iteration,1,0
rq3_294,PROCESS:Cross-Run Memory,0,0
rq3_294,PROCESS:Work Delegation,0,0
rq3_294,EVALUATION:Execution Check,1,0
rq3_294,EVALUATION:Rule Conformance,1,0
rq3_294,EVALUATION:Evidence Credibility,0,0
rq3_294,EVALUATION:Risk Assessment,0,0
rq3_294,RESOURCE:GitHub Interface,1,1
rq3_294,RESOURCE:Web Retrieval,0,0
rq3_294,RESOURCE:Local Workspace,1,0
rq3_294,RESOURCE:Development Toolchain,1,1
rq3_294,RESOURCE:Agent Resource,0,0
rq3_294,COMMUNICATION:Expert Role,0,0
rq3_294,COMMUNICATION:Audience Voice,1,1
rq3_294,COMMUNICATION:Automation Disclosure,1,0
rq3_294,EXAMPLE:Output Template,0,0
rq3_294,EXAMPLE:Worked Case,0,0
rq3_294,EXAMPLE:Technical Snippet,0,0
rq3_294,SAFETY:Prompt Injection Defense,0,0
rq3_294,SAFETY:Information Confidentiality,0,0
rq3_294,SAFETY:Execution Isolation,1,0
rq3_294,SAFETY:Vulnerability Handling,0,0
rq3_295,TASK:Artifact Change,1,1
rq3_295,TASK:Artifact Review,0,0
rq3_295,TASK:Evidence Investigation,1,1
rq3_295,TASK:Executable Validation,0,0
rq3_295,TASK:Work Item Management,0,0
rq3_295,CONSTRAINT:Scope Boundary,1,1
rq3_295,CONSTRAINT:Evidence Grounding,0,0
rq3_295,CONSTRAINT:Quality Standard,0,0
rq3_295,CONSTRAINT:Resource Budget,0,0
rq3_295,CONTEXT:Repository Context,1,1
rq3_295,CONTEXT:Domain Context,0,0
rq3_295,CONTEXT:Execution Environment,1,1
rq3_295,CONTEXT:Historical Context,0,0
rq3_295,OUTPUT:Repository Change,1,1
rq3_295,OUTPUT:Existing Thread Response,0,0
rq3_295,OUTPUT:New Thread,0,0
rq3_295,OUTPUT:Standalone Artifact,1,1
rq3_295,OUTPUT:Control Signal,0,0
rq3_295,PROCESS:Required Sequence,1,1
rq3_295,PROCESS:Decision Branch,1,1
rq3_295,PROCESS:Within-Run Iteration,0,0
rq3_295,PROCESS:Cross-Run Memory,0,0
rq3_295,PROCESS:Work Delegation,0,0
rq3_295,EVALUATION:Execution Check,0,0
rq3_295,EVALUATION:Rule Conformance,0,0
rq3_295,EVALUATION:Evidence Credibility,0,0
rq3_295,EVALUATION:Risk Assessment,0,0
rq3_295,RESOURCE:GitHub Interface,1,1
rq3_295,RESOURCE:Web Retrieval,0,0
rq3_295,RESOURCE:Local Workspace,0,0
rq3_295,RESOURCE:Development Toolchain,1,1
rq3_295,RESOURCE:Agent Resource,1,1
rq3_295,COMMUNICATION:Expert Role,1,1
rq3_295,COMMUNICATION:Audience Voice,0,0
rq3_295,COMMUNICATION:Automation Disclosure,0,0
rq3_295,EXAMPLE:Output Template,1,1
rq3_295,EXAMPLE:Worked Case,0,0
rq3_295,EXAMPLE:Technical Snippet,1,1
rq3_295,SAFETY:Prompt Injection Defense,0,0
rq3_295,SAFETY:Information Confidentiality,0,0
rq3_295,SAFETY:Execution Isolation,0,0
rq3_295,SAFETY:Vulnerability Handling,0,0
rq3_296,TASK:Artifact Change,1,1
rq3_296,TASK:Artifact Review,1,0
rq3_296,TASK:Evidence Investigation,1,1
rq3_296,TASK:Executable Validation,0,0
rq3_296,TASK:Work Item Management,0,0
rq3_296,CONSTRAINT:Scope Boundary,1,1
rq3_296,CONSTRAINT:Evidence Grounding,1,1
rq3_296,CONSTRAINT:Quality Standard,1,0
rq3_296,CONSTRAINT:Resource Budget,0,0
rq3_296,CONTEXT:Repository Context,1,1
rq3_296,CONTEXT:Domain Context,0,0
rq3_296,CONTEXT:Execution Environment,0,0
rq3_296,CONTEXT:Historical Context,1,0
rq3_296,OUTPUT:Repository Change,0,1
rq3_296,OUTPUT:Existing Thread Response,0,0
rq3_296,OUTPUT:New Thread,1,1
rq3_296,OUTPUT:Standalone Artifact,0,0
rq3_296,OUTPUT:Control Signal,0,1
rq3_296,PROCESS:Required Sequence,1,0
rq3_296,PROCESS:Decision Branch,1,1
rq3_296,PROCESS:Within-Run Iteration,0,0
rq3_296,PROCESS:Cross-Run Memory,0,0
rq3_296,PROCESS:Work Delegation,0,0
rq3_296,EVALUATION:Execution Check,1,0
rq3_296,EVALUATION:Rule Conformance,0,0
rq3_296,EVALUATION:Evidence Credibility,0,0
rq3_296,EVALUATION:Risk Assessment,0,0
rq3_296,RESOURCE:GitHub Interface,0,1
rq3_296,RESOURCE:Web Retrieval,0,0
rq3_296,RESOURCE:Local Workspace,0,1
rq3_296,RESOURCE:Development Toolchain,0,0
rq3_296,RESOURCE:Agent Resource,1,0
rq3_296,COMMUNICATION:Expert Role,0,1
rq3_296,COMMUNICATION:Audience Voice,0,0
rq3_296,COMMUNICATION:Automation Disclosure,0,0
rq3_296,EXAMPLE:Output Template,1,1
rq3_296,EXAMPLE:Worked Case,0,0
rq3_296,EXAMPLE:Technical Snippet,1,1
rq3_296,SAFETY:Prompt Injection Defense,0,0
rq3_296,SAFETY:Information Confidentiality,0,0
rq3_296,SAFETY:Execution Isolation,0,0
rq3_296,SAFETY:Vulnerability Handling,0,0
rq3_297,TASK:Artifact Change,0,1
rq3_297,TASK:Artifact Review,0,0
rq3_297,TASK:Evidence Investigation,1,0
rq3_297,TASK:Executable Validation,0,0
rq3_297,TASK:Work Item Management,0,0
rq3_297,CONSTRAINT:Scope Boundary,1,1
rq3_297,CONSTRAINT:Evidence Grounding,1,0
rq3_297,CONSTRAINT:Quality Standard,1,0
rq3_297,CONSTRAINT:Resource Budget,1,0
rq3_297,CONTEXT:Repository Context,1,0
rq3_297,CONTEXT:Domain Context,1,1
rq3_297,CONTEXT:Execution Environment,1,0
rq3_297,CONTEXT:Historical Context,0,0
rq3_297,OUTPUT:Repository Change,0,0
rq3_297,OUTPUT:Existing Thread Response,0,0
rq3_297,OUTPUT:New Thread,1,1
rq3_297,OUTPUT:Standalone Artifact,0,0
rq3_297,OUTPUT:Control Signal,1,0
rq3_297,PROCESS:Required Sequence,1,1
rq3_297,PROCESS:Decision Branch,1,1
rq3_297,PROCESS:Within-Run Iteration,0,0
rq3_297,PROCESS:Cross-Run Memory,0,0
rq3_297,PROCESS:Work Delegation,0,0
rq3_297,EVALUATION:Execution Check,0,0
rq3_297,EVALUATION:Rule Conformance,1,0
rq3_297,EVALUATION:Evidence Credibility,1,0
rq3_297,EVALUATION:Risk Assessment,0,0
rq3_297,RESOURCE:GitHub Interface,0,0
rq3_297,RESOURCE:Web Retrieval,0,0
rq3_297,RESOURCE:Local Workspace,1,1
rq3_297,RESOURCE:Development Toolchain,0,0
rq3_297,RESOURCE:Agent Resource,0,0
rq3_297,COMMUNICATION:Expert Role,0,0
rq3_297,COMMUNICATION:Audience Voice,1,0
rq3_297,COMMUNICATION:Automation Disclosure,1,0
rq3_297,EXAMPLE:Output Template,1,1
rq3_297,EXAMPLE:Worked Case,1,0
rq3_297,EXAMPLE:Technical Snippet,0,0
rq3_297,SAFETY:Prompt Injection Defense,0,0
rq3_297,SAFETY:Information Confidentiality,0,0
rq3_297,SAFETY:Execution Isolation,0,0
rq3_297,SAFETY:Vulnerability Handling,0,0
