id,tp,fp,fn,reference_labels,predicted_labels
rq3_001,4,7,0,CONSTRAINT:Evidence Grounding | CONSTRAINT:Scope Boundary | EVALUATION:Execution Check | TASK:Artifact Change,CONSTRAINT:Evidence Grounding | CONSTRAINT:Resource Budget | CONSTRAINT:Scope Boundary | EVALUATION:Execution Check | PROCESS:Decision Branch | PROCESS:Required Sequence | RESOURCE:Development Toolchain | RESOURCE:Local Workspace | TASK:Artifact Change | TASK:Evidence Investigation | TASK:Executable Validation
rq3_002,12,8,0,COMMUNICATION:Expert Role | CONSTRAINT:Scope Boundary | CONTEXT:Repository Context | EXAMPLE:Output Template | OUTPUT:Control Signal | OUTPUT:Existing Thread Response | PROCESS:Decision Branch | PROCESS:Required Sequence | RESOURCE:GitHub Interface | SAFETY:Information Confidentiality | SAFETY:Prompt Injection Defense | TASK:Artifact Review,COMMUNICATION:Expert Role | CONSTRAINT:Quality Standard | CONSTRAINT:Scope Boundary | CONTEXT:Domain Context | CONTEXT:Repository Context | EVALUATION:Risk Assessment | EVALUATION:Rule Conformance | EXAMPLE:Output Template | OUTPUT:Control Signal | OUTPUT:Existing Thread Response | PROCESS:Decision Branch | PROCESS:Required Sequence | PROCESS:Within-Run Iteration | RESOURCE:Development Toolchain | RESOURCE:GitHub Interface | RESOURCE:Web Retrieval | SAFETY:Information Confidentiality | SAFETY:Prompt Injection Defense | SAFETY:Vulnerability Handling | TASK:Artifact Review
rq3_003,14,7,2,COMMUNICATION:Expert Role | CONSTRAINT:Quality Standard | CONSTRAINT:Scope Boundary | CONTEXT:Historical Context | CONTEXT:Repository Context | EVALUATION:Evidence Credibility | EXAMPLE:Output Template | OUTPUT:Control Signal | OUTPUT:Existing Thread Response | PROCESS:Decision Branch | PROCESS:Required Sequence | RESOURCE:Agent Resource | RESOURCE:GitHub Interface | RESOURCE:Web Retrieval | SAFETY:Execution Isolation | TASK:Evidence Investigation,COMMUNICATION:Audience Voice | COMMUNICATION:Expert Role | CONSTRAINT:Evidence Grounding | CONSTRAINT:Quality Standard | CONSTRAINT:Resource Budget | CONSTRAINT:Scope Boundary | CONTEXT:Repository Context | EVALUATION:Evidence Credibility | EXAMPLE:Output Template | EXAMPLE:Technical Snippet | OUTPUT:Existing Thread Response | PROCESS:Decision Branch | PROCESS:Required Sequence | PROCESS:Within-Run Iteration | RESOURCE:Agent Resource | RESOURCE:GitHub Interface | RESOURCE:Local Workspace | RESOURCE:Web Retrieval | SAFETY:Execution Isolation | TASK:Evidence Investigation | TASK:Work Item Management
rq3_004,10,6,1,CONSTRAINT:Quality Standard | CONSTRAINT:Scope Boundary | CONTEXT:Repository Context | OUTPUT:Control Signal | OUTPUT:New Thread | OUTPUT:Repository Change | PROCESS:Decision Branch | PROCESS:Required Sequence | RESOURCE:GitHub Interface | TASK:Artifact Change | TASK:Evidence Investigation,COMMUNICATION:Audience Voice | COMMUNICATION:Expert Role | CONSTRAINT:Evidence Grounding | CONSTRAINT:Quality Standard | CONSTRAINT:Scope Boundary | CONTEXT:Domain Context | CONTEXT:Repository Context | EXAMPLE:Output Template | OUTPUT:Control Signal | OUTPUT:Repository Change | PROCESS:Decision Branch | PROCESS:Required Sequence | RESOURCE:GitHub Interface | RESOURCE:Local Workspace | TASK:Artifact Change | TASK:Evidence Investigation
rq3_005,12,5,0,CONSTRAINT:Quality Standard | CONSTRAINT:Scope Boundary | CONTEXT:Repository Context | EVALUATION:Execution Check | EXAMPLE:Output Template | OUTPUT:Existing Thread Response | OUTPUT:Repository Change | PROCESS:Decision Branch | PROCESS:Required Sequence | RESOURCE:Development Toolchain | TASK:Artifact Change | TASK:Evidence Investigation,COMMUNICATION:Audience Voice | CONSTRAINT:Evidence Grounding | CONSTRAINT:Quality Standard | CONSTRAINT:Scope Boundary | CONTEXT:Repository Context | EVALUATION:Execution Check | EXAMPLE:Output Template | OUTPUT:Existing Thread Response | OUTPUT:Repository Change | PROCESS:Decision Branch | PROCESS:Required Sequence | RESOURCE:Development Toolchain | RESOURCE:GitHub Interface | RESOURCE:Local Workspace | TASK:Artifact Change | TASK:Evidence Investigation | TASK:Executable Validation
rq3_006,11,10,1,CONSTRAINT:Scope Boundary | CONTEXT:Repository Context | EVALUATION:Execution Check | EVALUATION:Risk Assessment | EXAMPLE:Output Template | OUTPUT:Existing Thread Response | PROCESS:Cross-Run Memory | PROCESS:Decision Branch | PROCESS:Required Sequence | RESOURCE:Agent Resource | RESOURCE:GitHub Interface | TASK:Artifact Review,CONSTRAINT:Resource Budget | CONSTRAINT:Scope Boundary | CONTEXT:Domain Context | CONTEXT:Repository Context | EVALUATION:Risk Assessment | EVALUATION:Rule Conformance | EXAMPLE:Output Template | EXAMPLE:Worked Case | OUTPUT:Control Signal | OUTPUT:Existing Thread Response | PROCESS:Cross-Run Memory | PROCESS:Decision Branch | PROCESS:Required Sequence | PROCESS:Within-Run Iteration | RESOURCE:Agent Resource | RESOURCE:GitHub Interface | RESOURCE:Web Retrieval | SAFETY:Vulnerability Handling | TASK:Artifact Review | TASK:Evidence Investigation | TASK:Work Item Management
rq3_007,4,2,2,CONTEXT:Execution Environment | EVALUATION:Execution Check | OUTPUT:New Thread | RESOURCE:Agent Resource | SAFETY:Execution Isolation | TASK:Executable Validation,CONTEXT:Execution Environment | EVALUATION:Execution Check | RESOURCE:GitHub Interface | RESOURCE:Local Workspace | SAFETY:Execution Isolation | TASK:Executable Validation
rq3_008,19,3,1,COMMUNICATION:Automation Disclosure | COMMUNICATION:Expert Role | CONSTRAINT:Evidence Grounding | CONSTRAINT:Quality Standard | CONSTRAINT:Resource Budget | CONSTRAINT:Scope Boundary | CONTEXT:Execution Environment | CONTEXT:Repository Context | EVALUATION:Risk Assessment | EVALUATION:Rule Conformance | OUTPUT:Control Signal | OUTPUT:Existing Thread Response | PROCESS:Decision Branch | PROCESS:Required Sequence | PROCESS:Within-Run Iteration | RESOURCE:GitHub Interface | SAFETY:Execution Isolation | SAFETY:Information Confidentiality | SAFETY:Prompt Injection Defense | TASK:Artifact Review,COMMUNICATION:Automation Disclosure | COMMUNICATION:Expert Role | CONSTRAINT:Evidence Grounding | CONSTRAINT:Quality Standard | CONSTRAINT:Resource Budget | CONSTRAINT:Scope Boundary | CONTEXT:Repository Context | EVALUATION:Risk Assessment | EVALUATION:Rule Conformance | EXAMPLE:Technical Snippet | OUTPUT:Control Signal | OUTPUT:Existing Thread Response | PROCESS:Decision Branch | PROCESS:Required Sequence | PROCESS:Within-Run Iteration | RESOURCE:GitHub Interface | SAFETY:Execution Isolation | SAFETY:Information Confidentiality | SAFETY:Prompt Injection Defense | SAFETY:Vulnerability Handling | TASK:Artifact Review | TASK:Evidence Investigation
rq3_009,7,11,1,COMMUNICATION:Expert Role | CONSTRAINT:Quality Standard | CONSTRAINT:Resource Budget | CONSTRAINT:Scope Boundary | CONTEXT:Repository Context | OUTPUT:New Thread | PROCESS:Required Sequence | TASK:Evidence Investigation,COMMUNICATION:Expert Role | CONSTRAINT:Quality Standard | CONSTRAINT:Resource Budget | CONSTRAINT:Scope Boundary | CONTEXT:Domain Context | CONTEXT:Execution Environment | EVALUATION:Risk Assessment | EXAMPLE:Output Template | OUTPUT:New Thread | PROCESS:Cross-Run Memory | PROCESS:Decision Branch | PROCESS:Required Sequence | PROCESS:Within-Run Iteration | RESOURCE:Agent Resource | RESOURCE:Development Toolchain | RESOURCE:GitHub Interface | RESOURCE:Local Workspace | TASK:Evidence Investigation
rq3_010,9,7,1,CONTEXT:Domain Context | EVALUATION:Execution Check | EVALUATION:Rule Conformance | EXAMPLE:Technical Snippet | OUTPUT:Existing Thread Response | OUTPUT:New Thread | PROCESS:Decision Branch | PROCESS:Required Sequence | RESOURCE:Development Toolchain | TASK:Executable Validation,CONSTRAINT:Resource Budget | CONTEXT:Domain Context | CONTEXT:Execution Environment | CONTEXT:Repository Context | EVALUATION:Execution Check | EVALUATION:Rule Conformance | EXAMPLE:Output Template | OUTPUT:Control Signal | OUTPUT:Existing Thread Response | OUTPUT:New Thread | PROCESS:Decision Branch | PROCESS:Required Sequence | RESOURCE:Development Toolchain | RESOURCE:GitHub Interface | RESOURCE:Local Workspace | TASK:Executable Validation
rq3_011,12,9,3,COMMUNICATION:Expert Role | CONSTRAINT:Quality Standard | CONSTRAINT:Scope Boundary | CONTEXT:Historical Context | CONTEXT:Repository Context | EXAMPLE:Output Template | EXAMPLE:Technical Snippet | OUTPUT:Control Signal | OUTPUT:Existing Thread Response | PROCESS:Decision Branch | PROCESS:Required Sequence | RESOURCE:Agent Resource | RESOURCE:GitHub Interface | SAFETY:Prompt Injection Defense | TASK:Evidence Investigation,COMMUNICATION:Expert Role | CONSTRAINT:Quality Standard | CONSTRAINT:Resource Budget | CONSTRAINT:Scope Boundary | CONTEXT:Domain Context | CONTEXT:Execution Environment | CONTEXT:Repository Context | EVALUATION:Rule Conformance | EXAMPLE:Output Template | EXAMPLE:Technical Snippet | EXAMPLE:Worked Case | OUTPUT:Existing Thread Response | PROCESS:Decision Branch | PROCESS:Required Sequence | PROCESS:Within-Run Iteration | RESOURCE:GitHub Interface | RESOURCE:Local Workspace | RESOURCE:Web Retrieval | SAFETY:Prompt Injection Defense | TASK:Evidence Investigation | TASK:Work Item Management
rq3_012,1,1,2,EVALUATION:Risk Assessment | RESOURCE:Development Toolchain | TASK:Artifact Review,SAFETY:Vulnerability Handling | TASK:Artifact Review
rq3_014,5,6,4,CONSTRAINT:Evidence Grounding | CONSTRAINT:Quality Standard | CONSTRAINT:Scope Boundary | OUTPUT:Control Signal | OUTPUT:Existing Thread Response | OUTPUT:New Thread | PROCESS:Required Sequence | RESOURCE:Agent Resource | TASK:Evidence Investigation,CONSTRAINT:Scope Boundary | CONTEXT:Repository Context | OUTPUT:Existing Thread Response | OUTPUT:New Thread | PROCESS:Decision Branch | PROCESS:Required Sequence | PROCESS:Within-Run Iteration | RESOURCE:GitHub Interface | RESOURCE:Local Workspace | TASK:Evidence Investigation | TASK:Work Item Management
rq3_015,21,7,1,COMMUNICATION:Expert Role | CONSTRAINT:Quality Standard | CONSTRAINT:Scope Boundary | CONTEXT:Domain Context | CONTEXT:Execution Environment | CONTEXT:Repository Context | EVALUATION:Execution Check | EVALUATION:Risk Assessment | EVALUATION:Rule Conformance | EXAMPLE:Output Template | OUTPUT:Control Signal | OUTPUT:Existing Thread Response | PROCESS:Decision Branch | PROCESS:Required Sequence | RESOURCE:Agent Resource | RESOURCE:GitHub Interface | RESOURCE:Local Workspace | RESOURCE:Web Retrieval | SAFETY:Execution Isolation | SAFETY:Prompt Injection Defense | TASK:Artifact Review | TASK:Evidence Investigation,COMMUNICATION:Expert Role | CONSTRAINT:Quality Standard | CONSTRAINT:Resource Budget | CONSTRAINT:Scope Boundary | CONTEXT:Domain Context | CONTEXT:Execution Environment | CONTEXT:Historical Context | CONTEXT:Repository Context | EVALUATION:Risk Assessment | EVALUATION:Rule Conformance | EXAMPLE:Output Template | EXAMPLE:Technical Snippet | EXAMPLE:Worked Case | OUTPUT:Control Signal | OUTPUT:Existing Thread Response | PROCESS:Decision Branch | PROCESS:Required Sequence | PROCESS:Within-Run Iteration | PROCESS:Work Delegation | RESOURCE:Agent Resource | RESOURCE:GitHub Interface | RESOURCE:Local Workspace | RESOURCE:Web Retrieval | SAFETY:Execution Isolation | SAFETY:Prompt Injection Defense | TASK:Artifact Review | TASK:Evidence Investigation | TASK:Work Item Management
rq3_016,10,9,1,COMMUNICATION:Expert Role | CONSTRAINT:Quality Standard | CONSTRAINT:Resource Budget | CONSTRAINT:Scope Boundary | CONTEXT:Repository Context | OUTPUT:New Thread | PROCESS:Decision Branch | PROCESS:Required Sequence | RESOURCE:Development Toolchain | RESOURCE:GitHub Interface | TASK:Artifact Change,COMMUNICATION:Expert Role | CONSTRAINT:Quality Standard | CONSTRAINT:Resource Budget | CONSTRAINT:Scope Boundary | CONTEXT:Repository Context | EVALUATION:Execution Check | EXAMPLE:Output Template | EXAMPLE:Technical Snippet | OUTPUT:Control Signal | OUTPUT:Repository Change | PROCESS:Decision Branch | PROCESS:Required Sequence | PROCESS:Within-Run Iteration | RESOURCE:Agent Resource | RESOURCE:Development Toolchain | RESOURCE:GitHub Interface | RESOURCE:Local Workspace | TASK:Artifact Change | TASK:Executable Validation
rq3_017,14,8,1,COMMUNICATION:Expert Role | CONSTRAINT:Evidence Grounding | CONSTRAINT:Quality Standard | CONSTRAINT:Resource Budget | CONSTRAINT:Scope Boundary | CONTEXT:Repository Context | EVALUATION:Rule Conformance | EXAMPLE:Output Template | EXAMPLE:Technical Snippet | OUTPUT:Control Signal | OUTPUT:New Thread | OUTPUT:Standalone Artifact | PROCESS:Decision Branch | PROCESS:Required Sequence | TASK:Evidence Investigation,COMMUNICATION:Audience Voice | COMMUNICATION:Expert Role | CONSTRAINT:Evidence Grounding | CONSTRAINT:Quality Standard | CONSTRAINT:Resource Budget | CONSTRAINT:Scope Boundary | CONTEXT:Domain Context | CONTEXT:Execution Environment | CONTEXT:Historical Context | CONTEXT:Repository Context | EVALUATION:Risk Assessment | EVALUATION:Rule Conformance | EXAMPLE:Output Template | EXAMPLE:Technical Snippet | OUTPUT:Control Signal | OUTPUT:New Thread | PROCESS:Decision Branch | PROCESS:Required Sequence | PROCESS:Within-Run Iteration | RESOURCE:GitHub Interface | RESOURCE:Local Workspace | TASK:Evidence Investigation
rq3_018,13,6,1,COMMUNICATION:Expert Role | CONSTRAINT:Scope Boundary | CONTEXT:Execution Environment | EVALUATION:Execution Check | EXAMPLE:Output Template | OUTPUT:Control Signal | OUTPUT:Repository Change | PROCESS:Decision Branch | PROCESS:Required Sequence | PROCESS:Within-Run Iteration | RESOURCE:Development Toolchain | RESOURCE:GitHub Interface | RESOURCE:Local Workspace | TASK:Artifact Change,CONSTRAINT:Resource Budget | CONSTRAINT:Scope Boundary | CONTEXT:Execution Environment | CONTEXT:Repository Context | EVALUATION:Execution Check | EVALUATION:Rule Conformance | EXAMPLE:Output Template | EXAMPLE:Technical Snippet | EXAMPLE:Worked Case | OUTPUT:Control Signal | OUTPUT:Repository Change | PROCESS:Decision Branch | PROCESS:Required Sequence | PROCESS:Within-Run Iteration | RESOURCE:Development Toolchain | RESOURCE:GitHub Interface | RESOURCE:Local Workspace | TASK:Artifact Change | TASK:Executable Validation
rq3_019,11,13,1,CONSTRAINT:Evidence Grounding | CONSTRAINT:Resource Budget | CONSTRAINT:Scope Boundary | EXAMPLE:Technical Snippet | OUTPUT:New Thread | PROCESS:Decision Branch | PROCESS:Required Sequence | RESOURCE:Agent Resource | RESOURCE:Local Workspace | SAFETY:Information Confidentiality | TASK:Artifact Change | TASK:Executable Validation,CONSTRAINT:Evidence Grounding | CONSTRAINT:Quality Standard | CONSTRAINT:Resource Budget | CONSTRAINT:Scope Boundary | CONTEXT:Domain Context | CONTEXT:Execution Environment | CONTEXT:Historical Context | CONTEXT:Repository Context | EVALUATION:Execution Check | EVALUATION:Rule Conformance | EXAMPLE:Technical Snippet | OUTPUT:Control Signal | OUTPUT:Repository Change | PROCESS:Decision Branch | PROCESS:Required Sequence | PROCESS:Work Delegation | RESOURCE:Agent Resource | RESOURCE:Development Toolchain | RESOURCE:GitHub Interface | RESOURCE:Local Workspace | SAFETY:Information Confidentiality | TASK:Artifact Change | TASK:Evidence Investigation | TASK:Executable Validation
rq3_020,7,0,0,COMMUNICATION:Expert Role | CONSTRAINT:Quality Standard | CONTEXT:Repository Context | OUTPUT:New Thread | PROCESS:Required Sequence | RESOURCE:Web Retrieval | TASK:Evidence Investigation,COMMUNICATION:Expert Role | CONSTRAINT:Quality Standard | CONTEXT:Repository Context | OUTPUT:New Thread | PROCESS:Required Sequence | RESOURCE:Web Retrieval | TASK:Evidence Investigation
rq3_021,12,7,0,COMMUNICATION:Expert Role | CONSTRAINT:Quality Standard | CONTEXT:Domain Context | CONTEXT:Repository Context | EXAMPLE:Output Template | EXAMPLE:Technical Snippet | OUTPUT:New Thread | PROCESS:Decision Branch | PROCESS:Required Sequence | PROCESS:Within-Run Iteration | RESOURCE:Local Workspace | TASK:Evidence Investigation,COMMUNICATION:Automation Disclosure | COMMUNICATION:Expert Role | CONSTRAINT:Quality Standard | CONSTRAINT:Scope Boundary | CONTEXT:Domain Context | CONTEXT:Execution Environment | CONTEXT:Repository Context | EVALUATION:Risk Assessment | EXAMPLE:Output Template | EXAMPLE:Technical Snippet | OUTPUT:Control Signal | OUTPUT:New Thread | OUTPUT:Standalone Artifact | PROCESS:Decision Branch | PROCESS:Required Sequence | PROCESS:Within-Run Iteration | RESOURCE:GitHub Interface | RESOURCE:Local Workspace | TASK:Evidence Investigation
rq3_022,15,5,2,COMMUNICATION:Audience Voice | CONSTRAINT:Evidence Grounding | CONSTRAINT:Quality Standard | CONSTRAINT:Scope Boundary | CONTEXT:Execution Environment | CONTEXT:Historical Context | CONTEXT:Repository Context | EXAMPLE:Output Template | EXAMPLE:Worked Case | OUTPUT:Control Signal | OUTPUT:Repository Change | PROCESS:Cross-Run Memory | PROCESS:Decision Branch | PROCESS:Required Sequence | RESOURCE:GitHub Interface | RESOURCE:Local Workspace | TASK:Artifact Change,COMMUNICATION:Audience Voice | CONSTRAINT:Evidence Grounding | CONSTRAINT:Quality Standard | CONSTRAINT:Scope Boundary | CONTEXT:Domain Context | CONTEXT:Execution Environment | CONTEXT:Repository Context | EXAMPLE:Output Template | OUTPUT:Control Signal | OUTPUT:Repository Change | PROCESS:Cross-Run Memory | PROCESS:Decision Branch | PROCESS:Required Sequence | PROCESS:Work Delegation | RESOURCE:Agent Resource | RESOURCE:GitHub Interface | RESOURCE:Local Workspace | SAFETY:Execution Isolation | TASK:Artifact Change | TASK:Evidence Investigation
rq3_023,4,15,1,CONSTRAINT:Resource Budget | CONSTRAINT:Scope Boundary | CONTEXT:Domain Context | EXAMPLE:Technical Snippet | RESOURCE:Agent Resource,CONSTRAINT:Quality Standard | CONSTRAINT:Resource Budget | CONSTRAINT:Scope Boundary | CONTEXT:Domain Context | CONTEXT:Execution Environment | CONTEXT:Repository Context | EXAMPLE:Technical Snippet | OUTPUT:Control Signal | OUTPUT:Repository Change | OUTPUT:Standalone Artifact | PROCESS:Cross-Run Memory | PROCESS:Decision Branch | PROCESS:Required Sequence | PROCESS:Within-Run Iteration | RESOURCE:GitHub Interface | RESOURCE:Local Workspace | RESOURCE:Web Retrieval | TASK:Artifact Change | TASK:Evidence Investigation
rq3_024,1,3,0,TASK:Artifact Review,COMMUNICATION:Expert Role | OUTPUT:Control Signal | PROCESS:Decision Branch | TASK:Artifact Review
rq3_025,11,1,3,COMMUNICATION:Automation Disclosure | CONSTRAINT:Quality Standard | CONSTRAINT:Scope Boundary | CONTEXT:Repository Context | EVALUATION:Execution Check | EXAMPLE:Technical Snippet | OUTPUT:Control Signal | OUTPUT:Existing Thread Response | OUTPUT:New Thread | PROCESS:Decision Branch | PROCESS:Required Sequence | RESOURCE:Development Toolchain | RESOURCE:GitHub Interface | TASK:Executable Validation,CONTEXT:Repository Context | EVALUATION:Execution Check | EXAMPLE:Technical Snippet | OUTPUT:Control Signal | OUTPUT:Existing Thread Response | OUTPUT:New Thread | PROCESS:Decision Branch | PROCESS:Required Sequence | RESOURCE:Development Toolchain | RESOURCE:GitHub Interface | RESOURCE:Local Workspace | TASK:Executable Validation
rq3_026,11,9,1,COMMUNICATION:Expert Role | CONSTRAINT:Evidence Grounding | CONSTRAINT:Scope Boundary | CONTEXT:Repository Context | EXAMPLE:Output Template | OUTPUT:Control Signal | OUTPUT:Existing Thread Response | OUTPUT:Repository Change | PROCESS:Decision Branch | PROCESS:Required Sequence | RESOURCE:GitHub Interface | TASK:Evidence Investigation,COMMUNICATION:Expert Role | CONSTRAINT:Evidence Grounding | CONSTRAINT:Quality Standard | CONSTRAINT:Scope Boundary | CONTEXT:Repository Context | EVALUATION:Evidence Credibility | EVALUATION:Risk Assessment | EXAMPLE:Output Template | EXAMPLE:Technical Snippet | OUTPUT:Existing Thread Response | OUTPUT:Repository Change | PROCESS:Decision Branch | PROCESS:Required Sequence | PROCESS:Work Delegation | RESOURCE:Agent Resource | RESOURCE:GitHub Interface | RESOURCE:Local Workspace | TASK:Artifact Change | TASK:Evidence Investigation | TASK:Work Item Management
rq3_027,15,0,3,COMMUNICATION:Audience Voice | COMMUNICATION:Expert Role | CONSTRAINT:Quality Standard | CONSTRAINT:Resource Budget | CONSTRAINT:Scope Boundary | CONTEXT:Repository Context | EVALUATION:Risk Assessment | EVALUATION:Rule Conformance | EXAMPLE:Output Template | OUTPUT:Existing Thread Response | PROCESS:Decision Branch | PROCESS:Required Sequence | PROCESS:Within-Run Iteration | RESOURCE:GitHub Interface | RESOURCE:Local Workspace | RESOURCE:Web Retrieval | TASK:Artifact Review | TASK:Evidence Investigation,COMMUNICATION:Expert Role | CONSTRAINT:Quality Standard | CONSTRAINT:Resource Budget | CONSTRAINT:Scope Boundary | CONTEXT:Repository Context | EVALUATION:Rule Conformance | EXAMPLE:Output Template | OUTPUT:Existing Thread Response | PROCESS:Decision Branch | PROCESS:Required Sequence | PROCESS:Within-Run Iteration | RESOURCE:GitHub Interface | RESOURCE:Web Retrieval | TASK:Artifact Review | TASK:Evidence Investigation
rq3_028,1,1,1,CONTEXT:Repository Context | TASK:Artifact Change,CONTEXT:Execution Environment | TASK:Artifact Change
rq3_029,2,4,0,CONTEXT:Execution Environment | SAFETY:Execution Isolation,CONTEXT:Execution Environment | EVALUATION:Execution Check | RESOURCE:GitHub Interface | RESOURCE:Local Workspace | SAFETY:Execution Isolation | TASK:Executable Validation
rq3_030,16,4,3,COMMUNICATION:Audience Voice | COMMUNICATION:Automation Disclosure | CONSTRAINT:Quality Standard | CONSTRAINT:Resource Budget | CONSTRAINT:Scope Boundary | CONTEXT:Repository Context | EVALUATION:Evidence Credibility | EXAMPLE:Output Template | OUTPUT:Control Signal | OUTPUT:Existing Thread Response | OUTPUT:New Thread | PROCESS:Cross-Run Memory | PROCESS:Decision Branch | PROCESS:Required Sequence | RESOURCE:Agent Resource | RESOURCE:GitHub Interface | RESOURCE:Local Workspace | TASK:Evidence Investigation | TASK:Work Item Management,COMMUNICATION:Audience Voice | COMMUNICATION:Automation Disclosure | COMMUNICATION:Expert Role | CONSTRAINT:Quality Standard | CONSTRAINT:Resource Budget | CONSTRAINT:Scope Boundary | CONTEXT:Domain Context | CONTEXT:Execution Environment | CONTEXT:Repository Context | EXAMPLE:Output Template | OUTPUT:Control Signal | OUTPUT:Existing Thread Response | OUTPUT:New Thread | PROCESS:Cross-Run Memory | PROCESS:Decision Branch | PROCESS:Required Sequence | PROCESS:Within-Run Iteration | RESOURCE:Local Workspace | TASK:Evidence Investigation | TASK:Work Item Management
rq3_031,13,8,1,COMMUNICATION:Expert Role | CONSTRAINT:Evidence Grounding | CONSTRAINT:Quality Standard | CONSTRAINT:Scope Boundary | CONTEXT:Repository Context | EVALUATION:Execution Check | EXAMPLE:Output Template | OUTPUT:New Thread | PROCESS:Decision Branch | PROCESS:Required Sequence | PROCESS:Within-Run Iteration | RESOURCE:Web Retrieval | SAFETY:Information Confidentiality | TASK:Evidence Investigation,COMMUNICATION:Expert Role | CONSTRAINT:Evidence Grounding | CONSTRAINT:Quality Standard | CONSTRAINT:Resource Budget | CONSTRAINT:Scope Boundary | CONTEXT:Domain Context | CONTEXT:Execution Environment | CONTEXT:Repository Context | EVALUATION:Evidence Credibility | EXAMPLE:Output Template | EXAMPLE:Technical Snippet | OUTPUT:New Thread | OUTPUT:Standalone Artifact | PROCESS:Decision Branch | PROCESS:Required Sequence | PROCESS:Within-Run Iteration | RESOURCE:GitHub Interface | RESOURCE:Local Workspace | RESOURCE:Web Retrieval | SAFETY:Information Confidentiality | TASK:Evidence Investigation
rq3_032,7,9,0,CONSTRAINT:Quality Standard | CONSTRAINT:Resource Budget | CONTEXT:Domain Context | EXAMPLE:Technical Snippet | OUTPUT:Standalone Artifact | PROCESS:Decision Branch | TASK:Evidence Investigation,CONSTRAINT:Quality Standard | CONSTRAINT:Resource Budget | CONSTRAINT:Scope Boundary | CONTEXT:Domain Context | EXAMPLE:Technical Snippet | OUTPUT:Repository Change | OUTPUT:Standalone Artifact | PROCESS:Cross-Run Memory | PROCESS:Decision Branch | PROCESS:Required Sequence | PROCESS:Within-Run Iteration | RESOURCE:GitHub Interface | RESOURCE:Local Workspace | RESOURCE:Web Retrieval | TASK:Artifact Change | TASK:Evidence Investigation
rq3_033,10,10,0,COMMUNICATION:Audience Voice | CONSTRAINT:Quality Standard | CONSTRAINT:Scope Boundary | CONTEXT:Repository Context | OUTPUT:Existing Thread Response | OUTPUT:New Thread | PROCESS:Decision Branch | PROCESS:Required Sequence | RESOURCE:GitHub Interface | TASK:Artifact Review,COMMUNICATION:Audience Voice | COMMUNICATION:Expert Role | CONSTRAINT:Evidence Grounding | CONSTRAINT:Quality Standard | CONSTRAINT:Scope Boundary | CONTEXT:Repository Context | EVALUATION:Rule Conformance | EXAMPLE:Output Template | EXAMPLE:Technical Snippet | OUTPUT:Control Signal | OUTPUT:Existing Thread Response | OUTPUT:New Thread | PROCESS:Decision Branch | PROCESS:Required Sequence | PROCESS:Within-Run Iteration | RESOURCE:GitHub Interface | RESOURCE:Local Workspace | SAFETY:Execution Isolation | TASK:Artifact Review | TASK:Evidence Investigation
rq3_034,18,2,5,COMMUNICATION:Automation Disclosure | COMMUNICATION:Expert Role | CONSTRAINT:Evidence Grounding | CONSTRAINT:Quality Standard | CONSTRAINT:Resource Budget | CONSTRAINT:Scope Boundary | CONTEXT:Execution Environment | CONTEXT:Historical Context | CONTEXT:Repository Context | EVALUATION:Risk Assessment | EVALUATION:Rule Conformance | EXAMPLE:Output Template | OUTPUT:Control Signal | OUTPUT:New Thread | PROCESS:Decision Branch | PROCESS:Required Sequence | PROCESS:Within-Run Iteration | PROCESS:Work Delegation | RESOURCE:Agent Resource | RESOURCE:GitHub Interface | RESOURCE:Local Workspace | TASK:Evidence Investigation | TASK:Work Item Management,COMMUNICATION:Expert Role | CONSTRAINT:Evidence Grounding | CONSTRAINT:Quality Standard | CONSTRAINT:Resource Budget | CONSTRAINT:Scope Boundary | CONTEXT:Domain Context | CONTEXT:Execution Environment | CONTEXT:Historical Context | EVALUATION:Risk Assessment | EXAMPLE:Output Template | EXAMPLE:Technical Snippet | OUTPUT:New Thread | PROCESS:Decision Branch | PROCESS:Required Sequence | PROCESS:Within-Run Iteration | PROCESS:Work Delegation | RESOURCE:Agent Resource | RESOURCE:GitHub Interface | RESOURCE:Local Workspace | TASK:Evidence Investigation
rq3_035,5,15,2,CONSTRAINT:Resource Budget | CONTEXT:Domain Context | OUTPUT:Repository Change | OUTPUT:Standalone Artifact | PROCESS:Decision Branch | PROCESS:Required Sequence | TASK:Evidence Investigation,CONSTRAINT:Resource Budget | CONSTRAINT:Scope Boundary | CONTEXT:Execution Environment | CONTEXT:Historical Context | CONTEXT:Repository Context | EVALUATION:Rule Conformance | EXAMPLE:Technical Snippet | OUTPUT:Repository Change | PROCESS:Cross-Run Memory | PROCESS:Decision Branch | PROCESS:Required Sequence | PROCESS:Within-Run Iteration | RESOURCE:Agent Resource | RESOURCE:GitHub Interface | RESOURCE:Local Workspace | SAFETY:Execution Isolation | TASK:Artifact Change | TASK:Artifact Review | TASK:Evidence Investigation | TASK:Executable Validation
rq3_036,9,10,0,COMMUNICATION:Expert Role | CONSTRAINT:Evidence Grounding | CONSTRAINT:Quality Standard | CONTEXT:Repository Context | OUTPUT:New Thread | PROCESS:Decision Branch | PROCESS:Required Sequence | RESOURCE:Agent Resource | TASK:Evidence Investigation,COMMUNICATION:Expert Role | CONSTRAINT:Evidence Grounding | CONSTRAINT:Quality Standard | CONSTRAINT:Resource Budget | CONTEXT:Execution Environment | CONTEXT:Repository Context | EVALUATION:Risk Assessment | EXAMPLE:Output Template | OUTPUT:New Thread | PROCESS:Cross-Run Memory | PROCESS:Decision Branch | PROCESS:Required Sequence | PROCESS:Within-Run Iteration | PROCESS:Work Delegation | RESOURCE:Agent Resource | RESOURCE:Development Toolchain | RESOURCE:GitHub Interface | RESOURCE:Local Workspace | TASK:Evidence Investigation
rq3_037,13,1,1,COMMUNICATION:Automation Disclosure | COMMUNICATION:Expert Role | CONSTRAINT:Resource Budget | CONSTRAINT:Scope Boundary | CONTEXT:Repository Context | EVALUATION:Rule Conformance | EXAMPLE:Output Template | OUTPUT:Control Signal | OUTPUT:Existing Thread Response | PROCESS:Decision Branch | PROCESS:Required Sequence | RESOURCE:GitHub Interface | TASK:Artifact Review | TASK:Work Item Management,COMMUNICATION:Automation Disclosure | COMMUNICATION:Expert Role | CONSTRAINT:Scope Boundary | CONTEXT:Domain Context | CONTEXT:Repository Context | EVALUATION:Rule Conformance | EXAMPLE:Output Template | OUTPUT:Control Signal | OUTPUT:Existing Thread Response | PROCESS:Decision Branch | PROCESS:Required Sequence | RESOURCE:GitHub Interface | TASK:Artifact Review | TASK:Work Item Management
rq3_038,15,11,0,COMMUNICATION:Expert Role | CONSTRAINT:Evidence Grounding | CONSTRAINT:Quality Standard | CONSTRAINT:Resource Budget | CONSTRAINT:Scope Boundary | CONTEXT:Repository Context | EVALUATION:Rule Conformance | EXAMPLE:Output Template | OUTPUT:Existing Thread Response | PROCESS:Decision Branch | PROCESS:Required Sequence | RESOURCE:GitHub Interface | RESOURCE:Local Workspace | RESOURCE:Web Retrieval | TASK:Artifact Review,COMMUNICATION:Audience Voice | COMMUNICATION:Automation Disclosure | COMMUNICATION:Expert Role | CONSTRAINT:Evidence Grounding | CONSTRAINT:Quality Standard | CONSTRAINT:Resource Budget | CONSTRAINT:Scope Boundary | CONTEXT:Domain Context | CONTEXT:Execution Environment | CONTEXT:Historical Context | CONTEXT:Repository Context | EVALUATION:Risk Assessment | EVALUATION:Rule Conformance | EXAMPLE:Output Template | EXAMPLE:Technical Snippet | OUTPUT:Existing Thread Response | PROCESS:Decision Branch | PROCESS:Required Sequence | PROCESS:Within-Run Iteration | RESOURCE:GitHub Interface | RESOURCE:Local Workspace | RESOURCE:Web Retrieval | SAFETY:Information Confidentiality | SAFETY:Vulnerability Handling | TASK:Artifact Review | TASK:Evidence Investigation
rq3_039,8,10,0,CONSTRAINT:Resource Budget | CONTEXT:Domain Context | EXAMPLE:Technical Snippet | OUTPUT:Standalone Artifact | PROCESS:Decision Branch | PROCESS:Required Sequence | RESOURCE:Local Workspace | TASK:Artifact Change,CONSTRAINT:Resource Budget | CONSTRAINT:Scope Boundary | CONTEXT:Domain Context | CONTEXT:Execution Environment | CONTEXT:Historical Context | EXAMPLE:Technical Snippet | OUTPUT:Control Signal | OUTPUT:Repository Change | OUTPUT:Standalone Artifact | PROCESS:Cross-Run Memory | PROCESS:Decision Branch | PROCESS:Required Sequence | PROCESS:Within-Run Iteration | RESOURCE:GitHub Interface | RESOURCE:Local Workspace | RESOURCE:Web Retrieval | TASK:Artifact Change | TASK:Evidence Investigation
rq3_040,15,7,0,COMMUNICATION:Audience Voice | COMMUNICATION:Expert Role | CONSTRAINT:Quality Standard | CONSTRAINT:Scope Boundary | CONTEXT:Repository Context | EXAMPLE:Output Template | EXAMPLE:Technical Snippet | OUTPUT:New Thread | OUTPUT:Standalone Artifact | PROCESS:Required Sequence | RESOURCE:Agent Resource | RESOURCE:GitHub Interface | RESOURCE:Local Workspace | TASK:Artifact Review | TASK:Evidence Investigation,COMMUNICATION:Audience Voice | COMMUNICATION:Automation Disclosure | COMMUNICATION:Expert Role | CONSTRAINT:Quality Standard | CONSTRAINT:Scope Boundary | CONTEXT:Execution Environment | CONTEXT:Repository Context | EVALUATION:Rule Conformance | EXAMPLE:Output Template | EXAMPLE:Technical Snippet | OUTPUT:New Thread | OUTPUT:Standalone Artifact | PROCESS:Cross-Run Memory | PROCESS:Decision Branch | PROCESS:Required Sequence | PROCESS:Within-Run Iteration | PROCESS:Work Delegation | RESOURCE:Agent Resource | RESOURCE:GitHub Interface | RESOURCE:Local Workspace | TASK:Artifact Review | TASK:Evidence Investigation
rq3_041,14,0,3,CONSTRAINT:Evidence Grounding | CONSTRAINT:Scope Boundary | CONTEXT:Domain Context | EVALUATION:Risk Assessment | EVALUATION:Rule Conformance | EXAMPLE:Output Template | OUTPUT:Control Signal | OUTPUT:New Thread | PROCESS:Decision Branch | PROCESS:Required Sequence | PROCESS:Within-Run Iteration | PROCESS:Work Delegation | RESOURCE:Agent Resource | RESOURCE:GitHub Interface | RESOURCE:Local Workspace | TASK:Artifact Review | TASK:Evidence Investigation,CONSTRAINT:Evidence Grounding | CONSTRAINT:Scope Boundary | CONTEXT:Domain Context | EVALUATION:Rule Conformance | EXAMPLE:Output Template | OUTPUT:Control Signal | OUTPUT:New Thread | PROCESS:Decision Branch | PROCESS:Required Sequence | PROCESS:Within-Run Iteration | PROCESS:Work Delegation | RESOURCE:GitHub Interface | RESOURCE:Local Workspace | TASK:Evidence Investigation
rq3_042,9,12,0,COMMUNICATION:Expert Role | CONSTRAINT:Resource Budget | CONTEXT:Repository Context | EXAMPLE:Output Template | EXAMPLE:Technical Snippet | OUTPUT:New Thread | PROCESS:Decision Branch | PROCESS:Required Sequence | TASK:Executable Validation,COMMUNICATION:Expert Role | CONSTRAINT:Quality Standard | CONSTRAINT:Resource Budget | CONSTRAINT:Scope Boundary | CONTEXT:Domain Context | CONTEXT:Execution Environment | CONTEXT:Repository Context | EVALUATION:Execution Check | EXAMPLE:Output Template | EXAMPLE:Technical Snippet | OUTPUT:Control Signal | OUTPUT:New Thread | PROCESS:Decision Branch | PROCESS:Required Sequence | PROCESS:Within-Run Iteration | RESOURCE:Agent Resource | RESOURCE:Development Toolchain | RESOURCE:GitHub Interface | RESOURCE:Local Workspace | RESOURCE:Web Retrieval | TASK:Executable Validation
rq3_043,12,10,1,CONSTRAINT:Scope Boundary | CONTEXT:Domain Context | CONTEXT:Execution Environment | EXAMPLE:Technical Snippet | OUTPUT:New Thread | OUTPUT:Repository Change | PROCESS:Decision Branch | PROCESS:Required Sequence | RESOURCE:Agent Resource | RESOURCE:Development Toolchain | RESOURCE:GitHub Interface | TASK:Artifact Change | TASK:Executable Validation,CONSTRAINT:Quality Standard | CONSTRAINT:Scope Boundary | CONTEXT:Domain Context | CONTEXT:Execution Environment | CONTEXT:Repository Context | EVALUATION:Execution Check | EXAMPLE:Output Template | EXAMPLE:Technical Snippet | OUTPUT:Control Signal | OUTPUT:Existing Thread Response | OUTPUT:Repository Change | PROCESS:Decision Branch | PROCESS:Required Sequence | PROCESS:Within-Run Iteration | RESOURCE:Agent Resource | RESOURCE:Development Toolchain | RESOURCE:GitHub Interface | RESOURCE:Local Workspace | RESOURCE:Web Retrieval | TASK:Artifact Change | TASK:Evidence Investigation | TASK:Executable Validation
rq3_044,19,2,0,COMMUNICATION:Automation Disclosure | COMMUNICATION:Expert Role | CONSTRAINT:Quality Standard | CONSTRAINT:Resource Budget | CONSTRAINT:Scope Boundary | CONTEXT:Repository Context | EVALUATION:Execution Check | EXAMPLE:Output Template | OUTPUT:Repository Change | PROCESS:Decision Branch | PROCESS:Required Sequence | PROCESS:Within-Run Iteration | RESOURCE:Development Toolchain | RESOURCE:GitHub Interface | RESOURCE:Local Workspace | RESOURCE:Web Retrieval | SAFETY:Execution Isolation | TASK:Artifact Change | TASK:Executable Validation,COMMUNICATION:Audience Voice | COMMUNICATION:Automation Disclosure | COMMUNICATION:Expert Role | CONSTRAINT:Quality Standard | CONSTRAINT:Resource Budget | CONSTRAINT:Scope Boundary | CONTEXT:Execution Environment | CONTEXT:Repository Context | EVALUATION:Execution Check | EXAMPLE:Output Template | OUTPUT:Repository Change | PROCESS:Decision Branch | PROCESS:Required Sequence | PROCESS:Within-Run Iteration | RESOURCE:Development Toolchain | RESOURCE:GitHub Interface | RESOURCE:Local Workspace | RESOURCE:Web Retrieval | SAFETY:Execution Isolation | TASK:Artifact Change | TASK:Executable Validation
rq3_045,9,9,3,COMMUNICATION:Audience Voice | COMMUNICATION:Expert Role | CONSTRAINT:Evidence Grounding | CONSTRAINT:Quality Standard | CONTEXT:Repository Context | EXAMPLE:Output Template | EXAMPLE:Technical Snippet | OUTPUT:New Thread | PROCESS:Decision Branch | PROCESS:Required Sequence | TASK:Artifact Review | TASK:Evidence Investigation,COMMUNICATION:Expert Role | CONSTRAINT:Quality Standard | CONTEXT:Domain Context | CONTEXT:Repository Context | EVALUATION:Risk Assessment | EVALUATION:Rule Conformance | EXAMPLE:Output Template | OUTPUT:New Thread | PROCESS:Decision Branch | PROCESS:Required Sequence | PROCESS:Within-Run Iteration | RESOURCE:Development Toolchain | RESOURCE:GitHub Interface | RESOURCE:Web Retrieval | SAFETY:Prompt Injection Defense | TASK:Artifact Review | TASK:Evidence Investigation | TASK:Executable Validation
rq3_046,5,4,1,COMMUNICATION:Expert Role | CONSTRAINT:Quality Standard | CONSTRAINT:Scope Boundary | OUTPUT:New Thread | PROCESS:Required Sequence | TASK:Artifact Review,COMMUNICATION:Expert Role | CONSTRAINT:Quality Standard | CONSTRAINT:Resource Budget | CONSTRAINT:Scope Boundary | OUTPUT:New Thread | PROCESS:Cross-Run Memory | PROCESS:Decision Branch | PROCESS:Required Sequence | TASK:Evidence Investigation
rq3_047,5,5,2,CONSTRAINT:Quality Standard | CONSTRAINT:Scope Boundary | CONTEXT:Repository Context | OUTPUT:Repository Change | PROCESS:Decision Branch | PROCESS:Required Sequence | TASK:Artifact Change,CONSTRAINT:Scope Boundary | CONTEXT:Repository Context | EVALUATION:Rule Conformance | OUTPUT:Control Signal | OUTPUT:Repository Change | PROCESS:Decision Branch | PROCESS:Required Sequence | PROCESS:Work Delegation | RESOURCE:Local Workspace | TASK:Evidence Investigation
rq3_048,18,3,0,COMMUNICATION:Audience Voice | COMMUNICATION:Automation Disclosure | CONSTRAINT:Quality Standard | CONSTRAINT:Resource Budget | CONSTRAINT:Scope Boundary | CONTEXT:Domain Context | CONTEXT:Repository Context | EVALUATION:Rule Conformance | EXAMPLE:Output Template | EXAMPLE:Technical Snippet | OUTPUT:Control Signal | OUTPUT:Existing Thread Response | OUTPUT:Standalone Artifact | PROCESS:Decision Branch | PROCESS:Required Sequence | PROCESS:Within-Run Iteration | RESOURCE:GitHub Interface | TASK:Work Item Management,COMMUNICATION:Audience Voice | COMMUNICATION:Automation Disclosure | COMMUNICATION:Expert Role | CONSTRAINT:Quality Standard | CONSTRAINT:Resource Budget | CONSTRAINT:Scope Boundary | CONTEXT:Domain Context | CONTEXT:Execution Environment | CONTEXT:Repository Context | EVALUATION:Rule Conformance | EXAMPLE:Output Template | EXAMPLE:Technical Snippet | EXAMPLE:Worked Case | OUTPUT:Control Signal | OUTPUT:Existing Thread Response | OUTPUT:Standalone Artifact | PROCESS:Decision Branch | PROCESS:Required Sequence | PROCESS:Within-Run Iteration | RESOURCE:GitHub Interface | TASK:Work Item Management
rq3_049,13,5,0,COMMUNICATION:Expert Role | CONSTRAINT:Evidence Grounding | CONSTRAINT:Quality Standard | CONSTRAINT:Resource Budget | CONSTRAINT:Scope Boundary | CONTEXT:Repository Context | EXAMPLE:Output Template | OUTPUT:Existing Thread Response | PROCESS:Decision Branch | PROCESS:Required Sequence | RESOURCE:GitHub Interface | SAFETY:Execution Isolation | TASK:Evidence Investigation,COMMUNICATION:Automation Disclosure | COMMUNICATION:Expert Role | CONSTRAINT:Evidence Grounding | CONSTRAINT:Quality Standard | CONSTRAINT:Resource Budget | CONSTRAINT:Scope Boundary | CONTEXT:Domain Context | CONTEXT:Execution Environment | CONTEXT:Repository Context | EXAMPLE:Output Template | OUTPUT:Control Signal | OUTPUT:Existing Thread Response | PROCESS:Decision Branch | PROCESS:Required Sequence | RESOURCE:GitHub Interface | RESOURCE:Local Workspace | SAFETY:Execution Isolation | TASK:Evidence Investigation
rq3_050,1,3,2,CONTEXT:Domain Context | CONTEXT:Historical Context | TASK:Artifact Change,CONSTRAINT:Quality Standard | CONSTRAINT:Scope Boundary | OUTPUT:Repository Change | TASK:Artifact Change
rq3_052,4,9,2,CONSTRAINT:Quality Standard | CONTEXT:Repository Context | EVALUATION:Rule Conformance | OUTPUT:New Thread | TASK:Artifact Review | TASK:Evidence Investigation,CONSTRAINT:Quality Standard | CONTEXT:Domain Context | CONTEXT:Execution Environment | CONTEXT:Repository Context | OUTPUT:Control Signal | OUTPUT:New Thread | PROCESS:Decision Branch | PROCESS:Required Sequence | PROCESS:Within-Run Iteration | RESOURCE:GitHub Interface | RESOURCE:Local Workspace | SAFETY:Execution Isolation | TASK:Evidence Investigation
rq3_053,8,5,0,COMMUNICATION:Automation Disclosure | CONSTRAINT:Quality Standard | CONSTRAINT:Scope Boundary | OUTPUT:Control Signal | OUTPUT:Repository Change | PROCESS:Decision Branch | PROCESS:Required Sequence | TASK:Artifact Change,COMMUNICATION:Automation Disclosure | CONSTRAINT:Quality Standard | CONSTRAINT:Scope Boundary | CONTEXT:Execution Environment | CONTEXT:Repository Context | EXAMPLE:Technical Snippet | OUTPUT:Control Signal | OUTPUT:Repository Change | PROCESS:Decision Branch | PROCESS:Required Sequence | RESOURCE:GitHub Interface | RESOURCE:Local Workspace | TASK:Artifact Change
rq3_054,8,1,0,CONSTRAINT:Evidence Grounding | CONSTRAINT:Quality Standard | CONTEXT:Repository Context | OUTPUT:New Thread | PROCESS:Decision Branch | PROCESS:Required Sequence | RESOURCE:GitHub Interface | TASK:Evidence Investigation,CONSTRAINT:Evidence Grounding | CONSTRAINT:Quality Standard | CONTEXT:Repository Context | OUTPUT:Control Signal | OUTPUT:New Thread | PROCESS:Decision Branch | PROCESS:Required Sequence | RESOURCE:GitHub Interface | TASK:Evidence Investigation
rq3_055,20,2,5,COMMUNICATION:Automation Disclosure | COMMUNICATION:Expert Role | CONSTRAINT:Quality Standard | CONSTRAINT:Resource Budget | CONSTRAINT:Scope Boundary | CONTEXT:Execution Environment | CONTEXT:Historical Context | CONTEXT:Repository Context | EVALUATION:Evidence Credibility | EVALUATION:Risk Assessment | EXAMPLE:Output Template | OUTPUT:Existing Thread Response | OUTPUT:New Thread | PROCESS:Cross-Run Memory | PROCESS:Decision Branch | PROCESS:Required Sequence | PROCESS:Within-Run Iteration | RESOURCE:Agent Resource | RESOURCE:GitHub Interface | RESOURCE:Local Workspace | RESOURCE:Web Retrieval | SAFETY:Execution Isolation | SAFETY:Information Confidentiality | SAFETY:Vulnerability Handling | TASK:Evidence Investigation,COMMUNICATION:Expert Role | CONSTRAINT:Quality Standard | CONSTRAINT:Resource Budget | CONSTRAINT:Scope Boundary | CONTEXT:Domain Context | CONTEXT:Execution Environment | CONTEXT:Historical Context | CONTEXT:Repository Context | EVALUATION:Risk Assessment | EXAMPLE:Output Template | OUTPUT:Existing Thread Response | OUTPUT:New Thread | OUTPUT:Standalone Artifact | PROCESS:Cross-Run Memory | PROCESS:Decision Branch | PROCESS:Required Sequence | PROCESS:Within-Run Iteration | RESOURCE:GitHub Interface | RESOURCE:Local Workspace | SAFETY:Execution Isolation | SAFETY:Vulnerability Handling | TASK:Evidence Investigation
rq3_056,19,1,2,CONSTRAINT:Evidence Grounding | CONSTRAINT:Quality Standard | CONSTRAINT:Scope Boundary | CONTEXT:Domain Context | CONTEXT:Execution Environment | CONTEXT:Repository Context | EVALUATION:Execution Check | EVALUATION:Risk Assessment | EVALUATION:Rule Conformance | OUTPUT:Control Signal | OUTPUT:New Thread | OUTPUT:Repository Change | PROCESS:Decision Branch | PROCESS:Required Sequence | PROCESS:Within-Run Iteration | RESOURCE:Development Toolchain | RESOURCE:GitHub Interface | RESOURCE:Local Workspace | TASK:Artifact Change | TASK:Executable Validation | TASK:Work Item Management,CONSTRAINT:Quality Standard | CONSTRAINT:Scope Boundary | CONTEXT:Domain Context | CONTEXT:Execution Environment | CONTEXT:Repository Context | EVALUATION:Execution Check | EVALUATION:Risk Assessment | OUTPUT:Control Signal | OUTPUT:New Thread | OUTPUT:Repository Change | PROCESS:Decision Branch | PROCESS:Required Sequence | PROCESS:Within-Run Iteration | RESOURCE:Development Toolchain | RESOURCE:GitHub Interface | RESOURCE:Local Workspace | TASK:Artifact Change | TASK:Evidence Investigation | TASK:Executable Validation | TASK:Work Item Management
rq3_057,12,8,2,COMMUNICATION:Audience Voice | COMMUNICATION:Expert Role | CONSTRAINT:Quality Standard | CONSTRAINT:Scope Boundary | CONTEXT:Repository Context | EXAMPLE:Output Template | EXAMPLE:Worked Case | OUTPUT:Control Signal | OUTPUT:Existing Thread Response | PROCESS:Decision Branch | PROCESS:Required Sequence | PROCESS:Work Delegation | RESOURCE:Agent Resource | RESOURCE:GitHub Interface,COMMUNICATION:Audience Voice | COMMUNICATION:Automation Disclosure | COMMUNICATION:Expert Role | CONSTRAINT:Resource Budget | CONSTRAINT:Scope Boundary | CONTEXT:Domain Context | CONTEXT:Execution Environment | CONTEXT:Historical Context | CONTEXT:Repository Context | EXAMPLE:Technical Snippet | EXAMPLE:Worked Case | OUTPUT:Control Signal | OUTPUT:Existing Thread Response | PROCESS:Decision Branch | PROCESS:Required Sequence | PROCESS:Within-Run Iteration | PROCESS:Work Delegation | RESOURCE:Agent Resource | RESOURCE:GitHub Interface | TASK:Work Item Management
rq3_058,10,1,0,CONSTRAINT:Quality Standard | CONSTRAINT:Resource Budget | CONSTRAINT:Scope Boundary | CONTEXT:Repository Context | OUTPUT:Standalone Artifact | PROCESS:Decision Branch | PROCESS:Required Sequence | RESOURCE:Local Workspace | SAFETY:Execution Isolation | TASK:Evidence Investigation,CONSTRAINT:Quality Standard | CONSTRAINT:Resource Budget | CONSTRAINT:Scope Boundary | CONTEXT:Repository Context | OUTPUT:Standalone Artifact | PROCESS:Decision Branch | PROCESS:Required Sequence | RESOURCE:Agent Resource | RESOURCE:Local Workspace | SAFETY:Execution Isolation | TASK:Evidence Investigation
rq3_059,7,7,0,CONSTRAINT:Scope Boundary | CONTEXT:Repository Context | EXAMPLE:Output Template | EXAMPLE:Technical Snippet | OUTPUT:New Thread | PROCESS:Required Sequence | TASK:Evidence Investigation,CONSTRAINT:Quality Standard | CONSTRAINT:Scope Boundary | CONTEXT:Repository Context | EVALUATION:Risk Assessment | EXAMPLE:Output Template | EXAMPLE:Technical Snippet | OUTPUT:Control Signal | OUTPUT:New Thread | PROCESS:Decision Branch | PROCESS:Required Sequence | RESOURCE:GitHub Interface | RESOURCE:Local Workspace | TASK:Evidence Investigation | TASK:Work Item Management
rq3_061,17,0,2,COMMUNICATION:Automation Disclosure | COMMUNICATION:Expert Role | CONSTRAINT:Resource Budget | CONTEXT:Domain Context | CONTEXT:Execution Environment | CONTEXT:Repository Context | EVALUATION:Execution Check | EVALUATION:Risk Assessment | EXAMPLE:Output Template | EXAMPLE:Worked Case | OUTPUT:Control Signal | OUTPUT:Existing Thread Response | OUTPUT:New Thread | PROCESS:Decision Branch | PROCESS:Required Sequence | PROCESS:Within-Run Iteration | RESOURCE:GitHub Interface | TASK:Evidence Investigation | TASK:Work Item Management,COMMUNICATION:Automation Disclosure | COMMUNICATION:Expert Role | CONSTRAINT:Resource Budget | CONTEXT:Domain Context | CONTEXT:Execution Environment | CONTEXT:Repository Context | EVALUATION:Risk Assessment | EXAMPLE:Output Template | OUTPUT:Control Signal | OUTPUT:Existing Thread Response | OUTPUT:New Thread | PROCESS:Decision Branch | PROCESS:Required Sequence | PROCESS:Within-Run Iteration | RESOURCE:GitHub Interface | TASK:Evidence Investigation | TASK:Work Item Management
rq3_062,12,3,2,COMMUNICATION:Expert Role | CONSTRAINT:Quality Standard | CONSTRAINT:Resource Budget | CONSTRAINT:Scope Boundary | CONTEXT:Execution Environment | EVALUATION:Rule Conformance | OUTPUT:Standalone Artifact | PROCESS:Decision Branch | PROCESS:Required Sequence | PROCESS:Within-Run Iteration | RESOURCE:GitHub Interface | RESOURCE:Local Workspace | TASK:Artifact Review | TASK:Evidence Investigation,COMMUNICATION:Expert Role | CONSTRAINT:Quality Standard | CONSTRAINT:Resource Budget | CONSTRAINT:Scope Boundary | CONTEXT:Execution Environment | CONTEXT:Repository Context | EXAMPLE:Technical Snippet | OUTPUT:Control Signal | OUTPUT:Standalone Artifact | PROCESS:Decision Branch | PROCESS:Required Sequence | PROCESS:Within-Run Iteration | RESOURCE:GitHub Interface | RESOURCE:Local Workspace | TASK:Evidence Investigation
rq3_063,9,0,0,CONSTRAINT:Quality Standard | CONSTRAINT:Scope Boundary | CONTEXT:Repository Context | OUTPUT:Existing Thread Response | PROCESS:Decision Branch | PROCESS:Required Sequence | RESOURCE:GitHub Interface | RESOURCE:Local Workspace | TASK:Evidence Investigation,CONSTRAINT:Quality Standard | CONSTRAINT:Scope Boundary | CONTEXT:Repository Context | OUTPUT:Existing Thread Response | PROCESS:Decision Branch | PROCESS:Required Sequence | RESOURCE:GitHub Interface | RESOURCE:Local Workspace | TASK:Evidence Investigation
rq3_064,11,1,2,CONSTRAINT:Quality Standard | CONSTRAINT:Resource Budget | CONSTRAINT:Scope Boundary | CONTEXT:Repository Context | OUTPUT:Control Signal | OUTPUT:Repository Change | PROCESS:Decision Branch | PROCESS:Required Sequence | PROCESS:Within-Run Iteration | RESOURCE:GitHub Interface | RESOURCE:Local Workspace | SAFETY:Execution Isolation | TASK:Artifact Change,CONSTRAINT:Quality Standard | CONSTRAINT:Resource Budget | CONSTRAINT:Scope Boundary | EXAMPLE:Technical Snippet | OUTPUT:Control Signal | OUTPUT:Repository Change | PROCESS:Decision Branch | PROCESS:Required Sequence | PROCESS:Within-Run Iteration | RESOURCE:GitHub Interface | RESOURCE:Local Workspace | TASK:Artifact Change
rq3_065,14,0,7,CONSTRAINT:Resource Budget | CONSTRAINT:Scope Boundary | CONTEXT:Domain Context | CONTEXT:Repository Context | EVALUATION:Execution Check | EVALUATION:Risk Assessment | EVALUATION:Rule Conformance | EXAMPLE:Output Template | EXAMPLE:Technical Snippet | EXAMPLE:Worked Case | OUTPUT:New Thread | OUTPUT:Standalone Artifact | PROCESS:Decision Branch | PROCESS:Required Sequence | PROCESS:Within-Run Iteration | RESOURCE:GitHub Interface | RESOURCE:Local Workspace | SAFETY:Execution Isolation | SAFETY:Information Confidentiality | SAFETY:Vulnerability Handling | TASK:Evidence Investigation,CONSTRAINT:Scope Boundary | CONTEXT:Domain Context | EVALUATION:Risk Assessment | EVALUATION:Rule Conformance | EXAMPLE:Output Template | EXAMPLE:Technical Snippet | OUTPUT:New Thread | OUTPUT:Standalone Artifact | PROCESS:Decision Branch | PROCESS:Required Sequence | PROCESS:Within-Run Iteration | RESOURCE:GitHub Interface | RESOURCE:Local Workspace | TASK:Evidence Investigation
rq3_066,24,0,0,COMMUNICATION:Automation Disclosure | COMMUNICATION:Expert Role | CONSTRAINT:Evidence Grounding | CONSTRAINT:Quality Standard | CONSTRAINT:Scope Boundary | CONTEXT:Domain Context | CONTEXT:Repository Context | EXAMPLE:Output Template | EXAMPLE:Technical Snippet | EXAMPLE:Worked Case | OUTPUT:Control Signal | OUTPUT:Existing Thread Response | OUTPUT:New Thread | OUTPUT:Repository Change | PROCESS:Cross-Run Memory | PROCESS:Decision Branch | PROCESS:Required Sequence | PROCESS:Within-Run Iteration | RESOURCE:GitHub Interface | RESOURCE:Local Workspace | SAFETY:Vulnerability Handling | TASK:Artifact Change | TASK:Evidence Investigation | TASK:Work Item Management,COMMUNICATION:Automation Disclosure | COMMUNICATION:Expert Role | CONSTRAINT:Evidence Grounding | CONSTRAINT:Quality Standard | CONSTRAINT:Scope Boundary | CONTEXT:Domain Context | CONTEXT:Repository Context | EXAMPLE:Output Template | EXAMPLE:Technical Snippet | EXAMPLE:Worked Case | OUTPUT:Control Signal | OUTPUT:Existing Thread Response | OUTPUT:New Thread | OUTPUT:Repository Change | PROCESS:Cross-Run Memory | PROCESS:Decision Branch | PROCESS:Required Sequence | PROCESS:Within-Run Iteration | RESOURCE:GitHub Interface | RESOURCE:Local Workspace | SAFETY:Vulnerability Handling | TASK:Artifact Change | TASK:Evidence Investigation | TASK:Work Item Management
rq3_068,5,1,4,CONSTRAINT:Quality Standard | CONSTRAINT:Scope Boundary | CONTEXT:Execution Environment | CONTEXT:Historical Context | CONTEXT:Repository Context | EXAMPLE:Output Template | OUTPUT:Existing Thread Response | RESOURCE:GitHub Interface | TASK:Artifact Review,CONTEXT:Execution Environment | CONTEXT:Repository Context | EXAMPLE:Output Template | OUTPUT:Existing Thread Response | RESOURCE:GitHub Interface | RESOURCE:Local Workspace
rq3_069,16,0,4,COMMUNICATION:Audience Voice | COMMUNICATION:Expert Role | CONSTRAINT:Evidence Grounding | CONSTRAINT:Quality Standard | CONSTRAINT:Scope Boundary | CONTEXT:Domain Context | CONTEXT:Execution Environment | CONTEXT:Repository Context | EVALUATION:Rule Conformance | EXAMPLE:Output Template | EXAMPLE:Technical Snippet | OUTPUT:Control Signal | OUTPUT:Standalone Artifact | PROCESS:Decision Branch | PROCESS:Required Sequence | PROCESS:Within-Run Iteration | RESOURCE:GitHub Interface | RESOURCE:Local Workspace | TASK:Artifact Change | TASK:Evidence Investigation,COMMUNICATION:Audience Voice | CONSTRAINT:Evidence Grounding | CONSTRAINT:Quality Standard | CONSTRAINT:Scope Boundary | CONTEXT:Domain Context | CONTEXT:Execution Environment | CONTEXT:Repository Context | EXAMPLE:Output Template | EXAMPLE:Technical Snippet | OUTPUT:Standalone Artifact | PROCESS:Decision Branch | PROCESS:Required Sequence | PROCESS:Within-Run Iteration | RESOURCE:GitHub Interface | RESOURCE:Local Workspace | TASK:Evidence Investigation
rq3_070,26,3,1,COMMUNICATION:Automation Disclosure | CONSTRAINT:Evidence Grounding | CONSTRAINT:Quality Standard | CONSTRAINT:Resource Budget | CONSTRAINT:Scope Boundary | CONTEXT:Domain Context | CONTEXT:Execution Environment | CONTEXT:Repository Context | EVALUATION:Evidence Credibility | EVALUATION:Rule Conformance | EXAMPLE:Output Template | EXAMPLE:Worked Case | OUTPUT:Control Signal | OUTPUT:Repository Change | PROCESS:Cross-Run Memory | PROCESS:Decision Branch | PROCESS:Required Sequence | PROCESS:Within-Run Iteration | RESOURCE:Development Toolchain | RESOURCE:GitHub Interface | RESOURCE:Local Workspace | SAFETY:Execution Isolation | SAFETY:Prompt Injection Defense | TASK:Artifact Change | TASK:Evidence Investigation | TASK:Executable Validation | TASK:Work Item Management,COMMUNICATION:Automation Disclosure | CONSTRAINT:Evidence Grounding | CONSTRAINT:Quality Standard | CONSTRAINT:Resource Budget | CONSTRAINT:Scope Boundary | CONTEXT:Domain Context | CONTEXT:Execution Environment | CONTEXT:Historical Context | CONTEXT:Repository Context | EVALUATION:Execution Check | EVALUATION:Rule Conformance | EXAMPLE:Output Template | EXAMPLE:Technical Snippet | EXAMPLE:Worked Case | OUTPUT:Control Signal | OUTPUT:Repository Change | PROCESS:Cross-Run Memory | PROCESS:Decision Branch | PROCESS:Required Sequence | PROCESS:Within-Run Iteration | RESOURCE:Development Toolchain | RESOURCE:GitHub Interface | RESOURCE:Local Workspace | SAFETY:Execution Isolation | SAFETY:Prompt Injection Defense | TASK:Artifact Change | TASK:Evidence Investigation | TASK:Executable Validation | TASK:Work Item Management
rq3_071,10,6,1,CONSTRAINT:Quality Standard | CONSTRAINT:Scope Boundary | CONTEXT:Repository Context | EVALUATION:Rule Conformance | OUTPUT:Control Signal | OUTPUT:New Thread | PROCESS:Decision Branch | PROCESS:Required Sequence | PROCESS:Work Delegation | RESOURCE:Agent Resource | TASK:Evidence Investigation,CONSTRAINT:Evidence Grounding | CONSTRAINT:Scope Boundary | CONTEXT:Domain Context | CONTEXT:Repository Context | EVALUATION:Rule Conformance | EXAMPLE:Output Template | OUTPUT:Control Signal | OUTPUT:New Thread | PROCESS:Decision Branch | PROCESS:Required Sequence | PROCESS:Within-Run Iteration | PROCESS:Work Delegation | RESOURCE:Agent Resource | RESOURCE:GitHub Interface | RESOURCE:Local Workspace | TASK:Evidence Investigation
rq3_072,8,5,0,CONSTRAINT:Evidence Grounding | CONSTRAINT:Scope Boundary | EXAMPLE:Output Template | OUTPUT:New Thread | PROCESS:Decision Branch | PROCESS:Required Sequence | RESOURCE:GitHub Interface | TASK:Evidence Investigation,CONSTRAINT:Evidence Grounding | CONSTRAINT:Scope Boundary | CONTEXT:Domain Context | EVALUATION:Rule Conformance | EXAMPLE:Output Template | OUTPUT:Control Signal | OUTPUT:New Thread | PROCESS:Decision Branch | PROCESS:Required Sequence | PROCESS:Within-Run Iteration | RESOURCE:GitHub Interface | RESOURCE:Local Workspace | TASK:Evidence Investigation
rq3_073,15,5,0,COMMUNICATION:Expert Role | CONSTRAINT:Scope Boundary | CONTEXT:Execution Environment | CONTEXT:Repository Context | EVALUATION:Execution Check | EXAMPLE:Technical Snippet | OUTPUT:New Thread | OUTPUT:Standalone Artifact | PROCESS:Decision Branch | PROCESS:Required Sequence | RESOURCE:Agent Resource | RESOURCE:GitHub Interface | RESOURCE:Local Workspace | SAFETY:Execution Isolation | TASK:Executable Validation,COMMUNICATION:Expert Role | CONSTRAINT:Resource Budget | CONSTRAINT:Scope Boundary | CONTEXT:Domain Context | CONTEXT:Execution Environment | CONTEXT:Repository Context | EVALUATION:Execution Check | EXAMPLE:Output Template | EXAMPLE:Technical Snippet | OUTPUT:New Thread | OUTPUT:Standalone Artifact | PROCESS:Decision Branch | PROCESS:Required Sequence | PROCESS:Within-Run Iteration | RESOURCE:Agent Resource | RESOURCE:Development Toolchain | RESOURCE:GitHub Interface | RESOURCE:Local Workspace | SAFETY:Execution Isolation | TASK:Executable Validation
rq3_074,13,2,0,COMMUNICATION:Expert Role | CONSTRAINT:Evidence Grounding | CONSTRAINT:Quality Standard | CONSTRAINT:Scope Boundary | CONTEXT:Repository Context | OUTPUT:Control Signal | OUTPUT:Repository Change | PROCESS:Decision Branch | PROCESS:Required Sequence | PROCESS:Within-Run Iteration | RESOURCE:Local Workspace | TASK:Artifact Change | TASK:Evidence Investigation,COMMUNICATION:Expert Role | CONSTRAINT:Evidence Grounding | CONSTRAINT:Quality Standard | CONSTRAINT:Scope Boundary | CONTEXT:Domain Context | CONTEXT:Repository Context | EVALUATION:Rule Conformance | OUTPUT:Control Signal | OUTPUT:Repository Change | PROCESS:Decision Branch | PROCESS:Required Sequence | PROCESS:Within-Run Iteration | RESOURCE:Local Workspace | TASK:Artifact Change | TASK:Evidence Investigation
rq3_075,7,4,3,CONSTRAINT:Quality Standard | CONTEXT:Repository Context | EXAMPLE:Output Template | OUTPUT:Control Signal | OUTPUT:New Thread | OUTPUT:Repository Change | PROCESS:Decision Branch | PROCESS:Required Sequence | RESOURCE:GitHub Interface | TASK:Artifact Change,CONSTRAINT:Scope Boundary | CONTEXT:Domain Context | EXAMPLE:Output Template | EXAMPLE:Technical Snippet | OUTPUT:Control Signal | OUTPUT:Repository Change | PROCESS:Decision Branch | PROCESS:Required Sequence | RESOURCE:GitHub Interface | RESOURCE:Local Workspace | TASK:Artifact Change
rq3_076,20,1,2,COMMUNICATION:Automation Disclosure | COMMUNICATION:Expert Role | CONSTRAINT:Quality Standard | CONSTRAINT:Resource Budget | CONSTRAINT:Scope Boundary | CONTEXT:Domain Context | CONTEXT:Repository Context | EVALUATION:Execution Check | EXAMPLE:Technical Snippet | EXAMPLE:Worked Case | OUTPUT:Control Signal | OUTPUT:Existing Thread Response | OUTPUT:Repository Change | PROCESS:Decision Branch | PROCESS:Required Sequence | PROCESS:Within-Run Iteration | RESOURCE:Development Toolchain | RESOURCE:GitHub Interface | RESOURCE:Local Workspace | TASK:Artifact Change | TASK:Evidence Investigation | TASK:Executable Validation,COMMUNICATION:Automation Disclosure | CONSTRAINT:Quality Standard | CONSTRAINT:Resource Budget | CONSTRAINT:Scope Boundary | CONTEXT:Domain Context | CONTEXT:Execution Environment | CONTEXT:Repository Context | EVALUATION:Execution Check | EXAMPLE:Technical Snippet | OUTPUT:Control Signal | OUTPUT:Existing Thread Response | OUTPUT:Repository Change | PROCESS:Decision Branch | PROCESS:Required Sequence | PROCESS:Within-Run Iteration | RESOURCE:Development Toolchain | RESOURCE:GitHub Interface | RESOURCE:Local Workspace | TASK:Artifact Change | TASK:Evidence Investigation | TASK:Executable Validation
rq3_077,18,4,3,COMMUNICATION:Audience Voice | COMMUNICATION:Automation Disclosure | COMMUNICATION:Expert Role | CONSTRAINT:Evidence Grounding | CONSTRAINT:Quality Standard | CONSTRAINT:Resource Budget | CONSTRAINT:Scope Boundary | CONTEXT:Domain Context | CONTEXT:Repository Context | EVALUATION:Risk Assessment | EVALUATION:Rule Conformance | EXAMPLE:Output Template | OUTPUT:Control Signal | OUTPUT:Repository Change | PROCESS:Decision Branch | PROCESS:Required Sequence | PROCESS:Within-Run Iteration | RESOURCE:Local Workspace | RESOURCE:Web Retrieval | TASK:Artifact Change | TASK:Artifact Review,COMMUNICATION:Audience Voice | COMMUNICATION:Automation Disclosure | COMMUNICATION:Expert Role | CONSTRAINT:Evidence Grounding | CONSTRAINT:Quality Standard | CONSTRAINT:Resource Budget | CONSTRAINT:Scope Boundary | CONTEXT:Domain Context | CONTEXT:Repository Context | EVALUATION:Rule Conformance | EXAMPLE:Output Template | EXAMPLE:Technical Snippet | OUTPUT:Control Signal | OUTPUT:Repository Change | PROCESS:Decision Branch | PROCESS:Required Sequence | RESOURCE:GitHub Interface | RESOURCE:Local Workspace | SAFETY:Execution Isolation | TASK:Artifact Change | TASK:Artifact Review | TASK:Evidence Investigation
rq3_078,11,5,0,COMMUNICATION:Audience Voice | CONSTRAINT:Quality Standard | CONSTRAINT:Scope Boundary | EXAMPLE:Output Template | EXAMPLE:Technical Snippet | OUTPUT:Repository Change | PROCESS:Decision Branch | PROCESS:Required Sequence | RESOURCE:GitHub Interface | RESOURCE:Local Workspace | TASK:Artifact Change,COMMUNICATION:Audience Voice | CONSTRAINT:Evidence Grounding | CONSTRAINT:Quality Standard | CONSTRAINT:Resource Budget | CONSTRAINT:Scope Boundary | CONTEXT:Execution Environment | CONTEXT:Repository Context | EXAMPLE:Output Template | EXAMPLE:Technical Snippet | OUTPUT:Repository Change | PROCESS:Decision Branch | PROCESS:Required Sequence | RESOURCE:GitHub Interface | RESOURCE:Local Workspace | TASK:Artifact Change | TASK:Evidence Investigation
rq3_079,13,1,0,COMMUNICATION:Expert Role | CONSTRAINT:Quality Standard | CONSTRAINT:Scope Boundary | CONTEXT:Repository Context | EVALUATION:Risk Assessment | EXAMPLE:Output Template | EXAMPLE:Technical Snippet | OUTPUT:Control Signal | OUTPUT:New Thread | PROCESS:Decision Branch | PROCESS:Required Sequence | RESOURCE:Local Workspace | TASK:Evidence Investigation,COMMUNICATION:Expert Role | CONSTRAINT:Quality Standard | CONSTRAINT:Scope Boundary | CONTEXT:Repository Context | EVALUATION:Risk Assessment | EXAMPLE:Output Template | EXAMPLE:Technical Snippet | OUTPUT:Control Signal | OUTPUT:New Thread | PROCESS:Decision Branch | PROCESS:Required Sequence | RESOURCE:GitHub Interface | RESOURCE:Local Workspace | TASK:Evidence Investigation
rq3_080,11,10,1,COMMUNICATION:Expert Role | CONSTRAINT:Quality Standard | CONSTRAINT:Scope Boundary | CONTEXT:Historical Context | EVALUATION:Risk Assessment | OUTPUT:Repository Change | PROCESS:Cross-Run Memory | PROCESS:Decision Branch | PROCESS:Required Sequence | RESOURCE:GitHub Interface | TASK:Artifact Change | TASK:Evidence Investigation,COMMUNICATION:Expert Role | CONSTRAINT:Quality Standard | CONSTRAINT:Resource Budget | CONSTRAINT:Scope Boundary | CONTEXT:Domain Context | CONTEXT:Historical Context | CONTEXT:Repository Context | EVALUATION:Rule Conformance | EXAMPLE:Output Template | OUTPUT:Control Signal | OUTPUT:Repository Change | PROCESS:Cross-Run Memory | PROCESS:Decision Branch | PROCESS:Required Sequence | RESOURCE:Agent Resource | RESOURCE:GitHub Interface | RESOURCE:Local Workspace | RESOURCE:Web Retrieval | TASK:Artifact Change | TASK:Artifact Review | TASK:Evidence Investigation
rq3_081,16,4,0,COMMUNICATION:Expert Role | CONSTRAINT:Quality Standard | CONSTRAINT:Scope Boundary | CONTEXT:Execution Environment | CONTEXT:Repository Context | EVALUATION:Execution Check | EXAMPLE:Output Template | EXAMPLE:Technical Snippet | OUTPUT:Control Signal | OUTPUT:Repository Change | PROCESS:Decision Branch | PROCESS:Required Sequence | RESOURCE:Development Toolchain | RESOURCE:Local Workspace | TASK:Artifact Change | TASK:Evidence Investigation,COMMUNICATION:Expert Role | CONSTRAINT:Quality Standard | CONSTRAINT:Scope Boundary | CONTEXT:Domain Context | CONTEXT:Execution Environment | CONTEXT:Repository Context | EVALUATION:Execution Check | EXAMPLE:Output Template | EXAMPLE:Technical Snippet | OUTPUT:Control Signal | OUTPUT:Repository Change | PROCESS:Decision Branch | PROCESS:Required Sequence | PROCESS:Within-Run Iteration | RESOURCE:Agent Resource | RESOURCE:Development Toolchain | RESOURCE:Local Workspace | TASK:Artifact Change | TASK:Evidence Investigation | TASK:Executable Validation
rq3_082,19,2,2,COMMUNICATION:Audience Voice | COMMUNICATION:Expert Role | CONSTRAINT:Quality Standard | CONSTRAINT:Resource Budget | CONSTRAINT:Scope Boundary | CONTEXT:Domain Context | CONTEXT:Execution Environment | CONTEXT:Historical Context | CONTEXT:Repository Context | EVALUATION:Rule Conformance | EXAMPLE:Output Template | EXAMPLE:Technical Snippet | EXAMPLE:Worked Case | OUTPUT:Existing Thread Response | OUTPUT:New Thread | PROCESS:Decision Branch | PROCESS:Required Sequence | PROCESS:Within-Run Iteration | RESOURCE:GitHub Interface | RESOURCE:Local Workspace | TASK:Artifact Review,COMMUNICATION:Audience Voice | COMMUNICATION:Expert Role | CONSTRAINT:Evidence Grounding | CONSTRAINT:Quality Standard | CONSTRAINT:Resource Budget | CONSTRAINT:Scope Boundary | CONTEXT:Domain Context | CONTEXT:Execution Environment | CONTEXT:Repository Context | EVALUATION:Rule Conformance | EXAMPLE:Output Template | EXAMPLE:Technical Snippet | EXAMPLE:Worked Case | OUTPUT:New Thread | PROCESS:Decision Branch | PROCESS:Required Sequence | PROCESS:Within-Run Iteration | RESOURCE:GitHub Interface | RESOURCE:Local Workspace | TASK:Artifact Review | TASK:Evidence Investigation
rq3_083,13,0,2,COMMUNICATION:Expert Role | CONSTRAINT:Evidence Grounding | CONSTRAINT:Quality Standard | CONSTRAINT:Scope Boundary | CONTEXT:Repository Context | EVALUATION:Evidence Credibility | EVALUATION:Rule Conformance | EXAMPLE:Output Template | OUTPUT:Existing Thread Response | PROCESS:Decision Branch | PROCESS:Required Sequence | RESOURCE:GitHub Interface | RESOURCE:Local Workspace | TASK:Artifact Review | TASK:Evidence Investigation,COMMUNICATION:Expert Role | CONSTRAINT:Evidence Grounding | CONSTRAINT:Quality Standard | CONSTRAINT:Scope Boundary | CONTEXT:Repository Context | EVALUATION:Rule Conformance | EXAMPLE:Output Template | OUTPUT:Existing Thread Response | PROCESS:Required Sequence | RESOURCE:GitHub Interface | RESOURCE:Local Workspace | TASK:Artifact Review | TASK:Evidence Investigation
rq3_084,11,11,1,COMMUNICATION:Expert Role | CONSTRAINT:Quality Standard | CONSTRAINT:Resource Budget | CONSTRAINT:Scope Boundary | CONTEXT:Historical Context | CONTEXT:Repository Context | OUTPUT:New Thread | PROCESS:Decision Branch | PROCESS:Required Sequence | PROCESS:Work Delegation | RESOURCE:Agent Resource | TASK:Evidence Investigation,COMMUNICATION:Audience Voice | CONSTRAINT:Quality Standard | CONSTRAINT:Resource Budget | CONSTRAINT:Scope Boundary | CONTEXT:Domain Context | CONTEXT:Execution Environment | CONTEXT:Historical Context | CONTEXT:Repository Context | EXAMPLE:Output Template | EXAMPLE:Technical Snippet | EXAMPLE:Worked Case | OUTPUT:Control Signal | OUTPUT:New Thread | PROCESS:Decision Branch | PROCESS:Required Sequence | PROCESS:Within-Run Iteration | PROCESS:Work Delegation | RESOURCE:Agent Resource | RESOURCE:GitHub Interface | RESOURCE:Local Workspace | TASK:Evidence Investigation | TASK:Work Item Management
rq3_085,10,7,0,COMMUNICATION:Expert Role | CONTEXT:Repository Context | EVALUATION:Execution Check | EXAMPLE:Technical Snippet | OUTPUT:Existing Thread Response | OUTPUT:Repository Change | PROCESS:Decision Branch | PROCESS:Required Sequence | RESOURCE:Web Retrieval | TASK:Artifact Change,COMMUNICATION:Expert Role | CONTEXT:Execution Environment | CONTEXT:Repository Context | EVALUATION:Execution Check | EVALUATION:Rule Conformance | EXAMPLE:Output Template | EXAMPLE:Technical Snippet | OUTPUT:Existing Thread Response | OUTPUT:Repository Change | PROCESS:Decision Branch | PROCESS:Required Sequence | RESOURCE:Development Toolchain | RESOURCE:Local Workspace | RESOURCE:Web Retrieval | TASK:Artifact Change | TASK:Evidence Investigation | TASK:Executable Validation
rq3_086,12,6,1,COMMUNICATION:Expert Role | CONSTRAINT:Quality Standard | CONSTRAINT:Resource Budget | CONSTRAINT:Scope Boundary | CONTEXT:Repository Context | EXAMPLE:Output Template | OUTPUT:Control Signal | OUTPUT:Repository Change | PROCESS:Decision Branch | PROCESS:Required Sequence | RESOURCE:Local Workspace | TASK:Artifact Change | TASK:Evidence Investigation,COMMUNICATION:Automation Disclosure | CONSTRAINT:Quality Standard | CONSTRAINT:Resource Budget | CONSTRAINT:Scope Boundary | CONTEXT:Domain Context | CONTEXT:Repository Context | EXAMPLE:Output Template | OUTPUT:Control Signal | OUTPUT:Repository Change | PROCESS:Cross-Run Memory | PROCESS:Decision Branch | PROCESS:Required Sequence | PROCESS:Within-Run Iteration | RESOURCE:Agent Resource | RESOURCE:GitHub Interface | RESOURCE:Local Workspace | TASK:Artifact Change | TASK:Evidence Investigation
rq3_087,15,5,2,CONSTRAINT:Evidence Grounding | CONSTRAINT:Quality Standard | CONSTRAINT:Scope Boundary | CONTEXT:Execution Environment | CONTEXT:Historical Context | CONTEXT:Repository Context | EXAMPLE:Output Template | EXAMPLE:Worked Case | OUTPUT:Control Signal | OUTPUT:Repository Change | PROCESS:Cross-Run Memory | PROCESS:Decision Branch | PROCESS:Required Sequence | RESOURCE:GitHub Interface | RESOURCE:Local Workspace | TASK:Artifact Change | TASK:Evidence Investigation,COMMUNICATION:Audience Voice | CONSTRAINT:Evidence Grounding | CONSTRAINT:Quality Standard | CONSTRAINT:Scope Boundary | CONTEXT:Domain Context | CONTEXT:Execution Environment | CONTEXT:Historical Context | CONTEXT:Repository Context | EXAMPLE:Worked Case | OUTPUT:Control Signal | OUTPUT:Repository Change | PROCESS:Cross-Run Memory | PROCESS:Decision Branch | PROCESS:Required Sequence | PROCESS:Work Delegation | RESOURCE:Agent Resource | RESOURCE:GitHub Interface | RESOURCE:Local Workspace | SAFETY:Execution Isolation | TASK:Artifact Change
rq3_088,8,4,2,COMMUNICATION:Expert Role | CONSTRAINT:Quality Standard | CONSTRAINT:Scope Boundary | CONTEXT:Repository Context | EVALUATION:Risk Assessment | EXAMPLE:Output Template | OUTPUT:Existing Thread Response | PROCESS:Decision Branch | RESOURCE:GitHub Interface | TASK:Evidence Investigation,COMMUNICATION:Expert Role | CONSTRAINT:Quality Standard | CONTEXT:Domain Context | CONTEXT:Repository Context | EVALUATION:Risk Assessment | EVALUATION:Rule Conformance | EXAMPLE:Output Template | OUTPUT:Existing Thread Response | PROCESS:Decision Branch | PROCESS:Required Sequence | RESOURCE:GitHub Interface | TASK:Artifact Review
rq3_089,21,2,6,COMMUNICATION:Audience Voice | COMMUNICATION:Automation Disclosure | COMMUNICATION:Expert Role | CONSTRAINT:Quality Standard | CONSTRAINT:Resource Budget | CONSTRAINT:Scope Boundary | CONTEXT:Domain Context | CONTEXT:Execution Environment | CONTEXT:Repository Context | EVALUATION:Evidence Credibility | EVALUATION:Risk Assessment | EVALUATION:Rule Conformance | EXAMPLE:Output Template | EXAMPLE:Technical Snippet | EXAMPLE:Worked Case | OUTPUT:Control Signal | OUTPUT:Existing Thread Response | PROCESS:Decision Branch | PROCESS:Required Sequence | PROCESS:Within-Run Iteration | RESOURCE:GitHub Interface | RESOURCE:Local Workspace | SAFETY:Execution Isolation | SAFETY:Information Confidentiality | SAFETY:Prompt Injection Defense | TASK:Evidence Investigation | TASK:Work Item Management,COMMUNICATION:Expert Role | CONSTRAINT:Quality Standard | CONSTRAINT:Resource Budget | CONSTRAINT:Scope Boundary | CONTEXT:Domain Context | CONTEXT:Execution Environment | CONTEXT:Historical Context | CONTEXT:Repository Context | EVALUATION:Rule Conformance | EXAMPLE:Output Template | EXAMPLE:Technical Snippet | EXAMPLE:Worked Case | OUTPUT:Control Signal | OUTPUT:Existing Thread Response | PROCESS:Decision Branch | PROCESS:Required Sequence | PROCESS:Within-Run Iteration | RESOURCE:GitHub Interface | RESOURCE:Local Workspace | RESOURCE:Web Retrieval | SAFETY:Prompt Injection Defense | TASK:Evidence Investigation | TASK:Work Item Management
rq3_090,15,1,3,COMMUNICATION:Audience Voice | COMMUNICATION:Expert Role | CONSTRAINT:Quality Standard | CONSTRAINT:Resource Budget | CONSTRAINT:Scope Boundary | CONTEXT:Repository Context | EVALUATION:Risk Assessment | EVALUATION:Rule Conformance | EXAMPLE:Output Template | OUTPUT:Existing Thread Response | PROCESS:Decision Branch | PROCESS:Required Sequence | PROCESS:Within-Run Iteration | RESOURCE:GitHub Interface | RESOURCE:Local Workspace | RESOURCE:Web Retrieval | TASK:Artifact Review | TASK:Evidence Investigation,COMMUNICATION:Expert Role | CONSTRAINT:Quality Standard | CONSTRAINT:Resource Budget | CONSTRAINT:Scope Boundary | CONTEXT:Domain Context | CONTEXT:Repository Context | EVALUATION:Rule Conformance | EXAMPLE:Output Template | OUTPUT:Existing Thread Response | PROCESS:Decision Branch | PROCESS:Required Sequence | PROCESS:Within-Run Iteration | RESOURCE:GitHub Interface | RESOURCE:Web Retrieval | TASK:Artifact Review | TASK:Evidence Investigation
rq3_091,12,6,0,CONSTRAINT:Quality Standard | CONSTRAINT:Resource Budget | CONSTRAINT:Scope Boundary | OUTPUT:Control Signal | OUTPUT:Existing Thread Response | OUTPUT:New Thread | PROCESS:Decision Branch | PROCESS:Required Sequence | RESOURCE:Development Toolchain | RESOURCE:GitHub Interface | RESOURCE:Web Retrieval | TASK:Executable Validation,CONSTRAINT:Quality Standard | CONSTRAINT:Resource Budget | CONSTRAINT:Scope Boundary | CONTEXT:Repository Context | EVALUATION:Execution Check | EXAMPLE:Output Template | OUTPUT:Control Signal | OUTPUT:Existing Thread Response | OUTPUT:New Thread | PROCESS:Decision Branch | PROCESS:Required Sequence | RESOURCE:Development Toolchain | RESOURCE:GitHub Interface | RESOURCE:Local Workspace | RESOURCE:Web Retrieval | TASK:Evidence Investigation | TASK:Executable Validation | TASK:Work Item Management
rq3_092,14,4,1,CONSTRAINT:Quality Standard | CONSTRAINT:Scope Boundary | CONTEXT:Execution Environment | CONTEXT:Repository Context | EVALUATION:Execution Check | EXAMPLE:Output Template | OUTPUT:Control Signal | OUTPUT:Existing Thread Response | PROCESS:Decision Branch | PROCESS:Required Sequence | RESOURCE:GitHub Interface | RESOURCE:Local Workspace | SAFETY:Execution Isolation | TASK:Executable Validation | TASK:Work Item Management,CONSTRAINT:Quality Standard | CONTEXT:Domain Context | CONTEXT:Execution Environment | CONTEXT:Repository Context | EVALUATION:Execution Check | EXAMPLE:Output Template | EXAMPLE:Technical Snippet | OUTPUT:Control Signal | OUTPUT:Existing Thread Response | PROCESS:Decision Branch | PROCESS:Required Sequence | RESOURCE:GitHub Interface | RESOURCE:Local Workspace | RESOURCE:Web Retrieval | SAFETY:Execution Isolation | TASK:Evidence Investigation | TASK:Executable Validation | TASK:Work Item Management
rq3_093,4,1,0,COMMUNICATION:Audience Voice | CONSTRAINT:Quality Standard | CONTEXT:Repository Context | TASK:Artifact Review,COMMUNICATION:Audience Voice | CONSTRAINT:Quality Standard | CONTEXT:Repository Context | EVALUATION:Rule Conformance | TASK:Artifact Review
rq3_094,11,9,0,CONSTRAINT:Evidence Grounding | CONSTRAINT:Resource Budget | CONSTRAINT:Scope Boundary | CONTEXT:Domain Context | OUTPUT:Control Signal | OUTPUT:Repository Change | PROCESS:Decision Branch | PROCESS:Required Sequence | RESOURCE:Web Retrieval | TASK:Artifact Change | TASK:Evidence Investigation,CONSTRAINT:Evidence Grounding | CONSTRAINT:Resource Budget | CONSTRAINT:Scope Boundary | CONTEXT:Domain Context | CONTEXT:Historical Context | CONTEXT:Repository Context | EVALUATION:Risk Assessment | EXAMPLE:Output Template | OUTPUT:Control Signal | OUTPUT:Repository Change | PROCESS:Decision Branch | PROCESS:Required Sequence | PROCESS:Within-Run Iteration | RESOURCE:Agent Resource | RESOURCE:GitHub Interface | RESOURCE:Local Workspace | RESOURCE:Web Retrieval | SAFETY:Vulnerability Handling | TASK:Artifact Change | TASK:Evidence Investigation
rq3_095,14,1,6,COMMUNICATION:Automation Disclosure | COMMUNICATION:Expert Role | CONSTRAINT:Quality Standard | CONSTRAINT:Resource Budget | CONSTRAINT:Scope Boundary | CONTEXT:Domain Context | CONTEXT:Execution Environment | CONTEXT:Repository Context | EVALUATION:Evidence Credibility | EVALUATION:Risk Assessment | EVALUATION:Rule Conformance | EXAMPLE:Output Template | OUTPUT:Existing Thread Response | PROCESS:Decision Branch | PROCESS:Required Sequence | RESOURCE:GitHub Interface | RESOURCE:Local Workspace | SAFETY:Execution Isolation | SAFETY:Prompt Injection Defense | TASK:Evidence Investigation,COMMUNICATION:Automation Disclosure | CONSTRAINT:Evidence Grounding | CONSTRAINT:Quality Standard | CONSTRAINT:Resource Budget | CONSTRAINT:Scope Boundary | CONTEXT:Domain Context | CONTEXT:Repository Context | EXAMPLE:Output Template | OUTPUT:Existing Thread Response | PROCESS:Decision Branch | PROCESS:Required Sequence | RESOURCE:GitHub Interface | RESOURCE:Local Workspace | SAFETY:Prompt Injection Defense | TASK:Evidence Investigation
rq3_096,18,7,0,COMMUNICATION:Expert Role | CONSTRAINT:Resource Budget | CONSTRAINT:Scope Boundary | CONTEXT:Repository Context | EVALUATION:Execution Check | EXAMPLE:Output Template | OUTPUT:Existing Thread Response | OUTPUT:Repository Change | PROCESS:Decision Branch | PROCESS:Required Sequence | PROCESS:Within-Run Iteration | RESOURCE:Development Toolchain | RESOURCE:GitHub Interface | RESOURCE:Local Workspace | SAFETY:Prompt Injection Defense | TASK:Artifact Change | TASK:Executable Validation | TASK:Work Item Management,COMMUNICATION:Expert Role | CONSTRAINT:Quality Standard | CONSTRAINT:Resource Budget | CONSTRAINT:Scope Boundary | CONTEXT:Domain Context | CONTEXT:Historical Context | CONTEXT:Repository Context | EVALUATION:Execution Check | EXAMPLE:Output Template | EXAMPLE:Technical Snippet | EXAMPLE:Worked Case | OUTPUT:Control Signal | OUTPUT:Existing Thread Response | OUTPUT:Repository Change | PROCESS:Decision Branch | PROCESS:Required Sequence | PROCESS:Within-Run Iteration | PROCESS:Work Delegation | RESOURCE:Development Toolchain | RESOURCE:GitHub Interface | RESOURCE:Local Workspace | SAFETY:Prompt Injection Defense | TASK:Artifact Change | TASK:Executable Validation | TASK:Work Item Management
rq3_097,13,5,2,COMMUNICATION:Expert Role | CONSTRAINT:Evidence Grounding | CONSTRAINT:Quality Standard | CONTEXT:Repository Context | EXAMPLE:Output Template | EXAMPLE:Worked Case | OUTPUT:New Thread | PROCESS:Decision Branch | PROCESS:Required Sequence | RESOURCE:Agent Resource | RESOURCE:Local Workspace | RESOURCE:Web Retrieval | SAFETY:Prompt Injection Defense | TASK:Evidence Investigation | TASK:Work Item Management,COMMUNICATION:Automation Disclosure | COMMUNICATION:Expert Role | CONSTRAINT:Quality Standard | CONSTRAINT:Resource Budget | CONTEXT:Repository Context | EXAMPLE:Output Template | EXAMPLE:Technical Snippet | OUTPUT:Existing Thread Response | OUTPUT:New Thread | PROCESS:Decision Branch | PROCESS:Required Sequence | RESOURCE:Agent Resource | RESOURCE:GitHub Interface | RESOURCE:Local Workspace | RESOURCE:Web Retrieval | SAFETY:Prompt Injection Defense | TASK:Evidence Investigation | TASK:Work Item Management
rq3_098,12,3,0,CONSTRAINT:Quality Standard | CONSTRAINT:Scope Boundary | EVALUATION:Risk Assessment | EXAMPLE:Output Template | OUTPUT:Control Signal | OUTPUT:New Thread | PROCESS:Cross-Run Memory | PROCESS:Decision Branch | PROCESS:Required Sequence | RESOURCE:GitHub Interface | RESOURCE:Local Workspace | TASK:Evidence Investigation,CONSTRAINT:Evidence Grounding | CONSTRAINT:Quality Standard | CONSTRAINT:Scope Boundary | CONTEXT:Execution Environment | EVALUATION:Risk Assessment | EXAMPLE:Output Template | EXAMPLE:Technical Snippet | OUTPUT:Control Signal | OUTPUT:New Thread | PROCESS:Cross-Run Memory | PROCESS:Decision Branch | PROCESS:Required Sequence | RESOURCE:GitHub Interface | RESOURCE:Local Workspace | TASK:Evidence Investigation
rq3_099,8,1,4,COMMUNICATION:Expert Role | CONSTRAINT:Evidence Grounding | CONSTRAINT:Quality Standard | CONSTRAINT:Scope Boundary | EVALUATION:Rule Conformance | EXAMPLE:Output Template | EXAMPLE:Technical Snippet | OUTPUT:Control Signal | OUTPUT:Existing Thread Response | PROCESS:Decision Branch | RESOURCE:GitHub Interface | TASK:Artifact Review,COMMUNICATION:Automation Disclosure | COMMUNICATION:Expert Role | EVALUATION:Rule Conformance | EXAMPLE:Output Template | EXAMPLE:Technical Snippet | OUTPUT:Control Signal | PROCESS:Decision Branch | RESOURCE:GitHub Interface | TASK:Artifact Review
rq3_100,15,1,5,COMMUNICATION:Automation Disclosure | COMMUNICATION:Expert Role | CONSTRAINT:Quality Standard | CONSTRAINT:Scope Boundary | CONTEXT:Execution Environment | CONTEXT:Repository Context | EXAMPLE:Output Template | EXAMPLE:Technical Snippet | OUTPUT:Control Signal | OUTPUT:Existing Thread Response | OUTPUT:New Thread | OUTPUT:Standalone Artifact | PROCESS:Cross-Run Memory | PROCESS:Decision Branch | PROCESS:Required Sequence | PROCESS:Within-Run Iteration | RESOURCE:Agent Resource | RESOURCE:Local Workspace | RESOURCE:Web Retrieval | TASK:Evidence Investigation,COMMUNICATION:Expert Role | CONSTRAINT:Quality Standard | CONTEXT:Execution Environment | CONTEXT:Repository Context | EXAMPLE:Output Template | EXAMPLE:Technical Snippet | OUTPUT:Control Signal | OUTPUT:Existing Thread Response | OUTPUT:New Thread | PROCESS:Cross-Run Memory | PROCESS:Decision Branch | PROCESS:Required Sequence | PROCESS:Within-Run Iteration | RESOURCE:GitHub Interface | RESOURCE:Local Workspace | TASK:Evidence Investigation
rq3_101,21,1,2,COMMUNICATION:Expert Role | CONSTRAINT:Evidence Grounding | CONSTRAINT:Quality Standard | CONSTRAINT:Resource Budget | CONSTRAINT:Scope Boundary | CONTEXT:Domain Context | CONTEXT:Execution Environment | CONTEXT:Repository Context | EVALUATION:Execution Check | EXAMPLE:Output Template | EXAMPLE:Technical Snippet | EXAMPLE:Worked Case | OUTPUT:Control Signal | OUTPUT:Repository Change | PROCESS:Cross-Run Memory | PROCESS:Decision Branch | PROCESS:Required Sequence | PROCESS:Within-Run Iteration | RESOURCE:Development Toolchain | RESOURCE:GitHub Interface | RESOURCE:Local Workspace | TASK:Artifact Change | TASK:Executable Validation,COMMUNICATION:Expert Role | CONSTRAINT:Quality Standard | CONSTRAINT:Resource Budget | CONSTRAINT:Scope Boundary | CONTEXT:Domain Context | CONTEXT:Execution Environment | CONTEXT:Historical Context | CONTEXT:Repository Context | EVALUATION:Execution Check | EXAMPLE:Output Template | EXAMPLE:Technical Snippet | OUTPUT:Control Signal | OUTPUT:Repository Change | PROCESS:Cross-Run Memory | PROCESS:Decision Branch | PROCESS:Required Sequence | PROCESS:Within-Run Iteration | RESOURCE:Development Toolchain | RESOURCE:GitHub Interface | RESOURCE:Local Workspace | TASK:Artifact Change | TASK:Executable Validation
rq3_102,14,1,2,CONSTRAINT:Evidence Grounding | CONSTRAINT:Quality Standard | CONSTRAINT:Resource Budget | CONSTRAINT:Scope Boundary | CONTEXT:Domain Context | CONTEXT:Execution Environment | CONTEXT:Repository Context | EVALUATION:Execution Check | EXAMPLE:Output Template | OUTPUT:Control Signal | OUTPUT:New Thread | PROCESS:Decision Branch | PROCESS:Required Sequence | PROCESS:Within-Run Iteration | RESOURCE:GitHub Interface | TASK:Evidence Investigation,CONSTRAINT:Evidence Grounding | CONSTRAINT:Quality Standard | CONSTRAINT:Resource Budget | CONSTRAINT:Scope Boundary | CONTEXT:Domain Context | CONTEXT:Repository Context | EXAMPLE:Output Template | EXAMPLE:Technical Snippet | OUTPUT:Control Signal | OUTPUT:New Thread | PROCESS:Decision Branch | PROCESS:Required Sequence | PROCESS:Within-Run Iteration | RESOURCE:GitHub Interface | TASK:Evidence Investigation
rq3_103,13,1,1,CONSTRAINT:Quality Standard | CONSTRAINT:Scope Boundary | CONTEXT:Execution Environment | CONTEXT:Repository Context | EXAMPLE:Output Template | EXAMPLE:Technical Snippet | OUTPUT:Control Signal | OUTPUT:Repository Change | PROCESS:Decision Branch | PROCESS:Required Sequence | RESOURCE:Development Toolchain | RESOURCE:Local Workspace | TASK:Artifact Change | TASK:Executable Validation,CONSTRAINT:Quality Standard | CONSTRAINT:Scope Boundary | CONTEXT:Execution Environment | CONTEXT:Repository Context | EVALUATION:Execution Check | EXAMPLE:Technical Snippet | OUTPUT:Control Signal | OUTPUT:Repository Change | PROCESS:Decision Branch | PROCESS:Required Sequence | RESOURCE:Development Toolchain | RESOURCE:Local Workspace | TASK:Artifact Change | TASK:Executable Validation
rq3_104,8,4,2,COMMUNICATION:Expert Role | CONSTRAINT:Evidence Grounding | CONSTRAINT:Quality Standard | CONSTRAINT:Scope Boundary | CONTEXT:Domain Context | CONTEXT:Repository Context | OUTPUT:Control Signal | OUTPUT:Existing Thread Response | RESOURCE:Web Retrieval | TASK:Evidence Investigation,COMMUNICATION:Audience Voice | COMMUNICATION:Expert Role | CONSTRAINT:Evidence Grounding | CONSTRAINT:Quality Standard | CONSTRAINT:Scope Boundary | CONTEXT:Repository Context | EXAMPLE:Output Template | OUTPUT:Existing Thread Response | PROCESS:Required Sequence | RESOURCE:Web Retrieval | TASK:Evidence Investigation | TASK:Work Item Management
rq3_105,19,2,9,COMMUNICATION:Automation Disclosure | COMMUNICATION:Expert Role | CONSTRAINT:Evidence Grounding | CONSTRAINT:Quality Standard | CONSTRAINT:Resource Budget | CONSTRAINT:Scope Boundary | CONTEXT:Domain Context | CONTEXT:Execution Environment | CONTEXT:Repository Context | EVALUATION:Evidence Credibility | EVALUATION:Execution Check | EVALUATION:Risk Assessment | EVALUATION:Rule Conformance | EXAMPLE:Output Template | EXAMPLE:Technical Snippet | EXAMPLE:Worked Case | OUTPUT:Control Signal | OUTPUT:Existing Thread Response | OUTPUT:New Thread | OUTPUT:Standalone Artifact | PROCESS:Cross-Run Memory | PROCESS:Decision Branch | PROCESS:Required Sequence | PROCESS:Within-Run Iteration | RESOURCE:GitHub Interface | RESOURCE:Local Workspace | TASK:Evidence Investigation | TASK:Work Item Management,COMMUNICATION:Expert Role | CONSTRAINT:Quality Standard | CONSTRAINT:Scope Boundary | CONTEXT:Domain Context | CONTEXT:Execution Environment | CONTEXT:Historical Context | CONTEXT:Repository Context | EXAMPLE:Output Template | EXAMPLE:Technical Snippet | OUTPUT:Existing Thread Response | OUTPUT:New Thread | OUTPUT:Standalone Artifact | PROCESS:Cross-Run Memory | PROCESS:Decision Branch | PROCESS:Required Sequence | PROCESS:Within-Run Iteration | RESOURCE:Agent Resource | RESOURCE:GitHub Interface | RESOURCE:Local Workspace | TASK:Evidence Investigation | TASK:Work Item Management
rq3_106,22,3,0,COMMUNICATION:Audience Voice | COMMUNICATION:Expert Role | CONSTRAINT:Quality Standard | CONSTRAINT:Resource Budget | CONSTRAINT:Scope Boundary | CONTEXT:Domain Context | CONTEXT:Repository Context | EVALUATION:Execution Check | EVALUATION:Rule Conformance | EXAMPLE:Output Template | EXAMPLE:Worked Case | OUTPUT:Control Signal | OUTPUT:Repository Change | PROCESS:Cross-Run Memory | PROCESS:Decision Branch | PROCESS:Required Sequence | PROCESS:Within-Run Iteration | RESOURCE:Agent Resource | RESOURCE:Development Toolchain | RESOURCE:Local Workspace | TASK:Artifact Change | TASK:Executable Validation,COMMUNICATION:Audience Voice | COMMUNICATION:Expert Role | CONSTRAINT:Quality Standard | CONSTRAINT:Resource Budget | CONSTRAINT:Scope Boundary | CONTEXT:Domain Context | CONTEXT:Repository Context | EVALUATION:Execution Check | EVALUATION:Rule Conformance | EXAMPLE:Output Template | EXAMPLE:Technical Snippet | EXAMPLE:Worked Case | OUTPUT:Control Signal | OUTPUT:Repository Change | OUTPUT:Standalone Artifact | PROCESS:Cross-Run Memory | PROCESS:Decision Branch | PROCESS:Required Sequence | PROCESS:Within-Run Iteration | PROCESS:Work Delegation | RESOURCE:Agent Resource | RESOURCE:Development Toolchain | RESOURCE:Local Workspace | TASK:Artifact Change | TASK:Executable Validation
rq3_107,16,4,4,COMMUNICATION:Automation Disclosure | COMMUNICATION:Expert Role | CONSTRAINT:Quality Standard | CONSTRAINT:Resource Budget | CONSTRAINT:Scope Boundary | CONTEXT:Domain Context | CONTEXT:Execution Environment | CONTEXT:Repository Context | EVALUATION:Rule Conformance | EXAMPLE:Output Template | EXAMPLE:Technical Snippet | EXAMPLE:Worked Case | OUTPUT:Control Signal | OUTPUT:Existing Thread Response | PROCESS:Decision Branch | PROCESS:Required Sequence | PROCESS:Within-Run Iteration | RESOURCE:GitHub Interface | SAFETY:Prompt Injection Defense | TASK:Work Item Management,CONSTRAINT:Quality Standard | CONSTRAINT:Resource Budget | CONSTRAINT:Scope Boundary | CONTEXT:Domain Context | CONTEXT:Execution Environment | CONTEXT:Historical Context | CONTEXT:Repository Context | EVALUATION:Rule Conformance | EXAMPLE:Output Template | EXAMPLE:Technical Snippet | OUTPUT:Control Signal | PROCESS:Cross-Run Memory | PROCESS:Decision Branch | PROCESS:Required Sequence | PROCESS:Within-Run Iteration | RESOURCE:GitHub Interface | SAFETY:Execution Isolation | SAFETY:Prompt Injection Defense | TASK:Evidence Investigation | TASK:Work Item Management
rq3_108,5,0,2,CONSTRAINT:Quality Standard | CONSTRAINT:Scope Boundary | OUTPUT:Repository Change | PROCESS:Decision Branch | RESOURCE:Local Workspace | TASK:Artifact Change | TASK:Artifact Review,CONSTRAINT:Quality Standard | CONSTRAINT:Scope Boundary | OUTPUT:Repository Change | PROCESS:Decision Branch | TASK:Artifact Change
rq3_109,2,3,0,PROCESS:Decision Branch | TASK:Artifact Review,CONTEXT:Repository Context | OUTPUT:Existing Thread Response | PROCESS:Decision Branch | TASK:Artifact Review | TASK:Work Item Management
rq3_110,5,2,1,CONSTRAINT:Scope Boundary | OUTPUT:Existing Thread Response | OUTPUT:Standalone Artifact | PROCESS:Decision Branch | RESOURCE:Local Workspace | TASK:Artifact Review,CONSTRAINT:Scope Boundary | CONTEXT:Execution Environment | OUTPUT:Standalone Artifact | PROCESS:Decision Branch | PROCESS:Required Sequence | RESOURCE:Local Workspace | TASK:Artifact Review
rq3_111,12,5,1,COMMUNICATION:Expert Role | CONSTRAINT:Quality Standard | CONSTRAINT:Resource Budget | EVALUATION:Rule Conformance | EXAMPLE:Output Template | EXAMPLE:Technical Snippet | OUTPUT:Control Signal | OUTPUT:Existing Thread Response | PROCESS:Decision Branch | PROCESS:Required Sequence | PROCESS:Within-Run Iteration | RESOURCE:GitHub Interface | TASK:Work Item Management,COMMUNICATION:Automation Disclosure | CONSTRAINT:Quality Standard | CONSTRAINT:Resource Budget | CONSTRAINT:Scope Boundary | CONTEXT:Execution Environment | CONTEXT:Repository Context | EVALUATION:Rule Conformance | EXAMPLE:Output Template | EXAMPLE:Technical Snippet | EXAMPLE:Worked Case | OUTPUT:Control Signal | OUTPUT:Existing Thread Response | PROCESS:Decision Branch | PROCESS:Required Sequence | PROCESS:Within-Run Iteration | RESOURCE:GitHub Interface | TASK:Work Item Management
rq3_112,9,7,0,COMMUNICATION:Expert Role | CONSTRAINT:Quality Standard | CONSTRAINT:Scope Boundary | OUTPUT:Control Signal | OUTPUT:Existing Thread Response | PROCESS:Decision Branch | PROCESS:Required Sequence | RESOURCE:GitHub Interface | TASK:Artifact Review,COMMUNICATION:Automation Disclosure | COMMUNICATION:Expert Role | CONSTRAINT:Quality Standard | CONSTRAINT:Scope Boundary | CONTEXT:Domain Context | CONTEXT:Repository Context | EVALUATION:Rule Conformance | EXAMPLE:Technical Snippet | OUTPUT:Control Signal | OUTPUT:Existing Thread Response | PROCESS:Decision Branch | PROCESS:Required Sequence | PROCESS:Within-Run Iteration | RESOURCE:GitHub Interface | TASK:Artifact Review | TASK:Work Item Management
rq3_113,11,4,2,CONSTRAINT:Quality Standard | CONSTRAINT:Scope Boundary | CONTEXT:Domain Context | CONTEXT:Repository Context | EVALUATION:Execution Check | EXAMPLE:Output Template | OUTPUT:Control Signal | OUTPUT:Existing Thread Response | OUTPUT:New Thread | OUTPUT:Standalone Artifact | RESOURCE:GitHub Interface | SAFETY:Execution Isolation | TASK:Executable Validation,CONSTRAINT:Quality Standard | CONTEXT:Domain Context | CONTEXT:Repository Context | EVALUATION:Execution Check | EXAMPLE:Output Template | OUTPUT:Control Signal | OUTPUT:Existing Thread Response | OUTPUT:New Thread | OUTPUT:Standalone Artifact | PROCESS:Decision Branch | PROCESS:Within-Run Iteration | RESOURCE:GitHub Interface | RESOURCE:Local Workspace | TASK:Executable Validation | TASK:Work Item Management
rq3_114,20,1,5,COMMUNICATION:Automation Disclosure | COMMUNICATION:Expert Role | CONSTRAINT:Evidence Grounding | CONSTRAINT:Quality Standard | CONSTRAINT:Resource Budget | CONSTRAINT:Scope Boundary | CONTEXT:Domain Context | CONTEXT:Execution Environment | EVALUATION:Risk Assessment | EVALUATION:Rule Conformance | EXAMPLE:Output Template | OUTPUT:Control Signal | OUTPUT:New Thread | PROCESS:Decision Branch | PROCESS:Required Sequence | PROCESS:Within-Run Iteration | PROCESS:Work Delegation | RESOURCE:Agent Resource | RESOURCE:GitHub Interface | RESOURCE:Local Workspace | RESOURCE:Web Retrieval | SAFETY:Execution Isolation | SAFETY:Information Confidentiality | SAFETY:Vulnerability Handling | TASK:Evidence Investigation,COMMUNICATION:Expert Role | CONSTRAINT:Evidence Grounding | CONSTRAINT:Quality Standard | CONSTRAINT:Resource Budget | CONSTRAINT:Scope Boundary | CONTEXT:Domain Context | CONTEXT:Execution Environment | EVALUATION:Risk Assessment | EXAMPLE:Output Template | OUTPUT:Control Signal | OUTPUT:New Thread | PROCESS:Decision Branch | PROCESS:Required Sequence | PROCESS:Within-Run Iteration | PROCESS:Work Delegation | RESOURCE:Agent Resource | RESOURCE:GitHub Interface | RESOURCE:Local Workspace | SAFETY:Execution Isolation | TASK:Evidence Investigation | TASK:Work Item Management
rq3_115,3,1,0,OUTPUT:Standalone Artifact | RESOURCE:Local Workspace | TASK:Artifact Change,CONTEXT:Repository Context | OUTPUT:Standalone Artifact | RESOURCE:Local Workspace | TASK:Artifact Change
rq3_116,18,1,2,COMMUNICATION:Automation Disclosure | COMMUNICATION:Expert Role | CONSTRAINT:Evidence Grounding | CONSTRAINT:Quality Standard | CONSTRAINT:Scope Boundary | CONTEXT:Domain Context | CONTEXT:Execution Environment | CONTEXT:Repository Context | EVALUATION:Evidence Credibility | EXAMPLE:Output Template | EXAMPLE:Technical Snippet | EXAMPLE:Worked Case | OUTPUT:New Thread | PROCESS:Cross-Run Memory | PROCESS:Decision Branch | PROCESS:Required Sequence | PROCESS:Within-Run Iteration | RESOURCE:GitHub Interface | RESOURCE:Local Workspace | TASK:Evidence Investigation,COMMUNICATION:Automation Disclosure | COMMUNICATION:Expert Role | CONSTRAINT:Evidence Grounding | CONSTRAINT:Quality Standard | CONSTRAINT:Scope Boundary | CONTEXT:Domain Context | CONTEXT:Execution Environment | CONTEXT:Historical Context | CONTEXT:Repository Context | EXAMPLE:Output Template | EXAMPLE:Technical Snippet | OUTPUT:New Thread | PROCESS:Cross-Run Memory | PROCESS:Decision Branch | PROCESS:Required Sequence | PROCESS:Within-Run Iteration | RESOURCE:GitHub Interface | RESOURCE:Local Workspace | TASK:Evidence Investigation
rq3_117,13,5,0,COMMUNICATION:Expert Role | CONSTRAINT:Evidence Grounding | CONSTRAINT:Quality Standard | CONSTRAINT:Scope Boundary | CONTEXT:Domain Context | CONTEXT:Repository Context | EVALUATION:Risk Assessment | OUTPUT:Control Signal | OUTPUT:Existing Thread Response | PROCESS:Decision Branch | PROCESS:Required Sequence | RESOURCE:GitHub Interface | TASK:Evidence Investigation,COMMUNICATION:Audience Voice | COMMUNICATION:Expert Role | CONSTRAINT:Evidence Grounding | CONSTRAINT:Quality Standard | CONSTRAINT:Resource Budget | CONSTRAINT:Scope Boundary | CONTEXT:Domain Context | CONTEXT:Repository Context | EVALUATION:Risk Assessment | EVALUATION:Rule Conformance | EXAMPLE:Output Template | OUTPUT:Control Signal | OUTPUT:Existing Thread Response | PROCESS:Decision Branch | PROCESS:Required Sequence | RESOURCE:GitHub Interface | TASK:Evidence Investigation | TASK:Work Item Management
rq3_118,15,0,6,COMMUNICATION:Audience Voice | CONSTRAINT:Quality Standard | CONSTRAINT:Resource Budget | CONSTRAINT:Scope Boundary | CONTEXT:Domain Context | CONTEXT:Execution Environment | CONTEXT:Repository Context | EVALUATION:Evidence Credibility | EVALUATION:Risk Assessment | EVALUATION:Rule Conformance | EXAMPLE:Output Template | EXAMPLE:Worked Case | OUTPUT:Control Signal | OUTPUT:Existing Thread Response | PROCESS:Decision Branch | PROCESS:Required Sequence | PROCESS:Within-Run Iteration | RESOURCE:GitHub Interface | SAFETY:Prompt Injection Defense | TASK:Evidence Investigation | TASK:Work Item Management,COMMUNICATION:Audience Voice | CONSTRAINT:Scope Boundary | CONTEXT:Domain Context | CONTEXT:Repository Context | EVALUATION:Rule Conformance | EXAMPLE:Output Template | EXAMPLE:Worked Case | OUTPUT:Control Signal | OUTPUT:Existing Thread Response | PROCESS:Decision Branch | PROCESS:Required Sequence | PROCESS:Within-Run Iteration | RESOURCE:GitHub Interface | SAFETY:Prompt Injection Defense | TASK:Work Item Management
rq3_119,7,0,0,COMMUNICATION:Audience Voice | CONSTRAINT:Quality Standard | EXAMPLE:Output Template | OUTPUT:New Thread | PROCESS:Required Sequence | RESOURCE:GitHub Interface | TASK:Evidence Investigation,COMMUNICATION:Audience Voice | CONSTRAINT:Quality Standard | EXAMPLE:Output Template | OUTPUT:New Thread | PROCESS:Required Sequence | RESOURCE:GitHub Interface | TASK:Evidence Investigation
rq3_121,6,2,4,COMMUNICATION:Expert Role | CONSTRAINT:Scope Boundary | EXAMPLE:Output Template | OUTPUT:Control Signal | OUTPUT:Existing Thread Response | OUTPUT:Repository Change | PROCESS:Required Sequence | PROCESS:Work Delegation | TASK:Artifact Change | TASK:Work Item Management,COMMUNICATION:Expert Role | CONTEXT:Repository Context | EXAMPLE:Output Template | OUTPUT:Control Signal | PROCESS:Required Sequence | PROCESS:Work Delegation | RESOURCE:Agent Resource | TASK:Work Item Management
rq3_122,19,1,1,COMMUNICATION:Audience Voice | COMMUNICATION:Expert Role | CONSTRAINT:Quality Standard | CONSTRAINT:Resource Budget | CONSTRAINT:Scope Boundary | CONTEXT:Repository Context | EVALUATION:Risk Assessment | EVALUATION:Rule Conformance | OUTPUT:Existing Thread Response | PROCESS:Decision Branch | PROCESS:Required Sequence | PROCESS:Within-Run Iteration | PROCESS:Work Delegation | RESOURCE:Agent Resource | RESOURCE:GitHub Interface | RESOURCE:Local Workspace | SAFETY:Information Confidentiality | SAFETY:Prompt Injection Defense | SAFETY:Vulnerability Handling | TASK:Artifact Review,COMMUNICATION:Audience Voice | COMMUNICATION:Expert Role | CONSTRAINT:Quality Standard | CONSTRAINT:Scope Boundary | CONTEXT:Domain Context | CONTEXT:Repository Context | EVALUATION:Risk Assessment | EVALUATION:Rule Conformance | OUTPUT:Existing Thread Response | PROCESS:Decision Branch | PROCESS:Required Sequence | PROCESS:Within-Run Iteration | PROCESS:Work Delegation | RESOURCE:Agent Resource | RESOURCE:GitHub Interface | RESOURCE:Local Workspace | SAFETY:Information Confidentiality | SAFETY:Prompt Injection Defense | SAFETY:Vulnerability Handling | TASK:Artifact Review
rq3_123,21,3,1,COMMUNICATION:Automation Disclosure | CONSTRAINT:Evidence Grounding | CONSTRAINT:Quality Standard | CONSTRAINT:Resource Budget | CONSTRAINT:Scope Boundary | CONTEXT:Execution Environment | CONTEXT:Repository Context | EVALUATION:Execution Check | EVALUATION:Risk Assessment | OUTPUT:Control Signal | OUTPUT:New Thread | OUTPUT:Repository Change | OUTPUT:Standalone Artifact | PROCESS:Decision Branch | PROCESS:Required Sequence | RESOURCE:Agent Resource | RESOURCE:Development Toolchain | RESOURCE:GitHub Interface | RESOURCE:Local Workspace | TASK:Artifact Change | TASK:Evidence Investigation | TASK:Executable Validation,COMMUNICATION:Automation Disclosure | CONSTRAINT:Evidence Grounding | CONSTRAINT:Quality Standard | CONSTRAINT:Resource Budget | CONSTRAINT:Scope Boundary | CONTEXT:Execution Environment | CONTEXT:Repository Context | EVALUATION:Evidence Credibility | EVALUATION:Execution Check | EXAMPLE:Technical Snippet | OUTPUT:Control Signal | OUTPUT:New Thread | OUTPUT:Repository Change | OUTPUT:Standalone Artifact | PROCESS:Decision Branch | PROCESS:Required Sequence | RESOURCE:Agent Resource | RESOURCE:Development Toolchain | RESOURCE:GitHub Interface | RESOURCE:Local Workspace | TASK:Artifact Change | TASK:Evidence Investigation | TASK:Executable Validation | TASK:Work Item Management
rq3_124,10,1,3,CONTEXT:Domain Context | EVALUATION:Execution Check | EVALUATION:Rule Conformance | EXAMPLE:Output Template | OUTPUT:Existing Thread Response | OUTPUT:New Thread | PROCESS:Decision Branch | PROCESS:Required Sequence | PROCESS:Work Delegation | RESOURCE:Agent Resource | RESOURCE:GitHub Interface | TASK:Executable Validation | TASK:Work Item Management,CONTEXT:Domain Context | EVALUATION:Execution Check | EXAMPLE:Technical Snippet | OUTPUT:Existing Thread Response | OUTPUT:New Thread | PROCESS:Decision Branch | PROCESS:Required Sequence | PROCESS:Work Delegation | RESOURCE:Agent Resource | TASK:Executable Validation | TASK:Work Item Management
rq3_125,13,8,1,COMMUNICATION:Expert Role | CONSTRAINT:Evidence Grounding | CONSTRAINT:Resource Budget | CONSTRAINT:Scope Boundary | CONTEXT:Repository Context | EVALUATION:Rule Conformance | EXAMPLE:Output Template | OUTPUT:New Thread | PROCESS:Cross-Run Memory | PROCESS:Decision Branch | PROCESS:Required Sequence | RESOURCE:Local Workspace | TASK:Artifact Change | TASK:Evidence Investigation,COMMUNICATION:Expert Role | CONSTRAINT:Evidence Grounding | CONSTRAINT:Quality Standard | CONSTRAINT:Resource Budget | CONSTRAINT:Scope Boundary | CONTEXT:Domain Context | CONTEXT:Execution Environment | CONTEXT:Historical Context | CONTEXT:Repository Context | EVALUATION:Rule Conformance | EXAMPLE:Output Template | EXAMPLE:Technical Snippet | OUTPUT:Control Signal | OUTPUT:New Thread | PROCESS:Cross-Run Memory | PROCESS:Decision Branch | PROCESS:Required Sequence | RESOURCE:GitHub Interface | RESOURCE:Local Workspace | SAFETY:Execution Isolation | TASK:Evidence Investigation
rq3_126,5,3,0,CONTEXT:Repository Context | OUTPUT:Existing Thread Response | PROCESS:Decision Branch | RESOURCE:GitHub Interface | TASK:Evidence Investigation,CONTEXT:Execution Environment | CONTEXT:Repository Context | OUTPUT:Existing Thread Response | PROCESS:Decision Branch | PROCESS:Required Sequence | RESOURCE:GitHub Interface | RESOURCE:Local Workspace | TASK:Evidence Investigation
rq3_127,10,1,2,CONSTRAINT:Scope Boundary | CONTEXT:Execution Environment | CONTEXT:Repository Context | EVALUATION:Execution Check | EVALUATION:Rule Conformance | OUTPUT:Repository Change | PROCESS:Decision Branch | PROCESS:Required Sequence | RESOURCE:Development Toolchain | RESOURCE:Local Workspace | TASK:Artifact Change | TASK:Executable Validation,CONSTRAINT:Scope Boundary | CONTEXT:Execution Environment | CONTEXT:Repository Context | EVALUATION:Execution Check | OUTPUT:Repository Change | PROCESS:Decision Branch | PROCESS:Required Sequence | RESOURCE:Development Toolchain | RESOURCE:GitHub Interface | TASK:Artifact Change | TASK:Executable Validation
rq3_128,24,2,1,COMMUNICATION:Expert Role | CONSTRAINT:Evidence Grounding | CONSTRAINT:Quality Standard | CONSTRAINT:Resource Budget | CONSTRAINT:Scope Boundary | CONTEXT:Domain Context | CONTEXT:Execution Environment | CONTEXT:Repository Context | EVALUATION:Risk Assessment | EVALUATION:Rule Conformance | EXAMPLE:Output Template | EXAMPLE:Technical Snippet | EXAMPLE:Worked Case | OUTPUT:Control Signal | PROCESS:Decision Branch | PROCESS:Required Sequence | PROCESS:Within-Run Iteration | PROCESS:Work Delegation | RESOURCE:Agent Resource | RESOURCE:GitHub Interface | RESOURCE:Local Workspace | SAFETY:Information Confidentiality | SAFETY:Prompt Injection Defense | SAFETY:Vulnerability Handling | TASK:Artifact Review,COMMUNICATION:Expert Role | CONSTRAINT:Evidence Grounding | CONSTRAINT:Quality Standard | CONSTRAINT:Resource Budget | CONSTRAINT:Scope Boundary | CONTEXT:Domain Context | CONTEXT:Execution Environment | CONTEXT:Repository Context | EVALUATION:Risk Assessment | EVALUATION:Rule Conformance | EXAMPLE:Output Template | EXAMPLE:Technical Snippet | OUTPUT:Control Signal | PROCESS:Decision Branch | PROCESS:Required Sequence | PROCESS:Within-Run Iteration | PROCESS:Work Delegation | RESOURCE:Agent Resource | RESOURCE:GitHub Interface | RESOURCE:Local Workspace | SAFETY:Execution Isolation | SAFETY:Information Confidentiality | SAFETY:Prompt Injection Defense | SAFETY:Vulnerability Handling | TASK:Artifact Review | TASK:Evidence Investigation
rq3_129,21,1,1,COMMUNICATION:Audience Voice | CONSTRAINT:Evidence Grounding | CONSTRAINT:Quality Standard | CONSTRAINT:Resource Budget | CONSTRAINT:Scope Boundary | CONTEXT:Domain Context | CONTEXT:Execution Environment | CONTEXT:Repository Context | EVALUATION:Risk Assessment | EXAMPLE:Output Template | EXAMPLE:Technical Snippet | OUTPUT:Control Signal | OUTPUT:New Thread | PROCESS:Decision Branch | PROCESS:Required Sequence | PROCESS:Within-Run Iteration | PROCESS:Work Delegation | RESOURCE:Agent Resource | RESOURCE:GitHub Interface | RESOURCE:Local Workspace | TASK:Evidence Investigation | TASK:Work Item Management,COMMUNICATION:Audience Voice | CONSTRAINT:Evidence Grounding | CONSTRAINT:Quality Standard | CONSTRAINT:Resource Budget | CONSTRAINT:Scope Boundary | CONTEXT:Domain Context | CONTEXT:Execution Environment | CONTEXT:Historical Context | CONTEXT:Repository Context | EVALUATION:Risk Assessment | EXAMPLE:Output Template | OUTPUT:Control Signal | OUTPUT:New Thread | PROCESS:Decision Branch | PROCESS:Required Sequence | PROCESS:Within-Run Iteration | PROCESS:Work Delegation | RESOURCE:Agent Resource | RESOURCE:GitHub Interface | RESOURCE:Local Workspace | TASK:Evidence Investigation | TASK:Work Item Management
rq3_130,12,1,3,COMMUNICATION:Automation Disclosure | COMMUNICATION:Expert Role | CONSTRAINT:Quality Standard | CONTEXT:Repository Context | EVALUATION:Rule Conformance | EXAMPLE:Output Template | OUTPUT:New Thread | OUTPUT:Standalone Artifact | PROCESS:Decision Branch | PROCESS:Required Sequence | PROCESS:Within-Run Iteration | RESOURCE:GitHub Interface | RESOURCE:Local Workspace | RESOURCE:Web Retrieval | TASK:Evidence Investigation,COMMUNICATION:Automation Disclosure | COMMUNICATION:Expert Role | CONSTRAINT:Quality Standard | CONTEXT:Repository Context | EXAMPLE:Output Template | OUTPUT:New Thread | PROCESS:Decision Branch | PROCESS:Required Sequence | RESOURCE:Development Toolchain | RESOURCE:GitHub Interface | RESOURCE:Local Workspace | RESOURCE:Web Retrieval | TASK:Evidence Investigation
rq3_131,15,4,3,COMMUNICATION:Audience Voice | COMMUNICATION:Automation Disclosure | CONSTRAINT:Quality Standard | CONSTRAINT:Scope Boundary | CONTEXT:Domain Context | CONTEXT:Execution Environment | CONTEXT:Repository Context | EVALUATION:Rule Conformance | EXAMPLE:Output Template | EXAMPLE:Technical Snippet | EXAMPLE:Worked Case | OUTPUT:Repository Change | PROCESS:Decision Branch | PROCESS:Required Sequence | RESOURCE:GitHub Interface | RESOURCE:Local Workspace | TASK:Artifact Change | TASK:Evidence Investigation,COMMUNICATION:Audience Voice | CONSTRAINT:Evidence Grounding | CONSTRAINT:Quality Standard | CONSTRAINT:Scope Boundary | CONTEXT:Domain Context | CONTEXT:Execution Environment | CONTEXT:Historical Context | CONTEXT:Repository Context | EXAMPLE:Output Template | EXAMPLE:Technical Snippet | OUTPUT:Repository Change | PROCESS:Decision Branch | PROCESS:Required Sequence | PROCESS:Work Delegation | RESOURCE:Agent Resource | RESOURCE:GitHub Interface | RESOURCE:Local Workspace | TASK:Artifact Change | TASK:Evidence Investigation
rq3_132,17,3,2,COMMUNICATION:Automation Disclosure | COMMUNICATION:Expert Role | CONSTRAINT:Evidence Grounding | CONSTRAINT:Quality Standard | CONSTRAINT:Scope Boundary | CONTEXT:Domain Context | CONTEXT:Repository Context | EVALUATION:Risk Assessment | EVALUATION:Rule Conformance | EXAMPLE:Output Template | EXAMPLE:Technical Snippet | EXAMPLE:Worked Case | OUTPUT:New Thread | PROCESS:Decision Branch | PROCESS:Required Sequence | PROCESS:Within-Run Iteration | RESOURCE:GitHub Interface | RESOURCE:Local Workspace | TASK:Artifact Review,COMMUNICATION:Audience Voice | COMMUNICATION:Automation Disclosure | COMMUNICATION:Expert Role | CONSTRAINT:Evidence Grounding | CONSTRAINT:Quality Standard | CONSTRAINT:Scope Boundary | CONTEXT:Domain Context | CONTEXT:Repository Context | EVALUATION:Risk Assessment | EVALUATION:Rule Conformance | EXAMPLE:Output Template | OUTPUT:New Thread | PROCESS:Decision Branch | PROCESS:Required Sequence | PROCESS:Within-Run Iteration | RESOURCE:Agent Resource | RESOURCE:GitHub Interface | RESOURCE:Local Workspace | TASK:Artifact Review | TASK:Evidence Investigation
rq3_133,14,0,0,COMMUNICATION:Audience Voice | COMMUNICATION:Expert Role | CONSTRAINT:Quality Standard | CONSTRAINT:Resource Budget | CONSTRAINT:Scope Boundary | EVALUATION:Rule Conformance | EXAMPLE:Output Template | EXAMPLE:Worked Case | OUTPUT:Control Signal | OUTPUT:Repository Change | PROCESS:Decision Branch | PROCESS:Required Sequence | RESOURCE:Local Workspace | TASK:Artifact Change,COMMUNICATION:Audience Voice | COMMUNICATION:Expert Role | CONSTRAINT:Quality Standard | CONSTRAINT:Resource Budget | CONSTRAINT:Scope Boundary | EVALUATION:Rule Conformance | EXAMPLE:Output Template | EXAMPLE:Worked Case | OUTPUT:Control Signal | OUTPUT:Repository Change | PROCESS:Decision Branch | PROCESS:Required Sequence | RESOURCE:Local Workspace | TASK:Artifact Change
rq3_134,20,2,2,COMMUNICATION:Automation Disclosure | COMMUNICATION:Expert Role | CONSTRAINT:Evidence Grounding | CONSTRAINT:Quality Standard | CONSTRAINT:Resource Budget | CONSTRAINT:Scope Boundary | CONTEXT:Domain Context | CONTEXT:Execution Environment | CONTEXT:Repository Context | EVALUATION:Risk Assessment | EVALUATION:Rule Conformance | EXAMPLE:Output Template | EXAMPLE:Worked Case | OUTPUT:Control Signal | OUTPUT:Existing Thread Response | OUTPUT:Repository Change | PROCESS:Decision Branch | PROCESS:Required Sequence | RESOURCE:GitHub Interface | RESOURCE:Local Workspace | TASK:Artifact Change | TASK:Artifact Review,COMMUNICATION:Automation Disclosure | COMMUNICATION:Expert Role | CONSTRAINT:Evidence Grounding | CONSTRAINT:Quality Standard | CONSTRAINT:Resource Budget | CONSTRAINT:Scope Boundary | CONTEXT:Domain Context | CONTEXT:Execution Environment | CONTEXT:Repository Context | EVALUATION:Rule Conformance | EXAMPLE:Output Template | EXAMPLE:Technical Snippet | OUTPUT:Control Signal | OUTPUT:Existing Thread Response | OUTPUT:Repository Change | PROCESS:Decision Branch | PROCESS:Required Sequence | RESOURCE:GitHub Interface | RESOURCE:Local Workspace | TASK:Artifact Change | TASK:Artifact Review | TASK:Evidence Investigation
rq3_135,14,1,4,COMMUNICATION:Audience Voice | COMMUNICATION:Expert Role | CONSTRAINT:Evidence Grounding | CONSTRAINT:Quality Standard | CONSTRAINT:Resource Budget | CONSTRAINT:Scope Boundary | CONTEXT:Repository Context | EVALUATION:Risk Assessment | EVALUATION:Rule Conformance | EXAMPLE:Output Template | OUTPUT:Existing Thread Response | PROCESS:Decision Branch | PROCESS:Required Sequence | PROCESS:Within-Run Iteration | RESOURCE:GitHub Interface | RESOURCE:Local Workspace | RESOURCE:Web Retrieval | TASK:Artifact Review,COMMUNICATION:Expert Role | CONSTRAINT:Quality Standard | CONSTRAINT:Resource Budget | CONSTRAINT:Scope Boundary | CONTEXT:Domain Context | CONTEXT:Repository Context | EVALUATION:Rule Conformance | EXAMPLE:Output Template | OUTPUT:Existing Thread Response | PROCESS:Decision Branch | PROCESS:Required Sequence | PROCESS:Within-Run Iteration | RESOURCE:GitHub Interface | RESOURCE:Web Retrieval | TASK:Artifact Review
rq3_136,5,0,1,CONSTRAINT:Quality Standard | CONSTRAINT:Scope Boundary | CONTEXT:Repository Context | EXAMPLE:Output Template | OUTPUT:New Thread | PROCESS:Required Sequence,CONSTRAINT:Quality Standard | CONTEXT:Repository Context | EXAMPLE:Output Template | OUTPUT:New Thread | PROCESS:Required Sequence
rq3_137,15,0,8,COMMUNICATION:Automation Disclosure | CONSTRAINT:Quality Standard | CONSTRAINT:Resource Budget | CONSTRAINT:Scope Boundary | CONTEXT:Execution Environment | CONTEXT:Repository Context | EVALUATION:Execution Check | EVALUATION:Rule Conformance | EXAMPLE:Output Template | OUTPUT:Control Signal | OUTPUT:Existing Thread Response | OUTPUT:Repository Change | PROCESS:Decision Branch | PROCESS:Required Sequence | PROCESS:Within-Run Iteration | PROCESS:Work Delegation | RESOURCE:Development Toolchain | RESOURCE:GitHub Interface | RESOURCE:Local Workspace | SAFETY:Prompt Injection Defense | TASK:Artifact Change | TASK:Evidence Investigation | TASK:Work Item Management,CONSTRAINT:Quality Standard | CONSTRAINT:Resource Budget | CONSTRAINT:Scope Boundary | CONTEXT:Repository Context | EXAMPLE:Output Template | OUTPUT:Control Signal | OUTPUT:Existing Thread Response | PROCESS:Decision Branch | PROCESS:Required Sequence | PROCESS:Within-Run Iteration | PROCESS:Work Delegation | RESOURCE:Development Toolchain | RESOURCE:GitHub Interface | SAFETY:Prompt Injection Defense | TASK:Evidence Investigation
rq3_138,18,4,2,CONSTRAINT:Evidence Grounding | CONSTRAINT:Quality Standard | CONSTRAINT:Resource Budget | CONSTRAINT:Scope Boundary | CONTEXT:Domain Context | CONTEXT:Execution Environment | EVALUATION:Evidence Credibility | EVALUATION:Risk Assessment | EVALUATION:Rule Conformance | EXAMPLE:Output Template | EXAMPLE:Worked Case | OUTPUT:Control Signal | OUTPUT:New Thread | PROCESS:Decision Branch | PROCESS:Required Sequence | PROCESS:Within-Run Iteration | RESOURCE:GitHub Interface | RESOURCE:Local Workspace | TASK:Artifact Review | TASK:Evidence Investigation,COMMUNICATION:Expert Role | CONSTRAINT:Evidence Grounding | CONSTRAINT:Quality Standard | CONSTRAINT:Resource Budget | CONTEXT:Domain Context | CONTEXT:Execution Environment | CONTEXT:Historical Context | CONTEXT:Repository Context | EVALUATION:Risk Assessment | EVALUATION:Rule Conformance | EXAMPLE:Output Template | EXAMPLE:Worked Case | OUTPUT:Control Signal | OUTPUT:New Thread | PROCESS:Decision Branch | PROCESS:Required Sequence | PROCESS:Within-Run Iteration | RESOURCE:GitHub Interface | RESOURCE:Local Workspace | TASK:Artifact Review | TASK:Evidence Investigation | TASK:Work Item Management
rq3_139,12,11,1,CONSTRAINT:Quality Standard | EVALUATION:Execution Check | EVALUATION:Risk Assessment | EVALUATION:Rule Conformance | EXAMPLE:Output Template | OUTPUT:New Thread | OUTPUT:Repository Change | PROCESS:Decision Branch | PROCESS:Required Sequence | RESOURCE:Development Toolchain | RESOURCE:GitHub Interface | TASK:Artifact Review | TASK:Evidence Investigation,COMMUNICATION:Expert Role | CONSTRAINT:Quality Standard | CONSTRAINT:Scope Boundary | CONTEXT:Domain Context | CONTEXT:Execution Environment | CONTEXT:Repository Context | EVALUATION:Execution Check | EVALUATION:Risk Assessment | EVALUATION:Rule Conformance | EXAMPLE:Output Template | EXAMPLE:Technical Snippet | OUTPUT:Control Signal | OUTPUT:Repository Change | PROCESS:Decision Branch | PROCESS:Required Sequence | PROCESS:Within-Run Iteration | RESOURCE:Development Toolchain | RESOURCE:GitHub Interface | RESOURCE:Local Workspace | TASK:Artifact Change | TASK:Artifact Review | TASK:Evidence Investigation | TASK:Executable Validation
rq3_140,11,6,1,COMMUNICATION:Expert Role | CONSTRAINT:Evidence Grounding | CONSTRAINT:Quality Standard | CONSTRAINT:Resource Budget | CONSTRAINT:Scope Boundary | EXAMPLE:Worked Case | OUTPUT:Control Signal | OUTPUT:New Thread | PROCESS:Decision Branch | PROCESS:Required Sequence | RESOURCE:Local Workspace | TASK:Artifact Review,COMMUNICATION:Expert Role | CONSTRAINT:Quality Standard | CONSTRAINT:Resource Budget | CONSTRAINT:Scope Boundary | CONTEXT:Domain Context | CONTEXT:Execution Environment | EVALUATION:Rule Conformance | EXAMPLE:Output Template | EXAMPLE:Worked Case | OUTPUT:Control Signal | OUTPUT:New Thread | PROCESS:Decision Branch | PROCESS:Required Sequence | RESOURCE:GitHub Interface | RESOURCE:Local Workspace | TASK:Artifact Review | TASK:Evidence Investigation
rq3_141,20,1,4,COMMUNICATION:Automation Disclosure | COMMUNICATION:Expert Role | CONSTRAINT:Quality Standard | CONSTRAINT:Resource Budget | CONSTRAINT:Scope Boundary | CONTEXT:Domain Context | CONTEXT:Repository Context | EVALUATION:Execution Check | EVALUATION:Risk Assessment | EVALUATION:Rule Conformance | EXAMPLE:Output Template | EXAMPLE:Technical Snippet | EXAMPLE:Worked Case | OUTPUT:Control Signal | OUTPUT:Repository Change | PROCESS:Cross-Run Memory | PROCESS:Decision Branch | PROCESS:Required Sequence | RESOURCE:Development Toolchain | RESOURCE:GitHub Interface | RESOURCE:Local Workspace | RESOURCE:Web Retrieval | TASK:Artifact Change | TASK:Executable Validation,COMMUNICATION:Automation Disclosure | COMMUNICATION:Expert Role | CONSTRAINT:Quality Standard | CONSTRAINT:Scope Boundary | CONTEXT:Domain Context | CONTEXT:Repository Context | EVALUATION:Execution Check | EXAMPLE:Output Template | EXAMPLE:Technical Snippet | OUTPUT:Control Signal | OUTPUT:Repository Change | PROCESS:Cross-Run Memory | PROCESS:Decision Branch | PROCESS:Required Sequence | RESOURCE:Development Toolchain | RESOURCE:GitHub Interface | RESOURCE:Local Workspace | RESOURCE:Web Retrieval | TASK:Artifact Change | TASK:Evidence Investigation | TASK:Executable Validation
rq3_142,8,3,3,CONSTRAINT:Quality Standard | CONTEXT:Execution Environment | EVALUATION:Execution Check | EXAMPLE:Output Template | OUTPUT:Control Signal | OUTPUT:Existing Thread Response | PROCESS:Decision Branch | PROCESS:Required Sequence | RESOURCE:Development Toolchain | SAFETY:Execution Isolation | TASK:Executable Validation,CONSTRAINT:Quality Standard | CONTEXT:Domain Context | CONTEXT:Execution Environment | EVALUATION:Execution Check | EXAMPLE:Output Template | EXAMPLE:Technical Snippet | OUTPUT:Control Signal | OUTPUT:Existing Thread Response | PROCESS:Decision Branch | RESOURCE:Local Workspace | TASK:Executable Validation
rq3_143,23,1,1,COMMUNICATION:Automation Disclosure | COMMUNICATION:Expert Role | CONSTRAINT:Quality Standard | CONSTRAINT:Resource Budget | CONSTRAINT:Scope Boundary | CONTEXT:Execution Environment | CONTEXT:Historical Context | CONTEXT:Repository Context | EVALUATION:Execution Check | EXAMPLE:Output Template | EXAMPLE:Technical Snippet | OUTPUT:Control Signal | OUTPUT:New Thread | OUTPUT:Standalone Artifact | PROCESS:Cross-Run Memory | PROCESS:Decision Branch | PROCESS:Required Sequence | PROCESS:Within-Run Iteration | RESOURCE:Development Toolchain | RESOURCE:GitHub Interface | RESOURCE:Local Workspace | TASK:Evidence Investigation | TASK:Executable Validation | TASK:Work Item Management,COMMUNICATION:Automation Disclosure | COMMUNICATION:Expert Role | CONSTRAINT:Quality Standard | CONSTRAINT:Resource Budget | CONSTRAINT:Scope Boundary | CONTEXT:Domain Context | CONTEXT:Execution Environment | CONTEXT:Historical Context | CONTEXT:Repository Context | EVALUATION:Execution Check | EXAMPLE:Output Template | EXAMPLE:Technical Snippet | OUTPUT:New Thread | OUTPUT:Standalone Artifact | PROCESS:Cross-Run Memory | PROCESS:Decision Branch | PROCESS:Required Sequence | PROCESS:Within-Run Iteration | RESOURCE:Development Toolchain | RESOURCE:GitHub Interface | RESOURCE:Local Workspace | TASK:Evidence Investigation | TASK:Executable Validation | TASK:Work Item Management
rq3_144,17,6,2,COMMUNICATION:Automation Disclosure | CONSTRAINT:Quality Standard | CONSTRAINT:Resource Budget | CONSTRAINT:Scope Boundary | CONTEXT:Execution Environment | CONTEXT:Repository Context | EVALUATION:Risk Assessment | EVALUATION:Rule Conformance | EXAMPLE:Output Template | EXAMPLE:Technical Snippet | EXAMPLE:Worked Case | OUTPUT:Control Signal | OUTPUT:New Thread | PROCESS:Cross-Run Memory | PROCESS:Decision Branch | PROCESS:Required Sequence | PROCESS:Within-Run Iteration | RESOURCE:Local Workspace | TASK:Artifact Review,COMMUNICATION:Automation Disclosure | COMMUNICATION:Expert Role | CONSTRAINT:Quality Standard | CONSTRAINT:Resource Budget | CONSTRAINT:Scope Boundary | CONTEXT:Domain Context | CONTEXT:Execution Environment | CONTEXT:Historical Context | CONTEXT:Repository Context | EVALUATION:Rule Conformance | EXAMPLE:Output Template | EXAMPLE:Worked Case | OUTPUT:Control Signal | OUTPUT:New Thread | PROCESS:Cross-Run Memory | PROCESS:Decision Branch | PROCESS:Required Sequence | PROCESS:Within-Run Iteration | PROCESS:Work Delegation | RESOURCE:Agent Resource | RESOURCE:Local Workspace | TASK:Artifact Review | TASK:Evidence Investigation
rq3_145,8,0,2,COMMUNICATION:Expert Role | CONTEXT:Execution Environment | CONTEXT:Repository Context | EVALUATION:Execution Check | OUTPUT:Control Signal | PROCESS:Decision Branch | PROCESS:Required Sequence | RESOURCE:Web Retrieval | SAFETY:Execution Isolation | TASK:Executable Validation,COMMUNICATION:Expert Role | CONTEXT:Repository Context | EVALUATION:Execution Check | PROCESS:Decision Branch | PROCESS:Required Sequence | RESOURCE:Web Retrieval | SAFETY:Execution Isolation | TASK:Executable Validation
rq3_146,17,2,4,COMMUNICATION:Expert Role | CONSTRAINT:Evidence Grounding | CONSTRAINT:Quality Standard | CONSTRAINT:Scope Boundary | CONTEXT:Domain Context | CONTEXT:Repository Context | EVALUATION:Execution Check | EVALUATION:Risk Assessment | EVALUATION:Rule Conformance | EXAMPLE:Output Template | OUTPUT:New Thread | PROCESS:Cross-Run Memory | PROCESS:Decision Branch | PROCESS:Required Sequence | PROCESS:Within-Run Iteration | RESOURCE:Agent Resource | RESOURCE:GitHub Interface | SAFETY:Execution Isolation | SAFETY:Information Confidentiality | TASK:Artifact Review | TASK:Evidence Investigation,COMMUNICATION:Expert Role | CONSTRAINT:Evidence Grounding | CONSTRAINT:Quality Standard | CONSTRAINT:Scope Boundary | CONTEXT:Domain Context | CONTEXT:Repository Context | EVALUATION:Rule Conformance | EXAMPLE:Output Template | OUTPUT:Control Signal | OUTPUT:New Thread | PROCESS:Cross-Run Memory | PROCESS:Decision Branch | PROCESS:Required Sequence | PROCESS:Within-Run Iteration | RESOURCE:Agent Resource | RESOURCE:GitHub Interface | SAFETY:Information Confidentiality | SAFETY:Prompt Injection Defense | TASK:Evidence Investigation
rq3_147,12,2,3,COMMUNICATION:Expert Role | CONSTRAINT:Quality Standard | CONSTRAINT:Resource Budget | CONSTRAINT:Scope Boundary | CONTEXT:Repository Context | EVALUATION:Risk Assessment | OUTPUT:Control Signal | OUTPUT:Existing Thread Response | PROCESS:Decision Branch | PROCESS:Required Sequence | RESOURCE:Agent Resource | RESOURCE:GitHub Interface | RESOURCE:Local Workspace | SAFETY:Vulnerability Handling | TASK:Artifact Review,COMMUNICATION:Expert Role | CONSTRAINT:Quality Standard | CONSTRAINT:Scope Boundary | CONTEXT:Historical Context | CONTEXT:Repository Context | EVALUATION:Risk Assessment | EVALUATION:Rule Conformance | OUTPUT:Control Signal | OUTPUT:Existing Thread Response | PROCESS:Decision Branch | PROCESS:Required Sequence | RESOURCE:GitHub Interface | RESOURCE:Local Workspace | TASK:Artifact Review
rq3_148,12,4,1,CONSTRAINT:Quality Standard | CONSTRAINT:Resource Budget | CONTEXT:Domain Context | CONTEXT:Repository Context | EXAMPLE:Output Template | EXAMPLE:Technical Snippet | EXAMPLE:Worked Case | OUTPUT:New Thread | PROCESS:Decision Branch | PROCESS:Required Sequence | RESOURCE:GitHub Interface | RESOURCE:Local Workspace | TASK:Evidence Investigation,COMMUNICATION:Expert Role | CONSTRAINT:Quality Standard | CONSTRAINT:Resource Budget | CONSTRAINT:Scope Boundary | CONTEXT:Domain Context | CONTEXT:Execution Environment | CONTEXT:Repository Context | EVALUATION:Rule Conformance | EXAMPLE:Output Template | EXAMPLE:Technical Snippet | OUTPUT:New Thread | PROCESS:Decision Branch | PROCESS:Required Sequence | RESOURCE:GitHub Interface | RESOURCE:Local Workspace | TASK:Evidence Investigation
rq3_149,12,1,4,COMMUNICATION:Audience Voice | CONSTRAINT:Quality Standard | CONSTRAINT:Scope Boundary | CONTEXT:Domain Context | CONTEXT:Execution Environment | CONTEXT:Repository Context | EVALUATION:Risk Assessment | EVALUATION:Rule Conformance | EXAMPLE:Output Template | EXAMPLE:Technical Snippet | EXAMPLE:Worked Case | OUTPUT:Standalone Artifact | PROCESS:Decision Branch | PROCESS:Required Sequence | RESOURCE:Local Workspace | TASK:Evidence Investigation,COMMUNICATION:Audience Voice | CONSTRAINT:Evidence Grounding | CONSTRAINT:Quality Standard | CONSTRAINT:Scope Boundary | CONTEXT:Domain Context | CONTEXT:Execution Environment | CONTEXT:Repository Context | EXAMPLE:Output Template | OUTPUT:Standalone Artifact | PROCESS:Decision Branch | PROCESS:Required Sequence | RESOURCE:Local Workspace | TASK:Evidence Investigation
rq3_150,9,2,4,CONSTRAINT:Scope Boundary | CONTEXT:Domain Context | CONTEXT:Execution Environment | CONTEXT:Historical Context | CONTEXT:Repository Context | EVALUATION:Execution Check | EVALUATION:Rule Conformance | OUTPUT:Control Signal | OUTPUT:New Thread | PROCESS:Decision Branch | PROCESS:Required Sequence | RESOURCE:Development Toolchain | TASK:Executable Validation,CONTEXT:Domain Context | CONTEXT:Execution Environment | CONTEXT:Historical Context | CONTEXT:Repository Context | EVALUATION:Execution Check | OUTPUT:New Thread | PROCESS:Decision Branch | RESOURCE:Development Toolchain | RESOURCE:Local Workspace | TASK:Executable Validation | TASK:Work Item Management
rq3_151,17,0,5,COMMUNICATION:Automation Disclosure | COMMUNICATION:Expert Role | CONSTRAINT:Evidence Grounding | CONSTRAINT:Quality Standard | CONSTRAINT:Resource Budget | CONSTRAINT:Scope Boundary | CONTEXT:Domain Context | CONTEXT:Execution Environment | CONTEXT:Repository Context | EVALUATION:Risk Assessment | EXAMPLE:Output Template | EXAMPLE:Technical Snippet | EXAMPLE:Worked Case | OUTPUT:Control Signal | OUTPUT:New Thread | OUTPUT:Standalone Artifact | PROCESS:Decision Branch | PROCESS:Required Sequence | PROCESS:Within-Run Iteration | RESOURCE:GitHub Interface | RESOURCE:Local Workspace | TASK:Evidence Investigation,COMMUNICATION:Expert Role | CONSTRAINT:Quality Standard | CONSTRAINT:Resource Budget | CONTEXT:Domain Context | CONTEXT:Execution Environment | CONTEXT:Repository Context | EVALUATION:Risk Assessment | EXAMPLE:Output Template | EXAMPLE:Technical Snippet | OUTPUT:Control Signal | OUTPUT:New Thread | PROCESS:Decision Branch | PROCESS:Required Sequence | PROCESS:Within-Run Iteration | RESOURCE:GitHub Interface | RESOURCE:Local Workspace | TASK:Evidence Investigation
rq3_152,10,1,1,COMMUNICATION:Expert Role | CONSTRAINT:Evidence Grounding | CONSTRAINT:Quality Standard | EVALUATION:Risk Assessment | OUTPUT:Control Signal | OUTPUT:Existing Thread Response | PROCESS:Decision Branch | PROCESS:Required Sequence | PROCESS:Work Delegation | RESOURCE:GitHub Interface | TASK:Evidence Investigation,COMMUNICATION:Expert Role | CONSTRAINT:Quality Standard | EVALUATION:Risk Assessment | OUTPUT:Control Signal | OUTPUT:Existing Thread Response | PROCESS:Decision Branch | PROCESS:Required Sequence | PROCESS:Work Delegation | RESOURCE:GitHub Interface | TASK:Evidence Investigation | TASK:Work Item Management
rq3_153,34,0,3,COMMUNICATION:Audience Voice | COMMUNICATION:Automation Disclosure | CONSTRAINT:Evidence Grounding | CONSTRAINT:Quality Standard | CONSTRAINT:Resource Budget | CONSTRAINT:Scope Boundary | CONTEXT:Domain Context | CONTEXT:Execution Environment | CONTEXT:Historical Context | CONTEXT:Repository Context | EVALUATION:Evidence Credibility | EVALUATION:Execution Check | EVALUATION:Risk Assessment | EVALUATION:Rule Conformance | EXAMPLE:Output Template | EXAMPLE:Technical Snippet | EXAMPLE:Worked Case | OUTPUT:Control Signal | OUTPUT:Existing Thread Response | OUTPUT:Repository Change | OUTPUT:Standalone Artifact | PROCESS:Cross-Run Memory | PROCESS:Decision Branch | PROCESS:Required Sequence | PROCESS:Within-Run Iteration | RESOURCE:Agent Resource | RESOURCE:Development Toolchain | RESOURCE:GitHub Interface | RESOURCE:Local Workspace | RESOURCE:Web Retrieval | SAFETY:Execution Isolation | SAFETY:Prompt Injection Defense | TASK:Artifact Change | TASK:Artifact Review | TASK:Evidence Investigation | TASK:Executable Validation | TASK:Work Item Management,COMMUNICATION:Automation Disclosure | CONSTRAINT:Quality Standard | CONSTRAINT:Resource Budget | CONSTRAINT:Scope Boundary | CONTEXT:Domain Context | CONTEXT:Execution Environment | CONTEXT:Historical Context | CONTEXT:Repository Context | EVALUATION:Evidence Credibility | EVALUATION:Execution Check | EVALUATION:Risk Assessment | EVALUATION:Rule Conformance | EXAMPLE:Output Template | EXAMPLE:Technical Snippet | OUTPUT:Control Signal | OUTPUT:Existing Thread Response | OUTPUT:Repository Change | OUTPUT:Standalone Artifact | PROCESS:Cross-Run Memory | PROCESS:Decision Branch | PROCESS:Required Sequence | PROCESS:Within-Run Iteration | RESOURCE:Agent Resource | RESOURCE:Development Toolchain | RESOURCE:GitHub Interface | RESOURCE:Local Workspace | RESOURCE:Web Retrieval | SAFETY:Execution Isolation | SAFETY:Prompt Injection Defense | TASK:Artifact Change | TASK:Artifact Review | TASK:Evidence Investigation | TASK:Executable Validation | TASK:Work Item Management
rq3_154,18,2,3,COMMUNICATION:Audience Voice | CONSTRAINT:Quality Standard | CONSTRAINT:Resource Budget | CONSTRAINT:Scope Boundary | CONTEXT:Execution Environment | CONTEXT:Repository Context | EVALUATION:Execution Check | EVALUATION:Rule Conformance | EXAMPLE:Technical Snippet | EXAMPLE:Worked Case | OUTPUT:Control Signal | OUTPUT:Existing Thread Response | PROCESS:Decision Branch | PROCESS:Required Sequence | RESOURCE:Development Toolchain | RESOURCE:GitHub Interface | RESOURCE:Local Workspace | RESOURCE:Web Retrieval | SAFETY:Prompt Injection Defense | TASK:Executable Validation | TASK:Work Item Management,COMMUNICATION:Audience Voice | COMMUNICATION:Automation Disclosure | CONSTRAINT:Quality Standard | CONSTRAINT:Resource Budget | CONSTRAINT:Scope Boundary | EVALUATION:Execution Check | EVALUATION:Rule Conformance | EXAMPLE:Technical Snippet | OUTPUT:Control Signal | OUTPUT:Existing Thread Response | PROCESS:Decision Branch | PROCESS:Required Sequence | RESOURCE:Development Toolchain | RESOURCE:GitHub Interface | RESOURCE:Local Workspace | RESOURCE:Web Retrieval | SAFETY:Prompt Injection Defense | TASK:Evidence Investigation | TASK:Executable Validation | TASK:Work Item Management
rq3_155,11,4,8,COMMUNICATION:Automation Disclosure | CONSTRAINT:Evidence Grounding | CONSTRAINT:Quality Standard | CONSTRAINT:Scope Boundary | CONTEXT:Repository Context | EVALUATION:Evidence Credibility | EVALUATION:Risk Assessment | EVALUATION:Rule Conformance | EXAMPLE:Output Template | EXAMPLE:Technical Snippet | EXAMPLE:Worked Case | OUTPUT:Control Signal | OUTPUT:Repository Change | PROCESS:Decision Branch | PROCESS:Required Sequence | PROCESS:Within-Run Iteration | RESOURCE:GitHub Interface | RESOURCE:Local Workspace | TASK:Artifact Change,COMMUNICATION:Audience Voice | CONSTRAINT:Quality Standard | CONSTRAINT:Resource Budget | CONSTRAINT:Scope Boundary | CONTEXT:Domain Context | CONTEXT:Repository Context | EXAMPLE:Output Template | EXAMPLE:Technical Snippet | OUTPUT:Repository Change | PROCESS:Decision Branch | PROCESS:Required Sequence | PROCESS:Within-Run Iteration | RESOURCE:GitHub Interface | RESOURCE:Local Workspace | TASK:Evidence Investigation
rq3_156,10,1,2,COMMUNICATION:Audience Voice | COMMUNICATION:Automation Disclosure | COMMUNICATION:Expert Role | CONSTRAINT:Quality Standard | CONSTRAINT:Scope Boundary | CONTEXT:Repository Context | EXAMPLE:Output Template | OUTPUT:Control Signal | OUTPUT:New Thread | PROCESS:Decision Branch | RESOURCE:GitHub Interface | TASK:Evidence Investigation,COMMUNICATION:Audience Voice | CONSTRAINT:Evidence Grounding | CONSTRAINT:Quality Standard | CONSTRAINT:Scope Boundary | CONTEXT:Repository Context | EXAMPLE:Output Template | OUTPUT:Control Signal | OUTPUT:New Thread | PROCESS:Decision Branch | RESOURCE:GitHub Interface | TASK:Evidence Investigation
rq3_157,16,2,3,COMMUNICATION:Expert Role | CONSTRAINT:Quality Standard | CONSTRAINT:Resource Budget | CONSTRAINT:Scope Boundary | CONTEXT:Repository Context | EVALUATION:Risk Assessment | EVALUATION:Rule Conformance | EXAMPLE:Output Template | EXAMPLE:Worked Case | OUTPUT:Control Signal | OUTPUT:New Thread | PROCESS:Decision Branch | PROCESS:Required Sequence | PROCESS:Within-Run Iteration | RESOURCE:GitHub Interface | RESOURCE:Local Workspace | SAFETY:Execution Isolation | TASK:Artifact Review | TASK:Executable Validation,COMMUNICATION:Expert Role | CONSTRAINT:Quality Standard | CONSTRAINT:Resource Budget | CONSTRAINT:Scope Boundary | CONTEXT:Repository Context | EVALUATION:Risk Assessment | EVALUATION:Rule Conformance | EXAMPLE:Output Template | EXAMPLE:Technical Snippet | OUTPUT:Control Signal | OUTPUT:New Thread | PROCESS:Decision Branch | PROCESS:Required Sequence | PROCESS:Within-Run Iteration | RESOURCE:GitHub Interface | RESOURCE:Local Workspace | TASK:Artifact Review | TASK:Evidence Investigation
rq3_158,13,1,3,CONSTRAINT:Evidence Grounding | CONSTRAINT:Quality Standard | CONSTRAINT:Scope Boundary | CONTEXT:Repository Context | EVALUATION:Execution Check | EVALUATION:Rule Conformance | OUTPUT:Control Signal | OUTPUT:Existing Thread Response | OUTPUT:Repository Change | PROCESS:Decision Branch | PROCESS:Required Sequence | RESOURCE:Local Workspace | SAFETY:Prompt Injection Defense | TASK:Artifact Change | TASK:Evidence Investigation | TASK:Executable Validation,CONSTRAINT:Quality Standard | CONSTRAINT:Scope Boundary | CONTEXT:Execution Environment | EVALUATION:Execution Check | EVALUATION:Rule Conformance | OUTPUT:Control Signal | OUTPUT:Existing Thread Response | OUTPUT:Repository Change | PROCESS:Decision Branch | PROCESS:Required Sequence | RESOURCE:Local Workspace | TASK:Artifact Change | TASK:Evidence Investigation | TASK:Executable Validation
rq3_159,5,1,4,CONSTRAINT:Scope Boundary | CONTEXT:Domain Context | CONTEXT:Execution Environment | EVALUATION:Execution Check | OUTPUT:Control Signal | PROCESS:Decision Branch | RESOURCE:Web Retrieval | SAFETY:Execution Isolation | TASK:Executable Validation,CONSTRAINT:Scope Boundary | CONTEXT:Execution Environment | EVALUATION:Execution Check | RESOURCE:Local Workspace | SAFETY:Execution Isolation | TASK:Executable Validation
rq3_160,26,1,4,COMMUNICATION:Automation Disclosure | COMMUNICATION:Expert Role | CONSTRAINT:Evidence Grounding | CONSTRAINT:Quality Standard | CONSTRAINT:Resource Budget | CONSTRAINT:Scope Boundary | CONTEXT:Domain Context | CONTEXT:Repository Context | EVALUATION:Evidence Credibility | EVALUATION:Execution Check | EVALUATION:Risk Assessment | EVALUATION:Rule Conformance | EXAMPLE:Output Template | EXAMPLE:Worked Case | OUTPUT:Control Signal | OUTPUT:Existing Thread Response | OUTPUT:New Thread | OUTPUT:Repository Change | PROCESS:Cross-Run Memory | PROCESS:Decision Branch | PROCESS:Required Sequence | PROCESS:Within-Run Iteration | RESOURCE:Agent Resource | RESOURCE:Development Toolchain | RESOURCE:GitHub Interface | RESOURCE:Local Workspace | TASK:Artifact Change | TASK:Evidence Investigation | TASK:Executable Validation | TASK:Work Item Management,COMMUNICATION:Automation Disclosure | COMMUNICATION:Expert Role | CONSTRAINT:Evidence Grounding | CONSTRAINT:Quality Standard | CONSTRAINT:Resource Budget | CONSTRAINT:Scope Boundary | CONTEXT:Domain Context | CONTEXT:Repository Context | EVALUATION:Execution Check | EVALUATION:Risk Assessment | EXAMPLE:Output Template | EXAMPLE:Technical Snippet | OUTPUT:Control Signal | OUTPUT:Existing Thread Response | OUTPUT:New Thread | OUTPUT:Repository Change | PROCESS:Cross-Run Memory | PROCESS:Decision Branch | PROCESS:Required Sequence | PROCESS:Within-Run Iteration | RESOURCE:Development Toolchain | RESOURCE:GitHub Interface | RESOURCE:Local Workspace | TASK:Artifact Change | TASK:Evidence Investigation | TASK:Executable Validation | TASK:Work Item Management
rq3_161,16,4,2,COMMUNICATION:Automation Disclosure | CONSTRAINT:Quality Standard | CONSTRAINT:Resource Budget | CONSTRAINT:Scope Boundary | CONTEXT:Execution Environment | CONTEXT:Repository Context | EVALUATION:Rule Conformance | EXAMPLE:Output Template | OUTPUT:Control Signal | OUTPUT:Repository Change | PROCESS:Decision Branch | PROCESS:Required Sequence | PROCESS:Within-Run Iteration | RESOURCE:GitHub Interface | RESOURCE:Local Workspace | SAFETY:Execution Isolation | TASK:Artifact Change | TASK:Evidence Investigation,CONSTRAINT:Quality Standard | CONSTRAINT:Resource Budget | CONSTRAINT:Scope Boundary | CONTEXT:Domain Context | CONTEXT:Execution Environment | CONTEXT:Repository Context | EVALUATION:Rule Conformance | EXAMPLE:Output Template | EXAMPLE:Technical Snippet | OUTPUT:Control Signal | OUTPUT:Repository Change | PROCESS:Cross-Run Memory | PROCESS:Decision Branch | PROCESS:Required Sequence | PROCESS:Within-Run Iteration | RESOURCE:Agent Resource | RESOURCE:Local Workspace | SAFETY:Execution Isolation | TASK:Artifact Change | TASK:Evidence Investigation
rq3_162,17,3,4,COMMUNICATION:Automation Disclosure | COMMUNICATION:Expert Role | CONSTRAINT:Quality Standard | CONSTRAINT:Resource Budget | CONSTRAINT:Scope Boundary | EVALUATION:Risk Assessment | EVALUATION:Rule Conformance | EXAMPLE:Output Template | EXAMPLE:Technical Snippet | OUTPUT:Control Signal | OUTPUT:Repository Change | PROCESS:Cross-Run Memory | PROCESS:Decision Branch | PROCESS:Required Sequence | PROCESS:Within-Run Iteration | RESOURCE:GitHub Interface | RESOURCE:Local Workspace | SAFETY:Execution Isolation | SAFETY:Vulnerability Handling | TASK:Artifact Change | TASK:Evidence Investigation,COMMUNICATION:Automation Disclosure | COMMUNICATION:Expert Role | CONSTRAINT:Quality Standard | CONSTRAINT:Resource Budget | CONSTRAINT:Scope Boundary | CONTEXT:Domain Context | CONTEXT:Execution Environment | EXAMPLE:Output Template | EXAMPLE:Technical Snippet | OUTPUT:Control Signal | OUTPUT:Repository Change | PROCESS:Cross-Run Memory | PROCESS:Decision Branch | PROCESS:Required Sequence | RESOURCE:Agent Resource | RESOURCE:GitHub Interface | RESOURCE:Local Workspace | SAFETY:Execution Isolation | SAFETY:Vulnerability Handling | TASK:Artifact Change
rq3_163,12,3,2,COMMUNICATION:Audience Voice | COMMUNICATION:Expert Role | CONSTRAINT:Evidence Grounding | CONSTRAINT:Quality Standard | CONTEXT:Repository Context | EVALUATION:Rule Conformance | EXAMPLE:Worked Case | OUTPUT:Existing Thread Response | PROCESS:Decision Branch | PROCESS:Required Sequence | RESOURCE:GitHub Interface | RESOURCE:Local Workspace | TASK:Artifact Review | TASK:Evidence Investigation,COMMUNICATION:Audience Voice | COMMUNICATION:Expert Role | CONSTRAINT:Evidence Grounding | CONSTRAINT:Scope Boundary | CONTEXT:Domain Context | CONTEXT:Repository Context | EVALUATION:Rule Conformance | EXAMPLE:Worked Case | OUTPUT:Existing Thread Response | PROCESS:Decision Branch | PROCESS:Required Sequence | PROCESS:Within-Run Iteration | RESOURCE:GitHub Interface | RESOURCE:Local Workspace | TASK:Artifact Review
rq3_164,10,3,5,CONSTRAINT:Scope Boundary | CONTEXT:Domain Context | CONTEXT:Execution Environment | CONTEXT:Repository Context | EVALUATION:Execution Check | EXAMPLE:Output Template | OUTPUT:Control Signal | OUTPUT:New Thread | OUTPUT:Standalone Artifact | PROCESS:Decision Branch | PROCESS:Required Sequence | PROCESS:Within-Run Iteration | RESOURCE:Development Toolchain | RESOURCE:Local Workspace | TASK:Executable Validation,CONTEXT:Domain Context | CONTEXT:Execution Environment | EVALUATION:Execution Check | EXAMPLE:Output Template | EXAMPLE:Technical Snippet | OUTPUT:New Thread | PROCESS:Decision Branch | PROCESS:Required Sequence | RESOURCE:Development Toolchain | RESOURCE:GitHub Interface | RESOURCE:Local Workspace | TASK:Executable Validation | TASK:Work Item Management
rq3_165,14,1,5,COMMUNICATION:Audience Voice | COMMUNICATION:Automation Disclosure | COMMUNICATION:Expert Role | CONSTRAINT:Evidence Grounding | CONSTRAINT:Quality Standard | CONSTRAINT:Scope Boundary | CONTEXT:Execution Environment | CONTEXT:Repository Context | EVALUATION:Execution Check | EXAMPLE:Output Template | EXAMPLE:Technical Snippet | OUTPUT:New Thread | PROCESS:Decision Branch | PROCESS:Required Sequence | PROCESS:Within-Run Iteration | RESOURCE:GitHub Interface | RESOURCE:Local Workspace | SAFETY:Vulnerability Handling | TASK:Evidence Investigation,COMMUNICATION:Expert Role | CONSTRAINT:Quality Standard | CONSTRAINT:Scope Boundary | CONTEXT:Domain Context | CONTEXT:Execution Environment | CONTEXT:Repository Context | EXAMPLE:Output Template | EXAMPLE:Technical Snippet | OUTPUT:New Thread | PROCESS:Decision Branch | PROCESS:Required Sequence | PROCESS:Within-Run Iteration | RESOURCE:GitHub Interface | RESOURCE:Local Workspace | TASK:Evidence Investigation
rq3_166,11,1,4,COMMUNICATION:Audience Voice | COMMUNICATION:Automation Disclosure | CONSTRAINT:Evidence Grounding | CONSTRAINT:Scope Boundary | CONTEXT:Execution Environment | EVALUATION:Rule Conformance | EXAMPLE:Output Template | EXAMPLE:Technical Snippet | OUTPUT:Control Signal | OUTPUT:Existing Thread Response | PROCESS:Decision Branch | PROCESS:Required Sequence | PROCESS:Within-Run Iteration | RESOURCE:GitHub Interface | TASK:Evidence Investigation,COMMUNICATION:Audience Voice | COMMUNICATION:Automation Disclosure | CONSTRAINT:Evidence Grounding | CONTEXT:Repository Context | EXAMPLE:Output Template | EXAMPLE:Technical Snippet | OUTPUT:Control Signal | OUTPUT:Existing Thread Response | PROCESS:Decision Branch | PROCESS:Required Sequence | RESOURCE:GitHub Interface | TASK:Evidence Investigation
rq3_167,21,1,2,COMMUNICATION:Automation Disclosure | COMMUNICATION:Expert Role | CONSTRAINT:Evidence Grounding | CONSTRAINT:Quality Standard | CONSTRAINT:Resource Budget | CONSTRAINT:Scope Boundary | CONTEXT:Execution Environment | CONTEXT:Historical Context | CONTEXT:Repository Context | EVALUATION:Execution Check | EVALUATION:Risk Assessment | EXAMPLE:Output Template | EXAMPLE:Technical Snippet | OUTPUT:Control Signal | OUTPUT:Existing Thread Response | PROCESS:Cross-Run Memory | PROCESS:Decision Branch | PROCESS:Required Sequence | PROCESS:Within-Run Iteration | RESOURCE:GitHub Interface | RESOURCE:Local Workspace | SAFETY:Execution Isolation | TASK:Evidence Investigation,COMMUNICATION:Expert Role | CONSTRAINT:Evidence Grounding | CONSTRAINT:Quality Standard | CONSTRAINT:Resource Budget | CONSTRAINT:Scope Boundary | CONTEXT:Domain Context | CONTEXT:Execution Environment | CONTEXT:Historical Context | CONTEXT:Repository Context | EVALUATION:Risk Assessment | EXAMPLE:Output Template | EXAMPLE:Technical Snippet | OUTPUT:Control Signal | OUTPUT:Existing Thread Response | PROCESS:Cross-Run Memory | PROCESS:Decision Branch | PROCESS:Required Sequence | PROCESS:Within-Run Iteration | RESOURCE:GitHub Interface | RESOURCE:Local Workspace | SAFETY:Execution Isolation | TASK:Evidence Investigation
rq3_168,18,3,2,CONSTRAINT:Evidence Grounding | CONSTRAINT:Quality Standard | CONSTRAINT:Resource Budget | CONSTRAINT:Scope Boundary | CONTEXT:Domain Context | CONTEXT:Repository Context | EVALUATION:Rule Conformance | EXAMPLE:Output Template | EXAMPLE:Worked Case | OUTPUT:Existing Thread Response | OUTPUT:New Thread | OUTPUT:Repository Change | PROCESS:Decision Branch | PROCESS:Required Sequence | PROCESS:Within-Run Iteration | RESOURCE:GitHub Interface | RESOURCE:Local Workspace | TASK:Artifact Change | TASK:Artifact Review | TASK:Evidence Investigation,CONSTRAINT:Quality Standard | CONSTRAINT:Scope Boundary | CONTEXT:Domain Context | CONTEXT:Repository Context | EVALUATION:Rule Conformance | EXAMPLE:Output Template | EXAMPLE:Technical Snippet | EXAMPLE:Worked Case | OUTPUT:Control Signal | OUTPUT:Existing Thread Response | OUTPUT:New Thread | OUTPUT:Repository Change | PROCESS:Decision Branch | PROCESS:Required Sequence | PROCESS:Within-Run Iteration | RESOURCE:GitHub Interface | RESOURCE:Local Workspace | TASK:Artifact Change | TASK:Artifact Review | TASK:Evidence Investigation | TASK:Work Item Management
rq3_169,13,3,4,CONSTRAINT:Quality Standard | CONSTRAINT:Scope Boundary | CONTEXT:Domain Context | CONTEXT:Repository Context | EVALUATION:Execution Check | EVALUATION:Rule Conformance | EXAMPLE:Output Template | OUTPUT:Existing Thread Response | OUTPUT:Repository Change | PROCESS:Decision Branch | PROCESS:Required Sequence | PROCESS:Within-Run Iteration | RESOURCE:Development Toolchain | RESOURCE:GitHub Interface | RESOURCE:Local Workspace | TASK:Artifact Change | TASK:Executable Validation,COMMUNICATION:Expert Role | CONSTRAINT:Scope Boundary | CONTEXT:Domain Context | CONTEXT:Repository Context | EXAMPLE:Output Template | OUTPUT:Existing Thread Response | OUTPUT:Repository Change | PROCESS:Decision Branch | PROCESS:Required Sequence | PROCESS:Work Delegation | RESOURCE:Development Toolchain | RESOURCE:GitHub Interface | RESOURCE:Local Workspace | SAFETY:Execution Isolation | TASK:Artifact Change | TASK:Executable Validation
rq3_170,20,1,2,COMMUNICATION:Audience Voice | COMMUNICATION:Automation Disclosure | COMMUNICATION:Expert Role | CONSTRAINT:Evidence Grounding | CONSTRAINT:Quality Standard | CONSTRAINT:Resource Budget | CONSTRAINT:Scope Boundary | CONTEXT:Execution Environment | CONTEXT:Repository Context | EXAMPLE:Output Template | EXAMPLE:Technical Snippet | EXAMPLE:Worked Case | OUTPUT:Control Signal | OUTPUT:Existing Thread Response | OUTPUT:New Thread | OUTPUT:Standalone Artifact | PROCESS:Decision Branch | PROCESS:Required Sequence | PROCESS:Within-Run Iteration | RESOURCE:GitHub Interface | RESOURCE:Local Workspace | TASK:Work Item Management,COMMUNICATION:Audience Voice | COMMUNICATION:Automation Disclosure | COMMUNICATION:Expert Role | CONSTRAINT:Evidence Grounding | CONSTRAINT:Quality Standard | CONSTRAINT:Resource Budget | CONSTRAINT:Scope Boundary | CONTEXT:Domain Context | CONTEXT:Execution Environment | CONTEXT:Repository Context | EXAMPLE:Output Template | EXAMPLE:Technical Snippet | OUTPUT:Control Signal | OUTPUT:Existing Thread Response | OUTPUT:New Thread | PROCESS:Decision Branch | PROCESS:Required Sequence | PROCESS:Within-Run Iteration | RESOURCE:GitHub Interface | RESOURCE:Local Workspace | TASK:Work Item Management
rq3_171,12,0,1,CONSTRAINT:Evidence Grounding | CONSTRAINT:Quality Standard | CONSTRAINT:Scope Boundary | CONTEXT:Domain Context | EVALUATION:Rule Conformance | OUTPUT:Control Signal | OUTPUT:Repository Change | PROCESS:Decision Branch | PROCESS:Required Sequence | PROCESS:Within-Run Iteration | RESOURCE:Local Workspace | RESOURCE:Web Retrieval | TASK:Artifact Change,CONSTRAINT:Quality Standard | CONSTRAINT:Scope Boundary | CONTEXT:Domain Context | EVALUATION:Rule Conformance | OUTPUT:Control Signal | OUTPUT:Repository Change | PROCESS:Decision Branch | PROCESS:Required Sequence | PROCESS:Within-Run Iteration | RESOURCE:Local Workspace | RESOURCE:Web Retrieval | TASK:Artifact Change
rq3_172,7,2,3,CONSTRAINT:Quality Standard | CONTEXT:Repository Context | EVALUATION:Risk Assessment | EXAMPLE:Output Template | OUTPUT:Existing Thread Response | PROCESS:Decision Branch | PROCESS:Required Sequence | RESOURCE:Agent Resource | RESOURCE:GitHub Interface | TASK:Artifact Review,CONTEXT:Repository Context | EVALUATION:Rule Conformance | EXAMPLE:Output Template | OUTPUT:Existing Thread Response | PROCESS:Decision Branch | PROCESS:Required Sequence | RESOURCE:Agent Resource | RESOURCE:Local Workspace | TASK:Artifact Review
rq3_173,11,1,3,COMMUNICATION:Automation Disclosure | CONSTRAINT:Quality Standard | CONSTRAINT:Resource Budget | CONSTRAINT:Scope Boundary | EVALUATION:Execution Check | EVALUATION:Rule Conformance | OUTPUT:Repository Change | PROCESS:Decision Branch | PROCESS:Required Sequence | PROCESS:Within-Run Iteration | RESOURCE:Development Toolchain | RESOURCE:Local Workspace | TASK:Artifact Change | TASK:Executable Validation,CONSTRAINT:Quality Standard | CONSTRAINT:Scope Boundary | EVALUATION:Rule Conformance | OUTPUT:Repository Change | PROCESS:Decision Branch | PROCESS:Required Sequence | PROCESS:Within-Run Iteration | RESOURCE:Development Toolchain | RESOURCE:Local Workspace | TASK:Artifact Change | TASK:Artifact Review | TASK:Executable Validation
rq3_174,22,2,1,COMMUNICATION:Automation Disclosure | COMMUNICATION:Expert Role | CONSTRAINT:Resource Budget | CONSTRAINT:Scope Boundary | CONTEXT:Domain Context | CONTEXT:Execution Environment | CONTEXT:Repository Context | EVALUATION:Execution Check | EVALUATION:Rule Conformance | OUTPUT:Existing Thread Response | OUTPUT:Repository Change | PROCESS:Decision Branch | PROCESS:Required Sequence | PROCESS:Within-Run Iteration | PROCESS:Work Delegation | RESOURCE:Agent Resource | RESOURCE:Development Toolchain | RESOURCE:GitHub Interface | RESOURCE:Local Workspace | SAFETY:Execution Isolation | SAFETY:Information Confidentiality | TASK:Artifact Change | TASK:Executable Validation,COMMUNICATION:Automation Disclosure | COMMUNICATION:Expert Role | CONSTRAINT:Resource Budget | CONSTRAINT:Scope Boundary | CONTEXT:Domain Context | CONTEXT:Execution Environment | CONTEXT:Repository Context | EVALUATION:Execution Check | EVALUATION:Rule Conformance | EXAMPLE:Technical Snippet | OUTPUT:Existing Thread Response | OUTPUT:Repository Change | PROCESS:Decision Branch | PROCESS:Required Sequence | PROCESS:Within-Run Iteration | RESOURCE:Agent Resource | RESOURCE:Development Toolchain | RESOURCE:GitHub Interface | RESOURCE:Local Workspace | SAFETY:Execution Isolation | SAFETY:Information Confidentiality | SAFETY:Prompt Injection Defense | TASK:Artifact Change | TASK:Executable Validation
rq3_175,12,14,1,COMMUNICATION:Expert Role | CONSTRAINT:Quality Standard | CONSTRAINT:Resource Budget | CONTEXT:Execution Environment | CONTEXT:Repository Context | EVALUATION:Rule Conformance | EXAMPLE:Output Template | EXAMPLE:Worked Case | OUTPUT:New Thread | PROCESS:Decision Branch | PROCESS:Required Sequence | RESOURCE:Development Toolchain | TASK:Evidence Investigation,COMMUNICATION:Expert Role | CONSTRAINT:Quality Standard | CONSTRAINT:Resource Budget | CONSTRAINT:Scope Boundary | CONTEXT:Domain Context | CONTEXT:Execution Environment | CONTEXT:Historical Context | CONTEXT:Repository Context | EVALUATION:Execution Check | EVALUATION:Risk Assessment | EXAMPLE:Output Template | EXAMPLE:Technical Snippet | EXAMPLE:Worked Case | OUTPUT:Control Signal | OUTPUT:New Thread | PROCESS:Cross-Run Memory | PROCESS:Decision Branch | PROCESS:Required Sequence | PROCESS:Within-Run Iteration | PROCESS:Work Delegation | RESOURCE:Development Toolchain | RESOURCE:GitHub Interface | RESOURCE:Local Workspace | TASK:Evidence Investigation | TASK:Executable Validation | TASK:Work Item Management
rq3_176,20,0,6,COMMUNICATION:Automation Disclosure | COMMUNICATION:Expert Role | CONSTRAINT:Evidence Grounding | CONSTRAINT:Quality Standard | CONSTRAINT:Resource Budget | CONSTRAINT:Scope Boundary | CONTEXT:Execution Environment | CONTEXT:Historical Context | CONTEXT:Repository Context | EVALUATION:Evidence Credibility | EVALUATION:Execution Check | EVALUATION:Risk Assessment | EVALUATION:Rule Conformance | EXAMPLE:Output Template | EXAMPLE:Technical Snippet | OUTPUT:Existing Thread Response | PROCESS:Cross-Run Memory | PROCESS:Decision Branch | PROCESS:Required Sequence | PROCESS:Within-Run Iteration | RESOURCE:Agent Resource | RESOURCE:GitHub Interface | RESOURCE:Local Workspace | SAFETY:Execution Isolation | SAFETY:Prompt Injection Defense | TASK:Artifact Review,COMMUNICATION:Automation Disclosure | COMMUNICATION:Expert Role | CONSTRAINT:Resource Budget | CONSTRAINT:Scope Boundary | CONTEXT:Execution Environment | CONTEXT:Historical Context | CONTEXT:Repository Context | EVALUATION:Risk Assessment | EVALUATION:Rule Conformance | EXAMPLE:Output Template | EXAMPLE:Technical Snippet | OUTPUT:Existing Thread Response | PROCESS:Decision Branch | PROCESS:Required Sequence | PROCESS:Within-Run Iteration | RESOURCE:GitHub Interface | RESOURCE:Local Workspace | SAFETY:Execution Isolation | SAFETY:Prompt Injection Defense | TASK:Artifact Review
rq3_177,6,3,1,EVALUATION:Rule Conformance | OUTPUT:Control Signal | OUTPUT:Existing Thread Response | PROCESS:Decision Branch | RESOURCE:GitHub Interface | TASK:Evidence Investigation | TASK:Work Item Management,CONSTRAINT:Scope Boundary | CONTEXT:Repository Context | OUTPUT:Control Signal | OUTPUT:Existing Thread Response | PROCESS:Decision Branch | PROCESS:Within-Run Iteration | RESOURCE:GitHub Interface | TASK:Evidence Investigation | TASK:Work Item Management
rq3_178,13,7,4,COMMUNICATION:Audience Voice | COMMUNICATION:Expert Role | CONSTRAINT:Quality Standard | CONSTRAINT:Scope Boundary | CONTEXT:Execution Environment | CONTEXT:Repository Context | EVALUATION:Risk Assessment | EVALUATION:Rule Conformance | EXAMPLE:Output Template | EXAMPLE:Technical Snippet | EXAMPLE:Worked Case | OUTPUT:Control Signal | OUTPUT:New Thread | PROCESS:Required Sequence | RESOURCE:Development Toolchain | RESOURCE:Local Workspace | TASK:Evidence Investigation,COMMUNICATION:Audience Voice | COMMUNICATION:Expert Role | CONSTRAINT:Evidence Grounding | CONSTRAINT:Quality Standard | CONSTRAINT:Scope Boundary | CONTEXT:Execution Environment | CONTEXT:Repository Context | EVALUATION:Execution Check | EVALUATION:Rule Conformance | EXAMPLE:Output Template | EXAMPLE:Technical Snippet | OUTPUT:New Thread | OUTPUT:Standalone Artifact | PROCESS:Required Sequence | PROCESS:Within-Run Iteration | RESOURCE:Agent Resource | RESOURCE:Development Toolchain | RESOURCE:GitHub Interface | RESOURCE:Local Workspace | TASK:Artifact Review
rq3_179,6,17,3,CONSTRAINT:Resource Budget | CONSTRAINT:Scope Boundary | CONTEXT:Domain Context | OUTPUT:New Thread | OUTPUT:Standalone Artifact | PROCESS:Decision Branch | PROCESS:Required Sequence | RESOURCE:Agent Resource | TASK:Evidence Investigation,COMMUNICATION:Audience Voice | CONSTRAINT:Quality Standard | CONSTRAINT:Resource Budget | CONSTRAINT:Scope Boundary | CONTEXT:Domain Context | CONTEXT:Execution Environment | CONTEXT:Historical Context | CONTEXT:Repository Context | EVALUATION:Rule Conformance | EXAMPLE:Technical Snippet | OUTPUT:Repository Change | PROCESS:Cross-Run Memory | PROCESS:Decision Branch | PROCESS:Required Sequence | PROCESS:Within-Run Iteration | PROCESS:Work Delegation | RESOURCE:Development Toolchain | RESOURCE:GitHub Interface | RESOURCE:Local Workspace | SAFETY:Execution Isolation | TASK:Artifact Change | TASK:Evidence Investigation | TASK:Executable Validation
rq3_180,6,6,1,EVALUATION:Execution Check | EXAMPLE:Output Template | OUTPUT:Existing Thread Response | PROCESS:Required Sequence | RESOURCE:Agent Resource | RESOURCE:GitHub Interface | TASK:Executable Validation,CONSTRAINT:Resource Budget | CONTEXT:Domain Context | CONTEXT:Repository Context | EVALUATION:Execution Check | EXAMPLE:Output Template | EXAMPLE:Technical Snippet | OUTPUT:Control Signal | OUTPUT:Existing Thread Response | PROCESS:Decision Branch | PROCESS:Required Sequence | RESOURCE:GitHub Interface | TASK:Executable Validation
rq3_181,10,3,1,COMMUNICATION:Expert Role | CONSTRAINT:Quality Standard | CONSTRAINT:Scope Boundary | CONTEXT:Repository Context | OUTPUT:Control Signal | OUTPUT:Existing Thread Response | PROCESS:Decision Branch | PROCESS:Required Sequence | RESOURCE:GitHub Interface | TASK:Evidence Investigation | TASK:Work Item Management,COMMUNICATION:Expert Role | CONSTRAINT:Quality Standard | CONSTRAINT:Scope Boundary | CONTEXT:Repository Context | EVALUATION:Risk Assessment | OUTPUT:Control Signal | PROCESS:Decision Branch | PROCESS:Required Sequence | RESOURCE:GitHub Interface | RESOURCE:Local Workspace | TASK:Artifact Review | TASK:Evidence Investigation | TASK:Work Item Management
rq3_182,12,2,2,CONSTRAINT:Quality Standard | CONSTRAINT:Scope Boundary | CONTEXT:Domain Context | CONTEXT:Repository Context | EXAMPLE:Output Template | EXAMPLE:Technical Snippet | OUTPUT:Control Signal | OUTPUT:Repository Change | PROCESS:Cross-Run Memory | PROCESS:Decision Branch | PROCESS:Required Sequence | RESOURCE:GitHub Interface | RESOURCE:Local Workspace | TASK:Artifact Change,COMMUNICATION:Expert Role | CONSTRAINT:Scope Boundary | CONTEXT:Domain Context | CONTEXT:Repository Context | EXAMPLE:Output Template | EXAMPLE:Technical Snippet | OUTPUT:Repository Change | PROCESS:Cross-Run Memory | PROCESS:Decision Branch | PROCESS:Required Sequence | RESOURCE:Agent Resource | RESOURCE:GitHub Interface | RESOURCE:Local Workspace | TASK:Artifact Change
rq3_183,10,6,1,CONSTRAINT:Quality Standard | CONSTRAINT:Scope Boundary | CONTEXT:Execution Environment | EVALUATION:Execution Check | OUTPUT:Control Signal | OUTPUT:Existing Thread Response | PROCESS:Decision Branch | PROCESS:Required Sequence | RESOURCE:GitHub Interface | RESOURCE:Local Workspace | TASK:Executable Validation,CONSTRAINT:Quality Standard | CONTEXT:Domain Context | CONTEXT:Execution Environment | CONTEXT:Historical Context | CONTEXT:Repository Context | EVALUATION:Execution Check | EXAMPLE:Output Template | OUTPUT:Control Signal | OUTPUT:Existing Thread Response | PROCESS:Decision Branch | PROCESS:Required Sequence | RESOURCE:GitHub Interface | RESOURCE:Local Workspace | SAFETY:Information Confidentiality | TASK:Executable Validation | TASK:Work Item Management
rq3_184,14,0,11,COMMUNICATION:Automation Disclosure | COMMUNICATION:Expert Role | CONSTRAINT:Evidence Grounding | CONSTRAINT:Quality Standard | CONSTRAINT:Scope Boundary | CONTEXT:Domain Context | CONTEXT:Historical Context | CONTEXT:Repository Context | EVALUATION:Evidence Credibility | EVALUATION:Risk Assessment | EXAMPLE:Output Template | EXAMPLE:Technical Snippet | EXAMPLE:Worked Case | OUTPUT:Control Signal | OUTPUT:Existing Thread Response | OUTPUT:New Thread | PROCESS:Decision Branch | PROCESS:Required Sequence | RESOURCE:GitHub Interface | RESOURCE:Local Workspace | SAFETY:Execution Isolation | SAFETY:Information Confidentiality | SAFETY:Vulnerability Handling | TASK:Evidence Investigation | TASK:Executable Validation,COMMUNICATION:Expert Role | CONSTRAINT:Evidence Grounding | CONSTRAINT:Scope Boundary | CONTEXT:Domain Context | CONTEXT:Repository Context | EXAMPLE:Output Template | EXAMPLE:Technical Snippet | OUTPUT:Control Signal | OUTPUT:Existing Thread Response | OUTPUT:New Thread | PROCESS:Decision Branch | PROCESS:Required Sequence | RESOURCE:GitHub Interface | TASK:Evidence Investigation
rq3_185,21,3,5,COMMUNICATION:Audience Voice | COMMUNICATION:Automation Disclosure | COMMUNICATION:Expert Role | CONSTRAINT:Quality Standard | CONSTRAINT:Scope Boundary | CONTEXT:Repository Context | EVALUATION:Evidence Credibility | EVALUATION:Execution Check | EVALUATION:Risk Assessment | EXAMPLE:Output Template | EXAMPLE:Technical Snippet | OUTPUT:Control Signal | OUTPUT:New Thread | OUTPUT:Standalone Artifact | PROCESS:Cross-Run Memory | PROCESS:Decision Branch | PROCESS:Required Sequence | PROCESS:Within-Run Iteration | RESOURCE:Agent Resource | RESOURCE:Development Toolchain | RESOURCE:GitHub Interface | RESOURCE:Local Workspace | SAFETY:Vulnerability Handling | TASK:Evidence Investigation | TASK:Executable Validation | TASK:Work Item Management,COMMUNICATION:Automation Disclosure | COMMUNICATION:Expert Role | CONSTRAINT:Quality Standard | CONSTRAINT:Resource Budget | CONSTRAINT:Scope Boundary | CONTEXT:Domain Context | CONTEXT:Historical Context | CONTEXT:Repository Context | EVALUATION:Execution Check | EVALUATION:Risk Assessment | EXAMPLE:Output Template | EXAMPLE:Technical Snippet | OUTPUT:Control Signal | OUTPUT:New Thread | PROCESS:Cross-Run Memory | PROCESS:Decision Branch | PROCESS:Required Sequence | RESOURCE:Agent Resource | RESOURCE:Development Toolchain | RESOURCE:GitHub Interface | RESOURCE:Local Workspace | TASK:Evidence Investigation | TASK:Executable Validation | TASK:Work Item Management
rq3_186,8,15,1,CONSTRAINT:Resource Budget | CONSTRAINT:Scope Boundary | CONTEXT:Domain Context | CONTEXT:Repository Context | OUTPUT:Standalone Artifact | PROCESS:Decision Branch | RESOURCE:Agent Resource | TASK:Artifact Change | TASK:Evidence Investigation,CONSTRAINT:Quality Standard | CONSTRAINT:Resource Budget | CONSTRAINT:Scope Boundary | CONTEXT:Domain Context | CONTEXT:Execution Environment | CONTEXT:Historical Context | CONTEXT:Repository Context | EVALUATION:Execution Check | EVALUATION:Rule Conformance | EXAMPLE:Technical Snippet | OUTPUT:Repository Change | PROCESS:Cross-Run Memory | PROCESS:Decision Branch | PROCESS:Required Sequence | PROCESS:Within-Run Iteration | RESOURCE:Agent Resource | RESOURCE:Development Toolchain | RESOURCE:GitHub Interface | RESOURCE:Local Workspace | TASK:Artifact Change | TASK:Artifact Review | TASK:Evidence Investigation | TASK:Executable Validation
rq3_187,14,0,8,COMMUNICATION:Audience Voice | COMMUNICATION:Automation Disclosure | CONSTRAINT:Evidence Grounding | CONSTRAINT:Quality Standard | CONSTRAINT:Scope Boundary | CONTEXT:Domain Context | CONTEXT:Execution Environment | CONTEXT:Historical Context | EVALUATION:Evidence Credibility | EVALUATION:Risk Assessment | EVALUATION:Rule Conformance | EXAMPLE:Output Template | OUTPUT:Control Signal | OUTPUT:Existing Thread Response | OUTPUT:New Thread | PROCESS:Decision Branch | PROCESS:Required Sequence | PROCESS:Within-Run Iteration | RESOURCE:GitHub Interface | RESOURCE:Local Workspace | TASK:Evidence Investigation | TASK:Work Item Management,CONSTRAINT:Evidence Grounding | CONSTRAINT:Quality Standard | CONSTRAINT:Scope Boundary | CONTEXT:Domain Context | CONTEXT:Execution Environment | EXAMPLE:Output Template | OUTPUT:New Thread | PROCESS:Decision Branch | PROCESS:Required Sequence | PROCESS:Within-Run Iteration | RESOURCE:GitHub Interface | RESOURCE:Local Workspace | TASK:Evidence Investigation | TASK:Work Item Management
rq3_188,14,3,0,COMMUNICATION:Audience Voice | COMMUNICATION:Expert Role | CONSTRAINT:Evidence Grounding | CONSTRAINT:Quality Standard | CONSTRAINT:Scope Boundary | CONTEXT:Repository Context | EVALUATION:Rule Conformance | EXAMPLE:Worked Case | OUTPUT:Control Signal | OUTPUT:Existing Thread Response | PROCESS:Decision Branch | PROCESS:Required Sequence | RESOURCE:GitHub Interface | TASK:Artifact Review,COMMUNICATION:Audience Voice | COMMUNICATION:Expert Role | CONSTRAINT:Evidence Grounding | CONSTRAINT:Quality Standard | CONSTRAINT:Scope Boundary | CONTEXT:Domain Context | CONTEXT:Repository Context | EVALUATION:Rule Conformance | EXAMPLE:Worked Case | OUTPUT:Control Signal | OUTPUT:Existing Thread Response | PROCESS:Decision Branch | PROCESS:Required Sequence | RESOURCE:GitHub Interface | TASK:Artifact Review | TASK:Evidence Investigation | TASK:Work Item Management
rq3_189,16,4,3,CONSTRAINT:Quality Standard | CONSTRAINT:Scope Boundary | CONTEXT:Repository Context | EVALUATION:Execution Check | EVALUATION:Rule Conformance | OUTPUT:Control Signal | OUTPUT:Existing Thread Response | OUTPUT:Repository Change | PROCESS:Decision Branch | PROCESS:Required Sequence | PROCESS:Within-Run Iteration | PROCESS:Work Delegation | RESOURCE:Agent Resource | RESOURCE:Development Toolchain | RESOURCE:GitHub Interface | RESOURCE:Local Workspace | TASK:Artifact Change | TASK:Executable Validation | TASK:Work Item Management,COMMUNICATION:Expert Role | CONSTRAINT:Quality Standard | CONSTRAINT:Scope Boundary | CONTEXT:Domain Context | CONTEXT:Execution Environment | CONTEXT:Repository Context | EVALUATION:Execution Check | OUTPUT:Control Signal | OUTPUT:Existing Thread Response | OUTPUT:Repository Change | PROCESS:Decision Branch | PROCESS:Required Sequence | PROCESS:Within-Run Iteration | PROCESS:Work Delegation | RESOURCE:Development Toolchain | RESOURCE:Local Workspace | TASK:Artifact Change | TASK:Evidence Investigation | TASK:Executable Validation | TASK:Work Item Management
rq3_190,13,4,6,CONSTRAINT:Quality Standard | CONSTRAINT:Scope Boundary | CONTEXT:Domain Context | CONTEXT:Repository Context | EVALUATION:Rule Conformance | EXAMPLE:Output Template | EXAMPLE:Worked Case | OUTPUT:Control Signal | OUTPUT:Repository Change | PROCESS:Cross-Run Memory | PROCESS:Decision Branch | PROCESS:Required Sequence | PROCESS:Within-Run Iteration | PROCESS:Work Delegation | RESOURCE:Local Workspace | RESOURCE:Web Retrieval | TASK:Artifact Change | TASK:Evidence Investigation | TASK:Work Item Management,COMMUNICATION:Expert Role | CONSTRAINT:Scope Boundary | CONTEXT:Repository Context | EVALUATION:Rule Conformance | EXAMPLE:Output Template | EXAMPLE:Technical Snippet | OUTPUT:Repository Change | OUTPUT:Standalone Artifact | PROCESS:Cross-Run Memory | PROCESS:Decision Branch | PROCESS:Required Sequence | PROCESS:Within-Run Iteration | RESOURCE:GitHub Interface | RESOURCE:Local Workspace | RESOURCE:Web Retrieval | TASK:Artifact Change | TASK:Evidence Investigation
rq3_191,5,9,3,CONSTRAINT:Evidence Grounding | CONSTRAINT:Resource Budget | CONTEXT:Domain Context | CONTEXT:Historical Context | OUTPUT:New Thread | PROCESS:Decision Branch | PROCESS:Required Sequence | RESOURCE:Agent Resource,CONSTRAINT:Quality Standard | CONSTRAINT:Resource Budget | CONTEXT:Domain Context | CONTEXT:Execution Environment | CONTEXT:Repository Context | OUTPUT:Repository Change | PROCESS:Decision Branch | PROCESS:Required Sequence | PROCESS:Within-Run Iteration | RESOURCE:Agent Resource | RESOURCE:GitHub Interface | RESOURCE:Local Workspace | TASK:Artifact Change | TASK:Evidence Investigation
rq3_192,19,1,3,COMMUNICATION:Audience Voice | COMMUNICATION:Automation Disclosure | CONSTRAINT:Quality Standard | CONSTRAINT:Resource Budget | CONSTRAINT:Scope Boundary | CONTEXT:Domain Context | CONTEXT:Execution Environment | EVALUATION:Risk Assessment | EXAMPLE:Output Template | EXAMPLE:Technical Snippet | OUTPUT:Control Signal | OUTPUT:New Thread | OUTPUT:Standalone Artifact | PROCESS:Decision Branch | PROCESS:Required Sequence | PROCESS:Within-Run Iteration | PROCESS:Work Delegation | RESOURCE:Agent Resource | RESOURCE:GitHub Interface | RESOURCE:Local Workspace | SAFETY:Execution Isolation | TASK:Evidence Investigation,COMMUNICATION:Audience Voice | COMMUNICATION:Expert Role | CONSTRAINT:Quality Standard | CONSTRAINT:Resource Budget | CONSTRAINT:Scope Boundary | CONTEXT:Domain Context | EVALUATION:Risk Assessment | EXAMPLE:Output Template | EXAMPLE:Technical Snippet | OUTPUT:Control Signal | OUTPUT:New Thread | OUTPUT:Standalone Artifact | PROCESS:Decision Branch | PROCESS:Required Sequence | PROCESS:Within-Run Iteration | PROCESS:Work Delegation | RESOURCE:Agent Resource | RESOURCE:GitHub Interface | RESOURCE:Local Workspace | TASK:Evidence Investigation
rq3_193,16,1,2,CONSTRAINT:Quality Standard | CONSTRAINT:Scope Boundary | CONTEXT:Domain Context | CONTEXT:Repository Context | EVALUATION:Execution Check | EVALUATION:Rule Conformance | OUTPUT:Repository Change | PROCESS:Decision Branch | PROCESS:Required Sequence | PROCESS:Within-Run Iteration | PROCESS:Work Delegation | RESOURCE:Agent Resource | RESOURCE:Development Toolchain | RESOURCE:GitHub Interface | RESOURCE:Local Workspace | TASK:Artifact Change | TASK:Evidence Investigation | TASK:Executable Validation,CONSTRAINT:Quality Standard | CONSTRAINT:Scope Boundary | CONTEXT:Domain Context | CONTEXT:Repository Context | EVALUATION:Execution Check | EXAMPLE:Technical Snippet | OUTPUT:Repository Change | PROCESS:Decision Branch | PROCESS:Required Sequence | PROCESS:Within-Run Iteration | PROCESS:Work Delegation | RESOURCE:Agent Resource | RESOURCE:Development Toolchain | RESOURCE:GitHub Interface | TASK:Artifact Change | TASK:Evidence Investigation | TASK:Executable Validation
rq3_194,23,4,3,COMMUNICATION:Automation Disclosure | CONSTRAINT:Evidence Grounding | CONSTRAINT:Quality Standard | CONSTRAINT:Resource Budget | CONSTRAINT:Scope Boundary | CONTEXT:Execution Environment | CONTEXT:Repository Context | EVALUATION:Execution Check | EVALUATION:Rule Conformance | EXAMPLE:Technical Snippet | OUTPUT:Control Signal | OUTPUT:Existing Thread Response | OUTPUT:Repository Change | PROCESS:Cross-Run Memory | PROCESS:Decision Branch | PROCESS:Required Sequence | PROCESS:Within-Run Iteration | RESOURCE:Development Toolchain | RESOURCE:GitHub Interface | RESOURCE:Local Workspace | SAFETY:Execution Isolation | SAFETY:Vulnerability Handling | TASK:Artifact Change | TASK:Evidence Investigation | TASK:Executable Validation | TASK:Work Item Management,CONSTRAINT:Evidence Grounding | CONSTRAINT:Quality Standard | CONSTRAINT:Resource Budget | CONSTRAINT:Scope Boundary | CONTEXT:Domain Context | CONTEXT:Execution Environment | CONTEXT:Historical Context | CONTEXT:Repository Context | EVALUATION:Execution Check | EXAMPLE:Technical Snippet | EXAMPLE:Worked Case | OUTPUT:Control Signal | OUTPUT:Existing Thread Response | OUTPUT:Repository Change | PROCESS:Cross-Run Memory | PROCESS:Decision Branch | PROCESS:Required Sequence | PROCESS:Work Delegation | RESOURCE:Development Toolchain | RESOURCE:GitHub Interface | RESOURCE:Local Workspace | SAFETY:Execution Isolation | SAFETY:Vulnerability Handling | TASK:Artifact Change | TASK:Evidence Investigation | TASK:Executable Validation | TASK:Work Item Management
rq3_195,6,0,1,CONSTRAINT:Quality Standard | CONTEXT:Repository Context | OUTPUT:Control Signal | OUTPUT:Existing Thread Response | PROCESS:Decision Branch | PROCESS:Required Sequence | RESOURCE:GitHub Interface,CONSTRAINT:Quality Standard | OUTPUT:Control Signal | OUTPUT:Existing Thread Response | PROCESS:Decision Branch | PROCESS:Required Sequence | RESOURCE:GitHub Interface
rq3_196,13,5,1,COMMUNICATION:Expert Role | CONSTRAINT:Evidence Grounding | CONSTRAINT:Quality Standard | CONTEXT:Domain Context | EVALUATION:Risk Assessment | EXAMPLE:Output Template | EXAMPLE:Technical Snippet | OUTPUT:New Thread | OUTPUT:Standalone Artifact | PROCESS:Cross-Run Memory | PROCESS:Decision Branch | PROCESS:Required Sequence | RESOURCE:Local Workspace | TASK:Evidence Investigation,COMMUNICATION:Expert Role | CONSTRAINT:Quality Standard | CONSTRAINT:Resource Budget | CONTEXT:Domain Context | CONTEXT:Execution Environment | CONTEXT:Historical Context | EVALUATION:Risk Assessment | EXAMPLE:Output Template | EXAMPLE:Technical Snippet | OUTPUT:New Thread | OUTPUT:Standalone Artifact | PROCESS:Cross-Run Memory | PROCESS:Decision Branch | PROCESS:Required Sequence | RESOURCE:Development Toolchain | RESOURCE:GitHub Interface | RESOURCE:Local Workspace | TASK:Evidence Investigation
rq3_197,10,6,0,COMMUNICATION:Expert Role | CONSTRAINT:Quality Standard | CONSTRAINT:Scope Boundary | CONTEXT:Repository Context | OUTPUT:Repository Change | PROCESS:Decision Branch | PROCESS:Required Sequence | RESOURCE:Local Workspace | TASK:Artifact Change | TASK:Evidence Investigation,COMMUNICATION:Expert Role | CONSTRAINT:Quality Standard | CONSTRAINT:Scope Boundary | CONTEXT:Domain Context | CONTEXT:Repository Context | EVALUATION:Rule Conformance | EXAMPLE:Output Template | EXAMPLE:Worked Case | OUTPUT:Repository Change | PROCESS:Decision Branch | PROCESS:Required Sequence | PROCESS:Within-Run Iteration | RESOURCE:Local Workspace | SAFETY:Execution Isolation | TASK:Artifact Change | TASK:Evidence Investigation
rq3_198,18,5,2,COMMUNICATION:Automation Disclosure | COMMUNICATION:Expert Role | CONSTRAINT:Evidence Grounding | CONSTRAINT:Quality Standard | CONSTRAINT:Scope Boundary | CONTEXT:Repository Context | EVALUATION:Evidence Credibility | EVALUATION:Rule Conformance | EXAMPLE:Technical Snippet | EXAMPLE:Worked Case | OUTPUT:Control Signal | OUTPUT:Repository Change | PROCESS:Cross-Run Memory | PROCESS:Decision Branch | PROCESS:Required Sequence | PROCESS:Within-Run Iteration | RESOURCE:GitHub Interface | RESOURCE:Local Workspace | TASK:Artifact Change | TASK:Artifact Review,COMMUNICATION:Expert Role | CONSTRAINT:Evidence Grounding | CONSTRAINT:Quality Standard | CONSTRAINT:Resource Budget | CONSTRAINT:Scope Boundary | CONTEXT:Repository Context | EVALUATION:Risk Assessment | EVALUATION:Rule Conformance | EXAMPLE:Output Template | EXAMPLE:Technical Snippet | EXAMPLE:Worked Case | OUTPUT:Control Signal | OUTPUT:Repository Change | PROCESS:Cross-Run Memory | PROCESS:Decision Branch | PROCESS:Required Sequence | PROCESS:Within-Run Iteration | RESOURCE:Agent Resource | RESOURCE:GitHub Interface | RESOURCE:Local Workspace | TASK:Artifact Change | TASK:Artifact Review | TASK:Evidence Investigation
rq3_199,12,10,1,COMMUNICATION:Audience Voice | CONSTRAINT:Evidence Grounding | CONSTRAINT:Quality Standard | CONSTRAINT:Scope Boundary | OUTPUT:Control Signal | OUTPUT:Existing Thread Response | PROCESS:Decision Branch | RESOURCE:GitHub Interface | SAFETY:Information Confidentiality | SAFETY:Prompt Injection Defense | TASK:Artifact Change | TASK:Evidence Investigation | TASK:Work Item Management,COMMUNICATION:Audience Voice | CONSTRAINT:Evidence Grounding | CONSTRAINT:Quality Standard | CONSTRAINT:Resource Budget | CONSTRAINT:Scope Boundary | CONTEXT:Domain Context | CONTEXT:Historical Context | EVALUATION:Evidence Credibility | EVALUATION:Risk Assessment | EVALUATION:Rule Conformance | EXAMPLE:Output Template | OUTPUT:Control Signal | OUTPUT:Existing Thread Response | PROCESS:Cross-Run Memory | PROCESS:Decision Branch | PROCESS:Required Sequence | RESOURCE:GitHub Interface | SAFETY:Information Confidentiality | SAFETY:Prompt Injection Defense | TASK:Artifact Review | TASK:Evidence Investigation | TASK:Work Item Management
rq3_200,10,16,1,CONSTRAINT:Scope Boundary | CONTEXT:Execution Environment | EVALUATION:Execution Check | EXAMPLE:Output Template | EXAMPLE:Technical Snippet | PROCESS:Decision Branch | PROCESS:Required Sequence | RESOURCE:Development Toolchain | RESOURCE:Web Retrieval | TASK:Artifact Change | TASK:Evidence Investigation,CONSTRAINT:Evidence Grounding | CONSTRAINT:Quality Standard | CONSTRAINT:Resource Budget | CONSTRAINT:Scope Boundary | CONTEXT:Domain Context | CONTEXT:Execution Environment | CONTEXT:Historical Context | CONTEXT:Repository Context | EVALUATION:Execution Check | EVALUATION:Rule Conformance | EXAMPLE:Output Template | EXAMPLE:Technical Snippet | EXAMPLE:Worked Case | OUTPUT:Control Signal | OUTPUT:Repository Change | PROCESS:Cross-Run Memory | PROCESS:Decision Branch | PROCESS:Required Sequence | RESOURCE:Development Toolchain | RESOURCE:GitHub Interface | RESOURCE:Local Workspace | SAFETY:Prompt Injection Defense | TASK:Artifact Change | TASK:Evidence Investigation | TASK:Executable Validation | TASK:Work Item Management
rq3_201,12,1,3,COMMUNICATION:Audience Voice | COMMUNICATION:Expert Role | CONSTRAINT:Quality Standard | CONSTRAINT:Scope Boundary | CONTEXT:Execution Environment | CONTEXT:Repository Context | EVALUATION:Risk Assessment | EXAMPLE:Output Template | OUTPUT:Control Signal | OUTPUT:New Thread | PROCESS:Decision Branch | PROCESS:Required Sequence | PROCESS:Within-Run Iteration | RESOURCE:Local Workspace | TASK:Evidence Investigation,COMMUNICATION:Expert Role | CONSTRAINT:Quality Standard | CONSTRAINT:Scope Boundary | CONTEXT:Repository Context | EVALUATION:Risk Assessment | EXAMPLE:Output Template | EXAMPLE:Technical Snippet | OUTPUT:Control Signal | OUTPUT:New Thread | PROCESS:Decision Branch | PROCESS:Required Sequence | RESOURCE:Local Workspace | TASK:Evidence Investigation
rq3_202,22,2,4,COMMUNICATION:Expert Role | CONSTRAINT:Evidence Grounding | CONSTRAINT:Quality Standard | CONSTRAINT:Resource Budget | CONSTRAINT:Scope Boundary | CONTEXT:Execution Environment | CONTEXT:Repository Context | EVALUATION:Risk Assessment | EVALUATION:Rule Conformance | EXAMPLE:Output Template | EXAMPLE:Technical Snippet | EXAMPLE:Worked Case | OUTPUT:Control Signal | OUTPUT:Existing Thread Response | OUTPUT:New Thread | PROCESS:Cross-Run Memory | PROCESS:Decision Branch | PROCESS:Required Sequence | PROCESS:Within-Run Iteration | RESOURCE:Agent Resource | RESOURCE:GitHub Interface | RESOURCE:Local Workspace | SAFETY:Execution Isolation | TASK:Artifact Review | TASK:Evidence Investigation | TASK:Work Item Management,CONSTRAINT:Evidence Grounding | CONSTRAINT:Quality Standard | CONSTRAINT:Resource Budget | CONSTRAINT:Scope Boundary | CONTEXT:Domain Context | CONTEXT:Execution Environment | CONTEXT:Repository Context | EVALUATION:Rule Conformance | EXAMPLE:Output Template | EXAMPLE:Technical Snippet | EXAMPLE:Worked Case | OUTPUT:Control Signal | OUTPUT:New Thread | PROCESS:Cross-Run Memory | PROCESS:Decision Branch | PROCESS:Required Sequence | PROCESS:Within-Run Iteration | PROCESS:Work Delegation | RESOURCE:Agent Resource | RESOURCE:GitHub Interface | RESOURCE:Local Workspace | SAFETY:Execution Isolation | TASK:Evidence Investigation | TASK:Work Item Management
rq3_203,10,4,3,CONSTRAINT:Evidence Grounding | CONSTRAINT:Quality Standard | CONSTRAINT:Resource Budget | CONSTRAINT:Scope Boundary | CONTEXT:Repository Context | EVALUATION:Rule Conformance | EXAMPLE:Output Template | OUTPUT:Control Signal | OUTPUT:Existing Thread Response | PROCESS:Decision Branch | PROCESS:Required Sequence | RESOURCE:Local Workspace | TASK:Artifact Review,CONSTRAINT:Quality Standard | CONSTRAINT:Scope Boundary | CONTEXT:Domain Context | EVALUATION:Rule Conformance | EXAMPLE:Output Template | OUTPUT:Control Signal | OUTPUT:Existing Thread Response | PROCESS:Decision Branch | PROCESS:Required Sequence | RESOURCE:GitHub Interface | RESOURCE:Local Workspace | SAFETY:Execution Isolation | TASK:Artifact Review | TASK:Evidence Investigation
rq3_204,9,2,1,CONSTRAINT:Quality Standard | CONTEXT:Repository Context | EVALUATION:Rule Conformance | EXAMPLE:Output Template | EXAMPLE:Worked Case | OUTPUT:Repository Change | PROCESS:Decision Branch | PROCESS:Required Sequence | RESOURCE:Local Workspace | TASK:Artifact Change,CONSTRAINT:Quality Standard | CONTEXT:Domain Context | CONTEXT:Repository Context | EXAMPLE:Output Template | EXAMPLE:Worked Case | OUTPUT:Repository Change | PROCESS:Decision Branch | PROCESS:Required Sequence | RESOURCE:Agent Resource | RESOURCE:Local Workspace | TASK:Artifact Change
rq3_205,14,4,4,COMMUNICATION:Expert Role | CONSTRAINT:Quality Standard | CONTEXT:Domain Context | CONTEXT:Repository Context | EVALUATION:Risk Assessment | EVALUATION:Rule Conformance | EXAMPLE:Output Template | EXAMPLE:Technical Snippet | EXAMPLE:Worked Case | OUTPUT:Control Signal | PROCESS:Cross-Run Memory | PROCESS:Decision Branch | PROCESS:Required Sequence | RESOURCE:GitHub Interface | RESOURCE:Local Workspace | SAFETY:Vulnerability Handling | TASK:Evidence Investigation | TASK:Work Item Management,COMMUNICATION:Expert Role | CONSTRAINT:Evidence Grounding | CONSTRAINT:Quality Standard | CONSTRAINT:Scope Boundary | CONTEXT:Domain Context | CONTEXT:Execution Environment | EVALUATION:Rule Conformance | EXAMPLE:Output Template | EXAMPLE:Technical Snippet | OUTPUT:Control Signal | PROCESS:Cross-Run Memory | PROCESS:Decision Branch | PROCESS:Required Sequence | RESOURCE:GitHub Interface | RESOURCE:Local Workspace | TASK:Artifact Review | TASK:Evidence Investigation | TASK:Work Item Management
rq3_206,15,4,0,COMMUNICATION:Expert Role | CONSTRAINT:Quality Standard | CONSTRAINT:Scope Boundary | CONTEXT:Repository Context | EVALUATION:Execution Check | EXAMPLE:Output Template | OUTPUT:Control Signal | OUTPUT:Repository Change | PROCESS:Decision Branch | PROCESS:Required Sequence | RESOURCE:Development Toolchain | RESOURCE:GitHub Interface | RESOURCE:Local Workspace | TASK:Artifact Change | TASK:Executable Validation,COMMUNICATION:Expert Role | CONSTRAINT:Quality Standard | CONSTRAINT:Scope Boundary | CONTEXT:Execution Environment | CONTEXT:Repository Context | EVALUATION:Execution Check | EVALUATION:Rule Conformance | EXAMPLE:Output Template | EXAMPLE:Technical Snippet | OUTPUT:Control Signal | OUTPUT:Repository Change | PROCESS:Decision Branch | PROCESS:Required Sequence | PROCESS:Within-Run Iteration | RESOURCE:Development Toolchain | RESOURCE:GitHub Interface | RESOURCE:Local Workspace | TASK:Artifact Change | TASK:Executable Validation
rq3_207,14,2,1,COMMUNICATION:Automation Disclosure | CONSTRAINT:Evidence Grounding | CONSTRAINT:Scope Boundary | CONTEXT:Repository Context | EVALUATION:Evidence Credibility | EXAMPLE:Output Template | OUTPUT:Existing Thread Response | OUTPUT:New Thread | PROCESS:Decision Branch | PROCESS:Required Sequence | PROCESS:Within-Run Iteration | RESOURCE:GitHub Interface | RESOURCE:Local Workspace | RESOURCE:Web Retrieval | TASK:Evidence Investigation,CONSTRAINT:Evidence Grounding | CONSTRAINT:Quality Standard | CONSTRAINT:Scope Boundary | CONTEXT:Repository Context | EVALUATION:Evidence Credibility | EXAMPLE:Output Template | OUTPUT:Existing Thread Response | OUTPUT:New Thread | PROCESS:Decision Branch | PROCESS:Required Sequence | PROCESS:Within-Run Iteration | RESOURCE:GitHub Interface | RESOURCE:Local Workspace | RESOURCE:Web Retrieval | SAFETY:Execution Isolation | TASK:Evidence Investigation
rq3_208,13,9,2,COMMUNICATION:Expert Role | CONSTRAINT:Quality Standard | CONTEXT:Repository Context | EVALUATION:Risk Assessment | EVALUATION:Rule Conformance | EXAMPLE:Output Template | EXAMPLE:Technical Snippet | OUTPUT:New Thread | OUTPUT:Standalone Artifact | PROCESS:Required Sequence | RESOURCE:Development Toolchain | SAFETY:Prompt Injection Defense | SAFETY:Vulnerability Handling | TASK:Evidence Investigation | TASK:Executable Validation,COMMUNICATION:Expert Role | CONSTRAINT:Quality Standard | CONSTRAINT:Resource Budget | CONSTRAINT:Scope Boundary | CONTEXT:Execution Environment | CONTEXT:Historical Context | CONTEXT:Repository Context | EVALUATION:Evidence Credibility | EVALUATION:Risk Assessment | EXAMPLE:Output Template | EXAMPLE:Technical Snippet | OUTPUT:New Thread | OUTPUT:Standalone Artifact | PROCESS:Cross-Run Memory | PROCESS:Required Sequence | RESOURCE:Development Toolchain | RESOURCE:Local Workspace | SAFETY:Execution Isolation | SAFETY:Information Confidentiality | SAFETY:Vulnerability Handling | TASK:Evidence Investigation | TASK:Executable Validation
rq3_209,21,1,2,COMMUNICATION:Automation Disclosure | COMMUNICATION:Expert Role | CONSTRAINT:Evidence Grounding | CONSTRAINT:Quality Standard | CONSTRAINT:Resource Budget | CONSTRAINT:Scope Boundary | CONTEXT:Domain Context | CONTEXT:Execution Environment | CONTEXT:Repository Context | EVALUATION:Evidence Credibility | EVALUATION:Rule Conformance | EXAMPLE:Output Template | EXAMPLE:Technical Snippet | OUTPUT:New Thread | PROCESS:Cross-Run Memory | PROCESS:Decision Branch | PROCESS:Required Sequence | PROCESS:Within-Run Iteration | RESOURCE:GitHub Interface | RESOURCE:Local Workspace | SAFETY:Information Confidentiality | SAFETY:Prompt Injection Defense | TASK:Evidence Investigation,COMMUNICATION:Automation Disclosure | COMMUNICATION:Expert Role | CONSTRAINT:Evidence Grounding | CONSTRAINT:Quality Standard | CONSTRAINT:Resource Budget | CONSTRAINT:Scope Boundary | CONTEXT:Domain Context | CONTEXT:Execution Environment | CONTEXT:Repository Context | EXAMPLE:Output Template | EXAMPLE:Technical Snippet | OUTPUT:New Thread | PROCESS:Cross-Run Memory | PROCESS:Decision Branch | PROCESS:Required Sequence | PROCESS:Within-Run Iteration | RESOURCE:Agent Resource | RESOURCE:GitHub Interface | RESOURCE:Local Workspace | SAFETY:Information Confidentiality | SAFETY:Prompt Injection Defense | TASK:Evidence Investigation
rq3_211,13,11,0,COMMUNICATION:Expert Role | CONSTRAINT:Evidence Grounding | CONSTRAINT:Quality Standard | CONSTRAINT:Resource Budget | CONTEXT:Domain Context | EXAMPLE:Output Template | EXAMPLE:Technical Snippet | OUTPUT:New Thread | PROCESS:Cross-Run Memory | PROCESS:Required Sequence | RESOURCE:GitHub Interface | RESOURCE:Local Workspace | TASK:Evidence Investigation,COMMUNICATION:Automation Disclosure | COMMUNICATION:Expert Role | CONSTRAINT:Evidence Grounding | CONSTRAINT:Quality Standard | CONSTRAINT:Resource Budget | CONSTRAINT:Scope Boundary | CONTEXT:Domain Context | CONTEXT:Execution Environment | CONTEXT:Historical Context | CONTEXT:Repository Context | EVALUATION:Risk Assessment | EXAMPLE:Output Template | EXAMPLE:Technical Snippet | OUTPUT:New Thread | PROCESS:Cross-Run Memory | PROCESS:Decision Branch | PROCESS:Required Sequence | PROCESS:Within-Run Iteration | RESOURCE:Development Toolchain | RESOURCE:GitHub Interface | RESOURCE:Local Workspace | SAFETY:Vulnerability Handling | TASK:Artifact Review | TASK:Evidence Investigation
rq3_212,13,3,2,CONSTRAINT:Evidence Grounding | CONSTRAINT:Quality Standard | CONSTRAINT:Scope Boundary | CONTEXT:Domain Context | CONTEXT:Repository Context | EVALUATION:Rule Conformance | EXAMPLE:Output Template | OUTPUT:Control Signal | OUTPUT:New Thread | PROCESS:Decision Branch | PROCESS:Required Sequence | PROCESS:Within-Run Iteration | RESOURCE:Local Workspace | RESOURCE:Web Retrieval | TASK:Evidence Investigation,CONSTRAINT:Evidence Grounding | CONSTRAINT:Scope Boundary | CONTEXT:Domain Context | CONTEXT:Repository Context | EXAMPLE:Output Template | EXAMPLE:Technical Snippet | EXAMPLE:Worked Case | OUTPUT:Control Signal | OUTPUT:New Thread | PROCESS:Decision Branch | PROCESS:Required Sequence | PROCESS:Within-Run Iteration | RESOURCE:GitHub Interface | RESOURCE:Local Workspace | RESOURCE:Web Retrieval | TASK:Evidence Investigation
rq3_213,13,3,2,COMMUNICATION:Expert Role | CONSTRAINT:Quality Standard | CONSTRAINT:Scope Boundary | CONTEXT:Domain Context | CONTEXT:Execution Environment | EVALUATION:Rule Conformance | EXAMPLE:Output Template | EXAMPLE:Technical Snippet | OUTPUT:Control Signal | OUTPUT:New Thread | PROCESS:Decision Branch | PROCESS:Required Sequence | RESOURCE:GitHub Interface | RESOURCE:Local Workspace | TASK:Evidence Investigation,CONSTRAINT:Quality Standard | CONSTRAINT:Scope Boundary | CONTEXT:Domain Context | CONTEXT:Execution Environment | CONTEXT:Historical Context | CONTEXT:Repository Context | EXAMPLE:Output Template | EXAMPLE:Technical Snippet | OUTPUT:Control Signal | OUTPUT:New Thread | PROCESS:Decision Branch | PROCESS:Required Sequence | RESOURCE:GitHub Interface | RESOURCE:Local Workspace | TASK:Artifact Review | TASK:Evidence Investigation
rq3_214,8,3,1,CONSTRAINT:Scope Boundary | CONTEXT:Execution Environment | CONTEXT:Repository Context | EVALUATION:Execution Check | EXAMPLE:Output Template | OUTPUT:Control Signal | RESOURCE:GitHub Interface | SAFETY:Execution Isolation | TASK:Executable Validation,CONSTRAINT:Scope Boundary | CONTEXT:Domain Context | CONTEXT:Repository Context | EVALUATION:Execution Check | EXAMPLE:Output Template | EXAMPLE:Technical Snippet | OUTPUT:Control Signal | RESOURCE:GitHub Interface | RESOURCE:Local Workspace | SAFETY:Execution Isolation | TASK:Executable Validation
rq3_215,8,3,1,CONSTRAINT:Evidence Grounding | CONSTRAINT:Scope Boundary | CONTEXT:Repository Context | EVALUATION:Execution Check | OUTPUT:Repository Change | PROCESS:Decision Branch | PROCESS:Required Sequence | TASK:Artifact Change | TASK:Executable Validation,CONSTRAINT:Scope Boundary | CONTEXT:Execution Environment | CONTEXT:Repository Context | EVALUATION:Execution Check | OUTPUT:Repository Change | PROCESS:Decision Branch | PROCESS:Required Sequence | RESOURCE:Development Toolchain | RESOURCE:GitHub Interface | TASK:Artifact Change | TASK:Executable Validation
rq3_216,12,2,4,COMMUNICATION:Expert Role | CONSTRAINT:Scope Boundary | CONTEXT:Domain Context | CONTEXT:Execution Environment | EVALUATION:Rule Conformance | OUTPUT:New Thread | PROCESS:Decision Branch | PROCESS:Required Sequence | PROCESS:Within-Run Iteration | RESOURCE:Development Toolchain | RESOURCE:GitHub Interface | RESOURCE:Local Workspace | RESOURCE:Web Retrieval | SAFETY:Execution Isolation | TASK:Artifact Review | TASK:Executable Validation,CONSTRAINT:Evidence Grounding | CONSTRAINT:Quality Standard | CONTEXT:Domain Context | CONTEXT:Execution Environment | EVALUATION:Rule Conformance | OUTPUT:New Thread | PROCESS:Decision Branch | PROCESS:Required Sequence | PROCESS:Within-Run Iteration | RESOURCE:GitHub Interface | RESOURCE:Local Workspace | RESOURCE:Web Retrieval | SAFETY:Execution Isolation | TASK:Artifact Review
rq3_217,9,3,4,CONSTRAINT:Quality Standard | CONTEXT:Domain Context | CONTEXT:Historical Context | CONTEXT:Repository Context | EVALUATION:Evidence Credibility | EVALUATION:Execution Check | EVALUATION:Rule Conformance | OUTPUT:Standalone Artifact | PROCESS:Cross-Run Memory | PROCESS:Required Sequence | RESOURCE:Agent Resource | TASK:Artifact Change | TASK:Artifact Review,CONTEXT:Execution Environment | CONTEXT:Historical Context | CONTEXT:Repository Context | EVALUATION:Execution Check | EVALUATION:Rule Conformance | OUTPUT:Standalone Artifact | PROCESS:Cross-Run Memory | PROCESS:Required Sequence | RESOURCE:GitHub Interface | RESOURCE:Local Workspace | TASK:Artifact Change | TASK:Artifact Review
rq3_218,17,0,3,COMMUNICATION:Audience Voice | CONSTRAINT:Resource Budget | CONSTRAINT:Scope Boundary | CONTEXT:Repository Context | EVALUATION:Risk Assessment | EXAMPLE:Output Template | EXAMPLE:Technical Snippet | OUTPUT:Control Signal | OUTPUT:New Thread | OUTPUT:Standalone Artifact | PROCESS:Cross-Run Memory | PROCESS:Decision Branch | PROCESS:Required Sequence | PROCESS:Within-Run Iteration | PROCESS:Work Delegation | RESOURCE:Agent Resource | RESOURCE:GitHub Interface | SAFETY:Vulnerability Handling | TASK:Evidence Investigation | TASK:Work Item Management,COMMUNICATION:Audience Voice | CONSTRAINT:Resource Budget | CONSTRAINT:Scope Boundary | CONTEXT:Repository Context | EXAMPLE:Output Template | EXAMPLE:Technical Snippet | OUTPUT:New Thread | OUTPUT:Standalone Artifact | PROCESS:Cross-Run Memory | PROCESS:Required Sequence | PROCESS:Within-Run Iteration | PROCESS:Work Delegation | RESOURCE:Agent Resource | RESOURCE:GitHub Interface | SAFETY:Vulnerability Handling | TASK:Evidence Investigation | TASK:Work Item Management
rq3_219,23,4,0,COMMUNICATION:Audience Voice | COMMUNICATION:Expert Role | CONSTRAINT:Quality Standard | CONSTRAINT:Resource Budget | CONSTRAINT:Scope Boundary | CONTEXT:Domain Context | CONTEXT:Execution Environment | CONTEXT:Repository Context | EVALUATION:Risk Assessment | EVALUATION:Rule Conformance | EXAMPLE:Output Template | EXAMPLE:Technical Snippet | EXAMPLE:Worked Case | OUTPUT:Control Signal | OUTPUT:Repository Change | PROCESS:Cross-Run Memory | PROCESS:Decision Branch | PROCESS:Required Sequence | PROCESS:Work Delegation | RESOURCE:Agent Resource | RESOURCE:GitHub Interface | RESOURCE:Local Workspace | TASK:Artifact Change,COMMUNICATION:Audience Voice | COMMUNICATION:Expert Role | CONSTRAINT:Quality Standard | CONSTRAINT:Resource Budget | CONSTRAINT:Scope Boundary | CONTEXT:Domain Context | CONTEXT:Execution Environment | CONTEXT:Historical Context | CONTEXT:Repository Context | EVALUATION:Risk Assessment | EVALUATION:Rule Conformance | EXAMPLE:Output Template | EXAMPLE:Technical Snippet | EXAMPLE:Worked Case | OUTPUT:Control Signal | OUTPUT:Repository Change | OUTPUT:Standalone Artifact | PROCESS:Cross-Run Memory | PROCESS:Decision Branch | PROCESS:Required Sequence | PROCESS:Work Delegation | RESOURCE:Agent Resource | RESOURCE:GitHub Interface | RESOURCE:Local Workspace | TASK:Artifact Change | TASK:Artifact Review | TASK:Evidence Investigation
rq3_220,7,2,3,CONSTRAINT:Scope Boundary | EVALUATION:Rule Conformance | OUTPUT:Control Signal | OUTPUT:New Thread | PROCESS:Cross-Run Memory | PROCESS:Decision Branch | PROCESS:Required Sequence | RESOURCE:GitHub Interface | RESOURCE:Local Workspace | TASK:Work Item Management,CONTEXT:Execution Environment | OUTPUT:Control Signal | OUTPUT:New Thread | PROCESS:Cross-Run Memory | PROCESS:Decision Branch | RESOURCE:GitHub Interface | RESOURCE:Local Workspace | TASK:Evidence Investigation | TASK:Work Item Management
rq3_221,19,4,1,COMMUNICATION:Expert Role | CONSTRAINT:Resource Budget | CONSTRAINT:Scope Boundary | CONTEXT:Execution Environment | CONTEXT:Repository Context | EVALUATION:Rule Conformance | EXAMPLE:Output Template | EXAMPLE:Technical Snippet | OUTPUT:Control Signal | OUTPUT:Existing Thread Response | OUTPUT:New Thread | PROCESS:Decision Branch | PROCESS:Required Sequence | PROCESS:Within-Run Iteration | PROCESS:Work Delegation | RESOURCE:GitHub Interface | SAFETY:Information Confidentiality | SAFETY:Prompt Injection Defense | TASK:Evidence Investigation | TASK:Work Item Management,COMMUNICATION:Expert Role | CONSTRAINT:Quality Standard | CONSTRAINT:Resource Budget | CONSTRAINT:Scope Boundary | CONTEXT:Domain Context | CONTEXT:Execution Environment | CONTEXT:Repository Context | EXAMPLE:Output Template | EXAMPLE:Technical Snippet | OUTPUT:Control Signal | OUTPUT:Existing Thread Response | OUTPUT:New Thread | PROCESS:Decision Branch | PROCESS:Required Sequence | PROCESS:Within-Run Iteration | PROCESS:Work Delegation | RESOURCE:Agent Resource | RESOURCE:GitHub Interface | SAFETY:Execution Isolation | SAFETY:Information Confidentiality | SAFETY:Prompt Injection Defense | TASK:Evidence Investigation | TASK:Work Item Management
rq3_222,12,1,2,COMMUNICATION:Automation Disclosure | CONSTRAINT:Scope Boundary | CONTEXT:Domain Context | CONTEXT:Repository Context | EVALUATION:Evidence Credibility | EVALUATION:Rule Conformance | EXAMPLE:Worked Case | OUTPUT:Control Signal | OUTPUT:Existing Thread Response | PROCESS:Decision Branch | PROCESS:Required Sequence | PROCESS:Work Delegation | RESOURCE:GitHub Interface | TASK:Evidence Investigation,CONSTRAINT:Scope Boundary | CONTEXT:Domain Context | CONTEXT:Repository Context | EVALUATION:Evidence Credibility | EXAMPLE:Worked Case | OUTPUT:Control Signal | OUTPUT:Existing Thread Response | PROCESS:Decision Branch | PROCESS:Required Sequence | PROCESS:Work Delegation | RESOURCE:GitHub Interface | TASK:Evidence Investigation | TASK:Work Item Management
rq3_223,11,9,1,CONSTRAINT:Evidence Grounding | CONSTRAINT:Quality Standard | CONSTRAINT:Scope Boundary | CONTEXT:Execution Environment | CONTEXT:Repository Context | EVALUATION:Evidence Credibility | OUTPUT:Existing Thread Response | PROCESS:Decision Branch | PROCESS:Required Sequence | RESOURCE:Agent Resource | RESOURCE:Local Workspace | TASK:Artifact Review,COMMUNICATION:Expert Role | CONSTRAINT:Evidence Grounding | CONSTRAINT:Quality Standard | CONSTRAINT:Scope Boundary | CONTEXT:Domain Context | CONTEXT:Execution Environment | CONTEXT:Historical Context | CONTEXT:Repository Context | EVALUATION:Risk Assessment | EVALUATION:Rule Conformance | OUTPUT:Control Signal | OUTPUT:Existing Thread Response | PROCESS:Decision Branch | PROCESS:Required Sequence | PROCESS:Within-Run Iteration | PROCESS:Work Delegation | RESOURCE:Agent Resource | RESOURCE:GitHub Interface | RESOURCE:Local Workspace | TASK:Artifact Review
rq3_224,12,5,5,CONSTRAINT:Resource Budget | CONSTRAINT:Scope Boundary | CONTEXT:Domain Context | CONTEXT:Execution Environment | EVALUATION:Execution Check | EVALUATION:Rule Conformance | OUTPUT:Repository Change | OUTPUT:Standalone Artifact | PROCESS:Cross-Run Memory | PROCESS:Decision Branch | PROCESS:Required Sequence | PROCESS:Within-Run Iteration | RESOURCE:Development Toolchain | RESOURCE:Local Workspace | RESOURCE:Web Retrieval | TASK:Artifact Change | TASK:Executable Validation,CONSTRAINT:Resource Budget | CONSTRAINT:Scope Boundary | CONTEXT:Domain Context | CONTEXT:Execution Environment | CONTEXT:Historical Context | CONTEXT:Repository Context | OUTPUT:Control Signal | OUTPUT:Repository Change | OUTPUT:Standalone Artifact | PROCESS:Cross-Run Memory | PROCESS:Decision Branch | PROCESS:Required Sequence | PROCESS:Within-Run Iteration | RESOURCE:GitHub Interface | RESOURCE:Local Workspace | TASK:Artifact Change | TASK:Evidence Investigation
rq3_225,13,4,1,COMMUNICATION:Audience Voice | CONSTRAINT:Quality Standard | CONSTRAINT:Scope Boundary | EVALUATION:Rule Conformance | EXAMPLE:Output Template | OUTPUT:Control Signal | OUTPUT:Repository Change | PROCESS:Decision Branch | PROCESS:Required Sequence | RESOURCE:GitHub Interface | RESOURCE:Local Workspace | RESOURCE:Web Retrieval | TASK:Artifact Change | TASK:Evidence Investigation,COMMUNICATION:Audience Voice | CONSTRAINT:Quality Standard | CONSTRAINT:Scope Boundary | CONTEXT:Domain Context | CONTEXT:Repository Context | EVALUATION:Rule Conformance | EXAMPLE:Output Template | EXAMPLE:Technical Snippet | EXAMPLE:Worked Case | OUTPUT:Control Signal | OUTPUT:Repository Change | PROCESS:Decision Branch | PROCESS:Required Sequence | RESOURCE:GitHub Interface | RESOURCE:Local Workspace | RESOURCE:Web Retrieval | TASK:Artifact Change
rq3_227,13,6,0,COMMUNICATION:Expert Role | CONSTRAINT:Quality Standard | CONSTRAINT:Resource Budget | CONSTRAINT:Scope Boundary | CONTEXT:Repository Context | EVALUATION:Rule Conformance | EXAMPLE:Output Template | EXAMPLE:Technical Snippet | OUTPUT:Existing Thread Response | PROCESS:Required Sequence | RESOURCE:Agent Resource | RESOURCE:GitHub Interface | TASK:Evidence Investigation,COMMUNICATION:Automation Disclosure | COMMUNICATION:Expert Role | CONSTRAINT:Quality Standard | CONSTRAINT:Resource Budget | CONSTRAINT:Scope Boundary | CONTEXT:Execution Environment | CONTEXT:Repository Context | EVALUATION:Rule Conformance | EXAMPLE:Output Template | EXAMPLE:Technical Snippet | OUTPUT:Existing Thread Response | PROCESS:Decision Branch | PROCESS:Required Sequence | PROCESS:Work Delegation | RESOURCE:Agent Resource | RESOURCE:GitHub Interface | SAFETY:Execution Isolation | SAFETY:Prompt Injection Defense | TASK:Evidence Investigation
rq3_228,12,3,1,COMMUNICATION:Audience Voice | CONSTRAINT:Quality Standard | CONSTRAINT:Scope Boundary | CONTEXT:Repository Context | EVALUATION:Rule Conformance | EXAMPLE:Output Template | OUTPUT:Control Signal | OUTPUT:Repository Change | PROCESS:Decision Branch | PROCESS:Required Sequence | PROCESS:Within-Run Iteration | RESOURCE:Local Workspace | TASK:Artifact Change,COMMUNICATION:Audience Voice | CONSTRAINT:Quality Standard | CONSTRAINT:Scope Boundary | CONTEXT:Domain Context | CONTEXT:Repository Context | EXAMPLE:Output Template | OUTPUT:Control Signal | OUTPUT:Repository Change | PROCESS:Decision Branch | PROCESS:Required Sequence | PROCESS:Within-Run Iteration | RESOURCE:Agent Resource | RESOURCE:Local Workspace | TASK:Artifact Change | TASK:Evidence Investigation
rq3_229,15,3,3,COMMUNICATION:Audience Voice | CONSTRAINT:Evidence Grounding | CONSTRAINT:Quality Standard | CONSTRAINT:Resource Budget | CONSTRAINT:Scope Boundary | CONTEXT:Domain Context | CONTEXT:Repository Context | EVALUATION:Rule Conformance | OUTPUT:Control Signal | OUTPUT:Existing Thread Response | PROCESS:Decision Branch | PROCESS:Required Sequence | PROCESS:Work Delegation | RESOURCE:Agent Resource | RESOURCE:Local Workspace | SAFETY:Information Confidentiality | TASK:Evidence Investigation | TASK:Work Item Management,COMMUNICATION:Audience Voice | COMMUNICATION:Expert Role | CONSTRAINT:Quality Standard | CONSTRAINT:Resource Budget | CONSTRAINT:Scope Boundary | CONTEXT:Domain Context | CONTEXT:Execution Environment | CONTEXT:Repository Context | EXAMPLE:Output Template | OUTPUT:Control Signal | OUTPUT:Existing Thread Response | PROCESS:Decision Branch | PROCESS:Required Sequence | PROCESS:Work Delegation | RESOURCE:Local Workspace | SAFETY:Information Confidentiality | TASK:Evidence Investigation | TASK:Work Item Management
rq3_230,3,1,1,CONSTRAINT:Scope Boundary | CONTEXT:Repository Context | PROCESS:Decision Branch | TASK:Artifact Review,CONTEXT:Repository Context | OUTPUT:Control Signal | PROCESS:Decision Branch | TASK:Artifact Review
rq3_231,6,10,2,COMMUNICATION:Expert Role | CONSTRAINT:Scope Boundary | CONTEXT:Repository Context | EVALUATION:Rule Conformance | EXAMPLE:Output Template | OUTPUT:New Thread | RESOURCE:Agent Resource | TASK:Artifact Review,COMMUNICATION:Expert Role | CONSTRAINT:Quality Standard | CONSTRAINT:Resource Budget | CONSTRAINT:Scope Boundary | EVALUATION:Rule Conformance | EXAMPLE:Output Template | OUTPUT:Control Signal | OUTPUT:New Thread | PROCESS:Cross-Run Memory | PROCESS:Decision Branch | PROCESS:Required Sequence | PROCESS:Within-Run Iteration | RESOURCE:GitHub Interface | RESOURCE:Local Workspace | SAFETY:Execution Isolation | TASK:Artifact Review
rq3_232,8,3,3,COMMUNICATION:Audience Voice | CONSTRAINT:Evidence Grounding | CONSTRAINT:Quality Standard | CONTEXT:Domain Context | CONTEXT:Repository Context | OUTPUT:Repository Change | PROCESS:Decision Branch | PROCESS:Required Sequence | PROCESS:Within-Run Iteration | RESOURCE:GitHub Interface | TASK:Artifact Change,COMMUNICATION:Audience Voice | COMMUNICATION:Expert Role | CONSTRAINT:Quality Standard | CONTEXT:Domain Context | EXAMPLE:Output Template | OUTPUT:Repository Change | PROCESS:Decision Branch | PROCESS:Required Sequence | RESOURCE:GitHub Interface | TASK:Artifact Change | TASK:Evidence Investigation
rq3_233,12,4,2,CONSTRAINT:Quality Standard | CONSTRAINT:Resource Budget | EVALUATION:Execution Check | OUTPUT:Control Signal | OUTPUT:Existing Thread Response | OUTPUT:New Thread | OUTPUT:Standalone Artifact | PROCESS:Decision Branch | PROCESS:Required Sequence | RESOURCE:Development Toolchain | RESOURCE:GitHub Interface | RESOURCE:Local Workspace | RESOURCE:Web Retrieval | TASK:Executable Validation,CONSTRAINT:Quality Standard | CONSTRAINT:Resource Budget | CONSTRAINT:Scope Boundary | CONTEXT:Repository Context | EVALUATION:Execution Check | EXAMPLE:Output Template | OUTPUT:Control Signal | OUTPUT:Existing Thread Response | OUTPUT:New Thread | PROCESS:Decision Branch | RESOURCE:Development Toolchain | RESOURCE:GitHub Interface | RESOURCE:Local Workspace | RESOURCE:Web Retrieval | TASK:Executable Validation | TASK:Work Item Management
rq3_234,12,1,6,CONSTRAINT:Evidence Grounding | CONSTRAINT:Quality Standard | CONSTRAINT:Scope Boundary | CONTEXT:Execution Environment | CONTEXT:Repository Context | EVALUATION:Evidence Credibility | EVALUATION:Risk Assessment | EVALUATION:Rule Conformance | EXAMPLE:Output Template | EXAMPLE:Worked Case | OUTPUT:Control Signal | OUTPUT:Standalone Artifact | PROCESS:Decision Branch | PROCESS:Required Sequence | RESOURCE:GitHub Interface | RESOURCE:Local Workspace | TASK:Artifact Change | TASK:Evidence Investigation,CONSTRAINT:Evidence Grounding | CONSTRAINT:Quality Standard | CONSTRAINT:Scope Boundary | CONTEXT:Repository Context | EXAMPLE:Output Template | EXAMPLE:Technical Snippet | OUTPUT:Control Signal | OUTPUT:Standalone Artifact | PROCESS:Decision Branch | PROCESS:Required Sequence | RESOURCE:GitHub Interface | RESOURCE:Local Workspace | TASK:Evidence Investigation
rq3_235,13,5,2,COMMUNICATION:Automation Disclosure | COMMUNICATION:Expert Role | CONSTRAINT:Quality Standard | CONSTRAINT:Scope Boundary | CONTEXT:Domain Context | CONTEXT:Execution Environment | CONTEXT:Repository Context | EVALUATION:Risk Assessment | EXAMPLE:Output Template | OUTPUT:New Thread | OUTPUT:Standalone Artifact | PROCESS:Decision Branch | PROCESS:Required Sequence | RESOURCE:Local Workspace | TASK:Evidence Investigation,COMMUNICATION:Expert Role | CONSTRAINT:Evidence Grounding | CONSTRAINT:Quality Standard | CONSTRAINT:Resource Budget | CONSTRAINT:Scope Boundary | CONTEXT:Domain Context | CONTEXT:Execution Environment | CONTEXT:Repository Context | EXAMPLE:Output Template | EXAMPLE:Technical Snippet | OUTPUT:New Thread | OUTPUT:Standalone Artifact | PROCESS:Decision Branch | PROCESS:Required Sequence | RESOURCE:Development Toolchain | RESOURCE:GitHub Interface | RESOURCE:Local Workspace | TASK:Evidence Investigation
rq3_236,11,3,2,CONSTRAINT:Quality Standard | CONSTRAINT:Scope Boundary | CONTEXT:Domain Context | EVALUATION:Rule Conformance | EXAMPLE:Technical Snippet | OUTPUT:Repository Change | PROCESS:Decision Branch | PROCESS:Required Sequence | RESOURCE:Development Toolchain | RESOURCE:Local Workspace | RESOURCE:Web Retrieval | TASK:Artifact Change | TASK:Evidence Investigation,CONSTRAINT:Quality Standard | CONSTRAINT:Scope Boundary | CONTEXT:Domain Context | CONTEXT:Repository Context | EXAMPLE:Output Template | EXAMPLE:Technical Snippet | OUTPUT:Repository Change | PROCESS:Decision Branch | PROCESS:Required Sequence | RESOURCE:Development Toolchain | RESOURCE:GitHub Interface | RESOURCE:Local Workspace | RESOURCE:Web Retrieval | TASK:Artifact Change
rq3_237,14,2,1,COMMUNICATION:Automation Disclosure | CONSTRAINT:Resource Budget | CONTEXT:Domain Context | CONTEXT:Repository Context | EVALUATION:Execution Check | EVALUATION:Rule Conformance | EXAMPLE:Output Template | OUTPUT:Control Signal | OUTPUT:New Thread | PROCESS:Decision Branch | PROCESS:Required Sequence | PROCESS:Within-Run Iteration | RESOURCE:Development Toolchain | RESOURCE:Web Retrieval | TASK:Executable Validation,COMMUNICATION:Automation Disclosure | CONSTRAINT:Resource Budget | CONSTRAINT:Scope Boundary | CONTEXT:Repository Context | EVALUATION:Execution Check | EVALUATION:Rule Conformance | EXAMPLE:Output Template | OUTPUT:Control Signal | OUTPUT:New Thread | PROCESS:Decision Branch | PROCESS:Required Sequence | PROCESS:Within-Run Iteration | RESOURCE:Development Toolchain | RESOURCE:Web Retrieval | TASK:Executable Validation | TASK:Work Item Management
rq3_238,17,4,1,COMMUNICATION:Audience Voice | CONSTRAINT:Evidence Grounding | CONSTRAINT:Quality Standard | CONSTRAINT:Scope Boundary | CONTEXT:Domain Context | CONTEXT:Historical Context | EVALUATION:Risk Assessment | EVALUATION:Rule Conformance | OUTPUT:Control Signal | OUTPUT:Existing Thread Response | PROCESS:Decision Branch | PROCESS:Required Sequence | RESOURCE:GitHub Interface | RESOURCE:Local Workspace | SAFETY:Information Confidentiality | SAFETY:Prompt Injection Defense | TASK:Evidence Investigation | TASK:Work Item Management,COMMUNICATION:Audience Voice | COMMUNICATION:Expert Role | CONSTRAINT:Evidence Grounding | CONSTRAINT:Quality Standard | CONSTRAINT:Scope Boundary | CONTEXT:Domain Context | CONTEXT:Repository Context | EVALUATION:Evidence Credibility | EVALUATION:Risk Assessment | EVALUATION:Rule Conformance | EXAMPLE:Output Template | OUTPUT:Control Signal | OUTPUT:Existing Thread Response | PROCESS:Decision Branch | PROCESS:Required Sequence | RESOURCE:GitHub Interface | RESOURCE:Local Workspace | SAFETY:Information Confidentiality | SAFETY:Prompt Injection Defense | TASK:Evidence Investigation | TASK:Work Item Management
rq3_239,16,1,4,COMMUNICATION:Automation Disclosure | COMMUNICATION:Expert Role | CONSTRAINT:Scope Boundary | CONTEXT:Domain Context | CONTEXT:Repository Context | EVALUATION:Risk Assessment | EVALUATION:Rule Conformance | EXAMPLE:Output Template | EXAMPLE:Technical Snippet | OUTPUT:Control Signal | OUTPUT:New Thread | PROCESS:Cross-Run Memory | PROCESS:Decision Branch | PROCESS:Required Sequence | PROCESS:Within-Run Iteration | RESOURCE:Development Toolchain | RESOURCE:Local Workspace | TASK:Artifact Review | TASK:Evidence Investigation | TASK:Executable Validation,COMMUNICATION:Automation Disclosure | COMMUNICATION:Expert Role | CONSTRAINT:Scope Boundary | CONTEXT:Repository Context | EXAMPLE:Output Template | EXAMPLE:Technical Snippet | OUTPUT:Control Signal | OUTPUT:New Thread | PROCESS:Cross-Run Memory | PROCESS:Decision Branch | PROCESS:Required Sequence | PROCESS:Within-Run Iteration | RESOURCE:Development Toolchain | RESOURCE:GitHub Interface | RESOURCE:Local Workspace | TASK:Evidence Investigation | TASK:Executable Validation
rq3_240,10,3,1,COMMUNICATION:Automation Disclosure | CONSTRAINT:Evidence Grounding | CONSTRAINT:Scope Boundary | CONTEXT:Execution Environment | EVALUATION:Rule Conformance | EXAMPLE:Output Template | OUTPUT:Existing Thread Response | PROCESS:Decision Branch | PROCESS:Required Sequence | SAFETY:Prompt Injection Defense | TASK:Artifact Review,CONSTRAINT:Evidence Grounding | CONSTRAINT:Scope Boundary | CONTEXT:Execution Environment | EVALUATION:Rule Conformance | EXAMPLE:Output Template | OUTPUT:Control Signal | OUTPUT:Existing Thread Response | PROCESS:Decision Branch | PROCESS:Required Sequence | PROCESS:Within-Run Iteration | RESOURCE:GitHub Interface | SAFETY:Prompt Injection Defense | TASK:Artifact Review
rq3_241,11,7,0,CONSTRAINT:Quality Standard | CONTEXT:Execution Environment | EVALUATION:Execution Check | OUTPUT:Control Signal | OUTPUT:Existing Thread Response | PROCESS:Decision Branch | PROCESS:Required Sequence | RESOURCE:GitHub Interface | RESOURCE:Local Workspace | TASK:Executable Validation | TASK:Work Item Management,CONSTRAINT:Quality Standard | CONSTRAINT:Scope Boundary | CONTEXT:Domain Context | CONTEXT:Execution Environment | CONTEXT:Repository Context | EVALUATION:Execution Check | EVALUATION:Rule Conformance | EXAMPLE:Output Template | OUTPUT:Control Signal | OUTPUT:Existing Thread Response | PROCESS:Decision Branch | PROCESS:Required Sequence | RESOURCE:GitHub Interface | RESOURCE:Local Workspace | SAFETY:Execution Isolation | TASK:Evidence Investigation | TASK:Executable Validation | TASK:Work Item Management
rq3_242,13,10,2,COMMUNICATION:Expert Role | CONSTRAINT:Quality Standard | CONTEXT:Historical Context | CONTEXT:Repository Context | EVALUATION:Execution Check | EXAMPLE:Output Template | EXAMPLE:Technical Snippet | OUTPUT:Existing Thread Response | OUTPUT:New Thread | OUTPUT:Repository Change | PROCESS:Decision Branch | PROCESS:Required Sequence | RESOURCE:Agent Resource | SAFETY:Prompt Injection Defense | TASK:Artifact Change,COMMUNICATION:Expert Role | CONSTRAINT:Evidence Grounding | CONSTRAINT:Quality Standard | CONSTRAINT:Scope Boundary | CONTEXT:Execution Environment | CONTEXT:Repository Context | EVALUATION:Execution Check | EXAMPLE:Output Template | EXAMPLE:Technical Snippet | OUTPUT:Existing Thread Response | OUTPUT:Repository Change | PROCESS:Decision Branch | PROCESS:Required Sequence | PROCESS:Within-Run Iteration | RESOURCE:Agent Resource | RESOURCE:Development Toolchain | RESOURCE:GitHub Interface | RESOURCE:Local Workspace | SAFETY:Prompt Injection Defense | TASK:Artifact Change | TASK:Evidence Investigation | TASK:Executable Validation | TASK:Work Item Management
rq3_243,9,5,1,CONSTRAINT:Quality Standard | CONSTRAINT:Scope Boundary | EVALUATION:Rule Conformance | EXAMPLE:Output Template | OUTPUT:Control Signal | OUTPUT:New Thread | PROCESS:Decision Branch | PROCESS:Work Delegation | RESOURCE:Local Workspace | TASK:Evidence Investigation,CONSTRAINT:Scope Boundary | CONTEXT:Execution Environment | EVALUATION:Rule Conformance | EXAMPLE:Output Template | OUTPUT:Control Signal | OUTPUT:New Thread | PROCESS:Decision Branch | PROCESS:Required Sequence | PROCESS:Within-Run Iteration | PROCESS:Work Delegation | RESOURCE:Agent Resource | RESOURCE:GitHub Interface | RESOURCE:Local Workspace | TASK:Evidence Investigation
rq3_244,11,5,0,COMMUNICATION:Expert Role | CONSTRAINT:Quality Standard | CONTEXT:Repository Context | EVALUATION:Rule Conformance | EXAMPLE:Output Template | OUTPUT:New Thread | PROCESS:Decision Branch | PROCESS:Required Sequence | RESOURCE:Agent Resource | RESOURCE:Local Workspace | TASK:Artifact Review,COMMUNICATION:Expert Role | CONSTRAINT:Quality Standard | CONSTRAINT:Scope Boundary | CONTEXT:Execution Environment | CONTEXT:Repository Context | EVALUATION:Rule Conformance | EXAMPLE:Output Template | OUTPUT:Control Signal | OUTPUT:New Thread | PROCESS:Decision Branch | PROCESS:Required Sequence | PROCESS:Work Delegation | RESOURCE:Agent Resource | RESOURCE:Local Workspace | TASK:Artifact Review | TASK:Evidence Investigation
rq3_245,13,5,1,CONSTRAINT:Evidence Grounding | CONSTRAINT:Scope Boundary | CONTEXT:Repository Context | EVALUATION:Execution Check | EVALUATION:Rule Conformance | EXAMPLE:Output Template | OUTPUT:Existing Thread Response | OUTPUT:Repository Change | PROCESS:Decision Branch | PROCESS:Required Sequence | PROCESS:Within-Run Iteration | RESOURCE:GitHub Interface | RESOURCE:Local Workspace | TASK:Artifact Change,COMMUNICATION:Expert Role | CONSTRAINT:Evidence Grounding | CONSTRAINT:Scope Boundary | CONTEXT:Repository Context | EVALUATION:Execution Check | EXAMPLE:Output Template | EXAMPLE:Technical Snippet | OUTPUT:Existing Thread Response | OUTPUT:Repository Change | PROCESS:Decision Branch | PROCESS:Required Sequence | PROCESS:Within-Run Iteration | RESOURCE:GitHub Interface | RESOURCE:Local Workspace | RESOURCE:Web Retrieval | TASK:Artifact Change | TASK:Evidence Investigation | TASK:Executable Validation
rq3_246,14,1,2,COMMUNICATION:Automation Disclosure | COMMUNICATION:Expert Role | CONSTRAINT:Evidence Grounding | CONTEXT:Domain Context | CONTEXT:Repository Context | EVALUATION:Risk Assessment | EVALUATION:Rule Conformance | EXAMPLE:Output Template | EXAMPLE:Technical Snippet | OUTPUT:Control Signal | OUTPUT:New Thread | PROCESS:Decision Branch | PROCESS:Required Sequence | PROCESS:Within-Run Iteration | RESOURCE:Local Workspace | TASK:Artifact Review,COMMUNICATION:Automation Disclosure | COMMUNICATION:Expert Role | CONSTRAINT:Scope Boundary | CONTEXT:Domain Context | CONTEXT:Repository Context | EVALUATION:Rule Conformance | EXAMPLE:Output Template | EXAMPLE:Technical Snippet | OUTPUT:Control Signal | OUTPUT:New Thread | PROCESS:Decision Branch | PROCESS:Required Sequence | PROCESS:Within-Run Iteration | RESOURCE:Local Workspace | TASK:Artifact Review
rq3_247,9,3,1,CONSTRAINT:Quality Standard | CONTEXT:Execution Environment | EVALUATION:Execution Check | EXAMPLE:Output Template | OUTPUT:Control Signal | OUTPUT:Existing Thread Response | PROCESS:Decision Branch | PROCESS:Required Sequence | RESOURCE:Local Workspace | TASK:Work Item Management,CONSTRAINT:Quality Standard | CONTEXT:Execution Environment | EXAMPLE:Output Template | EXAMPLE:Technical Snippet | OUTPUT:Control Signal | OUTPUT:Existing Thread Response | PROCESS:Decision Branch | PROCESS:Required Sequence | RESOURCE:GitHub Interface | RESOURCE:Local Workspace | TASK:Evidence Investigation | TASK:Work Item Management
rq3_248,15,1,2,COMMUNICATION:Audience Voice | COMMUNICATION:Automation Disclosure | CONSTRAINT:Quality Standard | CONSTRAINT:Resource Budget | CONTEXT:Execution Environment | CONTEXT:Repository Context | EVALUATION:Risk Assessment | EVALUATION:Rule Conformance | EXAMPLE:Output Template | OUTPUT:Control Signal | OUTPUT:Existing Thread Response | PROCESS:Cross-Run Memory | PROCESS:Decision Branch | PROCESS:Required Sequence | RESOURCE:GitHub Interface | RESOURCE:Local Workspace | TASK:Evidence Investigation,COMMUNICATION:Audience Voice | COMMUNICATION:Automation Disclosure | CONSTRAINT:Quality Standard | CONSTRAINT:Resource Budget | CONTEXT:Repository Context | EVALUATION:Rule Conformance | EXAMPLE:Output Template | EXAMPLE:Technical Snippet | OUTPUT:Control Signal | OUTPUT:Existing Thread Response | PROCESS:Cross-Run Memory | PROCESS:Decision Branch | PROCESS:Required Sequence | RESOURCE:GitHub Interface | RESOURCE:Local Workspace | TASK:Evidence Investigation
rq3_249,8,1,2,CONSTRAINT:Resource Budget | EVALUATION:Execution Check | EVALUATION:Rule Conformance | EXAMPLE:Output Template | OUTPUT:Existing Thread Response | OUTPUT:Repository Change | PROCESS:Required Sequence | RESOURCE:Local Workspace | TASK:Artifact Change | TASK:Executable Validation,EVALUATION:Execution Check | EXAMPLE:Output Template | OUTPUT:Existing Thread Response | OUTPUT:Repository Change | PROCESS:Required Sequence | RESOURCE:GitHub Interface | RESOURCE:Local Workspace | TASK:Artifact Change | TASK:Executable Validation
rq3_251,13,2,4,CONSTRAINT:Evidence Grounding | CONSTRAINT:Quality Standard | CONSTRAINT:Scope Boundary | CONTEXT:Repository Context | EVALUATION:Risk Assessment | EVALUATION:Rule Conformance | EXAMPLE:Output Template | OUTPUT:Control Signal | OUTPUT:Existing Thread Response | PROCESS:Cross-Run Memory | PROCESS:Decision Branch | PROCESS:Required Sequence | RESOURCE:Agent Resource | RESOURCE:GitHub Interface | RESOURCE:Local Workspace | TASK:Artifact Review | TASK:Work Item Management,CONSTRAINT:Scope Boundary | CONTEXT:Repository Context | EVALUATION:Rule Conformance | EXAMPLE:Output Template | EXAMPLE:Worked Case | OUTPUT:Existing Thread Response | PROCESS:Cross-Run Memory | PROCESS:Decision Branch | PROCESS:Required Sequence | PROCESS:Within-Run Iteration | RESOURCE:Agent Resource | RESOURCE:GitHub Interface | RESOURCE:Local Workspace | TASK:Artifact Review | TASK:Work Item Management
rq3_252,4,4,1,EXAMPLE:Output Template | OUTPUT:Existing Thread Response | PROCESS:Decision Branch | PROCESS:Required Sequence | RESOURCE:GitHub Interface,COMMUNICATION:Audience Voice | CONTEXT:Repository Context | EXAMPLE:Output Template | OUTPUT:Control Signal | OUTPUT:Existing Thread Response | PROCESS:Decision Branch | PROCESS:Required Sequence | TASK:Evidence Investigation
rq3_253,9,5,2,COMMUNICATION:Expert Role | CONSTRAINT:Quality Standard | CONSTRAINT:Scope Boundary | CONTEXT:Repository Context | EVALUATION:Risk Assessment | EXAMPLE:Output Template | OUTPUT:New Thread | PROCESS:Decision Branch | PROCESS:Required Sequence | RESOURCE:GitHub Interface | TASK:Evidence Investigation,COMMUNICATION:Audience Voice | CONSTRAINT:Quality Standard | CONSTRAINT:Scope Boundary | CONTEXT:Domain Context | CONTEXT:Repository Context | EXAMPLE:Output Template | OUTPUT:New Thread | PROCESS:Decision Branch | PROCESS:Required Sequence | PROCESS:Within-Run Iteration | RESOURCE:GitHub Interface | RESOURCE:Local Workspace | SAFETY:Execution Isolation | TASK:Evidence Investigation
rq3_254,18,1,2,COMMUNICATION:Expert Role | CONSTRAINT:Evidence Grounding | CONSTRAINT:Quality Standard | CONSTRAINT:Scope Boundary | CONTEXT:Domain Context | CONTEXT:Execution Environment | CONTEXT:Repository Context | EVALUATION:Risk Assessment | EVALUATION:Rule Conformance | EXAMPLE:Output Template | EXAMPLE:Technical Snippet | EXAMPLE:Worked Case | OUTPUT:Control Signal | OUTPUT:New Thread | PROCESS:Decision Branch | PROCESS:Required Sequence | PROCESS:Within-Run Iteration | RESOURCE:Local Workspace | SAFETY:Execution Isolation | TASK:Artifact Review,COMMUNICATION:Expert Role | CONSTRAINT:Quality Standard | CONSTRAINT:Scope Boundary | CONTEXT:Domain Context | CONTEXT:Execution Environment | CONTEXT:Repository Context | EVALUATION:Risk Assessment | EVALUATION:Rule Conformance | EXAMPLE:Output Template | EXAMPLE:Technical Snippet | OUTPUT:Control Signal | OUTPUT:New Thread | PROCESS:Decision Branch | PROCESS:Required Sequence | PROCESS:Within-Run Iteration | RESOURCE:Agent Resource | RESOURCE:Local Workspace | SAFETY:Execution Isolation | TASK:Artifact Review
rq3_255,7,2,0,COMMUNICATION:Automation Disclosure | CONSTRAINT:Scope Boundary | OUTPUT:Repository Change | PROCESS:Decision Branch | PROCESS:Required Sequence | RESOURCE:Local Workspace | TASK:Artifact Change,COMMUNICATION:Automation Disclosure | CONSTRAINT:Scope Boundary | CONTEXT:Repository Context | OUTPUT:Control Signal | OUTPUT:Repository Change | PROCESS:Decision Branch | PROCESS:Required Sequence | RESOURCE:Local Workspace | TASK:Artifact Change
rq3_256,16,7,1,COMMUNICATION:Audience Voice | COMMUNICATION:Automation Disclosure | CONSTRAINT:Resource Budget | CONSTRAINT:Scope Boundary | CONTEXT:Repository Context | EVALUATION:Execution Check | EVALUATION:Rule Conformance | EXAMPLE:Output Template | OUTPUT:Existing Thread Response | OUTPUT:Repository Change | PROCESS:Cross-Run Memory | PROCESS:Decision Branch | PROCESS:Required Sequence | RESOURCE:Development Toolchain | RESOURCE:GitHub Interface | TASK:Artifact Change | TASK:Work Item Management,COMMUNICATION:Audience Voice | COMMUNICATION:Automation Disclosure | CONSTRAINT:Quality Standard | CONSTRAINT:Resource Budget | CONSTRAINT:Scope Boundary | CONTEXT:Repository Context | EVALUATION:Execution Check | EXAMPLE:Output Template | EXAMPLE:Technical Snippet | OUTPUT:Control Signal | OUTPUT:Existing Thread Response | OUTPUT:Repository Change | PROCESS:Cross-Run Memory | PROCESS:Decision Branch | PROCESS:Required Sequence | PROCESS:Within-Run Iteration | RESOURCE:Development Toolchain | RESOURCE:GitHub Interface | RESOURCE:Local Workspace | TASK:Artifact Change | TASK:Evidence Investigation | TASK:Executable Validation | TASK:Work Item Management
rq3_257,20,6,0,COMMUNICATION:Expert Role | CONSTRAINT:Evidence Grounding | CONSTRAINT:Quality Standard | CONSTRAINT:Scope Boundary | CONTEXT:Domain Context | CONTEXT:Execution Environment | CONTEXT:Historical Context | CONTEXT:Repository Context | EVALUATION:Risk Assessment | EVALUATION:Rule Conformance | EXAMPLE:Output Template | OUTPUT:Control Signal | OUTPUT:New Thread | PROCESS:Decision Branch | PROCESS:Required Sequence | PROCESS:Work Delegation | RESOURCE:Agent Resource | RESOURCE:GitHub Interface | RESOURCE:Local Workspace | TASK:Evidence Investigation,COMMUNICATION:Expert Role | CONSTRAINT:Evidence Grounding | CONSTRAINT:Quality Standard | CONSTRAINT:Resource Budget | CONSTRAINT:Scope Boundary | CONTEXT:Domain Context | CONTEXT:Execution Environment | CONTEXT:Historical Context | CONTEXT:Repository Context | EVALUATION:Evidence Credibility | EVALUATION:Risk Assessment | EVALUATION:Rule Conformance | EXAMPLE:Output Template | EXAMPLE:Technical Snippet | OUTPUT:Control Signal | OUTPUT:New Thread | PROCESS:Decision Branch | PROCESS:Required Sequence | PROCESS:Within-Run Iteration | PROCESS:Work Delegation | RESOURCE:Agent Resource | RESOURCE:GitHub Interface | RESOURCE:Local Workspace | TASK:Artifact Review | TASK:Evidence Investigation | TASK:Work Item Management
rq3_258,13,2,2,COMMUNICATION:Audience Voice | COMMUNICATION:Automation Disclosure | CONSTRAINT:Evidence Grounding | CONSTRAINT:Quality Standard | CONSTRAINT:Resource Budget | CONSTRAINT:Scope Boundary | CONTEXT:Execution Environment | EXAMPLE:Output Template | OUTPUT:New Thread | OUTPUT:Standalone Artifact | PROCESS:Cross-Run Memory | PROCESS:Decision Branch | PROCESS:Required Sequence | RESOURCE:Local Workspace | TASK:Evidence Investigation,COMMUNICATION:Audience Voice | CONSTRAINT:Quality Standard | CONSTRAINT:Resource Budget | CONSTRAINT:Scope Boundary | CONTEXT:Execution Environment | EXAMPLE:Output Template | OUTPUT:New Thread | OUTPUT:Standalone Artifact | PROCESS:Cross-Run Memory | PROCESS:Decision Branch | PROCESS:Required Sequence | RESOURCE:Development Toolchain | RESOURCE:GitHub Interface | RESOURCE:Local Workspace | TASK:Evidence Investigation
rq3_259,11,3,0,COMMUNICATION:Expert Role | CONSTRAINT:Quality Standard | CONSTRAINT:Scope Boundary | OUTPUT:Control Signal | OUTPUT:Repository Change | PROCESS:Cross-Run Memory | PROCESS:Decision Branch | PROCESS:Required Sequence | RESOURCE:GitHub Interface | RESOURCE:Local Workspace | TASK:Artifact Change,COMMUNICATION:Expert Role | CONSTRAINT:Quality Standard | CONSTRAINT:Scope Boundary | CONTEXT:Repository Context | EVALUATION:Rule Conformance | OUTPUT:Control Signal | OUTPUT:Repository Change | PROCESS:Cross-Run Memory | PROCESS:Decision Branch | PROCESS:Required Sequence | RESOURCE:GitHub Interface | RESOURCE:Local Workspace | TASK:Artifact Change | TASK:Evidence Investigation
rq3_260,6,3,0,CONSTRAINT:Quality Standard | CONTEXT:Repository Context | EVALUATION:Rule Conformance | OUTPUT:Control Signal | OUTPUT:Existing Thread Response | TASK:Artifact Review,CONSTRAINT:Quality Standard | CONTEXT:Execution Environment | CONTEXT:Repository Context | EVALUATION:Rule Conformance | OUTPUT:Control Signal | OUTPUT:Existing Thread Response | RESOURCE:Agent Resource | RESOURCE:Local Workspace | TASK:Artifact Review
rq3_261,11,6,0,COMMUNICATION:Expert Role | CONSTRAINT:Quality Standard | CONSTRAINT:Scope Boundary | EVALUATION:Risk Assessment | OUTPUT:Existing Thread Response | PROCESS:Decision Branch | PROCESS:Required Sequence | RESOURCE:GitHub Interface | RESOURCE:Web Retrieval | SAFETY:Information Confidentiality | TASK:Artifact Review,COMMUNICATION:Expert Role | CONSTRAINT:Quality Standard | CONSTRAINT:Resource Budget | CONSTRAINT:Scope Boundary | CONTEXT:Domain Context | CONTEXT:Repository Context | EVALUATION:Risk Assessment | EXAMPLE:Output Template | OUTPUT:Existing Thread Response | PROCESS:Decision Branch | PROCESS:Required Sequence | PROCESS:Within-Run Iteration | RESOURCE:GitHub Interface | RESOURCE:Web Retrieval | SAFETY:Information Confidentiality | SAFETY:Vulnerability Handling | TASK:Artifact Review
rq3_262,10,5,2,CONSTRAINT:Quality Standard | CONTEXT:Execution Environment | EVALUATION:Execution Check | OUTPUT:Control Signal | OUTPUT:Existing Thread Response | PROCESS:Decision Branch | PROCESS:Required Sequence | RESOURCE:GitHub Interface | RESOURCE:Local Workspace | SAFETY:Execution Isolation | SAFETY:Prompt Injection Defense | TASK:Executable Validation,CONSTRAINT:Quality Standard | CONTEXT:Execution Environment | CONTEXT:Repository Context | EVALUATION:Execution Check | EXAMPLE:Output Template | EXAMPLE:Technical Snippet | OUTPUT:Control Signal | OUTPUT:Existing Thread Response | PROCESS:Decision Branch | RESOURCE:GitHub Interface | RESOURCE:Local Workspace | SAFETY:Prompt Injection Defense | TASK:Evidence Investigation | TASK:Executable Validation | TASK:Work Item Management
rq3_263,9,4,1,COMMUNICATION:Expert Role | CONSTRAINT:Quality Standard | CONTEXT:Domain Context | CONTEXT:Repository Context | EVALUATION:Rule Conformance | EXAMPLE:Output Template | OUTPUT:New Thread | PROCESS:Required Sequence | RESOURCE:Local Workspace | TASK:Artifact Review,COMMUNICATION:Expert Role | CONSTRAINT:Quality Standard | CONSTRAINT:Scope Boundary | CONTEXT:Domain Context | CONTEXT:Execution Environment | CONTEXT:Repository Context | EVALUATION:Rule Conformance | EXAMPLE:Output Template | OUTPUT:New Thread | PROCESS:Required Sequence | PROCESS:Within-Run Iteration | RESOURCE:Local Workspace | TASK:Evidence Investigation
rq3_264,3,0,0,CONTEXT:Repository Context | OUTPUT:Control Signal | TASK:Work Item Management,CONTEXT:Repository Context | OUTPUT:Control Signal | TASK:Work Item Management
rq3_265,19,2,2,COMMUNICATION:Automation Disclosure | COMMUNICATION:Expert Role | CONSTRAINT:Quality Standard | CONSTRAINT:Scope Boundary | CONTEXT:Execution Environment | CONTEXT:Repository Context | EVALUATION:Execution Check | EVALUATION:Risk Assessment | EVALUATION:Rule Conformance | EXAMPLE:Output Template | EXAMPLE:Technical Snippet | OUTPUT:Control Signal | OUTPUT:Repository Change | PROCESS:Decision Branch | PROCESS:Required Sequence | PROCESS:Within-Run Iteration | RESOURCE:Development Toolchain | RESOURCE:GitHub Interface | RESOURCE:Local Workspace | TASK:Artifact Change | TASK:Executable Validation,COMMUNICATION:Expert Role | CONSTRAINT:Quality Standard | CONSTRAINT:Scope Boundary | CONTEXT:Execution Environment | CONTEXT:Repository Context | EVALUATION:Execution Check | EVALUATION:Rule Conformance | EXAMPLE:Output Template | EXAMPLE:Technical Snippet | OUTPUT:Control Signal | OUTPUT:Repository Change | PROCESS:Decision Branch | PROCESS:Required Sequence | PROCESS:Within-Run Iteration | RESOURCE:Agent Resource | RESOURCE:Development Toolchain | RESOURCE:GitHub Interface | RESOURCE:Local Workspace | TASK:Artifact Change | TASK:Evidence Investigation | TASK:Executable Validation
rq3_266,17,1,3,COMMUNICATION:Automation Disclosure | CONSTRAINT:Scope Boundary | CONTEXT:Domain Context | CONTEXT:Execution Environment | CONTEXT:Repository Context | EVALUATION:Execution Check | EVALUATION:Risk Assessment | EVALUATION:Rule Conformance | OUTPUT:Control Signal | OUTPUT:Repository Change | OUTPUT:Standalone Artifact | PROCESS:Decision Branch | PROCESS:Required Sequence | PROCESS:Within-Run Iteration | RESOURCE:Agent Resource | RESOURCE:Development Toolchain | RESOURCE:Local Workspace | SAFETY:Execution Isolation | TASK:Artifact Change | TASK:Executable Validation,CONSTRAINT:Scope Boundary | CONTEXT:Domain Context | CONTEXT:Execution Environment | CONTEXT:Repository Context | EVALUATION:Execution Check | EXAMPLE:Technical Snippet | OUTPUT:Control Signal | OUTPUT:Repository Change | OUTPUT:Standalone Artifact | PROCESS:Decision Branch | PROCESS:Required Sequence | PROCESS:Within-Run Iteration | RESOURCE:Agent Resource | RESOURCE:Development Toolchain | RESOURCE:Local Workspace | SAFETY:Execution Isolation | TASK:Artifact Change | TASK:Executable Validation
rq3_267,8,6,2,COMMUNICATION:Expert Role | CONSTRAINT:Quality Standard | EVALUATION:Rule Conformance | EXAMPLE:Output Template | OUTPUT:New Thread | PROCESS:Decision Branch | PROCESS:Required Sequence | RESOURCE:Local Workspace | TASK:Artifact Review | TASK:Evidence Investigation,COMMUNICATION:Expert Role | CONSTRAINT:Quality Standard | CONSTRAINT:Scope Boundary | CONTEXT:Repository Context | EXAMPLE:Output Template | EXAMPLE:Technical Snippet | OUTPUT:Control Signal | OUTPUT:New Thread | PROCESS:Decision Branch | PROCESS:Required Sequence | PROCESS:Within-Run Iteration | RESOURCE:GitHub Interface | RESOURCE:Local Workspace | TASK:Evidence Investigation
rq3_268,16,0,2,COMMUNICATION:Audience Voice | COMMUNICATION:Expert Role | CONSTRAINT:Evidence Grounding | CONSTRAINT:Quality Standard | CONSTRAINT:Resource Budget | CONSTRAINT:Scope Boundary | CONTEXT:Domain Context | CONTEXT:Repository Context | EVALUATION:Risk Assessment | EVALUATION:Rule Conformance | EXAMPLE:Output Template | OUTPUT:Existing Thread Response | PROCESS:Decision Branch | PROCESS:Required Sequence | PROCESS:Within-Run Iteration | RESOURCE:GitHub Interface | RESOURCE:Web Retrieval | TASK:Artifact Review,COMMUNICATION:Expert Role | CONSTRAINT:Evidence Grounding | CONSTRAINT:Quality Standard | CONSTRAINT:Resource Budget | CONSTRAINT:Scope Boundary | CONTEXT:Repository Context | EVALUATION:Risk Assessment | EVALUATION:Rule Conformance | EXAMPLE:Output Template | OUTPUT:Existing Thread Response | PROCESS:Decision Branch | PROCESS:Required Sequence | PROCESS:Within-Run Iteration | RESOURCE:GitHub Interface | RESOURCE:Web Retrieval | TASK:Artifact Review
rq3_269,14,4,4,COMMUNICATION:Audience Voice | COMMUNICATION:Automation Disclosure | CONSTRAINT:Evidence Grounding | CONSTRAINT:Quality Standard | CONSTRAINT:Scope Boundary | CONTEXT:Execution Environment | CONTEXT:Repository Context | EVALUATION:Risk Assessment | EVALUATION:Rule Conformance | EXAMPLE:Output Template | EXAMPLE:Technical Snippet | OUTPUT:Repository Change | PROCESS:Decision Branch | PROCESS:Required Sequence | PROCESS:Within-Run Iteration | RESOURCE:GitHub Interface | RESOURCE:Local Workspace | TASK:Artifact Change,COMMUNICATION:Audience Voice | COMMUNICATION:Expert Role | CONSTRAINT:Evidence Grounding | CONSTRAINT:Quality Standard | CONSTRAINT:Scope Boundary | CONTEXT:Domain Context | CONTEXT:Repository Context | EXAMPLE:Output Template | EXAMPLE:Technical Snippet | OUTPUT:Control Signal | OUTPUT:Repository Change | PROCESS:Decision Branch | PROCESS:Required Sequence | PROCESS:Within-Run Iteration | RESOURCE:GitHub Interface | RESOURCE:Local Workspace | TASK:Artifact Change | TASK:Evidence Investigation
rq3_270,10,5,1,COMMUNICATION:Expert Role | CONSTRAINT:Quality Standard | CONSTRAINT:Resource Budget | CONSTRAINT:Scope Boundary | CONTEXT:Repository Context | OUTPUT:Repository Change | PROCESS:Required Sequence | RESOURCE:Local Workspace | TASK:Artifact Change | TASK:Artifact Review | TASK:Evidence Investigation,COMMUNICATION:Expert Role | CONSTRAINT:Quality Standard | CONSTRAINT:Resource Budget | CONSTRAINT:Scope Boundary | CONTEXT:Execution Environment | CONTEXT:Historical Context | CONTEXT:Repository Context | EVALUATION:Rule Conformance | OUTPUT:Repository Change | PROCESS:Decision Branch | PROCESS:Required Sequence | RESOURCE:Local Workspace | SAFETY:Execution Isolation | TASK:Artifact Change | TASK:Evidence Investigation
rq3_271,21,2,3,COMMUNICATION:Audience Voice | COMMUNICATION:Automation Disclosure | CONSTRAINT:Evidence Grounding | CONSTRAINT:Quality Standard | CONSTRAINT:Resource Budget | CONSTRAINT:Scope Boundary | CONTEXT:Domain Context | CONTEXT:Repository Context | EVALUATION:Evidence Credibility | EVALUATION:Execution Check | EVALUATION:Rule Conformance | EXAMPLE:Output Template | OUTPUT:Control Signal | OUTPUT:Existing Thread Response | OUTPUT:New Thread | PROCESS:Cross-Run Memory | PROCESS:Decision Branch | PROCESS:Required Sequence | RESOURCE:GitHub Interface | RESOURCE:Local Workspace | SAFETY:Information Confidentiality | SAFETY:Prompt Injection Defense | TASK:Evidence Investigation | TASK:Work Item Management,COMMUNICATION:Audience Voice | COMMUNICATION:Automation Disclosure | CONSTRAINT:Evidence Grounding | CONSTRAINT:Quality Standard | CONSTRAINT:Resource Budget | CONSTRAINT:Scope Boundary | CONTEXT:Domain Context | CONTEXT:Execution Environment | CONTEXT:Repository Context | EXAMPLE:Output Template | EXAMPLE:Technical Snippet | OUTPUT:Control Signal | OUTPUT:Existing Thread Response | OUTPUT:New Thread | PROCESS:Cross-Run Memory | PROCESS:Decision Branch | PROCESS:Required Sequence | RESOURCE:GitHub Interface | RESOURCE:Local Workspace | SAFETY:Information Confidentiality | SAFETY:Prompt Injection Defense | TASK:Evidence Investigation | TASK:Work Item Management
rq3_272,6,6,3,COMMUNICATION:Audience Voice | CONSTRAINT:Quality Standard | CONSTRAINT:Scope Boundary | OUTPUT:Control Signal | OUTPUT:Existing Thread Response | PROCESS:Decision Branch | RESOURCE:GitHub Interface | TASK:Evidence Investigation | TASK:Work Item Management,CONSTRAINT:Quality Standard | CONSTRAINT:Scope Boundary | CONTEXT:Repository Context | EVALUATION:Risk Assessment | EVALUATION:Rule Conformance | OUTPUT:Existing Thread Response | PROCESS:Decision Branch | PROCESS:Required Sequence | PROCESS:Within-Run Iteration | RESOURCE:GitHub Interface | TASK:Artifact Review | TASK:Work Item Management
rq3_273,14,1,3,COMMUNICATION:Audience Voice | COMMUNICATION:Automation Disclosure | COMMUNICATION:Expert Role | CONSTRAINT:Quality Standard | CONSTRAINT:Scope Boundary | CONTEXT:Domain Context | CONTEXT:Repository Context | EVALUATION:Rule Conformance | OUTPUT:Repository Change | PROCESS:Cross-Run Memory | PROCESS:Decision Branch | PROCESS:Required Sequence | PROCESS:Within-Run Iteration | RESOURCE:GitHub Interface | RESOURCE:Local Workspace | TASK:Artifact Change | TASK:Work Item Management,COMMUNICATION:Audience Voice | COMMUNICATION:Automation Disclosure | COMMUNICATION:Expert Role | CONSTRAINT:Quality Standard | CONSTRAINT:Scope Boundary | CONTEXT:Repository Context | EXAMPLE:Technical Snippet | OUTPUT:Repository Change | PROCESS:Decision Branch | PROCESS:Required Sequence | PROCESS:Within-Run Iteration | RESOURCE:GitHub Interface | RESOURCE:Local Workspace | TASK:Artifact Change | TASK:Work Item Management
rq3_275,2,1,0,CONSTRAINT:Quality Standard | TASK:Evidence Investigation,CONSTRAINT:Quality Standard | SAFETY:Information Confidentiality | TASK:Evidence Investigation
rq3_276,17,3,7,COMMUNICATION:Automation Disclosure | CONSTRAINT:Evidence Grounding | CONSTRAINT:Quality Standard | CONTEXT:Domain Context | CONTEXT:Execution Environment | CONTEXT:Repository Context | EVALUATION:Evidence Credibility | EVALUATION:Risk Assessment | EVALUATION:Rule Conformance | EXAMPLE:Output Template | EXAMPLE:Technical Snippet | OUTPUT:New Thread | OUTPUT:Repository Change | PROCESS:Cross-Run Memory | PROCESS:Decision Branch | PROCESS:Required Sequence | PROCESS:Within-Run Iteration | PROCESS:Work Delegation | RESOURCE:Agent Resource | RESOURCE:GitHub Interface | RESOURCE:Local Workspace | TASK:Artifact Change | TASK:Artifact Review | TASK:Evidence Investigation,COMMUNICATION:Expert Role | CONSTRAINT:Quality Standard | CONSTRAINT:Scope Boundary | CONTEXT:Domain Context | CONTEXT:Historical Context | CONTEXT:Repository Context | EXAMPLE:Output Template | EXAMPLE:Technical Snippet | OUTPUT:New Thread | OUTPUT:Repository Change | PROCESS:Cross-Run Memory | PROCESS:Decision Branch | PROCESS:Required Sequence | PROCESS:Within-Run Iteration | PROCESS:Work Delegation | RESOURCE:Agent Resource | RESOURCE:GitHub Interface | RESOURCE:Local Workspace | TASK:Artifact Change | TASK:Evidence Investigation
rq3_277,19,11,0,CONSTRAINT:Evidence Grounding | CONSTRAINT:Quality Standard | CONSTRAINT:Resource Budget | CONSTRAINT:Scope Boundary | CONTEXT:Domain Context | CONTEXT:Execution Environment | EVALUATION:Risk Assessment | EVALUATION:Rule Conformance | OUTPUT:Repository Change | PROCESS:Cross-Run Memory | PROCESS:Decision Branch | PROCESS:Required Sequence | PROCESS:Within-Run Iteration | RESOURCE:Development Toolchain | RESOURCE:Local Workspace | RESOURCE:Web Retrieval | TASK:Artifact Change | TASK:Evidence Investigation | TASK:Executable Validation,COMMUNICATION:Expert Role | CONSTRAINT:Evidence Grounding | CONSTRAINT:Quality Standard | CONSTRAINT:Resource Budget | CONSTRAINT:Scope Boundary | CONTEXT:Domain Context | CONTEXT:Execution Environment | CONTEXT:Historical Context | CONTEXT:Repository Context | EVALUATION:Execution Check | EVALUATION:Risk Assessment | EVALUATION:Rule Conformance | EXAMPLE:Technical Snippet | OUTPUT:Repository Change | OUTPUT:Standalone Artifact | PROCESS:Cross-Run Memory | PROCESS:Decision Branch | PROCESS:Required Sequence | PROCESS:Within-Run Iteration | PROCESS:Work Delegation | RESOURCE:Development Toolchain | RESOURCE:GitHub Interface | RESOURCE:Local Workspace | RESOURCE:Web Retrieval | SAFETY:Execution Isolation | TASK:Artifact Change | TASK:Artifact Review | TASK:Evidence Investigation | TASK:Executable Validation | TASK:Work Item Management
rq3_278,19,4,5,COMMUNICATION:Automation Disclosure | CONSTRAINT:Evidence Grounding | CONSTRAINT:Quality Standard | CONSTRAINT:Resource Budget | CONSTRAINT:Scope Boundary | CONTEXT:Domain Context | CONTEXT:Execution Environment | CONTEXT:Repository Context | EVALUATION:Evidence Credibility | EVALUATION:Risk Assessment | EVALUATION:Rule Conformance | EXAMPLE:Technical Snippet | EXAMPLE:Worked Case | OUTPUT:Existing Thread Response | OUTPUT:Repository Change | PROCESS:Decision Branch | PROCESS:Required Sequence | PROCESS:Within-Run Iteration | RESOURCE:Agent Resource | RESOURCE:GitHub Interface | RESOURCE:Local Workspace | TASK:Artifact Change | TASK:Artifact Review | TASK:Work Item Management,CONSTRAINT:Evidence Grounding | CONSTRAINT:Quality Standard | CONSTRAINT:Resource Budget | CONSTRAINT:Scope Boundary | CONTEXT:Domain Context | CONTEXT:Execution Environment | CONTEXT:Repository Context | EVALUATION:Evidence Credibility | EVALUATION:Rule Conformance | EXAMPLE:Output Template | EXAMPLE:Technical Snippet | OUTPUT:Control Signal | OUTPUT:Existing Thread Response | OUTPUT:Repository Change | PROCESS:Decision Branch | PROCESS:Required Sequence | PROCESS:Within-Run Iteration | RESOURCE:Agent Resource | RESOURCE:Development Toolchain | RESOURCE:GitHub Interface | RESOURCE:Local Workspace | TASK:Artifact Change | TASK:Evidence Investigation
rq3_279,10,2,5,CONSTRAINT:Evidence Grounding | CONSTRAINT:Quality Standard | CONSTRAINT:Scope Boundary | EVALUATION:Risk Assessment | EVALUATION:Rule Conformance | EXAMPLE:Output Template | EXAMPLE:Worked Case | OUTPUT:Control Signal | OUTPUT:New Thread | PROCESS:Decision Branch | PROCESS:Required Sequence | PROCESS:Within-Run Iteration | RESOURCE:GitHub Interface | RESOURCE:Local Workspace | TASK:Artifact Review,CONSTRAINT:Scope Boundary | CONTEXT:Execution Environment | EVALUATION:Rule Conformance | EXAMPLE:Output Template | OUTPUT:Control Signal | OUTPUT:New Thread | PROCESS:Decision Branch | PROCESS:Required Sequence | PROCESS:Within-Run Iteration | RESOURCE:GitHub Interface | RESOURCE:Local Workspace | TASK:Evidence Investigation
rq3_280,10,4,2,CONSTRAINT:Evidence Grounding | CONSTRAINT:Quality Standard | CONSTRAINT:Resource Budget | CONSTRAINT:Scope Boundary | CONTEXT:Repository Context | EVALUATION:Rule Conformance | EXAMPLE:Output Template | OUTPUT:Control Signal | OUTPUT:Existing Thread Response | PROCESS:Decision Branch | PROCESS:Required Sequence | TASK:Artifact Review,CONSTRAINT:Quality Standard | CONSTRAINT:Scope Boundary | CONTEXT:Domain Context | CONTEXT:Repository Context | EVALUATION:Rule Conformance | EXAMPLE:Output Template | OUTPUT:Control Signal | OUTPUT:Existing Thread Response | PROCESS:Decision Branch | PROCESS:Required Sequence | RESOURCE:GitHub Interface | RESOURCE:Local Workspace | SAFETY:Execution Isolation | TASK:Artifact Review
rq3_281,21,2,3,COMMUNICATION:Expert Role | CONSTRAINT:Quality Standard | CONSTRAINT:Resource Budget | CONSTRAINT:Scope Boundary | CONTEXT:Domain Context | CONTEXT:Repository Context | EVALUATION:Evidence Credibility | EVALUATION:Risk Assessment | EVALUATION:Rule Conformance | EXAMPLE:Output Template | EXAMPLE:Technical Snippet | EXAMPLE:Worked Case | OUTPUT:Control Signal | OUTPUT:New Thread | PROCESS:Cross-Run Memory | PROCESS:Decision Branch | PROCESS:Required Sequence | PROCESS:Within-Run Iteration | RESOURCE:GitHub Interface | RESOURCE:Local Workspace | SAFETY:Information Confidentiality | SAFETY:Vulnerability Handling | TASK:Artifact Review | TASK:Evidence Investigation,COMMUNICATION:Expert Role | CONSTRAINT:Quality Standard | CONSTRAINT:Resource Budget | CONSTRAINT:Scope Boundary | CONTEXT:Domain Context | CONTEXT:Historical Context | CONTEXT:Repository Context | EVALUATION:Risk Assessment | EVALUATION:Rule Conformance | EXAMPLE:Output Template | EXAMPLE:Technical Snippet | OUTPUT:Control Signal | OUTPUT:New Thread | PROCESS:Cross-Run Memory | PROCESS:Decision Branch | PROCESS:Required Sequence | PROCESS:Within-Run Iteration | RESOURCE:Agent Resource | RESOURCE:GitHub Interface | RESOURCE:Local Workspace | SAFETY:Vulnerability Handling | TASK:Artifact Review | TASK:Evidence Investigation
rq3_282,17,8,0,COMMUNICATION:Expert Role | CONSTRAINT:Evidence Grounding | CONSTRAINT:Quality Standard | CONSTRAINT:Scope Boundary | CONTEXT:Execution Environment | CONTEXT:Repository Context | EVALUATION:Evidence Credibility | EVALUATION:Risk Assessment | EVALUATION:Rule Conformance | EXAMPLE:Worked Case | OUTPUT:Control Signal | OUTPUT:Existing Thread Response | PROCESS:Decision Branch | PROCESS:Required Sequence | RESOURCE:GitHub Interface | SAFETY:Vulnerability Handling | TASK:Artifact Review,COMMUNICATION:Automation Disclosure | COMMUNICATION:Expert Role | CONSTRAINT:Evidence Grounding | CONSTRAINT:Quality Standard | CONSTRAINT:Resource Budget | CONSTRAINT:Scope Boundary | CONTEXT:Domain Context | CONTEXT:Execution Environment | CONTEXT:Historical Context | CONTEXT:Repository Context | EVALUATION:Evidence Credibility | EVALUATION:Risk Assessment | EVALUATION:Rule Conformance | EXAMPLE:Technical Snippet | EXAMPLE:Worked Case | OUTPUT:Control Signal | OUTPUT:Existing Thread Response | PROCESS:Decision Branch | PROCESS:Required Sequence | PROCESS:Within-Run Iteration | RESOURCE:GitHub Interface | SAFETY:Vulnerability Handling | TASK:Artifact Change | TASK:Artifact Review | TASK:Evidence Investigation
rq3_283,11,7,2,COMMUNICATION:Expert Role | CONTEXT:Execution Environment | CONTEXT:Historical Context | CONTEXT:Repository Context | EVALUATION:Execution Check | EVALUATION:Rule Conformance | EXAMPLE:Output Template | EXAMPLE:Technical Snippet | OUTPUT:New Thread | OUTPUT:Standalone Artifact | PROCESS:Decision Branch | PROCESS:Required Sequence | TASK:Evidence Investigation,COMMUNICATION:Expert Role | CONSTRAINT:Quality Standard | CONTEXT:Execution Environment | CONTEXT:Repository Context | EVALUATION:Execution Check | EXAMPLE:Output Template | EXAMPLE:Technical Snippet | OUTPUT:Control Signal | OUTPUT:New Thread | OUTPUT:Standalone Artifact | PROCESS:Decision Branch | PROCESS:Required Sequence | PROCESS:Within-Run Iteration | RESOURCE:Development Toolchain | RESOURCE:GitHub Interface | RESOURCE:Local Workspace | TASK:Evidence Investigation | TASK:Executable Validation
rq3_284,10,7,1,CONSTRAINT:Evidence Grounding | CONSTRAINT:Scope Boundary | CONTEXT:Repository Context | EVALUATION:Rule Conformance | OUTPUT:Control Signal | OUTPUT:New Thread | PROCESS:Decision Branch | PROCESS:Required Sequence | PROCESS:Within-Run Iteration | RESOURCE:GitHub Interface | TASK:Evidence Investigation,CONSTRAINT:Evidence Grounding | CONSTRAINT:Quality Standard | CONSTRAINT:Resource Budget | CONSTRAINT:Scope Boundary | CONTEXT:Domain Context | CONTEXT:Execution Environment | CONTEXT:Historical Context | CONTEXT:Repository Context | EXAMPLE:Output Template | OUTPUT:Control Signal | OUTPUT:New Thread | PROCESS:Decision Branch | PROCESS:Required Sequence | PROCESS:Within-Run Iteration | RESOURCE:GitHub Interface | RESOURCE:Local Workspace | TASK:Evidence Investigation
rq3_285,13,7,1,COMMUNICATION:Expert Role | CONSTRAINT:Evidence Grounding | CONSTRAINT:Quality Standard | CONTEXT:Domain Context | CONTEXT:Execution Environment | EVALUATION:Risk Assessment | EXAMPLE:Output Template | EXAMPLE:Technical Snippet | OUTPUT:New Thread | PROCESS:Cross-Run Memory | PROCESS:Decision Branch | PROCESS:Required Sequence | RESOURCE:Local Workspace | TASK:Evidence Investigation,COMMUNICATION:Expert Role | CONSTRAINT:Evidence Grounding | CONSTRAINT:Quality Standard | CONSTRAINT:Resource Budget | CONSTRAINT:Scope Boundary | CONTEXT:Domain Context | CONTEXT:Execution Environment | CONTEXT:Historical Context | CONTEXT:Repository Context | EXAMPLE:Output Template | EXAMPLE:Technical Snippet | OUTPUT:New Thread | OUTPUT:Standalone Artifact | PROCESS:Cross-Run Memory | PROCESS:Decision Branch | PROCESS:Required Sequence | RESOURCE:Development Toolchain | RESOURCE:GitHub Interface | RESOURCE:Local Workspace | TASK:Evidence Investigation
rq3_286,15,0,3,COMMUNICATION:Audience Voice | COMMUNICATION:Expert Role | CONSTRAINT:Evidence Grounding | CONSTRAINT:Quality Standard | CONSTRAINT:Resource Budget | CONSTRAINT:Scope Boundary | CONTEXT:Repository Context | EVALUATION:Risk Assessment | EVALUATION:Rule Conformance | EXAMPLE:Output Template | EXAMPLE:Worked Case | OUTPUT:Existing Thread Response | PROCESS:Decision Branch | PROCESS:Required Sequence | PROCESS:Within-Run Iteration | RESOURCE:GitHub Interface | RESOURCE:Web Retrieval | TASK:Artifact Review,COMMUNICATION:Expert Role | CONSTRAINT:Quality Standard | CONSTRAINT:Resource Budget | CONSTRAINT:Scope Boundary | CONTEXT:Repository Context | EVALUATION:Risk Assessment | EVALUATION:Rule Conformance | EXAMPLE:Output Template | OUTPUT:Existing Thread Response | PROCESS:Decision Branch | PROCESS:Required Sequence | PROCESS:Within-Run Iteration | RESOURCE:GitHub Interface | RESOURCE:Web Retrieval | TASK:Artifact Review
rq3_287,11,3,2,COMMUNICATION:Audience Voice | COMMUNICATION:Expert Role | CONSTRAINT:Quality Standard | CONSTRAINT:Resource Budget | CONSTRAINT:Scope Boundary | CONTEXT:Domain Context | EXAMPLE:Output Template | OUTPUT:Repository Change | PROCESS:Decision Branch | PROCESS:Required Sequence | RESOURCE:Agent Resource | RESOURCE:Local Workspace | TASK:Artifact Change,COMMUNICATION:Audience Voice | COMMUNICATION:Expert Role | CONSTRAINT:Quality Standard | CONSTRAINT:Resource Budget | CONSTRAINT:Scope Boundary | CONTEXT:Domain Context | CONTEXT:Repository Context | EXAMPLE:Output Template | OUTPUT:Control Signal | OUTPUT:Repository Change | PROCESS:Cross-Run Memory | PROCESS:Decision Branch | RESOURCE:Local Workspace | TASK:Artifact Change
rq3_288,16,8,4,COMMUNICATION:Expert Role | CONSTRAINT:Evidence Grounding | CONSTRAINT:Quality Standard | CONSTRAINT:Resource Budget | CONSTRAINT:Scope Boundary | CONTEXT:Execution Environment | CONTEXT:Repository Context | EVALUATION:Rule Conformance | EXAMPLE:Output Template | EXAMPLE:Technical Snippet | OUTPUT:Existing Thread Response | OUTPUT:New Thread | OUTPUT:Repository Change | PROCESS:Decision Branch | PROCESS:Required Sequence | RESOURCE:Agent Resource | RESOURCE:GitHub Interface | RESOURCE:Local Workspace | SAFETY:Execution Isolation | TASK:Evidence Investigation,COMMUNICATION:Automation Disclosure | COMMUNICATION:Expert Role | CONSTRAINT:Quality Standard | CONSTRAINT:Resource Budget | CONSTRAINT:Scope Boundary | CONTEXT:Domain Context | CONTEXT:Execution Environment | CONTEXT:Historical Context | CONTEXT:Repository Context | EVALUATION:Risk Assessment | EXAMPLE:Output Template | EXAMPLE:Technical Snippet | OUTPUT:New Thread | PROCESS:Decision Branch | PROCESS:Required Sequence | PROCESS:Within-Run Iteration | PROCESS:Work Delegation | RESOURCE:Agent Resource | RESOURCE:GitHub Interface | RESOURCE:Local Workspace | RESOURCE:Web Retrieval | SAFETY:Execution Isolation | TASK:Evidence Investigation | TASK:Work Item Management
rq3_289,15,2,0,CONSTRAINT:Evidence Grounding | CONSTRAINT:Quality Standard | CONSTRAINT:Resource Budget | CONSTRAINT:Scope Boundary | EVALUATION:Execution Check | EVALUATION:Risk Assessment | OUTPUT:Control Signal | OUTPUT:Repository Change | PROCESS:Decision Branch | PROCESS:Required Sequence | RESOURCE:Development Toolchain | RESOURCE:GitHub Interface | RESOURCE:Local Workspace | TASK:Artifact Change | TASK:Executable Validation,COMMUNICATION:Expert Role | CONSTRAINT:Evidence Grounding | CONSTRAINT:Quality Standard | CONSTRAINT:Resource Budget | CONSTRAINT:Scope Boundary | EVALUATION:Execution Check | EVALUATION:Risk Assessment | OUTPUT:Control Signal | OUTPUT:Repository Change | PROCESS:Decision Branch | PROCESS:Required Sequence | RESOURCE:Development Toolchain | RESOURCE:GitHub Interface | RESOURCE:Local Workspace | TASK:Artifact Change | TASK:Evidence Investigation | TASK:Executable Validation
rq3_290,12,2,3,CONSTRAINT:Quality Standard | CONSTRAINT:Resource Budget | CONSTRAINT:Scope Boundary | CONTEXT:Repository Context | EVALUATION:Risk Assessment | EVALUATION:Rule Conformance | OUTPUT:Control Signal | OUTPUT:New Thread | PROCESS:Decision Branch | PROCESS:Required Sequence | PROCESS:Within-Run Iteration | RESOURCE:GitHub Interface | RESOURCE:Web Retrieval | SAFETY:Vulnerability Handling | TASK:Evidence Investigation,CONSTRAINT:Quality Standard | CONSTRAINT:Resource Budget | CONTEXT:Domain Context | EVALUATION:Risk Assessment | EVALUATION:Rule Conformance | EXAMPLE:Output Template | OUTPUT:Control Signal | OUTPUT:New Thread | PROCESS:Decision Branch | PROCESS:Required Sequence | PROCESS:Within-Run Iteration | RESOURCE:GitHub Interface | RESOURCE:Web Retrieval | TASK:Evidence Investigation
rq3_291,11,2,2,COMMUNICATION:Expert Role | CONSTRAINT:Evidence Grounding | CONSTRAINT:Quality Standard | CONSTRAINT:Resource Budget | CONSTRAINT:Scope Boundary | CONTEXT:Execution Environment | CONTEXT:Repository Context | EVALUATION:Risk Assessment | EXAMPLE:Output Template | OUTPUT:Existing Thread Response | PROCESS:Decision Branch | PROCESS:Required Sequence | TASK:Evidence Investigation,COMMUNICATION:Expert Role | CONSTRAINT:Evidence Grounding | CONSTRAINT:Quality Standard | CONSTRAINT:Resource Budget | CONTEXT:Repository Context | EVALUATION:Risk Assessment | EXAMPLE:Output Template | OUTPUT:Existing Thread Response | PROCESS:Decision Branch | PROCESS:Required Sequence | PROCESS:Within-Run Iteration | RESOURCE:GitHub Interface | TASK:Evidence Investigation
rq3_292,9,4,1,CONSTRAINT:Quality Standard | CONSTRAINT:Scope Boundary | EVALUATION:Rule Conformance | EXAMPLE:Output Template | OUTPUT:New Thread | PROCESS:Decision Branch | PROCESS:Required Sequence | RESOURCE:GitHub Interface | RESOURCE:Web Retrieval | TASK:Evidence Investigation,CONSTRAINT:Quality Standard | CONSTRAINT:Scope Boundary | CONTEXT:Domain Context | EXAMPLE:Output Template | EXAMPLE:Technical Snippet | OUTPUT:Control Signal | OUTPUT:New Thread | PROCESS:Decision Branch | PROCESS:Required Sequence | RESOURCE:GitHub Interface | RESOURCE:Local Workspace | RESOURCE:Web Retrieval | TASK:Evidence Investigation
rq3_293,20,0,2,COMMUNICATION:Audience Voice | COMMUNICATION:Automation Disclosure | COMMUNICATION:Expert Role | CONSTRAINT:Evidence Grounding | CONSTRAINT:Quality Standard | CONSTRAINT:Resource Budget | CONSTRAINT:Scope Boundary | CONTEXT:Domain Context | CONTEXT:Repository Context | EVALUATION:Evidence Credibility | EVALUATION:Risk Assessment | EVALUATION:Rule Conformance | EXAMPLE:Output Template | OUTPUT:Control Signal | OUTPUT:Existing Thread Response | OUTPUT:New Thread | PROCESS:Cross-Run Memory | PROCESS:Decision Branch | PROCESS:Required Sequence | PROCESS:Within-Run Iteration | RESOURCE:GitHub Interface | TASK:Evidence Investigation,COMMUNICATION:Audience Voice | COMMUNICATION:Automation Disclosure | COMMUNICATION:Expert Role | CONSTRAINT:Evidence Grounding | CONSTRAINT:Quality Standard | CONSTRAINT:Resource Budget | CONSTRAINT:Scope Boundary | CONTEXT:Domain Context | CONTEXT:Repository Context | EVALUATION:Risk Assessment | EXAMPLE:Output Template | OUTPUT:Control Signal | OUTPUT:Existing Thread Response | OUTPUT:New Thread | PROCESS:Cross-Run Memory | PROCESS:Decision Branch | PROCESS:Required Sequence | PROCESS:Within-Run Iteration | RESOURCE:GitHub Interface | TASK:Evidence Investigation
rq3_294,17,0,6,COMMUNICATION:Audience Voice | COMMUNICATION:Automation Disclosure | CONSTRAINT:Evidence Grounding | CONSTRAINT:Quality Standard | CONSTRAINT:Scope Boundary | CONTEXT:Execution Environment | CONTEXT:Repository Context | EVALUATION:Execution Check | EVALUATION:Rule Conformance | OUTPUT:Existing Thread Response | OUTPUT:New Thread | OUTPUT:Repository Change | PROCESS:Decision Branch | PROCESS:Required Sequence | PROCESS:Within-Run Iteration | RESOURCE:Development Toolchain | RESOURCE:GitHub Interface | RESOURCE:Local Workspace | SAFETY:Execution Isolation | TASK:Artifact Change | TASK:Evidence Investigation | TASK:Executable Validation | TASK:Work Item Management,COMMUNICATION:Audience Voice | CONSTRAINT:Quality Standard | CONSTRAINT:Scope Boundary | CONTEXT:Repository Context | EVALUATION:Execution Check | OUTPUT:Existing Thread Response | OUTPUT:New Thread | OUTPUT:Repository Change | PROCESS:Decision Branch | PROCESS:Required Sequence | RESOURCE:Development Toolchain | RESOURCE:GitHub Interface | RESOURCE:Local Workspace | TASK:Artifact Change | TASK:Evidence Investigation | TASK:Executable Validation | TASK:Work Item Management
rq3_295,13,6,2,COMMUNICATION:Expert Role | CONSTRAINT:Scope Boundary | CONTEXT:Execution Environment | CONTEXT:Repository Context | EXAMPLE:Output Template | EXAMPLE:Technical Snippet | OUTPUT:Repository Change | OUTPUT:Standalone Artifact | PROCESS:Decision Branch | PROCESS:Required Sequence | RESOURCE:Agent Resource | RESOURCE:Development Toolchain | RESOURCE:GitHub Interface | TASK:Artifact Change | TASK:Evidence Investigation,COMMUNICATION:Automation Disclosure | COMMUNICATION:Expert Role | CONSTRAINT:Evidence Grounding | CONSTRAINT:Quality Standard | CONSTRAINT:Scope Boundary | CONTEXT:Domain Context | CONTEXT:Execution Environment | CONTEXT:Repository Context | EXAMPLE:Output Template | EXAMPLE:Technical Snippet | OUTPUT:Repository Change | PROCESS:Decision Branch | PROCESS:Required Sequence | PROCESS:Within-Run Iteration | RESOURCE:Agent Resource | RESOURCE:GitHub Interface | RESOURCE:Local Workspace | TASK:Artifact Change | TASK:Evidence Investigation
rq3_296,15,12,1,CONSTRAINT:Evidence Grounding | CONSTRAINT:Quality Standard | CONSTRAINT:Scope Boundary | CONTEXT:Repository Context | EXAMPLE:Output Template | EXAMPLE:Technical Snippet | OUTPUT:Control Signal | OUTPUT:New Thread | OUTPUT:Repository Change | PROCESS:Decision Branch | PROCESS:Required Sequence | RESOURCE:Agent Resource | RESOURCE:GitHub Interface | RESOURCE:Local Workspace | TASK:Artifact Change | TASK:Evidence Investigation,COMMUNICATION:Audience Voice | COMMUNICATION:Automation Disclosure | COMMUNICATION:Expert Role | CONSTRAINT:Evidence Grounding | CONSTRAINT:Quality Standard | CONSTRAINT:Resource Budget | CONSTRAINT:Scope Boundary | CONTEXT:Domain Context | CONTEXT:Historical Context | CONTEXT:Repository Context | EVALUATION:Evidence Credibility | EVALUATION:Rule Conformance | EXAMPLE:Output Template | EXAMPLE:Worked Case | OUTPUT:Control Signal | OUTPUT:New Thread | OUTPUT:Repository Change | PROCESS:Cross-Run Memory | PROCESS:Decision Branch | PROCESS:Required Sequence | PROCESS:Within-Run Iteration | RESOURCE:Agent Resource | RESOURCE:GitHub Interface | RESOURCE:Local Workspace | TASK:Artifact Change | TASK:Artifact Review | TASK:Evidence Investigation
rq3_297,15,1,4,COMMUNICATION:Audience Voice | COMMUNICATION:Automation Disclosure | CONSTRAINT:Evidence Grounding | CONSTRAINT:Quality Standard | CONSTRAINT:Resource Budget | CONSTRAINT:Scope Boundary | CONTEXT:Domain Context | CONTEXT:Execution Environment | CONTEXT:Repository Context | EVALUATION:Evidence Credibility | EVALUATION:Rule Conformance | EXAMPLE:Output Template | EXAMPLE:Worked Case | OUTPUT:Control Signal | OUTPUT:New Thread | PROCESS:Decision Branch | PROCESS:Required Sequence | RESOURCE:Local Workspace | TASK:Evidence Investigation,COMMUNICATION:Audience Voice | CONSTRAINT:Evidence Grounding | CONSTRAINT:Quality Standard | CONSTRAINT:Resource Budget | CONSTRAINT:Scope Boundary | CONTEXT:Domain Context | CONTEXT:Execution Environment | CONTEXT:Repository Context | EXAMPLE:Output Template | OUTPUT:Control Signal | OUTPUT:New Thread | PROCESS:Decision Branch | PROCESS:Required Sequence | RESOURCE:GitHub Interface | RESOURCE:Local Workspace | TASK:Evidence Investigation
